Bioreactor,Day,pH,CO2,O2_MFC,Cell_Density,Cell_Viability,Product_Titer
1,0,6.94,65.4,1,27.3,89.9,0.2
1,1,6.75,50.3,1,23,90.7,0.2
1,2,7.18,80,1,29.3,90.5,0.2
1,3,7.42,34.3,1,31.7,91.9,0.2
1,4,6.88,67.6,1,29.1,84.7,0.2
1,5,7.37,101,1,14.7,97.2,0.2
1,6,6.77,31.3,1,13,92.2,0.3
1,7,7.39,93.8,1,13.6,90.4,0.3
1,8,6.96,53.4,1,5.8,87.4,0.3
1,9,6.88,107.7,1,26,92.6,0.3
1,10,7.26,33.9,1,21.1,85.2,0.3
1,11,6.8,74.5,1,28.4,95.6,0.3
1,12,7.15,40.6,1,9.5,88.7,0.4
1,13,7.27,78.1,1,14.5,87.3,0.4
1,14,7.31,57.7,1,27.5,85.2,0.4
1,15,7.41,88.1,1,16.6,85.9,0.4
1,16,6.94,62.9,1,23,85.4,0.4
1,17,7.35,58.3,1,22,95.2,0.4
1,18,7.37,101.3,1,33.4,90.3,0.4
1,19,7.3,54,1,18.7,83.3,0.5
1,20,7.05,100.6,1,12.2,90.3,0.5
1,21,7.5,103.4,1,20.2,96.1,0.5
1,22,7.26,59.2,1,26.3,81,0.5
1,23,7.43,41.2,1,9.9,84,0.5
1,24,7.34,33.1,1,20.2,96.3,0.5
1,25,7.2,76.1,1,14,92.6,0.5
1,26,6.81,88.9,1,34.1,89.4,0.5
1,27,7.06,98.8,1,15.7,84.8,0.6
1,28,6.82,103.8,1,20.8,80.2,0.6
1,29,6.94,108.6,1,34.8,90.8,0.6
1,30,7.16,94.8,1,30.5,92.2,0.6
1,31,6.85,105,1,26.3,80.4,0.6
1,32,7.36,38,1,13.1,91.7,0.6
1,33,7.39,57.3,1,6.1,80.6,0.6
1,34,7.44,73.3,1,20.2,92,0.6
1,35,7.1,38.1,1,19.8,97.8,0.6
1,36,6.85,75,1,33.4,96.5,0.6
1,37,7.41,106.4,1,12.6,81.5,0.6
1,38,7.41,57.9,1,27.5,86.7,0.7
1,39,7.43,35.9,1,33.7,81.8,0.7
1,40,7.31,82.9,1,25.3,82.4,0.7
1,41,7.06,51.3,1,6.3,89.4,0.8
1,42,7.33,87.4,1,32.5,96.1,0.8
1,43,7.16,109.6,1,6.9,88.5,0.8
1,44,7.06,40.4,1,14.8,98.9,0.8
1,45,7.3,96.5,1,11.1,96,0.8
1,46,7.05,71.2,1,26.1,80.5,0.8
1,47,7.32,31.7,1,13.8,87.4,0.8
1,48,6.86,58.5,1,25.6,91.7,0.8
1,49,7.13,107.7,1,18.7,86.2,0.8
1,50,6.93,78.6,1,23,85.7,0.9
2,0,7.5,58.1,1,10.3,91.1,0.9
2,1,6.94,43.6,1,15.8,80,0.9
2,2,7.18,76.5,1,9.9,83.5,0.9
2,3,6.78,33.2,1,8.7,88,0.9
2,4,7.28,63.5,1,22.3,96.6,0.9
2,5,7.14,41.3,1,14.3,90.3,0.9
2,6,7.08,45.2,1,29.4,90.1,0.9
2,7,7.08,93.2,1,14.4,84.4,0.9
2,8,7.28,37.4,1,22.2,88.1,0.9
2,9,7,63.3,1,20.5,98.6,1
2,10,7.35,80.7,1,32.3,97.4,1
2,11,7.28,51,1,28.5,82.9,1
2,12,7,51.8,1,24,87.6,1
2,13,7.13,103.9,1,18.9,95.6,1
2,14,7.41,64,1,30.8,92.2,1
2,15,7.33,45.9,1,7.5,85.4,1
2,16,7.05,97.8,1,8.8,93.9,1
2,17,7.03,101.1,1,25.5,95.3,1.1
2,18,7.08,52,1,10.3,90.4,1.1
2,19,6.86,99.5,1,31.3,87.3,1.1
2,20,6.93,91.8,1,8.5,96,1.1
2,21,7.15,101,1,27.6,85.4,1.1
2,22,7.42,58,1,33.5,94.3,1.1
2,23,7.13,105.5,1,13.6,96.1,1.2
2,24,7.02,79,1,8.3,96.1,1.2
2,25,6.75,109.7,1,17,95.4,1.2
2,26,7.46,37.7,1,16.4,84.4,1.2
2,27,7.05,61.8,1,15.4,83.9,1.2
2,28,7.03,52.7,1,12.2,93,1.2
2,29,7.06,74.5,1,32.7,89.9,1.2
2,30,7.19,75.1,1,8.7,81.4,1.2
2,31,7.3,59,1,33.6,93.7,1.3
2,32,6.82,45.3,1,22.5,97.6,1.3
2,33,7.41,75.9,1,15.7,83,1.3
2,34,7.19,89,1,11.6,85.9,1.3
2,35,6.96,92.9,1,16.7,95.8,1.3
2,36,6.76,104.4,1,16.3,86.2,1.3
2,37,7.29,95.6,1,21.1,96.8,1.4
2,38,7.1,66.8,1,23.7,93.9,1.4
2,39,7.39,69.7,1,31,98.8,1.4
2,40,6.7,87.3,1,26.7,96.3,1.5
2,41,7.02,90.3,1,34.9,95.2,1.5
2,42,7.18,45.1,1,24.1,90.1,1.5
2,43,7.18,76,1,15.7,85.3,1.5
2,44,6.92,40.4,1,5.4,86.6,1.5
2,45,7.25,105.9,1,23.3,86.7,1.5
2,46,6.9,85.8,1,25.2,89.7,1.5
2,47,6.89,78.7,1,7.1,92.2,1.5
2,48,6.96,97.2,1,32.4,96.2,1.5
2,49,6.72,109.4,1,12.4,91.8,1.5
2,50,7.47,103,1,28.6,80.2,1.5
3,0,6.78,45.1,1,30.3,97.1,1.6
3,1,6.91,100.5,1,30.5,90.8,1.6
3,2,7.34,76.7,1,34.5,85.9,1.6
3,3,7.45,80.9,1,30.8,82.1,1.6
3,4,7.38,39.1,1,29.8,94.3,1.6
3,5,7.12,45.7,1,30.7,87.7,1.7
3,6,6.92,50.7,1,19.7,99,1.8
3,7,7.38,95.5,1,30.3,97.7,1.8
3,8,7.38,96.5,1,24.4,89.2,1.8
3,9,7.06,56.1,1,25.6,99,1.8
3,10,6.72,81.4,1,8.5,96.1,1.8
3,11,6.72,54,1,9.6,84.8,1.9
3,12,6.7,48.6,1,34.2,86,1.9
3,13,7.26,32.2,1,15.1,86.5,1.9
3,14,7.01,59.1,1,14.2,95.7,1.9
3,15,7.48,100.8,1,33.8,81.3,1.9
3,16,6.81,68,1,31.3,93.1,1.9
3,17,7.45,98.5,1,30.2,82.4,2
3,18,7.06,41,1,15,92.3,2
3,19,7.27,53.8,1,29.1,84.3,2
3,20,7.21,77.6,1,18.8,83.9,2
3,21,,,1,,,
3,22,,,1,,,
3,23,,,1,,,
3,24,,,1,,,
3,25,6.97,102.5,2,12.7,89.2,0.2
3,26,6.75,53.5,2,34.5,82.5,0.2
3,27,6.75,94,2,5.4,81.9,0.2
3,28,6.73,87.1,2,23.9,84.8,0.2
3,29,7.48,32.9,2,30.7,85.1,0.3
3,30,7.08,90.9,2,9.8,98.6,0.3
3,31,7.39,65.3,2,22,90.3,0.3
3,32,7.12,65.3,2,20.4,97.6,0.4
3,33,6.91,63.8,2,28,87.4,0.4
3,34,7.14,93,2,34.8,88.8,0.5
3,35,7.21,106.7,2,27.4,81.6,0.5
3,36,7.4,51.5,2,14.1,83.6,0.5
3,37,6.75,96.9,2,24.3,90,0.5
3,38,6.97,53.2,2,14.2,87.6,0.6
3,39,7.4,37.8,2,16.4,84.6,0.6
3,40,7.4,31.6,2,20.4,88.7,0.6
3,41,7.45,85.2,2,18.1,85.3,0.6
3,42,7.4,81.2,2,11.7,80.8,0.6
3,43,6.81,105.1,2,19,83.3,0.6
3,44,7.05,53.9,2,16.1,81.3,0.6
3,45,6.83,42.7,2,22.7,85.9,0.6
3,46,7.12,85.4,2,28,84.9,0.7
3,47,7.35,40.3,2,15,82.2,0.7
3,48,7.22,82.2,2,10.7,87.8,0.7
3,49,7.11,70.7,2,29.2,89,0.7
3,50,6.74,47.2,2,16.6,91.1,0.7
4,0,7.45,72,2,16.6,85.1,0.7
4,1,6.8,101.1,2,17.5,84.9,0.7
4,2,7.24,58.9,2,14,81.2,0.8
4,3,7.49,100.5,2,21.6,92.1,0.8
4,4,7.14,86.4,2,18,90.5,0.9
4,5,7.03,106.6,2,13.2,88.7,0.9
4,6,6.77,47.3,2,22.9,90.9,0.9
4,7,6.71,37.4,2,30.4,86,1
4,8,7.24,34.3,2,32.7,88.7,1
4,9,6.95,100.2,2,22.6,94.2,1
4,10,7.49,82,2,12.4,90.8,1.1
4,11,6.76,100.5,2,11.8,80.5,1.1
4,12,6.99,54.2,2,22.9,83,1.2
4,13,6.71,37.4,2,19.7,80.3,1.2
4,14,6.86,82.3,2,24.6,90.8,1.2
4,15,7.03,87.5,2,30.2,95.5,1.3
4,16,6.85,74.4,2,14.8,80.2,1.3
4,17,6.89,39.3,2,34.9,82.4,1.3
4,18,7.03,87.7,2,10.1,94,1.3
4,19,7.17,30.5,2,28.2,98,1.3
4,20,7.41,41.7,2,8.3,91.8,1.3
4,21,7.46,57,2,18.5,91.4,1.4
4,22,7.36,102.5,2,18.9,80.8,1.4
4,23,7.06,58.4,2,25.1,83.9,1.4
4,24,7.32,36.8,2,32,80.1,1.4
4,25,6.85,84.2,2,17.8,82.9,1.5
4,26,7,89.1,2,25.2,91.1,1.5
4,27,6.98,80.9,2,11.5,85.1,1.5
4,28,7.24,57,2,15.6,87.9,1.5
4,29,6.85,45.5,2,30.1,90.6,1.5
4,30,6.99,91.7,2,28.2,91.4,1.5
4,31,6.94,83.7,2,15,80.8,1.6
4,32,7.14,44,2,23.5,92,1.6
4,33,6.87,100.5,2,13.1,84.1,1.6
4,34,7.21,67.1,2,7.2,87.2,1.6
4,35,7.05,65.7,2,14.6,97.7,1.6
4,36,6.85,100.5,2,11.6,82.9,1.6
4,37,6.85,104.8,2,27.5,95.1,1.6
4,38,7.19,35.1,2,9.6,98.5,1.7
4,39,6.73,107.9,2,8.3,96.6,1.7
4,40,7.16,43.3,2,26.1,87.8,1.7
4,41,6.76,77.4,2,5.7,94.2,1.7
4,42,7.06,77.8,2,34.7,92.5,1.7
4,43,6.87,37.4,2,34.7,90.6,1.7
4,44,6.74,86.2,2,27.8,92.3,1.7
4,45,7.35,43.3,2,22.3,92.1,1.7
4,46,6.92,103.5,2,18.1,93.3,1.8
4,47,7.08,39.5,2,32.3,91.9,1.8
4,48,7.07,76.4,2,5.6,87.1,1.8
4,49,6.84,77.6,2,34.4,95.9,1.8
4,50,7.07,41.1,2,28.7,85.3,1.8
5,0,7.33,55,2,6.4,91.5,1.8
5,1,7.37,49.6,2,34.9,87.7,1.8
5,2,7.03,50.5,2,12.5,80.1,1.8
5,3,7.24,52.5,2,32,85.4,1.8
5,4,7.09,39.7,2,15.4,94.7,1.9
5,5,6.92,54.7,2,6,89.7,1.9
5,6,7.13,108.4,2,5.2,93.3,1.9
5,7,7.48,82.1,2,14.6,98,1.9
5,8,7.22,106.4,2,10.7,90.5,1.9
5,9,7.04,44.4,2,17.8,98.9,1.9
5,10,6.76,71.4,2,21.6,94.5,1.9
5,11,7.11,54.7,2,19.5,88.3,1.9
5,12,7.48,40.3,2,8.8,98.7,1.9
5,13,6.95,108.3,2,26.8,82.7,1.9
5,14,6.98,56.9,2,10.7,86.4,2
5,15,7.35,73.2,3,20.6,96.5,0.2
5,16,7.33,55.6,3,30.4,98.2,0.2
5,17,6.73,51.6,3,25.6,82.3,0.3
5,18,6.87,74.2,3,15.3,92.7,0.3
5,19,6.94,97.2,3,27,84.8,0.3
5,20,6.99,68.6,3,13.1,85.8,0.3
5,21,7.3,89.7,3,20.1,93.9,0.3
5,22,7.04,50.9,3,32.1,96.9,0.3
5,23,7.34,107.3,3,6.3,93.1,0.3
5,24,6.94,77.6,3,23.9,80.8,0.3
5,25,7.5,86.3,3,22.9,89.5,0.3
5,26,7.16,61.6,3,15.1,98.4,0.4
5,27,7.09,103.2,3,34.1,80.7,0.4
5,28,7.38,59.2,3,23.9,98.3,0.4
5,29,7.37,45.3,3,14.1,95.8,0.4
5,30,7.3,74.6,3,11.3,90.6,0.5
5,31,7,63.9,3,8.5,96.2,0.5
5,32,6.81,72.8,3,13.5,82.6,0.5
5,33,6.78,62.6,3,14.4,93.3,0.6
5,34,6.73,47.1,3,27.6,98.3,0.6
5,35,7.06,42,3,30.9,97.8,0.6
5,36,7.46,59.5,3,33.9,84.1,0.6
5,37,7.08,49.5,3,14.9,94.9,0.6
5,38,7.12,102.2,3,21,95.6,0.6
5,39,6.77,66.5,3,17,83.8,0.7
5,40,7.36,63.7,3,17,85.7,0.7
5,41,7.23,98.9,3,11.3,84.7,0.7
5,42,7.18,84.4,3,14.6,93.2,0.7
5,43,6.73,84.3,3,30.3,87.6,0.7
5,44,6.74,41.6,3,34.6,98.5,0.7
5,45,7.14,72.7,3,8.1,90.8,0.7
5,46,6.81,34.6,3,11,94.2,0.8
5,47,7.36,92.7,3,29.2,80.6,0.8
5,48,7.34,99.9,3,8.1,86.5,0.8
5,49,7.05,68.9,3,28.7,83.1,0.8
5,50,7.1,72.9,3,25.8,97.4,0.8
6,0,7.07,53.8,3,9.2,95.8,0.8
6,1,7.03,31,3,9.1,82.4,0.8
6,2,7.06,96.3,3,28.1,88.2,0.8
6,3,6.84,77.6,3,21,85.6,0.9
6,4,7.36,51.6,3,25.5,93.4,0.9
6,5,7.16,52.6,3,29,85,0.9
6,6,7.23,110,3,11.9,98,0.9
6,7,7.16,49.3,3,17.4,84.7,1
6,8,6.79,44.3,3,28.5,98.4,1
6,9,7.21,93,3,13.2,82.4,1
6,10,7.46,60.6,3,29.4,88.9,1
6,11,6.81,59.1,3,6.9,90.3,1
6,12,7.44,49.9,3,7.7,94.6,1
6,13,7.48,64.4,3,8.9,87.6,1
6,14,7.29,62.8,3,13.6,89.5,1
6,15,7.17,63.5,3,30.1,86.8,1
6,16,7.06,30.5,3,8.6,81.7,1
6,17,7.03,41.4,3,10.8,82.2,1
6,18,6.9,35.6,3,10.6,85.2,1.1
6,19,7.28,84.5,3,28.8,88.6,1.1
6,20,6.78,52.1,3,12.4,84,1.1
6,21,7.42,106.9,3,13.3,80.4,1.1
6,22,6.94,56.4,3,29.5,80,1.1
6,23,7.15,92.5,3,19.1,94.1,1.1
6,24,7.02,63.2,3,13.5,81.4,1.1
6,25,7.13,63.6,3,32.3,81.9,1.1
6,26,6.88,93.1,3,10.4,97.2,1.1
6,27,7.25,78.7,3,33.8,85.1,1.2
6,28,7,50.1,3,16.9,81.3,1.2
6,29,6.93,40.9,3,13.7,90.5,1.2
6,30,7.44,94.3,3,20.7,86.4,1.2
6,31,6.98,77.3,3,7.9,92.9,1.2
6,32,7.15,74.9,3,17.7,80.4,1.2
6,33,7.42,60.4,3,8.1,82,1.3
6,34,6.9,104.5,3,13.6,98.6,1.3
6,35,7.41,53.6,3,8.3,94.5,1.3
6,36,7.05,41.4,3,34,92.1,1.3
6,37,7.32,37.4,3,5.4,87.1,1.3
6,38,7.41,36.6,3,18.8,82.7,1.3
6,39,7.27,73.4,3,7.2,98.1,1.3
6,40,7.18,38.7,3,15.8,88.5,1.3
6,41,6.73,72.7,3,17.1,87.2,1.4
6,42,7.48,31.8,3,25.1,91.8,1.4
6,43,7.16,66.8,3,32.3,88.6,1.4
6,44,7.22,53.1,3,19.7,82.5,1.4
6,45,7.44,78.2,3,26.2,88.7,1.4
6,46,7.21,99.4,3,15,89.7,1.4
6,47,7.41,99.4,3,23.6,95.1,1.4
6,48,7.25,73.2,3,27.6,80.6,1.4
6,49,7.13,60.2,3,11,96.7,1.5
6,50,7.47,73.6,3,17.2,98.2,1.5
7,0,6.79,77.6,3,28.6,87.5,1.5
7,1,7.44,108.3,3,26.2,97.5,1.5
7,2,6.96,54.7,3,7.8,85.3,1.5
7,3,6.71,109.1,3,16.4,95,1.5
7,4,7.26,46,3,7,94.5,1.5
7,5,6.83,65.7,3,23.4,93.2,1.5
7,6,6.85,103.9,3,31.5,92.6,1.5
7,7,6.84,92.8,3,15.2,88.6,1.5
7,8,6.97,55.3,3,24.9,90.1,1.5
7,9,6.91,53.7,3,32.6,97.7,1.5
7,10,6.88,89.9,3,14.2,98.3,1.5
7,11,6.77,69.6,3,10.5,95.1,1.6
7,12,7.34,65,3,21.3,94.7,1.6
7,13,6.76,103.5,3,26.2,96.5,1.7
7,14,7.29,61.1,3,30.4,87.8,1.7
7,15,6.83,66.8,3,8.4,96,1.7
7,16,6.85,86.2,3,32.8,86.9,1.7
7,17,6.77,82.2,3,25.7,81.6,1.7
7,18,7.04,54.7,3,13.2,83.4,1.8
7,19,7.16,48.7,3,7.5,92.6,1.8
7,20,7.36,69.3,3,25.6,82.9,1.8
7,21,7.19,94.1,3,27.5,98.1,1.8
7,22,6.81,83.8,3,13.8,85.9,1.8
7,23,7.4,66.7,3,22.7,89.2,1.9
7,24,6.85,81.9,3,10.8,93.1,1.9
7,25,7.28,105.2,3,17.5,95.8,1.9
7,26,7.1,70.6,3,29.6,86,1.9
7,27,6.87,108.9,3,9.1,93.4,1.9
7,28,6.71,95.7,3,14.3,94.1,1.9
7,29,6.74,51.4,3,19.7,94.2,1.9
7,30,6.79,48.9,3,5.5,86.7,2
7,31,6.74,98.7,3,11.8,86.9,2
7,32,6.81,57.1,3,26,92.3,2
7,33,6.89,77.7,3,20.2,82.2,2
7,34,7.02,45.8,3,31,80.8,2
7,35,,,3,,,
7,36,,,3,,,
7,37,,,3,,,
7,38,,,3,,,
7,39,7.19,55.7,4,16.2,84.3,0.2
7,40,6.77,48.7,4,15.6,92,0.2
7,41,6.97,48.8,4,8.3,97.6,0.3
7,42,6.88,55.8,4,21.9,82.4,0.3
7,43,7.05,69.2,4,18,97.7,0.3
7,44,7.48,91.7,4,32.3,97.8,0.3
7,45,7.26,49.7,4,28.4,93.9,0.3
7,46,7.47,86.1,4,20.3,94.2,0.3
7,47,7.36,106.7,4,5,88.8,0.3
7,48,6.77,33.3,4,32.9,89.2,0.4
7,49,7.33,86.7,4,12,89.6,0.5
7,50,6.81,92.1,4,30.7,96.2,0.5
8,0,6.87,53.7,4,32.5,93.4,0.5
8,1,7.29,37.9,4,32.7,84.4,0.5
8,2,6.79,36.4,4,28.7,95,0.5
8,3,7.46,90.4,4,20.8,97.7,0.5
8,4,7.33,98.6,4,30.2,97.3,0.5
8,5,6.7,104.2,4,12,97.6,0.6
8,6,7.1,102.1,4,31.3,94,0.6
8,7,7.35,34.6,4,16,82.5,0.6
8,8,7.29,39.2,4,33,92.1,0.7
8,9,7.43,36.3,4,35,92.7,0.7
8,10,6.81,98.9,4,13,80.3,0.7
8,11,7.25,80.9,4,23.1,83.7,0.8
8,12,7.45,44.7,4,29,97.5,0.8
8,13,6.96,108.7,4,32.1,94.5,0.8
8,14,7.08,49.9,4,23,96.7,0.8
8,15,6.95,41.2,4,10.2,94.3,0.8
8,16,6.75,57.7,4,26.5,85,0.8
8,17,7.11,91.4,4,7.1,87.3,0.8
8,18,6.74,83.5,4,26.5,86.5,0.8
8,19,6.93,87.8,4,19.9,89.1,0.9
8,20,6.92,35.7,4,16.6,96,0.9
8,21,7.43,105.3,4,19,94.9,0.9
8,22,7.14,60.1,4,10.1,93.1,0.9
8,23,7.22,38.9,4,17.3,98.7,0.9
8,24,6.97,44.8,4,23.8,88.9,0.9
8,25,7.27,43.8,4,26.1,84.8,1
8,26,7.06,65.4,4,25.4,95.6,1
8,27,6.8,68.9,4,30.7,80.4,1
8,28,7.38,108.2,4,24.4,96,1.1
8,29,6.92,70.4,4,30,92.7,1.1
8,30,6.75,64.8,4,28.1,97.3,1.1
8,31,6.74,89.6,4,10.2,83.5,1.1
8,32,7.19,47.7,4,20.2,88.8,1.1
8,33,7.33,102.4,4,25.7,80.2,1.2
8,34,7.49,93.7,4,9.5,96.8,1.2
8,35,6.71,43.1,4,34,86.5,1.2
8,36,6.95,105.7,4,16.9,90.4,1.2
8,37,7.11,36.8,4,16.7,80,1.2
8,38,7.39,84.6,4,34.8,87.2,1.3
8,39,7.41,93.4,4,21.5,85.3,1.3
8,40,7.02,38.2,4,21,94.4,1.3
8,41,6.9,64.8,4,28.9,87,1.4
8,42,7.33,76.5,4,34.9,82.7,1.4
8,43,6.93,48,4,6.1,87.1,1.4
8,44,7.22,48.4,4,13.8,97.2,1.4
8,45,7.41,96,4,33.8,81.8,1.4
8,46,7.09,97.5,4,11.2,87.5,1.4
8,47,7.32,51.2,4,26.5,97.3,1.5
8,48,6.81,90.9,4,8.9,91.1,1.5
8,49,7.17,53.1,4,27,93.9,1.5
8,50,6.89,71,4,28.9,80.5,1.5
9,0,6.78,71.4,4,12.7,89.1,1.5
9,1,7.27,80.9,4,19.4,98.7,1.5
9,2,6.9,68.6,4,18.9,86.7,1.5
9,3,7.1,50.4,4,24.3,84,1.5
9,4,7.43,32.2,4,34.1,92.7,1.6
9,5,7.21,46.7,4,5.7,83.8,1.6
9,6,6.73,87.9,4,20,93.3,1.6
9,7,7.02,38.2,4,19.7,87.7,1.6
9,8,7.03,44.3,4,13.4,80.9,1.6
9,9,6.79,76.2,4,8.2,95.4,1.6
9,10,6.94,87.2,4,30.3,97,1.6
9,11,6.73,78.4,4,6.1,96.8,1.7
9,12,7.24,54.9,4,15.6,93.4,1.7
9,13,6.86,104.2,4,13.3,83.2,1.7
9,14,6.85,45.3,4,21.4,84.8,1.7
9,15,7.04,59.7,4,13.8,86.4,1.7
9,16,7.13,66.9,4,31.5,96.8,1.8
9,17,7.1,56.5,4,7.3,80.3,1.8
9,18,6.85,35.1,4,11.9,96,1.8
9,19,6.8,34.1,4,30.1,81.6,1.8
9,20,7.22,55.3,4,8.2,84.1,1.9
9,21,7.36,66.7,4,17.3,95.9,1.9
9,22,7.2,70.4,4,6.2,90.9,1.9
9,23,7.01,77.8,4,34,91.9,1.9
9,24,6.76,90.1,4,30.3,87.9,1.9
9,25,6.95,109.2,4,18.3,97.9,1.9
9,26,7.31,105,4,28,98.6,2
9,27,7.06,38.8,4,31.5,83.9,2
9,28,7.33,36.1,4,33.6,82.1,2
9,29,,,4,,,
9,30,,,4,,,
9,31,7.09,87.6,5,5.8,83.2,0.2
9,32,7.08,56.8,5,23.8,85.3,0.2
9,33,6.88,95.6,5,21.5,88.4,0.3
9,34,7.25,69.6,5,27.2,83,0.3
9,35,6.92,90.1,5,9.8,91.3,0.3
9,36,6.76,97.5,5,13.7,90.1,0.3
9,37,7.44,63.8,5,29.3,92.9,0.3
9,38,7.48,93.5,5,6.1,81.6,0.4
9,39,7.3,41.2,5,27.2,97.7,0.4
9,40,6.73,104.5,5,21.9,97.8,0.4
9,41,7.09,95.1,5,28.7,92.6,0.4
9,42,6.86,91.7,5,6.1,88.2,0.4
9,43,6.72,44.2,5,27.5,85.4,0.5
9,44,7.24,71.4,5,31.6,98.8,0.5
9,45,7.25,78.1,5,30.9,91.8,0.5
9,46,7.07,55,5,31.8,90,0.5
9,47,6.86,68.1,5,8.4,85.9,0.5
9,48,6.95,84.6,5,16.4,89.1,0.5
9,49,6.79,56.1,5,20.1,96.5,0.5
9,50,6.72,49.7,5,27.4,98.6,0.5
10,0,6.83,90.5,5,33.4,92.7,0.6
10,1,7.25,66.1,5,35,89.5,0.6
10,2,7.32,102,5,26.3,83.5,0.6
10,3,6.72,60.3,5,24.1,94.7,0.7
10,4,7.2,87,5,24.1,88.6,0.7
10,5,7.47,41.2,5,23.1,87.4,0.7
10,6,7.06,97.1,5,16,90,0.7
10,7,7.17,98.6,5,7,81.2,0.8
10,8,7.11,33.8,5,22.4,86.7,0.8
10,9,6.71,68.2,5,26.4,82.8,0.8
10,10,7.22,102.2,5,19.9,88.9,0.9
10,11,6.92,56.7,5,26.1,81.6,0.9
10,12,7.03,100.3,5,10.8,84.2,0.9
10,13,6.84,100,5,19.7,93.6,0.9
10,14,6.93,61.5,5,19.5,81.8,0.9
10,15,7.23,98.7,5,6.2,96.2,0.9
10,16,7.18,73.4,5,11.1,82.2,1
10,17,6.81,106.7,5,13.3,83.4,1
10,18,7.25,91.6,5,10.9,86.4,1
10,19,6.73,104.9,5,28.9,95.1,1
10,20,7.07,56,5,26.7,81.1,1
10,21,7.39,47.5,5,17.9,89.3,1
10,22,7.1,89.1,5,17,94.7,1
10,23,7.06,96.8,5,9,94.3,1
10,24,7.2,57.8,5,7.2,86.8,1.1
10,25,7.48,64.2,5,21.3,90,1.1
10,26,6.71,84,5,10.3,96.1,1.2
10,27,7.05,105.6,5,23.7,95.6,1.3
10,28,7.39,85.4,5,34.7,80.5,1.3
10,29,6.8,46,5,15.3,81.8,1.3
10,30,7.33,108,5,33.8,87.4,1.3
10,31,7.15,35.6,5,27.3,95.6,1.3
10,32,6.98,54.2,5,33.2,89.5,1.3
10,33,7.24,96.4,5,28.2,94.4,1.4
10,34,6.98,101.5,5,34.8,96,1.4
10,35,6.86,61.1,5,21.1,89.3,1.4
10,36,7.45,42.1,5,19.7,97,1.4
10,37,7.2,70.9,5,31.7,92,1.5
10,38,6.81,38.6,5,24,95.8,1.5
10,39,6.79,87.9,5,9.3,95.9,1.5
10,40,7.32,105.2,5,20.3,99,1.5
10,41,7.21,38.6,5,22.7,91.1,1.6
10,42,6.83,67.5,5,28.1,98.2,1.6
10,43,7.01,76.9,5,20.8,96.1,1.6
10,44,7.33,70.6,5,20,85.8,1.6
10,45,7.3,59.7,5,33.1,88.7,1.7
10,46,7.14,49.4,5,18.6,87.7,1.7
10,47,6.85,88.4,5,19.6,96.5,1.8
10,48,7.07,85.8,5,28.3,83,1.8
10,49,6.84,77.6,5,11,95.3,1.8
10,50,7.26,70.5,5,11.8,84.1,1.8
11,0,7.02,85.1,5,21.1,83.2,1.8
11,1,7.4,53.2,5,23.2,96.3,1.9
11,2,7.35,76.7,5,19,92.3,1.9
11,3,6.92,65.1,5,13.3,87.6,1.9
11,4,6.76,62.5,5,10.3,82,2
11,5,6.78,56.6,5,13.6,81.9,2
11,6,6.9,92.9,5,26.2,85.7,2
11,7,7.24,93,5,5.5,86.5,2
11,8,,,5,,,
11,9,,,5,,,
11,10,,,5,,,
11,11,7.25,30.9,6,29.9,92.7,0.2
11,12,6.91,53.1,6,11.5,98.4,0.2
11,13,7.11,54,6,24.2,91.1,0.2
11,14,7.28,98.9,6,18.6,80.8,0.3
11,15,6.92,39,6,19.3,84.5,0.3
11,16,6.96,50.3,6,9.9,81.1,0.3
11,17,7.46,100.1,6,29.4,81,0.3
11,18,6.91,63.9,6,10.3,87.4,0.3
11,19,7.49,78.7,6,6.7,90.1,0.4
11,20,7.04,101.1,6,25.5,92.4,0.4
11,21,7.02,60.6,6,8.6,86.1,0.5
11,22,6.99,98.9,6,33,97.7,0.5
11,23,6.79,38.2,6,21.1,94.4,0.5
11,24,7.37,49,6,14.3,94.4,0.5
11,25,7.3,77.6,6,17.5,83.3,0.5
11,26,7.23,34.4,6,10.3,90.6,0.5
11,27,6.85,66.9,6,22.7,92.3,0.5
11,28,7.32,103.2,6,27.4,81.6,0.5
11,29,7.31,106.8,6,23.1,91.4,0.5
11,30,6.82,80.7,6,30.5,97.6,0.5
11,31,6.93,76.2,6,18.6,98.5,0.6
11,32,7.29,65.5,6,16.1,97,0.6
11,33,7.34,58.5,6,11.6,84.4,0.7
11,34,7.05,108.9,6,8.9,91.9,0.7
11,35,7.16,78.6,6,10.7,88.3,0.7
11,36,7,94.1,6,28.9,90.4,0.7
11,37,7.45,52,6,18.9,87.9,0.8
11,38,7.5,93.8,6,15.6,92.5,0.8
11,39,6.72,43.4,6,22.2,90.2,0.8
11,40,6.9,36,6,20.3,86.9,0.8
11,41,7.14,100.2,6,18.3,82.4,0.8
11,42,7.07,48.3,6,9.9,89.3,0.8
11,43,6.89,57.2,6,34.8,87.6,0.8
11,44,7.09,107.4,6,6.2,88.7,0.9
11,45,6.86,59.1,6,25.6,95.7,0.9
11,46,6.99,83.9,6,18.4,89.7,0.9
11,47,7.37,31.4,6,28,96.4,0.9
11,48,7.4,68.6,6,14.7,92.8,0.9
11,49,7.46,70.7,6,18.6,84.8,0.9
11,50,7.05,41.1,6,14.7,96.8,1
12,0,7.23,99.6,6,34.8,84.2,1
12,1,6.98,85.9,6,12.3,82.6,1
12,2,7.13,43.4,6,26.9,84.1,1.1
12,3,7.42,88.3,6,29.9,97.5,1.1
12,4,6.73,95.2,6,28,91.6,1.1
12,5,7.34,76.2,6,29,81.9,1.1
12,6,6.98,43.8,6,16.8,82.5,1.1
12,7,7.24,100.5,6,18.4,90.3,1.1
12,8,7.24,46.5,6,7.9,92.6,1.1
12,9,7.17,95.3,6,9.4,94.8,1.1
12,10,7.33,108.1,6,19,87.5,1.2
12,11,7.27,62.4,6,30.9,85.2,1.2
12,12,7.19,71,6,28.6,98.9,1.2
12,13,6.95,32.6,6,10.3,87.8,1.2
12,14,7.01,106.4,6,29.5,92.1,1.2
12,15,7.27,108.7,6,26.5,80.3,1.2
12,16,7.03,88.7,6,21.3,81.4,1.2
12,17,7.28,84.3,6,7.9,92.6,1.3
12,18,7.05,44,6,34.9,80.2,1.3
12,19,7.22,48.1,6,9.3,97.2,1.3
12,20,6.84,96.1,6,16.2,88,1.3
12,21,7.09,99.9,6,26.8,94.4,1.3
12,22,6.94,64.1,6,17.2,88.9,1.3
12,23,7.31,87.1,6,11.5,95.9,1.3
12,24,7.2,84.3,6,23.9,82.8,1.3
12,25,7.03,95,6,12.7,89.8,1.4
12,26,7.08,78,6,17.7,95.2,1.4
12,27,7.06,50.4,6,20.7,81.4,1.4
12,28,7.17,65.6,6,32.8,91.3,1.4
12,29,7.32,82.1,6,11.2,92.5,1.4
12,30,6.79,73.1,6,27.7,87.5,1.4
12,31,6.93,99.7,6,27.6,80.1,1.4
12,32,6.96,51.3,6,24.8,86.4,1.4
12,33,7.34,51.6,6,23.8,97,1.4
12,34,7.19,96.7,6,25,96.1,1.4
12,35,6.93,101.9,6,17.8,93.8,1.4
12,36,7.2,53.1,6,16.3,93.5,1.5
12,37,7.05,83.4,6,19.3,93.7,1.5
12,38,6.88,74.6,6,23.1,89.3,1.5
12,39,7.18,80.5,6,10.8,94,1.5
12,40,7.16,39.7,6,31.2,89.6,1.5
12,41,6.93,88.1,6,5.9,85.7,1.5
12,42,7.44,65.8,6,6.7,84.4,1.5
12,43,7.49,104.3,6,28.5,94.2,1.6
12,44,6.8,87.8,6,22.7,90.4,1.6
12,45,6.75,30.7,6,25,88,1.6
12,46,7.3,41.9,6,31.2,98.9,1.6
12,47,7.1,93.9,6,26.6,82,1.6
12,48,7.2,49.5,6,7.3,98.3,1.6
12,49,6.72,51.4,6,25,97.8,1.7
12,50,6.88,108.8,6,32.3,95.8,1.7
13,0,6.96,76.6,6,22.9,81.6,1.7
13,1,6.8,55.6,6,28,92.4,1.7
13,2,6.78,44.9,6,14.7,96.7,1.7
13,3,7.48,105.1,6,25.6,94.6,1.7
13,4,6.94,71.5,6,31.3,95,1.7
13,5,7.27,55.1,6,11.2,82.6,1.8
13,6,7.02,86.4,6,17.8,94.6,1.8
13,7,6.92,88.9,6,7.4,82.7,1.8
13,8,6.86,78.3,6,34.2,82.6,1.9
13,9,6.89,54.1,6,30.9,92,1.9
13,10,7.41,68.5,6,21.7,89.5,1.9
13,11,6.73,95.9,6,19.1,91.7,1.9
13,12,7.48,71.4,6,7.2,95,1.9
13,13,7.09,105.6,6,18.5,92.3,1.9
13,14,6.72,60.5,6,25.9,86.1,1.9
13,15,7.09,49.5,6,5.2,96.9,2
13,16,7.49,61.9,6,8.2,84.4,2
13,17,,,6,,,
13,18,,,6,,,
13,19,7.43,90.6,7,11.4,80.4,0.2
13,20,7.21,109.6,7,29.5,93.7,0.2
13,21,7.24,102.8,7,7.2,97.6,0.2
13,22,7.05,64.8,7,7.4,87,0.3
13,23,7.13,108.3,7,6.9,90.9,0.3
13,24,7.37,105.2,7,17.6,82.5,0.3
13,25,6.73,104.4,7,14.9,84.3,0.3
13,26,7.29,102.6,7,23.2,82.4,0.3
13,27,7.44,95.5,7,25.7,91.5,0.4
13,28,7.47,47,7,13.5,98,0.4
13,29,6.76,103.4,7,22.4,90.3,0.4
13,30,6.97,34.4,7,14.3,95.2,0.4
13,31,7.39,43.5,7,28.9,84.2,0.4
13,32,6.9,97.4,7,6.9,96.7,0.5
13,33,7.17,89.5,7,17,89,0.5
13,34,7.36,94.9,7,25.8,94.2,0.6
13,35,7.5,50,7,12.3,83.7,0.6
13,36,7.21,80.3,7,12.4,93,0.6
13,37,6.91,60.8,7,10.8,98.1,0.6
13,38,7.5,49.6,7,15.5,84.3,0.6
13,39,6.76,102.1,7,28.9,82.4,0.7
13,40,6.94,84.8,7,23,86.5,0.7
13,41,7.16,35.1,7,15.6,84.9,0.8
13,42,7.25,73.6,7,11.3,83.1,0.8
13,43,7.18,94.5,7,30.2,84.4,0.8
13,44,7.38,103.8,7,28.2,90.3,0.8
13,45,7.12,75.8,7,34.4,89.9,0.8
13,46,6.93,85.6,7,30.3,91,0.8
13,47,7.11,89.2,7,18.3,96.9,0.9
13,48,7.38,75,7,12.9,96.4,0.9
13,49,7.05,48.4,7,10,89,0.9
13,50,7.45,87.4,7,8.1,88.2,0.9
14,0,7.07,71,7,19.9,85.9,0.9
14,1,7.22,76.2,7,28.4,96.4,0.9
14,2,6.97,79.5,7,31.9,82.5,1
14,3,7.05,39.8,7,14.4,87.8,1
14,4,7.42,78.1,7,24.9,97.9,1
14,5,7.14,83.7,7,8.5,93,1
14,6,7.03,107.7,7,8.6,91,1.1
14,7,7.04,67.7,7,25.8,90.9,1.1
14,8,7.22,73,7,20.9,89,1.1
14,9,7.05,52.1,7,16.7,91.7,1.1
14,10,7.31,37.3,7,12.1,92.9,1.1
14,11,7.17,42.3,7,32.3,88,1.1
14,12,7.03,52.4,7,16.8,87.5,1.1
14,13,7.41,51.8,7,29.2,98.1,1.1
14,14,7.31,48.7,7,32.4,95,1.1
14,15,6.97,76.2,7,8.5,94,1.2
14,16,7.38,67.2,7,5.6,82,1.2
14,17,7.01,73,7,23,92.2,1.2
14,18,7.35,44.8,7,11.1,89.4,1.2
14,19,7.19,64.4,7,19.8,97.1,1.2
14,20,7.45,43.7,7,23.4,89.5,1.2
14,21,7.18,91.4,7,19.9,96.5,1.3
14,22,7.26,101.8,7,34.9,87.7,1.3
14,23,7.46,68.3,7,6.4,96.4,1.3
14,24,7.47,61.6,7,15.1,83.6,1.3
14,25,6.93,33.8,7,7.3,98.6,1.4
14,26,6.94,69.6,7,21.4,86.9,1.4
14,27,6.72,99.1,7,30.2,92.3,1.4
14,28,7.04,101.9,7,25.5,88.7,1.4
14,29,7.2,78.9,7,15.6,84.3,1.4
14,30,7.49,67.1,7,22.2,88.4,1.5
14,31,7.23,100.1,7,19.6,87.8,1.5
14,32,7,40.9,7,14.8,94.1,1.5
14,33,7.03,102,7,33.7,94.7,1.6
14,34,6.74,49.9,7,5.2,93.6,1.6
14,35,7.09,97.6,7,28.8,98.6,1.6
14,36,6.98,71.7,7,22.2,92.4,1.6
14,37,6.79,90.2,7,16.4,89.4,1.6
14,38,6.99,105.4,7,9,84.3,1.6
14,39,7.44,91.8,7,9.8,93.2,1.6
14,40,6.82,79,7,33,89.9,1.6
14,41,7.39,85.6,7,13,89.8,1.6
14,42,6.76,82.6,7,11.4,88,1.6
14,43,7.31,62,7,28.5,89.4,1.7
14,44,7.12,51.3,7,9.3,98.2,1.7
14,45,7.06,48.4,7,18.2,93.1,1.7
14,46,7.06,57.9,7,18.2,84.5,1.7
14,47,7.38,74.3,7,7.7,96.3,1.7
14,48,7.18,49.8,7,7.9,87.2,1.7
14,49,6.88,71.2,7,27,89.4,1.7
14,50,7.05,71.9,7,13.5,98.8,1.7
15,0,7.34,57.5,7,25,89.1,1.8
15,1,6.88,30.4,7,23.4,80.9,1.8
15,2,6.81,77.8,7,22.1,96.8,1.8
15,3,6.81,67.6,7,31.6,80,1.8
15,4,6.73,30.2,7,16.6,83.4,1.8
15,5,7.19,102,7,20.5,87.5,1.9
15,6,7.13,94.4,7,30.9,81.7,1.9
15,7,7.03,86.2,7,11.3,83.3,1.9
15,8,7.27,64,7,25.3,84.5,1.9
15,9,6.71,94.3,7,7.9,94.2,1.9
15,10,6.91,97.8,7,25.1,85.9,1.9
15,11,6.81,109.2,7,23.9,81.6,2
15,12,6.98,32.9,7,16.5,89.9,2
15,13,,,7,,,
15,14,,,7,,,
15,15,7.4,33.5,8,29.7,97.4,0.3
15,16,7.19,37.8,8,19.3,87.7,0.3
15,17,6.89,86.1,8,30.4,88.1,0.4
15,18,6.89,62.9,8,31.1,91.4,0.4
15,19,7.06,97.9,8,18.3,85,0.4
15,20,7.23,43,8,19.2,83.7,0.4
15,21,6.88,45.9,8,21,98.4,0.4
15,22,7.32,52.8,8,22.5,85.7,0.4
15,23,7.22,33,8,14.8,98.5,0.4
15,24,6.85,33.9,8,8.4,80.3,0.5
15,25,7.19,48,8,31,98.3,0.5
15,26,6.95,85.6,8,18.3,81.9,0.5
15,27,7.13,80.8,8,14.5,80.6,0.5
15,28,7.32,105.1,8,30.7,95.7,0.5
15,29,7.01,47.1,8,9.8,93.2,0.5
15,30,7.42,49.4,8,34.8,97.3,0.6
15,31,6.93,67.6,8,11.8,86.7,0.6
15,32,6.81,105.7,8,27.1,96.5,0.6
15,33,7.48,61.9,8,27.8,89.5,0.6
15,34,6.93,41.5,8,31.9,81.3,0.6
15,35,7.1,48.9,8,5.1,93.4,0.6
15,36,7.48,63.3,8,34.1,85.1,0.6
15,37,6.77,102.2,8,33.7,83.2,0.6
15,38,7.01,102.5,8,20.7,85.2,0.6
15,39,7.04,91,8,27.5,89.6,0.6
15,40,6.92,42,8,6.9,91.9,0.6
15,41,7.43,94.5,8,5.9,85.2,0.6
15,42,7.12,49.4,8,22.7,88.7,0.6
15,43,6.88,67.3,8,18.2,96.5,0.7
15,44,7.27,105.2,8,30.1,98,0.7
15,45,7.19,74.3,8,22.6,86.9,0.7
15,46,6.7,43.4,8,30.1,94.2,0.7
15,47,7.22,91.2,8,10,81,0.8
15,48,6.73,67.9,8,14.3,88.1,0.8
15,49,7.31,99.8,8,12.2,91.1,0.9
15,50,7.23,109.2,8,14.4,93.1,0.9
16,0,7.47,98.2,8,10.3,86.9,0.9
16,1,7.33,103.9,8,25.2,94.2,0.9
16,2,7.08,102.1,8,13,82.7,0.9
16,3,6.86,60.5,8,11.3,84.5,0.9
16,4,7.11,38,8,11.3,93.2,0.9
16,5,7.05,72.4,8,16.8,93.7,0.9
16,6,7.2,97.3,8,31.5,84.1,0.9
16,7,7.32,72.8,8,12.3,90.8,0.9
16,8,6.99,73.5,8,29.8,82.7,0.9
16,9,7.45,38.9,8,19.7,84.5,1
16,10,6.98,45.6,8,9.2,97.6,1
16,11,7.43,69.1,8,15.5,87.1,1
16,12,6.87,88.3,8,34.9,93.6,1
16,13,6.85,109.8,8,29.2,96.6,1
16,14,7.3,52.9,8,31.2,98.3,1.1
16,15,7.45,75.1,8,18.6,91.2,1.1
16,16,7.34,42.9,8,21.7,87.6,1.1
16,17,7.03,59.7,8,34.9,82.6,1.1
16,18,6.76,54,8,20.3,87,1.1
16,19,6.85,88.6,8,22.2,97.1,1.2
16,20,7.14,105.2,8,28.7,94.7,1.2
16,21,6.8,77.6,8,21,98,1.2
16,22,6.76,47.4,8,16.3,94.9,1.2
16,23,6.78,82.6,8,12.5,98.9,1.2
16,24,6.74,77.7,8,22.2,95.5,1.3
16,25,6.99,90.9,8,25.9,95.1,1.3
16,26,7.06,59.7,8,25.2,80.4,1.3
16,27,7.22,109,8,26.4,92.6,1.3
16,28,7.12,70.5,8,12.4,94.1,1.3
16,29,6.84,58,8,22.6,91,1.3
16,30,7.16,58,8,15.8,92.2,1.3
16,31,7.21,38.5,8,12.4,83.1,1.4
16,32,7.41,34.8,8,22.1,80.7,1.4
16,33,7.11,100.2,8,10.5,91.6,1.4
16,34,7.48,101.9,8,34.6,83.2,1.4
16,35,6.83,33.1,8,14.4,95.1,1.4
16,36,7.43,93.5,8,6.5,86.3,1.4
16,37,6.9,97.9,8,22.8,93.2,1.4
16,38,7.31,105,8,17.8,80.4,1.4
16,39,7.17,40.5,8,19.9,84.9,1.5
16,40,7.49,97.3,8,30.2,80,1.5
16,41,7.47,45.6,8,16.2,96.9,1.5
16,42,6.74,61.2,8,26.6,93.2,1.5
16,43,7.22,59.3,8,26.7,94.6,1.5
16,44,6.7,73.4,8,5.2,83.3,1.6
16,45,7.02,76.7,8,25.2,87.8,1.6
16,46,7.4,38.8,8,17.9,97,1.6
16,47,7.25,94.8,8,26.6,88.2,1.6
16,48,6.87,99,8,24.6,87.6,1.6
16,49,7.04,74.5,8,7.3,87.5,1.6
16,50,7.24,75.1,8,28.5,85.9,1.6
17,0,7.47,47.4,8,34.8,98,1.6
17,1,6.78,67.2,8,25.7,87.9,1.7
17,2,7.28,32.1,8,14.8,88.1,1.7
17,3,7,61.5,8,32.8,88.3,1.7
17,4,6.83,31.1,8,32.4,80.8,1.7
17,5,7.42,62.4,8,30.1,95.1,1.7
17,6,6.95,42.5,8,5.1,98.4,1.7
17,7,7.29,30.7,8,14.9,94.2,1.7
17,8,7.03,87.6,8,9.5,91.8,1.8
17,9,6.71,37.7,8,10.7,86.4,1.8
17,10,7.28,69.1,8,16.8,88.5,1.9
17,11,6.95,74.7,8,6.6,96.6,1.9
17,12,7.44,89.4,8,27.6,90,2
17,13,,,8,,,
17,14,,,8,,,
17,15,,,8,,,
17,16,7.14,43.9,9,28.9,94.6,0.2
17,17,7.41,55.8,9,32.8,88.7,0.2
17,18,7.44,71.7,9,34.9,98.6,0.2
17,19,7.4,91.5,9,28.7,98.5,0.2
17,20,6.99,73.8,9,13.4,87.2,0.2
17,21,7.29,59,9,20.1,97.5,0.3
17,22,6.89,34.5,9,18.8,81.8,0.4
17,23,6.94,108.5,9,8,88.4,0.4
17,24,6.7,50.1,9,28.3,88.2,0.4
17,25,7.41,33.9,9,10.1,84.9,0.4
17,26,6.88,49.7,9,16.9,88.8,0.4
17,27,6.74,106.4,9,7.2,91.4,0.4
17,28,7,34.9,9,27.9,87.7,0.4
17,29,7.28,90.7,9,24.4,84.6,0.4
17,30,6.85,51.1,9,32.9,81.2,0.4
17,31,7.09,87.6,9,5.8,89.3,0.4
17,32,7.43,79.4,9,15.2,85.5,0.5
17,33,7.11,50.7,9,7.9,80,0.5
17,34,7.19,56,9,27.4,95.1,0.5
17,35,7.47,30.6,9,24.6,94.6,0.5
17,36,6.88,48.6,9,29.6,98.2,0.5
17,37,6.94,49.1,9,15.2,81.1,0.5
17,38,6.97,57.4,9,20.1,88.3,0.5
17,39,7.07,37.5,9,29.7,95.9,0.5
17,40,7.02,34.2,9,21.7,97.9,0.6
17,41,7.29,84.4,9,17.1,83.3,0.6
17,42,7.47,108.7,9,20.2,84.6,0.6
17,43,7.34,31.4,9,11.1,85.6,0.6
17,44,6.71,107.5,9,6.5,80.6,0.6
17,45,6.71,69.7,9,30.1,95.8,0.6
17,46,6.89,97.9,9,26.2,90,0.6
17,47,7.26,85.7,9,30.3,87.4,0.6
17,48,7.5,81.7,9,21.4,87.8,0.6
17,49,7.01,87.2,9,33.6,97.2,0.7
17,50,6.84,48.4,9,13.7,95.3,0.7
18,0,7.23,87.9,9,20.4,83.3,0.7
18,1,7.07,107.7,9,16.9,97.8,0.8
18,2,7.38,96.4,9,9.1,82.1,0.8
18,3,6.75,95,9,31.8,96,0.8
18,4,7.35,70.6,9,28.3,88.2,0.8
18,5,7.34,64.4,9,10,90,0.8
18,6,6.93,41.8,9,34.6,94.3,0.8
18,7,6.83,78.7,9,23.7,86.9,0.8
18,8,7.19,106.9,9,7.6,90.1,0.8
18,9,7.37,59.3,9,7,94.2,0.8
18,10,6.92,98.5,9,16.7,94.5,0.9
18,11,6.84,107.1,9,7.6,89.6,0.9
18,12,6.92,67.9,9,31.3,88.5,0.9
18,13,7.12,39.8,9,7.4,82.4,0.9
18,14,7.21,80.7,9,6.6,81.1,0.9
18,15,7.2,68.5,9,30.8,88.9,0.9
18,16,7.36,60.1,9,25,97,1
18,17,6.85,85.7,9,24.5,98.3,1
18,18,7.4,39.2,9,20.9,89.1,1
18,19,7.24,49.2,9,5.6,93.7,1
18,20,7.06,66.1,9,34.8,83.5,1
18,21,7.02,58.1,9,17.5,95.2,1.1
18,22,7.04,89.3,9,13,85.4,1.1
18,23,7.36,95.7,9,24.3,87.3,1.1
18,24,7.19,103.2,9,5.2,92.2,1.1
18,25,7.11,76.5,9,27.7,88,1.1
18,26,6.91,60.4,9,15.5,95.3,1.1
18,27,7.42,40.4,9,15.2,86.2,1.1
18,28,7.32,44.5,9,26,97,1.1
18,29,6.86,67.9,9,18.5,93.7,1.2
18,30,7.17,60.6,9,20.6,84.2,1.2
18,31,6.93,106.3,9,32.3,80.1,1.2
18,32,7.45,47.7,9,8.8,85.8,1.2
18,33,7.06,104.6,9,24.2,95.7,1.2
18,34,6.99,53.8,9,24.5,92.1,1.2
18,35,7.06,86.8,9,7.7,88.2,1.2
18,36,7.13,75.9,9,21.6,95,1.3
18,37,7.32,79.4,9,13.4,80.5,1.3
18,38,7.05,108.4,9,28,83.3,1.3
18,39,7.03,93.1,9,5.1,98.8,1.3
18,40,7.32,107,9,33.7,91.1,1.3
18,41,6.81,86.5,9,18.6,88.9,1.4
18,42,6.82,61.1,9,24.9,85.1,1.4
18,43,7.33,53.2,9,6.1,87.9,1.4
18,44,7.47,77.6,9,33.8,85.8,1.4
18,45,7.41,77.4,9,23.3,97.4,1.4
18,46,7.23,73.2,9,9.7,98.1,1.4
18,47,7.28,55.3,9,15.5,92.2,1.5
18,48,7.39,97,9,27.1,88.3,1.5
18,49,7.2,63.7,9,7.6,97.8,1.5
18,50,6.77,76.6,9,15.5,96.6,1.5
19,0,6.95,63.6,9,32.5,89.1,1.5
19,1,7.22,102.7,9,16.7,88.2,1.5
19,2,7.04,73.1,9,25.8,91.5,1.5
19,3,7.27,43.2,9,33.8,80.2,1.6
19,4,7.12,65.7,9,9.8,94.8,1.6
19,5,7.49,72.5,9,17.7,95.7,1.6
19,6,7.34,107.2,9,19.4,81.5,1.7
19,7,6.85,35.4,9,22.1,98.8,1.7
19,8,7.05,90.1,9,15.3,94.1,1.7
19,9,7.05,98.8,9,29.6,80.9,1.7
19,10,7.17,34.6,9,17.1,93,1.7
19,11,7.16,65.5,9,19.5,95,1.7
19,12,7.27,98.9,9,6.6,95.8,1.7
19,13,7.22,94.7,9,11.3,92.8,1.7
19,14,7.46,73.4,9,18.6,82.5,1.8
19,15,7.11,93.3,9,34,94.7,1.8
19,16,7.46,44.3,9,7.6,89.4,1.8
19,17,7.11,48.6,9,29.7,89.5,1.8
19,18,6.76,88.5,9,26.4,91.2,1.8
19,19,6.89,96.7,9,23.8,95.6,1.8
19,20,7.08,64.4,9,16.7,93.4,1.8
19,21,7.47,35.7,9,14.1,96.4,1.9
19,22,6.96,39.7,9,5.9,91.7,1.9
19,23,6.74,41.4,9,11.5,84.3,1.9
19,24,7.25,61.9,9,30.3,96.1,1.9
19,25,7.35,52.5,9,26.8,92.3,1.9
19,26,7.04,87.9,9,18.5,89.3,1.9
19,27,7.36,63.6,9,8.4,92.5,1.9
19,28,7.17,75.8,9,5.2,84,1.9
19,29,7.01,34.6,9,6.8,90.4,2
19,30,,,9,,,
19,31,6.82,43.4,10,31,91,0.2
19,32,6.83,60,10,30.7,82.4,0.3
19,33,6.95,52.7,10,7,89.6,0.3
19,34,7.09,99.6,10,23.9,82.4,0.3
19,35,7.18,93.2,10,22.1,89.1,0.4
19,36,6.73,99.6,10,15.9,93.2,0.4
19,37,7.12,64.5,10,8.1,80.7,0.4
19,38,7.18,56.5,10,22,97.7,0.4
19,39,7.42,55.9,10,34.5,88.7,0.4
19,40,6.82,98.4,10,29.8,94.3,0.4
19,41,7.45,104.1,10,18.1,83.6,0.4
19,42,7.36,44.6,10,21.8,87.9,0.4
19,43,7.08,73.6,10,13.8,85.8,0.4
19,44,6.79,48.1,10,32.5,88.6,0.4
19,45,7.14,91,10,32.6,80,0.5
19,46,7.02,90.1,10,21.9,84.2,0.5
19,47,7.02,65.4,10,27.3,80,0.5
19,48,7.31,90.5,10,18,96.2,0.5
19,49,6.71,32.4,10,8.9,93.4,0.6
19,50,6.8,64.9,10,16.6,96.3,0.6
20,0,7.06,68.2,10,16.7,98.4,0.6
20,1,6.7,59.3,10,20.9,85.5,0.6
20,2,6.94,31.4,10,23.9,98.6,0.6
20,3,7.23,34.2,10,31.7,86.4,0.7
20,4,7.25,68.7,10,14.5,82.1,0.7
20,5,7.16,75.2,10,33.1,81,0.7
20,6,7.04,96.9,10,7.9,89.3,0.7
20,7,7.15,99.9,10,19.2,97.6,0.8
20,8,7.43,42.3,10,18.8,91,0.8
20,9,7.45,38.6,10,15.9,84.3,0.9
20,10,7.1,92.4,10,5.4,85.1,0.9
20,11,7.19,56.4,10,5.4,83,0.9
20,12,7.07,89.2,10,7.8,84,0.9
20,13,6.79,104.2,10,18.3,81.4,0.9
20,14,6.9,36,10,20.3,87.6,0.9
20,15,7.03,78.1,10,27.6,85.3,1
20,16,7.34,32.1,10,26.5,85.8,1
20,17,6.78,106.4,10,33,90.4,1.1
20,18,7.19,71.6,10,24.1,85.2,1.1
20,19,7.27,39.6,10,9.7,81.5,1.1
20,20,7.16,61.2,10,9.9,82.7,1.1
20,21,7.15,71.1,10,14,89.6,1.2
20,22,7.15,107.8,10,17.7,89.8,1.2
20,23,7.09,105.9,10,24.9,82,1.2
20,24,6.77,104.5,10,25.2,88.2,1.2
20,25,7.38,35.8,10,11.9,88.9,1.2
20,26,7.25,93.7,10,12.5,96.1,1.3
20,27,6.74,81,10,23.1,90.7,1.3
20,28,7.21,40.5,10,20.1,94.1,1.3
20,29,7.33,109.3,10,33.4,92.9,1.3
20,30,7.16,81.6,10,14.4,95.7,1.4
20,31,6.77,33.6,10,20.2,93.4,1.4
20,32,7.13,101.6,10,11.4,82.9,1.4
20,33,6.97,67.3,10,9,95.4,1.4
20,34,7.46,91.7,10,11,98,1.4
20,35,7.29,55.5,10,25.6,82,1.4
20,36,7.37,34.5,10,33.7,95.2,1.4
20,37,6.84,102.7,10,16.5,84,1.4
20,38,6.85,94.1,10,16.1,91.8,1.4
20,39,7.2,66.1,10,30.7,83.3,1.4
20,40,6.77,51.3,10,26.4,98.6,1.5
20,41,6.9,74.6,10,19.7,81.2,1.5
20,42,6.76,83.5,10,24.3,87.8,1.5
20,43,7.4,100.4,10,8.2,80.7,1.5
20,44,6.9,49.1,10,32.7,80.7,1.6
20,45,7.18,84.9,10,25.7,92.8,1.6
20,46,6.99,66.8,10,11.4,98,1.6
20,47,6.97,101.2,10,24.9,82.4,1.6
20,48,7.34,99.5,10,24.2,81.9,1.6
20,49,7.04,85.4,10,30.7,98,1.6
20,50,7.39,101.6,10,21.4,87.6,1.6
21,0,7.15,78.9,10,34,89.4,1.7
21,1,6.77,109,10,10.9,84.4,1.7
21,2,7.33,34.9,10,23.3,80.1,1.7
21,3,7.3,96.2,10,8.2,83.6,1.8
21,4,7.12,109.2,10,29,90.6,1.8
21,5,6.85,68.4,10,9.4,89,1.8
21,6,6.97,102.2,10,18.3,92.1,1.8
21,7,7.08,48.2,10,8.4,80.4,1.8
21,8,6.82,101.9,10,25.1,92.1,1.8
21,9,7.43,98.5,10,28.3,84.1,1.9
21,10,6.77,36.9,10,25.7,89.7,1.9
21,11,6.72,40.7,10,21,90.9,1.9
21,12,6.91,88.9,10,24.1,97.1,1.9
21,13,6.73,107.9,10,33.2,90.2,1.9
21,14,6.89,49,10,33.2,97.7,1.9
21,15,7.12,40.3,10,5.6,85.9,1.9
21,16,7.33,109.8,10,19.5,92.1,1.9
21,17,6.99,104.8,10,20.4,96,2
21,18,7.1,46.8,10,24.4,84.2,2
21,19,,,10,,,
21,20,,,10,,,
21,21,6.81,44.6,11,32.1,85.4,0.2
21,22,7.18,104.8,11,31.6,85,0.2
21,23,7.02,103,11,25.2,94.2,0.2
21,24,7.49,63.8,11,18.6,88.4,0.2
21,25,7.06,49.9,11,34.9,83.1,0.2
21,26,7.39,43.8,11,29.5,95.2,0.3
21,27,7.24,36.3,11,26.9,84.9,0.3
21,28,6.9,90.6,11,11.4,91.2,0.4
21,29,6.89,56.2,11,20.1,82.2,0.4
21,30,6.82,39.6,11,17.6,85.8,0.4
21,31,6.8,59.1,11,6.6,87.6,0.4
21,32,7.46,97,11,16.4,97.8,0.4
21,33,6.86,93.3,11,23.7,84.4,0.5
21,34,7.42,104.4,11,30.6,84,0.5
21,35,6.74,50.7,11,20.2,81.9,0.5
21,36,7.1,37.3,11,24.8,94.4,0.5
21,37,7.27,105.6,11,12.5,97.4,0.5
21,38,6.78,39.6,11,33.2,88.9,0.5
21,39,6.92,105.9,11,23.8,84.3,0.5
21,40,6.91,48,11,32.5,98.2,0.5
21,41,7,40,11,19.5,85.1,0.5
21,42,6.77,86,11,31.7,98.8,0.6
21,43,7.16,30.4,11,31.3,87.5,0.6
21,44,7.14,69.3,11,27.3,90.7,0.6
21,45,7.04,99.8,11,23.8,86.6,0.6
21,46,7.42,102.3,11,34.8,90.8,0.6
21,47,7.35,47.3,11,13.7,98.9,0.6
21,48,6.98,54.5,11,33.8,94.6,0.6
21,49,7.45,32.7,11,13.1,88.5,0.7
21,50,6.85,76.2,11,10.7,89.2,0.7
22,0,6.81,104.3,11,21.6,85.2,0.7
22,1,6.92,80.6,11,27.9,91.7,0.7
22,2,7.01,99.1,11,18.2,94.3,0.7
22,3,7.01,95.9,11,5.3,88.9,0.7
22,4,7.15,102.6,11,11.1,84.8,0.7
22,5,7,68.3,11,5.9,97.3,0.8
22,6,6.84,87.7,11,21.3,93.5,0.8
22,7,7.22,65.9,11,31.9,96.3,0.8
22,8,6.77,61.7,11,25.9,98.6,0.8
22,9,7.36,62.8,11,16,85.3,0.8
22,10,6.95,53,11,5.2,85.4,0.8
22,11,7.44,74,11,27.9,84.6,0.8
22,12,6.9,86.7,11,32.5,88.9,0.9
22,13,7.07,60.5,11,15.9,88.5,0.9
22,14,6.93,33.5,11,6.1,91.4,0.9
22,15,6.87,56.7,11,31.9,98.3,0.9
22,16,7.26,89.7,11,21,86.4,0.9
22,17,7.18,104.1,11,8.1,91.2,0.9
22,18,6.8,90.6,11,24.3,84,0.9
22,19,7.2,39,11,34.3,94.5,0.9
22,20,7.23,100.9,11,22.4,84.3,1
22,21,6.98,106.3,11,29.8,93.3,1
22,22,7.39,50,11,5.4,97.1,1
22,23,7.27,36.8,11,10.1,96.3,1
22,24,7.47,81.3,11,13.6,80.1,1
22,25,6.93,33,11,11.7,84.9,1
22,26,7.1,46.9,11,6.2,98.8,1
22,27,7.1,92.1,11,7.1,91.4,1
22,28,6.71,30.8,11,26.6,98.9,1
22,29,6.98,71.2,11,26.8,91.3,1.1
22,30,7.05,72.4,11,7.1,98.6,1.1
22,31,7.31,63.1,11,15.9,87.5,1.1
22,32,7.48,44.6,11,30.7,81,1.1
22,33,7.1,47,11,12.2,86.2,1.1
22,34,7.35,45.8,11,27.6,92.2,1.1
22,35,7.3,51.9,11,27.7,96.1,1.1
22,36,6.98,53.2,11,23.1,94.8,1.1
22,37,6.82,77,11,27.3,90.1,1.2
22,38,7.39,34.9,11,15.2,81.1,1.2
22,39,7.03,104.1,11,10.8,86.6,1.2
22,40,6.87,96,11,21.8,87.5,1.2
22,41,7.25,31.4,11,32.5,92.8,1.2
22,42,6.71,107.5,11,14.4,90.7,1.2
22,43,6.95,50.4,11,9.2,80.1,1.2
22,44,7.45,79.8,11,26.4,83.9,1.2
22,45,6.87,87.4,11,7.3,96.3,1.3
22,46,7.49,103.3,11,29.8,83.7,1.3
22,47,7.1,46.3,11,23.7,91.1,1.4
22,48,6.71,49.5,11,19.1,86.8,1.4
22,49,6.83,61,11,29.2,88.2,1.4
22,50,6.92,57.5,11,12.4,83.6,1.4
23,0,7.48,91,11,17.6,98.7,1.6
23,1,6.98,65.7,11,16.9,97.8,1.6
23,2,7.14,52.8,11,28.9,92.4,1.6
23,3,7.09,33.8,11,23,94.5,1.6
23,4,6.98,53.8,11,14.1,95.7,1.6
23,5,7.23,46.7,11,30.1,95.8,1.6
23,6,7.28,81.8,11,34,88.5,1.7
23,7,7.49,85.6,11,29.3,92,1.7
23,8,7.04,85.9,11,31.8,82,1.7
23,9,7.26,53.9,11,30,98.5,1.7
23,10,7.28,92.6,11,9.2,93.8,1.7
23,11,6.98,86.9,11,24,98.9,1.8
23,12,6.96,39.4,11,20.1,98.2,1.8
23,13,7.41,90.3,11,13.1,97.4,1.8
23,14,6.81,52.1,11,20.4,86.7,1.8
23,15,6.72,73.3,11,31.1,91.7,1.8
23,16,7.18,48.8,11,14.4,98.4,1.8
23,17,7.4,36.8,11,14.3,81.1,1.8
23,18,7.36,87,11,17.3,95.3,1.9
23,19,7.01,65.3,11,32.5,97.8,1.9
23,20,7.33,93.1,11,9.2,97.3,1.9
23,21,7.09,46.3,11,16.9,94.1,1.9
23,22,7.19,34.4,11,9,95.3,1.9
23,23,6.8,54.3,11,35,84.3,1.9
23,24,6.8,74.2,11,18.4,94.1,2
23,25,7.02,44.1,11,25.7,91.7,2
23,26,,,11,,,
23,27,,,11,,,
23,28,,,11,,,
23,29,,,11,,,
23,30,7.35,76.9,12,34.8,96.1,0.2
23,31,6.89,38.6,12,14.1,93.3,0.2
23,32,6.7,98.9,12,11,89.4,0.2
23,33,6.88,50,12,22.3,91.3,0.3
23,34,6.95,75.4,12,17.2,88.3,0.3
23,35,7.42,55.7,12,21.9,91.5,0.3
23,36,6.96,53.7,12,19.3,82.3,0.3
23,37,6.73,33.6,12,18.7,97.3,0.4
23,38,7.49,46.1,12,11.7,80.6,0.4
23,39,6.76,87.5,12,21.9,87.7,0.5
23,40,7.31,31,12,26.4,80.5,0.5
23,41,7.47,62.5,12,16.2,95.5,0.5
23,42,7.41,34.4,12,27.8,80.2,0.5
23,43,7.09,53.5,12,31.2,84.2,0.6
23,44,7.11,51.7,12,26.1,95.3,0.6
23,45,7.47,74.2,12,18.7,89.7,0.6
23,46,7.15,47.1,12,21.2,92.1,0.6
23,47,7.18,109.4,12,19.2,86.4,0.6
23,48,6.83,45.3,12,13.6,91.8,0.6
23,49,6.77,35.6,12,29.5,90.8,0.7
23,50,6.92,39.8,12,10.3,97.9,0.7
24,0,6.73,31,12,14.7,85.5,0.7
24,1,7.06,40.9,12,19.5,85.8,0.7
24,2,6.71,87.7,12,15.8,96,0.7
24,3,7.09,86.7,12,20.5,93.5,0.7
24,4,7.03,68,12,30.6,92.7,0.8
24,5,7.31,109.9,12,21.4,89,0.8
24,6,6.77,91.9,12,33.3,87.3,0.8
24,7,7.05,108.1,12,24.8,85.9,0.8
24,8,7.1,75.8,12,8.2,81.7,0.8
24,9,7.3,40,12,25.8,84.9,0.8
24,10,7.09,72.1,12,23.5,91.2,0.8
24,11,7.08,32.5,12,13.4,87.8,0.9
24,12,7.37,107,12,18.8,91.9,0.9
24,13,6.88,57.8,12,33.3,90.4,0.9
24,14,6.71,64.6,12,29,91.6,0.9
24,15,7.34,69.7,12,27.2,88,0.9
24,16,6.97,109.5,12,16.1,97.8,0.9
24,17,6.98,101,12,20.8,97.2,1
24,18,7.2,64,12,17.5,88.1,1
24,19,6.89,33.3,12,20.6,94.7,1
24,20,6.82,39.3,12,20.3,95.8,1.1
24,21,7,107.1,12,34.5,90.1,1.1
24,22,6.92,32.8,12,7.5,80.6,1.1
24,23,6.96,67.9,12,28,84.9,1.1
24,24,7.35,79.7,12,9.6,99,1.1
24,25,6.92,103.3,12,31.1,90.8,1.1
24,26,6.78,82.4,12,9.9,89.9,1.2
24,27,6.8,89,12,24.7,96.1,1.2
24,28,7.32,54.3,12,13.6,84.8,1.2
24,29,7.47,43.3,12,19.6,85.1,1.2
24,30,7.05,46.3,12,11.2,97.6,1.2
24,31,7.48,104.2,12,8.8,93.6,1.2
24,32,7.49,79.6,12,11.1,98.9,1.3
24,33,7.43,90.9,12,30.8,90.5,1.3
24,34,7.02,78.9,12,11.6,80.6,1.3
24,35,7.04,67,12,21,94.2,1.3
24,36,7.06,106.8,12,29.1,97,1.3
24,37,6.96,40.4,12,15.7,96.5,1.3
24,38,7.42,85.4,12,15.6,96.6,1.3
24,39,7.01,80.4,12,30.7,97.6,1.3
24,40,7.38,65.8,12,20.1,96.9,1.3
24,41,6.86,66.7,12,7,93,1.4
24,42,7.3,56,12,11.4,92.5,1.4
24,43,7.33,79.1,12,29.6,98.2,1.4
24,44,7.42,78.7,12,33.5,95.4,1.4
24,45,7.21,36,12,28.1,88.2,1.4
24,46,7.2,96.2,12,18.2,89.3,1.4
24,47,7.23,87.3,12,27.9,82.6,1.4
24,48,6.98,80.3,12,28,96.5,1.5
24,49,6.8,63.4,12,15.5,87.6,1.5
24,50,7.47,90.7,12,32.8,92.2,1.5
25,0,7.37,55.7,12,6.3,80.7,1.5
25,1,7.18,86.7,12,12.1,93,1.5
25,2,6.83,64.5,12,15,97.3,1.5
25,3,6.85,39.3,12,22.4,84.4,1.5
25,4,7.05,103.9,12,25.2,85.1,1.5
25,5,7.34,96.6,12,33.2,98.4,1.5
25,6,6.89,48.5,12,5.8,89.9,1.5
25,7,6.71,89.7,12,24.7,86.2,1.5
25,8,6.72,71.2,12,34.1,94,1.6
25,9,7.15,51.3,12,9.2,96.4,1.6
25,10,6.74,71.2,12,7,83.1,1.6
25,11,7.48,52.7,12,33,90.8,1.6
25,12,7.35,57.8,12,33,83.9,1.7
25,13,7.32,58.1,12,30.6,82.4,1.7
25,14,7.46,48.1,12,22,80.4,1.7
25,15,6.98,80,12,8.8,87.1,1.7
25,16,6.77,85.8,12,7.8,80.2,1.7
25,17,7.04,63.6,12,10.9,80.7,1.7
25,18,7.24,43.7,12,9,83.8,1.8
25,19,7.07,99.5,12,29,95.8,1.8
25,20,7.09,67.1,12,29.9,81.2,1.9
25,21,7.21,81.6,12,10.5,86.2,1.9
25,22,6.97,43.5,12,19.8,89.1,2
25,23,6.78,50.7,12,23,88.2,2
25,24,6.88,80.8,12,22.1,95,2
25,25,,,12,,,
25,26,,,12,,,
25,27,,,12,,,
25,28,,,12,,,
25,29,7.31,101.4,13,11.8,96.4,0.2
25,30,7.49,74.9,13,25.1,88.5,0.2
25,31,7.36,69.8,13,9.7,85.5,0.2
25,32,7.4,92.8,13,32,95.2,0.2
25,33,7.23,36.9,13,5,85.7,0.2
25,34,7.04,96.8,13,14.1,97,0.3
25,35,7.45,108.7,13,19,80.3,0.3
25,36,6.99,58.3,13,20,90,0.3
25,37,7.27,85.2,13,17.7,97.7,0.4
25,38,6.78,33.8,13,30.1,89.2,0.4
25,39,6.88,96.6,13,23.6,92,0.4
25,40,6.82,100.9,13,14.6,85.6,0.4
25,41,6.99,33.7,13,8.4,91.9,0.4
25,42,7.27,67.2,13,13.2,96.3,0.4
25,43,7.13,35.2,13,32.6,91.1,0.4
25,44,7.34,30.7,13,5.8,86.4,0.4
25,45,7.39,90.8,13,8.3,98,0.4
25,46,6.9,66.2,13,15.7,88.7,0.4
25,47,6.99,58.1,13,12.6,93.4,0.4
25,48,7.02,105,13,27.4,84,0.4
25,49,7.4,78.3,13,18.3,89.7,0.5
25,50,7.46,55.8,13,7.7,81.6,0.5
26,0,7.36,85,13,31.1,90.2,0.5
26,1,6.96,42.3,13,5.1,86.3,0.5
26,2,7.1,74.2,13,19.1,80.8,0.5
26,3,6.78,82.9,13,30.2,92.2,0.6
26,4,7.12,43,13,35,82.5,0.6
26,5,7.03,79.5,13,13.6,85.6,0.6
26,6,7.13,36.7,13,13.9,88.5,0.6
26,7,6.99,45.1,13,14.3,87.2,0.6
26,8,6.91,45.4,13,31.2,82.1,0.6
26,9,6.93,47.3,13,27.3,87.3,0.6
26,10,6.71,60,13,34.4,84.9,0.6
26,11,7.29,50,13,25.1,89.6,0.7
26,12,6.92,101.6,13,11.4,89.5,0.7
26,13,7.17,36,13,28.7,92.9,0.7
26,14,7.15,75.5,13,17.4,82.7,0.7
26,15,6.81,109.4,13,10.1,80.7,0.7
26,16,6.87,67.1,13,22.7,94.2,0.8
26,17,6.89,61,13,9.8,94,0.8
26,18,7.31,106.8,13,22.8,92.6,0.8
26,19,6.75,84.6,13,5.1,89.7,0.8
26,20,6.7,87.9,13,16.8,85.4,0.8
26,21,6.89,77.9,13,32.6,85.9,0.8
26,22,7.17,57.9,13,20.3,86.7,0.8
26,23,6.71,36.7,13,31.1,86.7,0.8
26,24,6.71,48.5,13,12.7,81.7,0.9
26,25,6.95,39.7,13,17.6,81.4,0.9
26,26,6.85,50.9,13,27.3,89.8,0.9
26,27,7.19,88.1,13,18.3,83.2,0.9
26,28,6.95,102.7,13,21.5,86.9,0.9
26,29,7.07,52.7,13,33,98.4,0.9
26,30,7,36.1,13,22.8,85,0.9
26,31,6.85,86.3,13,25.3,88.1,0.9
26,32,6.98,103.8,13,23.1,88.8,0.9
26,33,6.82,60.5,13,28.1,93.5,0.9
26,34,6.94,58.9,13,27.7,88.5,0.9
26,35,7.19,101.5,13,22.1,97.6,1
26,36,7.14,107.3,13,29.2,88.5,1
26,37,6.78,83.6,13,20.2,93,1.1
26,38,7.47,109.6,13,31,90.4,1.1
26,39,6.74,68.6,13,34.6,88.6,1.2
26,40,6.8,53.3,13,22.7,96.2,1.2
26,41,7.07,31,13,17.6,92.2,1.2
26,42,7.08,87.6,13,15.4,82.3,1.2
26,43,7.37,82.4,13,31.4,90.1,1.2
26,44,6.84,106.2,13,22.8,82.1,1.2
26,45,6.85,46.5,13,28.4,80.1,1.3
26,46,6.99,65.1,13,7.9,89.5,1.3
26,47,7.39,54.8,13,7.2,83.3,1.4
26,48,6.9,55,13,32.4,85.4,1.4
26,49,7.3,74.7,13,29.2,90.2,1.4
26,50,7.04,59.9,13,25.6,98.9,1.4
27,0,6.8,83.8,13,20.8,89.5,1.4
27,1,6.81,36.6,13,27,98.2,1.4
27,2,7.28,58,13,10.8,86.5,1.4
27,3,7.33,91.1,13,20.4,90.7,1.4
27,4,6.78,56.4,13,22.1,82.8,1.4
27,5,6.72,82.9,13,22.9,97.4,1.5
27,6,7.41,109.6,13,33.3,82.9,1.5
27,7,7.08,86.5,13,29.9,86.3,1.5
27,8,7.4,69.5,13,23.9,96.4,1.6
27,9,6.71,49.8,13,23.4,89.1,1.6
27,10,7.43,52,13,22.1,85.8,1.6
27,11,7.4,93.4,13,20,97.5,1.6
27,12,7.43,66.1,13,10.8,89.6,1.6
27,13,7.24,83.3,13,27.9,98.5,1.7
27,14,7.21,51.9,13,7.1,84.1,1.7
27,15,6.73,89.9,13,20.7,96.7,1.7
27,16,6.86,104,13,11.7,98.8,1.8
27,17,6.95,77.9,13,12.1,91.3,1.8
27,18,6.71,61.4,13,14.9,89.1,1.8
27,19,7.05,54.9,13,25.8,88.2,1.8
27,20,6.86,53.8,13,7,84.8,1.9
27,21,7.25,31.6,13,10.2,93.9,1.9
27,22,7.01,80.6,13,8.5,81.7,1.9
27,23,7.12,56.9,13,31.1,96.2,1.9
27,24,7.09,68.1,13,6.1,86.2,1.9
27,25,7.04,58.8,13,6.6,82.7,1.9
27,26,6.79,105.4,13,9.6,90.1,1.9
27,27,7.42,47.7,13,26.1,89.3,2
27,28,6.82,68.9,13,21.5,83.4,2
27,29,6.87,73.8,13,34.8,98.9,2
27,30,6.96,31.1,13,22.3,89.8,2
27,31,,,13,,,
27,32,,,13,,,
27,33,,,13,,,
27,34,7,100.8,14,14.7,97.3,0.2
27,35,7.4,37.9,14,16.1,83.2,0.2
27,36,7.01,92.4,14,27.6,89.7,0.2
27,37,6.8,70.5,14,25.7,82.6,0.2
27,38,7.44,75.7,14,21.3,82.3,0.2
27,39,7.44,65,14,25.3,80.8,0.3
27,40,7.5,32.8,14,25.6,87.5,0.3
27,41,6.95,91.8,14,13.8,86.4,0.3
27,42,7.41,104.3,14,34.6,88.3,0.3
27,43,6.83,75.5,14,7,84.3,0.3
27,44,6.89,92.6,14,31,90.5,0.3
27,45,7.28,74.3,14,6.2,96.1,0.3
27,46,6.81,95.3,14,34.1,85.6,0.3
27,47,7.13,57.2,14,11.2,92.1,0.4
27,48,6.75,35.6,14,28.7,86.8,0.4
27,49,6.98,46,14,25,85.6,0.5
27,50,7.16,85.1,14,11.5,90.8,0.5
28,0,6.9,69.8,14,12.9,98.4,0.5
28,1,6.93,44.7,14,16,90.2,0.5
28,2,7.28,92.1,14,33.2,89.6,0.5
28,3,6.73,106.8,14,29.4,88.6,0.5
28,4,7.22,60.7,14,32.9,81.1,0.6
28,5,6.82,52.1,14,9.8,91.3,0.6
28,6,7.11,50.8,14,11.3,88.4,0.6
28,7,7.32,99.7,14,16.4,81.5,0.6
28,8,7,86.8,14,5.5,85,0.6
28,9,7.24,44.6,14,13.3,81.2,0.7
28,10,6.88,33.7,14,12.9,82.2,0.7
28,11,6.75,39.7,14,26.7,82.9,0.7
28,12,6.96,91.1,14,13.1,80.7,0.7
28,13,6.9,56.2,14,31.5,84.6,0.7
28,14,7.34,99.5,14,23.3,80.3,0.7
28,15,7.31,45.7,14,12,87.1,0.7
28,16,7.14,44,14,28.9,82.9,0.7
28,17,6.75,80,14,25,93.3,0.8
28,18,6.81,100.5,14,13.5,84.4,0.8
28,19,7.36,57,14,18.8,92.1,0.8
28,20,7.13,52.6,14,32.4,85,0.8
28,21,6.75,67.8,14,8.1,88.1,0.8
28,22,7.4,51.3,14,33.8,90,0.8
28,23,7.1,61.6,14,25.1,83.2,0.8
28,24,6.94,109.4,14,31.3,87.2,0.9
28,25,6.81,73.3,14,21.2,95.6,0.9
28,26,7.27,75.8,14,11,85.4,1
28,27,6.94,71.5,14,17.6,88.1,1
28,28,7.29,95,14,19.7,97.2,1
28,29,6.83,32.6,14,23.3,84.3,1
28,30,7,90.5,14,22.9,84.1,1.1
28,31,6.94,67.4,14,19.5,95.4,1.1
28,32,7.32,42.4,14,26.4,80.2,1.2
28,33,7.43,98.3,14,28.7,80.5,1.2
28,34,7.38,68.1,14,14.8,97.6,1.3
28,35,6.71,65,14,34.7,97.1,1.3
28,36,6.93,52.1,14,10.4,80.3,1.3
28,37,6.9,96.9,14,28.9,94.2,1.4
28,38,6.89,34.6,14,15.3,96.1,1.4
28,39,7.37,48.3,14,25.5,98.2,1.4
28,40,6.95,68.9,14,34.5,87.4,1.4
28,41,6.91,106.8,14,12.7,96.9,1.5
28,42,7.04,30.9,14,16.6,90.2,1.5
28,43,7.32,43.6,14,14,80.2,1.5
28,44,7.06,33.5,14,26.4,84.1,1.6
28,45,7,78.1,14,20.5,97.6,1.6
28,46,7.43,71.5,14,13.1,92.5,1.6
28,47,7.07,76.7,14,26.3,80.1,1.6
28,48,7,57.6,14,26.5,95.2,1.6
28,49,7.06,83.8,14,21,84.6,1.7
28,50,6.92,34.1,14,34.5,98.5,1.7
29,0,6.87,76.8,14,33.6,90.2,1.7
29,1,7.31,84.7,14,32.1,95.5,1.7
29,2,7.23,42.7,14,19.1,81.1,1.7
29,3,7.06,102.4,14,12.5,84.9,1.7
29,4,7.28,60,14,17.2,95,1.8
29,5,7.25,53.9,14,9.4,82.5,1.8
29,6,7.13,82.3,14,14.2,82.3,1.8
29,7,6.8,91.7,14,15.9,92.4,1.8
29,8,6.78,71.7,14,34.9,93.7,1.8
29,9,7.34,96.2,14,13.8,87.5,1.8
29,10,6.8,83.2,14,22.5,89.3,1.9
29,11,7.39,68.8,14,29.3,89.3,1.9
29,12,6.89,64.2,14,9.8,94.3,1.9
29,13,7.44,53.4,14,10,84.1,1.9
29,14,7.15,64.1,14,27.7,85.8,1.9
29,15,7.04,64.5,14,26.6,98.2,1.9
29,16,6.8,67.9,14,21.8,95.2,1.9
29,17,7.17,86.3,14,17.3,91.5,1.9
29,18,7.43,35.7,14,23.3,96.7,1.9
29,19,6.74,103.1,14,24.5,85.9,2
29,20,7.48,45,14,11.5,93.2,2
29,21,6.8,33.9,14,7.7,92.6,2
29,22,,,14,,,
29,23,7.22,88.7,15,34.2,97.7,0.2
29,24,7.24,106.8,15,30.3,81.5,0.2
29,25,7.29,53.6,15,28.6,91.7,0.2
29,26,6.83,88.8,15,7.9,91.7,0.3
29,27,7.29,81.1,15,5,81,0.3
29,28,6.92,82.5,15,29.9,89.7,0.3
29,29,6.82,44.4,15,6,98.4,0.3
29,30,6.73,46.5,15,31.4,93.3,0.3
29,31,7.41,36.8,15,31.1,96.4,0.3
29,32,7.16,66.2,15,21.3,90.2,0.3
29,33,7.33,104.1,15,25.9,86,0.3
29,34,7.1,106.9,15,11.4,93.7,0.4
29,35,6.88,32.1,15,8.8,80.6,0.4
29,36,7.14,46.3,15,12.6,83.2,0.4
29,37,7.34,93.5,15,23.1,89.7,0.4
29,38,7.25,104.6,15,16.4,82.8,0.4
29,39,7.23,33.1,15,26.4,85.8,0.4
29,40,7.4,73.9,15,28.2,97.7,0.4
29,41,7.44,72.2,15,8.3,87.1,0.4
29,42,7.16,72.6,15,11.1,85.3,0.5
29,43,7.44,67.4,15,28.2,82.8,0.5
29,44,6.87,84.2,15,7.4,91.9,0.5
29,45,7.34,34.9,15,23,90.4,0.5
29,46,6.87,77.5,15,34.8,82.4,0.6
29,47,6.84,101.7,15,30.2,87.5,0.6
29,48,7.5,84.3,15,32.3,88.2,0.6
29,49,7.09,47.3,15,13.6,85.6,0.6
29,50,7.05,31.8,15,25.7,93.8,0.7
30,0,6.91,89.3,15,30.5,93.1,0.7
30,1,7.44,46.8,15,29.8,81.4,0.7
30,2,6.81,73.8,15,34.4,89.6,0.7
30,3,6.75,35.6,15,29.3,90.8,0.7
30,4,6.85,77.8,15,29,82.9,0.7
30,5,7.47,55.2,15,26.2,87.1,0.7
30,6,7.17,108.2,15,9,94.3,0.7
30,7,6.78,77,15,18.2,96.6,0.7
30,8,7.37,71.4,15,15,92.2,0.8
30,9,7.19,104.3,15,33.4,84.7,0.8
30,10,7.49,94.6,15,10.2,88.1,0.8
30,11,7.46,41,15,20.1,96.6,0.8
30,12,7.31,35.7,15,33.5,80.6,0.8
30,13,6.88,68.6,15,7.2,91.7,0.9
30,14,7.38,82.2,15,9.3,86.9,0.9
30,15,7.35,54,15,24,90.5,0.9
30,16,7.28,30.4,15,20.6,80.4,0.9
30,17,7.14,88.2,15,27.2,97.4,1
30,18,7.47,93,15,16.4,80.9,1
30,19,7.04,87.8,15,29.6,82,1
30,20,7.44,39.6,15,18.4,83.3,1
30,21,7.45,62.7,15,25.5,91,1.1
30,22,7.36,42.2,15,16.1,90.9,1.1
30,23,6.98,48,15,23.8,87.9,1.1
30,24,7.16,83.8,15,13.3,95,1.1
30,25,6.89,106.8,15,34.4,86.1,1.1
30,26,7.22,104,15,15.5,82.6,1.1
30,27,7.35,87.9,15,6.2,90.4,1.1
30,28,7.15,85.4,15,18,95.7,1.1
30,29,6.85,95.9,15,18.9,82.8,1.1
30,30,6.76,66.2,15,25.9,96.7,1.2
30,31,7.14,105.8,15,14.3,98.5,1.2
30,32,7.26,40,15,5.1,95.7,1.2
30,33,7.38,34,15,13,94.3,1.2
30,34,7.1,109.5,15,31.4,93,1.2
30,35,7.23,55.6,15,27.5,81.5,1.3
30,36,6.9,45.6,15,11.2,91.2,1.3
30,37,7.07,40.4,15,22.7,95.9,1.3
30,38,7.46,43.2,15,24.7,90.5,1.3
30,39,7.01,32.9,15,14.8,85.2,1.3
30,40,7.36,58.6,15,33,95.4,1.4
30,41,7.34,49.8,15,28.6,93,1.4
30,42,7.24,71,15,21.7,93.2,1.4
30,43,7.17,39.9,15,5.3,84.6,1.4
30,44,7.16,86.9,15,10.4,91.5,1.4
30,45,6.77,108.8,15,34.6,95,1.4
30,46,7.4,43.2,15,15.2,81.6,1.4
30,47,7.16,30.3,15,18.9,87.8,1.4
30,48,7.06,61.1,15,32.6,96.3,1.4
30,49,6.76,97.8,15,11.8,96,1.5
30,50,7.17,35.1,15,11.3,98.5,1.5
31,0,6.94,92.4,15,28.7,82.1,1.5
31,1,6.8,78.3,15,19.3,86.5,1.5
31,2,7.16,72.8,15,6.3,86.7,1.6
31,3,6.87,34.6,15,34.3,86.9,1.6
31,4,7.24,59.8,15,24.4,89.5,1.6
31,5,7.28,52.1,15,20.7,93.9,1.6
31,6,7.05,102.5,15,28.9,94.3,1.7
31,7,7.13,96.4,15,16.2,86.1,1.7
31,8,6.89,44.4,15,32.8,97.4,1.7
31,9,7.4,87.3,15,12.9,80.1,1.7
31,10,6.96,46.1,15,23.2,87.5,1.7
31,11,6.98,86.9,15,21,96.9,1.7
31,12,7.39,83.6,15,21.9,83.3,1.8
31,13,7.26,56.7,15,33.1,88.8,1.8
31,14,6.85,70.1,15,8.8,86.3,1.8
31,15,7.26,44.4,15,9.2,97.2,1.9
31,16,7.32,60.6,15,27.2,94.1,1.9
31,17,6.87,43.6,15,29.6,97.9,1.9
31,18,7.31,107.9,15,11.4,97,2
31,19,7.37,73,15,24.5,98.2,2
31,20,7.01,52,15,20.7,84.8,2
31,21,7.17,89.3,15,15.4,97,2
31,22,7.29,64.4,15,29.5,94,2
31,23,,,15,,,
31,24,7.21,67.7,16,33.9,90.3,0.2
31,25,6.99,82.4,16,8.9,90.2,0.3
31,26,7.39,75.5,16,23.4,83.7,0.3
31,27,7.28,42.8,16,13.7,89.1,0.3
31,28,7.26,65.4,16,7.4,98.4,0.4
31,29,7.35,31.7,16,33.7,88.6,0.4
31,30,6.97,41.4,16,27.4,98.7,0.4
31,31,6.91,58.9,16,16.2,82.7,0.5
31,32,6.82,92.2,16,18.5,93.7,0.5
31,33,6.87,69.2,16,15,81.5,0.5
31,34,7.34,82,16,15.2,86.9,0.5
31,35,7.15,74.2,16,31,94,0.5
31,36,7.27,105.8,16,7.9,85.2,0.6
31,37,6.9,34.9,16,23.5,87.2,0.6
31,38,7.15,97,16,20.9,95.9,0.6
31,39,7.21,81.1,16,5.3,94.9,0.6
31,40,7.28,67.7,16,22.3,84.4,0.6
31,41,7.39,69.2,16,19.3,83.9,0.6
31,42,7.22,50.3,16,29.7,89,0.7
31,43,6.72,46,16,7.7,93.6,0.7
31,44,7.11,66.6,16,23.1,93.9,0.7
31,45,7.29,91.9,16,24.1,90.2,0.7
31,46,7.11,106.2,16,29.2,96.1,0.7
31,47,6.84,96.9,16,28.1,88.1,0.7
31,48,7.4,31.4,16,11,81.5,0.7
31,49,6.87,106.4,16,26.3,94.9,0.8
31,50,6.86,85.7,16,34.9,80.5,0.8
32,0,7.01,46.3,16,8,82.2,0.8
32,1,6.87,48.1,16,14.1,82.6,0.8
32,2,7.35,67.5,16,18.8,86.1,0.8
32,3,7.29,99.2,16,10.7,98.8,0.9
32,4,7.18,45,16,24.5,90.9,0.9
32,5,7.42,74.7,16,32.1,84.2,0.9
32,6,7.08,79.5,16,30,92.5,0.9
32,7,7.31,85.3,16,6.2,94.6,0.9
32,8,7.2,88.2,16,25.5,93.8,0.9
32,9,7.25,87.3,16,33.9,87.8,0.9
32,10,6.96,55.9,16,7.1,96.7,0.9
32,11,7.29,72.5,16,8.5,87.9,0.9
32,12,7.37,61.5,16,27.9,80.2,0.9
32,13,6.91,81.8,16,23.5,88.5,1
32,14,6.83,105.7,16,18.2,90.6,1
32,15,7.24,72.4,16,8,90.1,1
32,16,7.47,52,16,28.9,90.1,1
32,17,6.77,48.4,16,31.2,93.7,1
32,18,7.36,74.3,16,21.8,85.4,1.1
32,19,7.5,46.8,16,6,98.6,1.1
32,20,6.95,77.9,16,20.2,85.3,1.1
32,21,7.28,55.5,16,19.1,91.2,1.1
32,22,7.3,90.1,16,6.7,83.2,1.1
32,23,6.9,59.5,16,7.2,89.9,1.2
32,24,6.84,62.8,16,12.3,87.9,1.2
32,25,7.47,83.4,16,16.4,86.4,1.2
32,26,7.27,38.3,16,5.3,85.8,1.3
32,27,7.5,39.7,16,18.5,90.6,1.3
32,28,7.49,47.5,16,33.1,88.9,1.3
32,29,7.37,54.3,16,29.9,97.8,1.4
32,30,7.41,106.7,16,18.2,95.6,1.4
32,31,6.8,78.5,16,31.5,87.8,1.4
32,32,7.01,93.8,16,14.9,94.4,1.4
32,33,7.15,93.9,16,7.1,84.1,1.4
32,34,7.23,67.2,16,10.6,91.7,1.4
32,35,6.7,34.8,16,33.6,83.8,1.4
32,36,7.21,31.8,16,9,90.5,1.4
32,37,7.26,84.9,16,5.1,80.3,1.5
32,38,6.94,106.9,16,11.9,86.9,1.5
32,39,6.86,91.1,16,33.9,80.2,1.5
32,40,7.08,76.4,16,10.9,83.1,1.6
32,41,7.15,43.6,16,32.4,92.6,1.6
32,42,6.72,88.5,16,26.5,91.6,1.6
32,43,7.39,43.5,16,17.1,84.4,1.7
32,44,6.93,82.9,16,32.7,98.9,1.7
32,45,6.82,82.9,16,13.6,82.4,1.7
32,46,7.16,34.6,16,12.3,83.5,1.7
32,47,6.83,102.6,16,7.5,84.2,1.8
32,48,7.09,30.5,16,29.1,81.3,1.8
32,49,6.97,43.8,16,24.8,87.5,1.8
32,50,7.43,82.4,16,13.8,89.4,1.8
33,0,6.85,91.9,16,26.9,91.7,1.8
33,1,7.09,64.8,16,31.4,81.6,1.8
33,2,6.84,36.4,16,20.5,87.1,1.8
33,3,7.42,42.4,16,24.8,95.8,1.8
33,4,6.86,39.2,16,28.7,96,1.8
33,5,6.74,92.8,16,34,92.5,1.8
33,6,7.38,35.8,16,17.6,85.7,1.8
33,7,7.5,108.7,16,25.8,86,1.9
33,8,7.11,101.2,16,24.8,88.4,1.9
33,9,7.22,42.5,16,26.9,96.7,1.9
33,10,7.46,37.4,16,29.6,96.7,1.9
33,11,6.91,52.8,16,13.1,98.5,1.9
33,12,6.94,91.1,16,8.8,90.3,2
33,13,6.79,50.5,16,30.4,85.6,2
33,14,6.89,39.7,16,33.9,80.8,2
33,15,7.04,91.4,16,31.2,85.9,2
33,16,,,16,,,
33,17,,,16,,,
33,18,,,16,,,
33,19,7.45,54.4,17,19.9,83.3,0.2
33,20,6.88,106.4,17,25,86.9,0.2
33,21,6.93,87.2,17,11.6,99,0.2
33,22,6.91,106.7,17,11.4,94,0.3
33,23,7.19,66.3,17,14.9,92.4,0.3
33,24,6.86,78.1,17,15.4,83.6,0.3
33,25,7.42,63.8,17,7.7,86.1,0.3
33,26,7.39,82.1,17,20.8,87,0.3
33,27,7.23,76.4,17,20.5,91.8,0.3
33,28,6.74,94.7,17,19,90.3,0.3
33,29,6.9,39.7,17,20.3,97.2,0.3
33,30,7.4,42.9,17,13.7,94.4,0.4
33,31,7.01,80.5,17,15,93.9,0.4
33,32,7,46.1,17,33,86.4,0.4
33,33,7.17,54.5,17,31.1,91.9,0.4
33,34,7.25,89.9,17,11,97.4,0.4
33,35,6.96,89.4,17,34.7,84.3,0.4
33,36,7.34,57.1,17,18.7,93.8,0.4
33,37,7.26,106,17,10.7,93.6,0.4
33,38,6.96,30.5,17,27.4,95.6,0.4
33,39,7.45,86.1,17,13.9,93.6,0.4
33,40,7.15,41.3,17,25.7,94.7,0.5
33,41,7.32,91.4,17,17.2,81.2,0.5
33,42,6.96,96.5,17,21.9,81.3,0.6
33,43,6.75,90.4,17,14,93.2,0.6
33,44,6.73,90.9,17,13.4,85.2,0.6
33,45,6.97,41.6,17,11.1,83.8,0.6
33,46,6.98,45.6,17,6.6,82.5,0.6
33,47,7.16,69,17,33.5,87.2,0.6
33,48,6.79,82.6,17,11.8,90.2,0.6
33,49,7.43,61.1,17,34.6,84.7,0.6
33,50,6.75,102.8,17,24.5,94.7,0.6
34,0,7.03,83.5,17,7,83.2,0.6
34,1,7.41,45.3,17,15.7,95.3,0.6
34,2,6.95,77.5,17,6.4,93.4,0.6
34,3,7.38,40.7,17,25.4,90.4,0.7
34,4,6.88,57,17,25.5,82.7,0.7
34,5,7.44,74.5,17,18.7,96,0.7
34,6,6.81,39.1,17,27,94.7,0.7
34,7,7.23,49.8,17,14.4,83.6,0.7
34,8,7.44,61,17,25.4,82.4,0.7
34,9,6.99,34.6,17,30.3,91.4,0.8
34,10,6.91,53.3,17,30.7,96,0.8
34,11,7.06,39.6,17,12.2,90.9,0.8
34,12,7.19,92.2,17,10.2,90,0.9
34,13,7.35,93.6,17,21.3,90.3,0.9
34,14,6.86,64.7,17,10.2,95.6,0.9
34,15,6.87,60.7,17,31.4,82.3,0.9
34,16,6.82,33.7,17,31.9,80.8,0.9
34,17,6.72,109.2,17,23.1,97.2,0.9
34,18,7.25,34,17,19.4,89.2,0.9
34,19,7.24,39.4,17,30.1,85.1,0.9
34,20,6.85,75.1,17,7.9,96.9,1
34,21,7.45,91.3,17,32.8,96.6,1
34,22,7.16,39.9,17,18.8,82,1
34,23,7.41,59.5,17,7.7,91.7,1
34,24,6.92,38.7,17,23.1,81.2,1
34,25,6.77,69.8,17,31.3,97.8,1.1
34,26,7.03,73.2,17,19.5,97.7,1.1
34,27,7.12,59.6,17,17.5,97.3,1.1
34,28,7.21,92.6,17,33.7,92.6,1.1
34,29,6.75,51,17,6.9,93.4,1.1
34,30,6.9,91.6,17,5.7,91.2,1.2
34,31,7.15,59.6,17,16.6,98.8,1.2
34,32,7.18,93.6,17,10.8,84.1,1.2
34,33,7.46,65.3,17,13.1,84,1.2
34,34,7.09,79.2,17,34.2,86.1,1.2
34,35,7.03,72,17,12.6,86.5,1.2
34,36,7.43,30.1,17,20.9,90.9,1.2
34,37,7.01,96.1,17,20.7,91,1.2
34,38,7.05,74.4,17,32.2,94.7,1.3
34,39,6.79,108.5,17,20.1,84.1,1.3
34,40,7.1,88.1,17,24.1,84.6,1.3
34,41,7.08,76,17,17.1,82.6,1.3
34,42,7.23,50.8,17,20.8,91.3,1.3
34,43,7.01,40.3,17,22.3,81.7,1.4
34,44,7.28,47,17,12.6,84.9,1.4
34,45,6.8,67.1,17,6.6,95.1,1.4
34,46,7.37,37.7,17,31.1,87.1,1.4
34,47,7.32,71.6,17,16.2,90.8,1.4
34,48,6.9,79.3,17,24.6,84.7,1.5
34,49,7.4,43.1,17,21,88.4,1.5
34,50,7.48,43.3,17,28.3,98.1,1.5
35,0,7.48,43.3,17,10.3,98.6,1.5
35,1,7.2,94.7,17,9.7,90,1.6
35,2,6.78,106,17,30.9,92.1,1.6
35,3,7.46,104.6,17,7.4,87.5,1.6
35,4,6.83,80.7,17,14,93.1,1.7
35,5,7.06,90.8,17,28.9,82.8,1.7
35,6,6.76,95.6,17,33.2,82.4,1.7
35,7,6.98,96.2,17,32.2,98.1,1.7
35,8,6.96,84.1,17,27.9,83.7,1.7
35,9,7.23,33,17,21.2,82.4,1.7
35,10,6.72,43,17,29.7,87.2,1.7
35,11,6.7,97.9,17,33.3,87.2,1.8
35,12,7.41,69.2,17,9.5,81.2,1.9
35,13,7.23,84,17,23.4,84.9,1.9
35,14,6.81,44.4,17,8,83,1.9
35,15,7.4,65.3,17,8.7,94.7,1.9
35,16,6.98,101.9,17,11.2,98,1.9
35,17,7.15,108,17,30.4,93.1,1.9
35,18,7.09,77.1,17,28.2,95.6,1.9
35,19,7.47,60.6,17,5.7,82.7,2
35,20,6.89,102,17,6.9,85.2,2
35,21,7.09,90.5,17,34.8,80.6,2
35,22,7.04,92.6,17,30.7,90.1,2
35,23,7.38,78.3,17,22.5,90.6,2
35,24,,,17,,,
35,25,7.49,51.5,18,33.8,96.6,0.2
35,26,7.15,84.6,18,28.1,88,0.2
35,27,6.92,44.7,18,10.1,97.7,0.2
35,28,6.93,72.2,18,31.9,91.9,0.3
35,29,6.82,30.8,18,33,80.5,0.3
35,30,7.13,92.8,18,13.9,98.1,0.3
35,31,7.09,87.3,18,7.9,90.6,0.3
35,32,7.16,58.1,18,10.1,83,0.3
35,33,6.84,107.2,18,9.6,87.1,0.3
35,34,6.85,51.5,18,29.6,83,0.3
35,35,7.4,38.2,18,17.8,80.4,0.3
35,36,7.03,96,18,22.1,93.9,0.4
35,37,7.07,102,18,18.7,96.4,0.4
35,38,6.79,50.2,18,27.3,81.6,0.4
35,39,7.28,108.6,18,29.3,83.7,0.4
35,40,7.09,50,18,6.7,94.2,0.4
35,41,6.95,54.1,18,12.6,95.3,0.4
35,42,6.82,108.9,18,22.9,81.1,0.5
35,43,7.02,70.3,18,9.4,94.5,0.5
35,44,6.86,57.7,18,12.2,85.9,0.5
35,45,6.76,62,18,33.4,90.6,0.6
35,46,7.07,63,18,25,89.8,0.6
35,47,7.02,58,18,22.2,96.5,0.6
35,48,7.11,66.8,18,27,87.5,0.7
35,49,7.17,108.4,18,23.3,83.4,0.7
35,50,7.49,86,18,10.6,86.8,0.7
36,0,6.96,39.7,18,14.2,88.7,0.8
36,1,6.98,33.4,18,19.5,82.4,0.8
36,2,6.98,99.4,18,10.1,89.4,0.8
36,3,7.24,67.5,18,6.3,83.3,0.8
36,4,6.78,63.4,18,25.4,87,0.8
36,5,6.84,71.5,18,8.1,90.2,0.8
36,6,6.98,81.9,18,32.9,92.4,0.9
36,7,7.03,83.6,18,18,84.1,0.9
36,8,7.16,61.9,18,10.5,81,0.9
36,9,7.01,84.3,18,15.4,88.2,0.9
36,10,6.74,36.6,18,32.4,94.8,0.9
36,11,7.19,73.8,18,11.3,91.6,1
36,12,7.26,93.4,18,21.6,87.5,1
36,13,7.23,55.5,18,33.2,85.6,1
36,14,7.23,48,18,12.7,81.7,1
36,15,7.43,33.8,18,17.1,94.9,1
36,16,7.41,102,18,17.2,94.2,1
36,17,7.12,31.7,18,20.6,83.2,1
36,18,6.77,90.7,18,18,94.4,1
36,19,7.19,72.2,18,26.3,93.8,1.1
36,20,6.74,100.5,18,30.7,88.9,1.1
36,21,7.35,86.9,18,20,84.4,1.1
36,22,7.07,66.9,18,11,92,1.2
36,23,6.96,92.7,18,25.9,95.2,1.2
36,24,7.27,109.8,18,25.9,98.9,1.2
36,25,6.93,78.2,18,12,81.4,1.2
36,26,7.02,58.9,18,29.3,92.9,1.3
36,27,6.85,86.9,18,33.4,93.6,1.3
36,28,7.41,82.3,18,12.6,97.1,1.3
36,29,7.04,86.7,18,8.6,94.5,1.3
36,30,6.83,38.1,18,20.9,90.6,1.3
36,31,7.3,53.5,18,27.5,98.3,1.3
36,32,6.95,72.7,18,16.1,90,1.3
36,33,7.09,105.5,18,32,85.5,1.4
36,34,7.02,108.4,18,11.1,80.4,1.4
36,35,7.48,95,18,15.5,93.5,1.4
36,36,7.48,83.5,18,30.1,97.5,1.4
36,37,7.39,38.2,18,14.4,97.7,1.4
36,38,7.24,66.4,18,25.4,89.3,1.4
36,39,7.24,61.1,18,25.2,88.9,1.4
36,40,7.17,85,18,28.1,90,1.4
36,41,7.29,95.6,18,11.4,84.6,1.5
36,42,6.89,109.2,18,19.5,96.4,1.5
36,43,7.33,46.8,18,5.4,91.4,1.5
36,44,7.37,40.6,18,34.6,81.4,1.5
36,45,7.28,86.5,18,23.8,83.6,1.5
36,46,7.37,88.5,18,26.4,89.6,1.5
36,47,7.37,102.5,18,19,87.8,1.5
36,48,7.14,34.1,18,23,91.1,1.5
36,49,6.77,108.4,18,31.4,83.7,1.5
36,50,6.88,57.2,18,5.4,90.4,1.5
37,0,7.17,100,18,35,81.5,1.6
37,1,7.41,96.6,18,6.1,93.1,1.6
37,2,7.16,82.5,18,9.4,95.9,1.6
37,3,7,96.2,18,17.3,89.7,1.6
37,4,7.31,37.2,18,19.1,96.7,1.6
37,5,7.07,49.2,18,9.6,87.9,1.6
37,6,7.28,63.8,18,17.6,98.8,1.6
37,7,7.23,43.7,18,6.9,92.8,1.6
37,8,6.85,52.6,18,33.7,86.9,1.7
37,9,7.01,45.7,18,6.1,88,1.7
37,10,6.91,47.4,18,19.5,95.9,1.7
37,11,6.96,60.2,18,15.4,86.9,1.7
37,12,6.83,84.2,18,8.4,84.4,1.8
37,13,7.21,67.2,18,16,83.4,1.8
37,14,7.16,40,18,20.1,97.3,1.8
37,15,6.73,70.2,18,15,84.5,1.8
37,16,6.92,45.2,18,23.8,81,1.8
37,17,7.37,42.4,18,20.6,89.6,1.8
37,18,6.91,30.1,18,29.2,89.5,1.9
37,19,7.06,86.5,18,25.3,81.3,1.9
37,20,6.83,33.1,18,27.4,84.6,2
37,21,7.3,33.3,18,5.3,94.1,2
37,22,7.29,45.1,18,5.2,80.9,2
37,23,7.11,92.3,18,12.5,80.6,2
37,24,,,18,,,
37,25,,,18,,,
37,26,,,18,,,
37,27,,,18,,,
37,28,,,18,,,
37,29,,,18,,,
37,30,6.98,31.3,19,27.7,88.8,0.2
37,31,7.04,37.2,19,29.2,95.7,0.3
37,32,7.45,81.3,19,8.2,87.6,0.3
37,33,7.34,100.8,19,25.9,91.6,0.3
37,34,6.94,58.3,19,20.9,85,0.3
37,35,7.01,49,19,20.7,87.2,0.3
37,36,6.88,57.8,19,5.6,81.4,0.3
37,37,7.16,80.1,19,22.5,91.5,0.4
37,38,7.33,84.4,19,25.8,90.2,0.4
37,39,6.99,66.3,19,30.7,81.5,0.4
37,40,6.86,72.6,19,8.1,89.4,0.4
37,41,7.37,62.6,19,5.5,88.2,0.4
37,42,6.89,32.3,19,14.4,83.1,0.5
37,43,7.41,59.9,19,24.2,96.7,0.5
37,44,6.84,54.8,19,32.1,97.7,0.5
37,45,7.1,46.2,19,9.3,91.2,0.5
37,46,6.81,80.1,19,21.6,98.8,0.5
37,47,7.31,51.4,19,16,88.7,0.5
37,48,6.75,70.5,19,10.7,92.9,0.6
37,49,6.82,36.2,19,31.6,92.7,0.6
37,50,6.79,43.2,19,13.5,84.1,0.6
38,0,7.18,93.2,19,13.8,89.4,0.6
38,1,7.46,63.6,19,24,92.8,0.7
38,2,7.3,64.3,19,27.8,81.4,0.7
38,3,7.38,72,19,31.5,90.9,0.7
38,4,7.28,101.8,19,10.5,84.2,0.7
38,5,7.47,101,19,21.8,80.1,0.7
38,6,7.18,69.3,19,15.3,88.2,0.7
38,7,7.13,77.2,19,25.6,83.9,0.7
38,8,7.17,62,19,18.6,80.2,0.7
38,9,7.08,40.6,19,15.3,88.6,0.7
38,10,7.01,84.7,19,24.1,91.3,0.7
38,11,6.89,59.9,19,29.1,86.7,0.8
38,12,6.83,95.3,19,19.2,80.2,0.8
38,13,7.22,95.7,19,26.1,97.9,0.8
38,14,7.24,42.5,19,19.6,98.3,0.9
38,15,6.75,52.8,19,32.9,93.4,0.9
38,16,7.31,98,19,22.5,89.5,0.9
38,17,6.9,92.4,19,15.8,82.4,0.9
38,18,7.23,75.5,19,28.7,89.4,1
38,19,6.77,40.5,19,24.7,82.6,1
38,20,7.44,93.5,19,31.9,85.3,1
38,21,7.46,65.3,19,29.9,89.4,1
38,22,7.03,82.3,19,20,80.3,1
38,23,6.98,50,19,17.5,92.7,1.1
38,24,7.34,80.2,19,25.2,84.7,1.1
38,25,6.79,77.3,19,6.7,87.9,1.1
38,26,7.28,44.9,19,28.1,89,1.1
38,27,7.03,34.5,19,13.1,97.9,1.2
38,28,6.76,106.2,19,20.8,98.4,1.2
38,29,7.28,61.4,19,31.7,98.2,1.2
38,30,7.06,73.5,19,19.7,85,1.2
38,31,7.35,85.1,19,19.9,97,1.2
38,32,7.32,68.3,19,25,93.3,1.2
38,33,7.44,79.3,19,29.2,94.4,1.3
38,34,6.91,83.6,19,7.7,83.8,1.3
38,35,6.96,72.6,19,22.4,84.3,1.3
38,36,6.72,100.4,19,32.3,87.9,1.3
38,37,7.07,106,19,30.3,83.2,1.3
38,38,7,101.8,19,19,91.7,1.3
38,39,6.86,87,19,21.3,80.1,1.4
38,40,7.08,70.4,19,33.4,93.8,1.4
38,41,7.33,63.4,19,28.1,90.1,1.4
38,42,7.45,36.8,19,19.6,87.8,1.4
38,43,6.7,53.5,19,11.2,94.1,1.4
38,44,7.5,75.8,19,32.4,93.7,1.5
38,45,7.01,77.2,19,14.4,86.6,1.5
38,46,7.09,55.8,19,10.7,97.6,1.5
38,47,6.71,90.7,19,10.8,85.6,1.5
38,48,7.34,65.1,19,30.2,94.2,1.5
38,49,6.89,100.3,19,17.8,99,1.5
38,50,7.18,36.3,19,25.1,90,1.6
39,0,7.41,105.2,19,21.7,92.1,1.7
39,1,6.97,108.5,19,10.6,82.7,1.7
39,2,7.07,69.6,19,23.6,80.8,1.7
39,3,7.15,101.5,19,5.1,80.3,1.7
39,4,7.15,60.2,19,15.2,95.2,1.7
39,5,7.46,71.6,19,20.4,94.4,1.8
39,6,6.81,73.9,19,19.2,97.1,1.8
39,7,7.29,50.3,19,26.8,86.8,1.8
39,8,6.95,62.3,19,7.6,85.7,1.8
39,9,6.92,39.8,19,5.3,84.6,1.8
39,10,6.76,38.5,19,10.4,94.6,1.8
39,11,6.78,63.1,19,16.6,86.3,1.8
39,12,6.93,106.4,19,10.4,88.8,1.9
39,13,7.48,96.7,19,22.6,94.9,1.9
39,14,7.42,39.9,19,6.4,94.8,1.9
39,15,7.09,104.7,19,22.7,83.2,1.9
39,16,7.06,64,19,11.8,94.1,1.9
39,17,7.25,62.2,19,17.6,87.6,1.9
39,18,7.25,71,19,22.8,93.9,1.9
39,19,7.27,72.7,19,26.2,88.7,1.9
39,20,7.24,70.5,19,31.5,87.8,1.9
39,21,6.8,50.2,19,26.7,92.7,2
39,22,6.89,96.1,19,23.8,94.5,2
39,23,7.02,104.9,19,11.3,81.9,2
39,24,,,19,,,
39,25,,,19,,,
39,26,,,19,,,
39,27,,,19,,,
39,28,7.43,39.2,20,21.9,91.2,0.2
39,29,7.41,77.5,20,10.4,89.8,0.2
39,30,7.06,69.3,20,7.7,81.5,0.2
39,31,7.29,35.7,20,24.5,92.4,0.2
39,32,7.19,92.9,20,17.6,95.7,0.2
39,33,7.31,36.6,20,10.9,93.1,0.3
39,34,6.89,108.3,20,15.6,84.8,0.3
39,35,6.95,95.4,20,23.6,86.8,0.3
39,36,7.41,52.5,20,24,86.2,0.3
39,37,7.34,100.2,20,27.6,88.7,0.3
39,38,7.31,45.6,20,15.2,85.5,0.4
39,39,7.24,104.3,20,16.8,98.1,0.4
39,40,7.37,50.1,20,26.2,86.7,0.4
39,41,7.21,88.2,20,8.3,86.1,0.4
39,42,7.07,39.5,20,22.1,81.3,0.4
39,43,7.39,100.6,20,21.4,93.9,0.5
39,44,7.29,76.3,20,30.2,82.2,0.5
39,45,7.24,38,20,17.4,93.1,0.5
39,46,6.88,47.9,20,16.5,97.8,0.5
39,47,6.96,77.5,20,19,82.5,0.6
39,48,6.9,55.1,20,12,83.6,0.6
39,49,6.74,100.4,20,12.9,88.6,0.6
39,50,7.47,79.8,20,14.9,80.9,0.6
40,0,6.96,84.8,20,9.8,86.1,0.6
40,1,7.02,91.4,20,34.2,86.1,0.6
40,2,6.87,65.6,20,24.7,98.8,0.6
40,3,6.97,102.1,20,19.5,87.1,0.6
40,4,6.92,107.6,20,26.5,81.9,0.6
40,5,6.91,39.5,20,26.4,90.3,0.6
40,6,7.01,44.4,20,25.8,98.9,0.6
40,7,7.09,65.9,20,17.1,84.4,0.7
40,8,7.23,108.1,20,18.6,92.2,0.7
40,9,6.97,34.5,20,23.9,93,0.7
40,10,7.24,87.1,20,5.7,85.8,0.7
40,11,7.13,80.1,20,21.8,85.9,0.7
40,12,7.36,67.1,20,6.1,84.8,0.7
40,13,7.09,66.6,20,31,81.9,0.8
40,14,7.02,105.7,20,8.4,94.7,0.9
40,15,6.91,99.7,20,19.4,86.9,0.9
40,16,6.82,67.3,20,28.9,97.3,0.9
40,17,7.48,39.4,20,31.2,90.7,1
40,18,6.78,92.7,20,16.3,97,1
40,19,6.76,78.2,20,30.6,84.8,1
40,20,6.84,104.7,20,28,98.2,1
40,21,6.88,82.6,20,11.7,86.2,1
40,22,7.37,107,20,10.4,85.9,1.1
40,23,6.72,85.9,20,13.3,96.2,1.1
40,24,7.23,109.1,20,7.7,91.8,1.1
40,25,6.91,36.2,20,15.3,93.8,1.1
40,26,7.43,93.8,20,13.8,92,1.1
40,27,7.17,98.3,20,26,81.6,1.1
40,28,7.28,109.9,20,7.8,86.8,1.1
40,29,7.33,92,20,6.1,90,1.1
40,30,7.2,33.4,20,26,83.9,1.1
40,31,7.08,41.8,20,7.4,95.1,1.2
40,32,7.1,66.2,20,7.5,84,1.2
40,33,7.04,94.2,20,8,89,1.2
40,34,7.32,83.7,20,32.2,92.7,1.2
40,35,7.46,43.3,20,17.9,90.5,1.3
40,36,7.09,50.4,20,21.6,81.2,1.3
40,37,6.96,53.2,20,9.4,81.1,1.3
40,38,6.75,34.9,20,12.4,96.7,1.3
40,39,7.01,109.9,20,18.8,82.1,1.3
40,40,6.7,66.3,20,30.2,90.8,1.3
40,41,6.9,105,20,32.8,98.6,1.4
40,42,7.21,82,20,26.6,97.6,1.4
40,43,7.11,59.5,20,26.3,92.5,1.4
40,44,7.34,48.7,20,27.5,94.8,1.4
40,45,6.77,75.1,20,28.2,94.5,1.4
40,46,6.71,76.6,20,27.5,84.4,1.4
40,47,6.8,51.8,20,26.8,97.8,1.4
40,48,6.88,49.7,20,7.2,81.3,1.5
40,49,7.16,35.5,20,14.8,94.9,1.5
40,50,7.03,65.1,20,19.5,87.6,1.5
41,0,7.5,82.5,20,10.3,89.8,1.5
41,1,7.41,50.4,20,30.4,92.5,1.5
41,2,7.17,30.2,20,8.6,89.7,1.5
41,3,6.81,87.7,20,22.3,88.5,1.5
41,4,7.18,87.4,20,5.4,89.7,1.6
41,5,6.72,108.1,20,22,92.9,1.6
41,6,7.35,75.9,20,9.5,90.4,1.6
41,7,6.78,108,20,35,83.3,1.6
41,8,6.93,76,20,18.6,95.1,1.7
41,9,6.91,74.7,20,14.8,86.4,1.7
41,10,6.78,38.5,20,33.4,83.7,1.7
41,11,7.27,37.9,20,30.6,92.3,1.7
41,12,7.44,92.5,20,23.4,86.1,1.7
41,13,7.46,49,20,12.1,94.1,1.7
41,14,6.8,44.9,20,21.6,94.3,1.7
41,15,7.16,106.8,20,23.4,82.4,1.7
41,16,7.23,74,20,5.9,86.4,1.8
41,17,7.22,102.9,20,7.2,96.6,1.8
41,18,6.93,68.5,20,20.5,88.4,1.8
41,19,7.4,35,20,22.3,89.9,1.8
41,20,7.16,83.6,20,23.7,96.8,1.8
41,21,7.04,43.8,20,24.1,85.3,1.9
41,22,6.86,106.5,20,15.6,89,1.9
41,23,6.76,50.6,20,19.4,93.9,1.9
41,24,7.2,50,20,7.7,92.2,1.9
41,25,6.9,30.3,20,11.8,91.6,1.9
41,26,7.25,68.2,20,30.5,90.4,1.9
41,27,7.29,70.8,20,10.6,87.8,1.9
41,28,7.28,70.2,20,19.6,97.5,1.9
41,29,,,20,,,
41,30,6.83,46.3,21,19.1,94.2,0.2
41,31,7.29,89.6,21,16.8,82.5,0.2
41,32,7.11,87.5,21,25.5,84.7,0.2
41,33,6.89,76.1,21,20.2,96.4,0.2
41,34,7.5,97.1,21,29.6,82.4,0.3
41,35,6.97,68.3,21,30.4,89.1,0.3
41,36,6.94,64.9,21,23.3,87,0.3
41,37,6.88,83.8,21,27.2,95.8,0.3
41,38,7.29,62,21,19.9,89.2,0.3
41,39,7.44,102.9,21,34.9,93.6,0.3
41,40,7.43,80.6,21,26.4,90.4,0.3
41,41,7.41,102.1,21,30.9,86.6,0.3
41,42,7.02,38.1,21,14.6,82.2,0.4
41,43,7.43,74.7,21,9.8,85.8,0.4
41,44,7.4,108.8,21,15.2,98.1,0.4
41,45,7.06,44.9,21,11.2,80.9,0.4
41,46,6.95,72.1,21,23.7,84.8,0.4
41,47,7.24,42.8,21,6.3,90.5,0.5
41,48,7.21,102.4,21,22.7,92.9,0.5
41,49,6.81,42.2,21,27,83.5,0.5
41,50,6.81,75.7,21,22.3,93.8,0.5
42,0,6.98,41.1,21,26.4,93.6,0.5
42,1,6.85,67.6,21,22.7,84.6,0.5
42,2,6.87,48.6,21,21.9,97.9,0.5
42,3,6.83,89.5,21,25.9,87.6,0.6
42,4,7.47,65.1,21,32.6,81.4,0.6
42,5,7.32,99.6,21,32.1,93.5,0.6
42,6,7.29,66.9,21,19,95.3,0.7
42,7,7.49,95.8,21,32.8,80.1,0.7
42,8,7.36,108.2,21,14.9,91.5,0.7
42,9,6.98,102.2,21,5,88,0.7
42,10,7.03,81.6,21,13.7,86.2,0.7
42,11,7.41,54.4,21,18.2,88.9,0.7
42,12,7.19,67.3,21,30.8,90.7,0.7
42,13,6.86,72.1,21,31.4,96.8,0.7
42,14,6.81,108.6,21,19.6,80.6,0.7
42,15,7.21,93.7,21,17.8,91.4,0.7
42,16,6.79,84,21,21.5,85,0.8
42,17,7.33,67.7,21,6.9,98.8,0.8
42,18,6.89,51.2,21,25.1,94.6,0.8
42,19,7.39,48.9,21,31.8,84.1,0.8
42,20,7.05,36.3,21,32.5,94.2,0.8
42,21,6.94,67.6,21,28,80.3,0.8
42,22,7.3,101.8,21,17.3,93.4,0.9
42,23,7.43,45.9,21,23.1,94,0.9
42,24,7,82.6,21,18.4,87.8,0.9
42,25,7.48,86,21,13.9,97.4,0.9
42,26,7.15,47,21,33.7,97.7,0.9
42,27,7.45,54.7,21,16.2,83.6,1
42,28,7.19,73.1,21,5.4,88.7,1.1
42,29,6.85,39.2,21,15.2,90.5,1.1
42,30,7.13,68.9,21,13.7,91.1,1.1
42,31,7.44,66.7,21,8.3,95.7,1.1
42,32,6.75,50,21,34.2,94.6,1.1
42,33,7.18,53.5,21,13.2,82,1.1
42,34,6.72,95.2,21,11,88.5,1.2
42,35,6.72,56.2,21,34.6,87.5,1.2
42,36,6.93,107.2,21,8.8,85.1,1.2
42,37,6.77,64.5,21,10.9,80.9,1.2
42,38,7.5,34.5,21,28.2,96.5,1.2
42,39,7.39,76.9,21,24.7,81.4,1.3
42,40,7.38,98.3,21,25.7,90,1.3
42,41,7.37,73.9,21,16,90.1,1.3
42,42,6.86,76.4,21,18.7,85.5,1.3
42,43,6.81,63.7,21,19,84.4,1.4
42,44,7.1,60.4,21,16.8,98.6,1.4
42,45,7.24,85.1,21,29.5,92.3,1.4
42,46,7.43,109.3,21,22,97.5,1.5
42,47,7.27,39.9,21,24.8,94.4,1.5
42,48,7.49,43.8,21,28,80.7,1.5
42,49,6.83,93.8,21,26,92,1.5
42,50,7,107.7,21,9.5,97,1.5
43,0,7.19,86.2,21,25.8,85.2,1.5
43,1,6.77,58,21,19,94.6,1.5
43,2,6.82,86.2,21,27.2,98.7,1.5
43,3,6.88,108,21,28.4,86.4,1.6
43,4,6.83,31.7,21,15.1,99,1.6
43,5,6.73,67.3,21,27.3,81.2,1.6
43,6,6.71,32.2,21,26,96.7,1.7
43,7,7.45,31.7,21,10.3,98,1.7
43,8,7.36,83.9,21,10.9,92.3,1.7
43,9,6.91,60.2,21,12.1,91,1.7
43,10,7.34,99,21,13,89.5,1.7
43,11,7.17,32.2,21,11,82.2,1.7
43,12,7.08,99.1,21,15.6,96.9,1.8
43,13,7.38,88.1,21,13.3,82.6,1.8
43,14,6.71,51.6,21,15.9,90.4,1.8
43,15,6.99,35.9,21,29.5,97.4,1.8
43,16,7.02,75.6,21,20.7,94.3,1.8
43,17,6.93,58.6,21,16.2,96.3,1.8
43,18,6.78,64.4,21,17.5,86.3,1.8
43,19,6.7,51.3,21,6.4,91,1.9
43,20,7.07,99,21,11.5,89.6,1.9
43,21,6.85,34.8,21,31.8,97.8,1.9
43,22,6.72,51.4,21,24,87.9,1.9
43,23,7.05,108.3,21,29.1,82.7,1.9
43,24,6.95,79.6,21,29.1,82.9,1.9
43,25,7,66.2,21,5.7,81.1,2
43,26,6.89,60.3,21,34.7,97.5,2
43,27,7.1,66.9,21,9.8,81,2
43,28,6.81,46.7,21,28.6,96.3,2
43,29,,,21,,,
43,30,7.3,31,22,5.2,96.2,0.2
43,31,6.72,98.7,22,20,99,0.2
43,32,6.74,67.9,22,24.2,96.7,0.2
43,33,6.9,78.2,22,9.8,89.4,0.2
43,34,7.15,73.3,22,12.7,88.7,0.3
43,35,6.96,37.5,22,14.6,92.5,0.3
43,36,7.02,69,22,25.5,90.6,0.3
43,37,6.85,30.1,22,17.3,93.7,0.3
43,38,7.17,35.3,22,28.6,88.2,0.3
43,39,7.28,66.8,22,24.1,89.5,0.3
43,40,6.88,74,22,10,91.7,0.3
43,41,7.06,63.8,22,32.9,96.1,0.3
43,42,6.73,54.5,22,16.6,94.7,0.4
43,43,6.91,68.4,22,21.2,92.2,0.4
43,44,6.8,60.5,22,15.5,97.2,0.4
43,45,6.78,76.5,22,21.7,88.4,0.4
43,46,7.17,66.5,22,16.7,96.2,0.4
43,47,7.27,68.7,22,29.4,85.9,0.4
43,48,7.08,109.4,22,27.8,87.6,0.5
43,49,7.38,79.5,22,20.4,83.6,0.5
43,50,6.82,81,22,24.9,82.7,0.5
44,0,7.06,60.2,22,24.8,86.5,0.5
44,1,7.37,100.8,22,21,86.3,0.5
44,2,7.34,37.1,22,13.7,89.1,0.5
44,3,7.26,109.6,22,19,94.3,0.5
44,4,6.95,105.7,22,25.3,94.6,0.6
44,5,6.96,39.6,22,27.8,82.3,0.6
44,6,6.93,77.6,22,16.1,86.8,0.6
44,7,6.97,93.8,22,24.8,94.9,0.6
44,8,6.99,98,22,10.1,95.7,0.6
44,9,6.81,58.2,22,11,88.8,0.6
44,10,7.2,97.3,22,23,90.6,0.6
44,11,7.14,48.2,22,30.6,97.6,0.7
44,12,6.8,94.4,22,29.4,94.2,0.7
44,13,7.32,89.7,22,30.7,97.2,0.7
44,14,6.77,100,22,14.5,84.2,0.8
44,15,7.45,95.9,22,32,86,0.8
44,16,7.12,34.2,22,31.7,82.9,0.9
44,17,7.31,43.4,22,30.4,88.8,0.9
44,18,7.18,101,22,11.8,98.6,0.9
44,19,7.13,38.6,22,13.1,92,0.9
44,20,7.13,107.1,22,9.2,87.5,0.9
44,21,6.97,32.9,22,11.5,91.6,0.9
44,22,7.4,73.4,22,11.1,85.4,1
44,23,7.39,106.8,22,21.7,91.9,1
44,24,6.99,50.3,22,5.3,90.8,1
44,25,6.77,98.1,22,18.7,85.3,1
44,26,7.41,95.6,22,10.9,92.4,1
44,27,7.21,77.7,22,9,82.1,1.1
44,28,7.16,38.2,22,12.2,89.2,1.1
44,29,6.71,49,22,19,98,1.1
44,30,7.33,33.2,22,30.9,80.3,1.1
44,31,7.03,47.2,22,19.3,98.3,1.2
44,32,6.92,72.7,22,24.3,91.3,1.2
44,33,7.2,85,22,26.4,91.6,1.2
44,34,7.48,89.9,22,24.2,84.2,1.2
44,35,7.06,63.7,22,11.1,92.4,1.3
44,36,6.96,73.7,22,19.5,89.8,1.3
44,37,6.93,50.7,22,20.8,82.3,1.3
44,38,7.32,83.6,22,24,85.2,1.3
44,39,7.36,62.3,22,18.8,93,1.3
44,40,6.89,66,22,27,90.3,1.4
44,41,6.86,82.6,22,33.6,86.3,1.4
44,42,7.07,104.6,22,34.1,82.9,1.4
44,43,7.44,36.2,22,7.9,87.3,1.4
44,44,6.74,68.7,22,10.9,92.7,1.4
44,45,7.13,51.8,22,16,83.4,1.4
44,46,6.79,43.7,22,12.8,85.3,1.4
44,47,6.88,52.5,22,25.9,80.3,1.5
44,48,7.1,65.8,22,5.5,86.9,1.5
44,49,7.31,75.7,22,18.5,94.5,1.5
44,50,7.06,98.3,22,12.2,98.8,1.5
45,0,7.23,41.9,22,15.3,98.5,1.5
45,1,7.06,50.3,22,8.3,94.9,1.5
45,2,7.13,39.6,22,7.5,91.1,1.6
45,3,7.2,62.4,22,22.2,82.3,1.6
45,4,6.89,88.6,22,10.9,93.8,1.6
45,5,6.75,73.2,22,10.4,92.1,1.6
45,6,7.37,86.9,22,33.6,98.2,1.6
45,7,6.87,105.2,22,13.8,98.6,1.6
45,8,7.23,50,22,31.2,90.9,1.6
45,9,6.87,103.2,22,26.9,97.9,1.7
45,10,6.85,72.8,22,25.9,97.4,1.7
45,11,6.8,83,22,28.4,81.3,1.7
45,12,7.13,76.4,22,19,84.6,1.7
45,13,7.2,53.5,22,8.5,96.7,1.8
45,14,7.03,77.5,22,8.2,87.3,1.8
45,15,7.22,70.5,22,22.4,90.1,1.8
45,16,7.12,53.8,22,6.3,83.8,1.8
45,17,6.92,103.5,22,15.9,83.3,1.8
45,18,7.13,86.4,22,29.8,89.2,1.8
45,19,7.02,75.5,22,9.3,88.2,1.9
45,20,7.25,61.2,22,20.6,95.3,1.9
45,21,6.84,69.5,22,7.4,96.9,1.9
45,22,7.06,107.2,22,33.7,98.3,1.9
45,23,6.89,93.6,22,18.6,89.4,2
45,24,6.99,39,22,10.6,97.9,2
45,25,7.01,90.4,22,10.4,98.4,2
45,26,6.85,57.9,22,29.3,87.2,2
45,27,,,22,,,
45,28,6.73,62.9,23,7.6,98.9,0.2
45,29,7.32,56,23,31,89.9,0.2
45,30,7.41,60,23,20.4,91.1,0.2
45,31,6.97,90,23,34.5,91.7,0.2
45,32,7.44,52.8,23,6.1,92.2,0.3
45,33,6.95,76.2,23,22.2,95.1,0.3
45,34,7.38,54.5,23,18.2,95.2,0.3
45,35,7.1,85.3,23,20.8,87.9,0.3
45,36,7.38,104.7,23,31,98.1,0.4
45,37,7.08,56.1,23,6,85,0.4
45,38,6.76,40.5,23,13,98.3,0.4
45,39,6.83,90.5,23,13.3,81.3,0.4
45,40,6.95,95.9,23,15.7,91.7,0.4
45,41,7.5,32.2,23,25.8,83.1,0.4
45,42,6.99,34.6,23,5.1,99,0.5
45,43,7.38,57.6,23,7.9,90.4,0.5
45,44,6.71,30.2,23,31.9,96.8,0.5
45,45,7.17,30.7,23,17.2,84.5,0.5
45,46,7.06,89.5,23,25.1,83.7,0.6
45,47,7.4,30.3,23,20.2,88.9,0.6
45,48,7.17,88.9,23,8.5,94.8,0.6
45,49,7.35,46.1,23,34.5,85,0.6
45,50,6.91,108,23,9,86.9,0.6
46,0,6.98,105.1,23,18.5,83.2,0.6
46,1,7.23,46.5,23,16.7,90.5,0.6
46,2,7.1,108.4,23,16.5,97.7,0.7
46,3,6.9,38.7,23,15.7,86.1,0.7
46,4,7.16,58.5,23,31,90.7,0.7
46,5,7.3,44.2,23,31.8,84,0.7
46,6,6.8,105.4,23,7.6,86,0.7
46,7,7.3,46.1,23,26.6,91.9,0.7
46,8,6.85,92.1,23,33.7,83.1,0.8
46,9,6.92,109.5,23,31.5,93.4,0.8
46,10,7.13,52.9,23,9.7,95.3,0.8
46,11,6.8,106,23,9.1,81.1,0.9
46,12,7.48,56.4,23,31.2,81.4,0.9
46,13,6.88,94.5,23,6.4,87.6,0.9
46,14,7.12,61.2,23,10.8,87.3,0.9
46,15,6.74,86.3,23,7.1,95.3,0.9
46,16,6.76,70.9,23,27.9,97.2,0.9
46,17,6.81,79.8,23,5.1,96.8,0.9
46,18,7.24,66.7,23,13.9,85.5,0.9
46,19,7.48,72.6,23,33.5,87.6,1
46,20,7.49,40.8,23,14.8,88.8,1
46,21,6.84,47.1,23,27.5,81.3,1
46,22,7.48,86.3,23,34.3,89,1
46,23,6.91,42.3,23,25.7,93.5,1
46,24,6.78,75,23,30.7,89.5,1
46,25,7.16,64.4,23,20.6,91.1,1
46,26,7.42,104.7,23,32.1,83.3,1
46,27,7.16,69,23,12,96.6,1
46,28,7.18,39.2,23,13.2,90.6,1.1
46,29,6.93,30.8,23,13.1,92.6,1.1
46,30,7.02,40.6,23,22.8,80.1,1.1
46,31,7.31,76.1,23,26,97.2,1.1
46,32,6.71,96.4,23,9.9,91.4,1.1
46,33,7.38,63.9,23,12.9,81.9,1.2
46,34,6.71,83.3,23,21,98.1,1.2
46,35,7.03,87.6,23,9.2,86,1.2
46,36,7.22,47,23,5.5,89,1.2
46,37,7.23,107.1,23,34.1,84.1,1.2
46,38,6.95,105.9,23,15.2,96.1,1.3
46,39,7.29,35.8,23,22.1,87.5,1.3
46,40,7.25,107.8,23,7.2,84.2,1.3
46,41,6.95,80.8,23,32.3,89.4,1.3
46,42,6.97,73,23,22.5,96.9,1.3
46,43,6.96,56,23,32.1,84.1,1.3
46,44,6.93,102.5,23,28.7,88.8,1.4
46,45,7.31,41.9,23,17.5,85.6,1.4
46,46,7.44,64.6,23,21.7,91.7,1.4
46,47,7.12,61.7,23,10.3,82.5,1.4
46,48,7.14,62.6,23,10.9,87.5,1.4
46,49,6.94,72.1,23,32.9,95.6,1.5
46,50,6.8,51.1,23,34.9,84.6,1.5
47,0,7,76.2,23,34.6,85.9,1.5
47,1,6.86,66.7,23,8.3,80.6,1.5
47,2,7.12,37.7,23,28.9,80.1,1.6
47,3,7.21,93.2,23,9,85.5,1.6
47,4,6.7,42.7,23,27.7,94.5,1.6
47,5,6.89,65.8,23,31.2,88.1,1.7
47,6,7.38,43.9,23,16.7,86.5,1.8
47,7,6.78,108.1,23,14.3,84.4,1.8
47,8,7.23,98.4,23,16.9,97.5,1.8
47,9,6.9,79.5,23,20.7,82.1,1.8
47,10,7.33,36,23,22.5,88.6,1.9
47,11,7.34,74.8,23,19.3,81.2,1.9
47,12,7.24,64.9,23,6.8,93.7,1.9
47,13,7.15,40.5,23,32.1,95.2,1.9
47,14,7.43,76.2,23,21.4,94.3,2
47,15,6.96,38.1,23,27.4,91.5,2
47,16,7.46,55.9,23,5.5,82,2
47,17,6.7,77.4,23,5.9,80.5,2
47,18,6.84,109.3,23,13.6,92.2,2
47,19,,,23,,,
47,20,,,23,,,
47,21,7.13,40.3,24,8.8,87.5,0.2
47,22,6.78,91.8,24,18.7,95,0.2
47,23,7.42,92.6,24,13.3,81.8,0.2
47,24,6.85,90.9,24,20.5,95,0.2
47,25,7.22,81.4,24,9,87.9,0.2
47,26,7.32,99.5,24,21.4,92.8,0.2
47,27,7.44,57.2,24,5.4,80.5,0.3
47,28,7.28,39.8,24,7.5,87.6,0.3
47,29,7.2,67.5,24,15.8,89.9,0.3
47,30,7.49,87.9,24,17.2,80.2,0.4
47,31,7.09,64.3,24,29.9,82.4,0.4
47,32,7.48,79.5,24,27.3,96.7,0.4
47,33,7.43,58.8,24,32.6,85.1,0.4
47,34,7.43,54.6,24,8.5,84.8,0.4
47,35,7.44,85.5,24,32.1,92.9,0.4
47,36,7.05,88.9,24,10.5,91.3,0.4
47,37,7.19,65.7,24,6.1,85.3,0.5
47,38,7.4,31,24,14,95.3,0.5
47,39,7.39,99.5,24,15.1,80.3,0.5
47,40,7.42,99.5,24,13.5,98.8,0.6
47,41,7.13,40.1,24,24.6,97,0.6
47,42,7.36,64.7,24,31.4,90.3,0.6
47,43,7.48,77.3,24,21.8,93.5,0.6
47,44,7.47,92,24,25.2,91,0.6
47,45,6.84,42.3,24,34.6,96,0.6
47,46,7.43,58.9,24,5.4,96.8,0.7
47,47,7.12,32.4,24,5.5,97.1,0.7
47,48,6.93,56.4,24,15.1,81.6,0.7
47,49,6.84,66.5,24,15.8,88.9,0.7
47,50,6.72,35.6,24,30.8,88.5,0.8
48,0,7.02,50.4,24,31.5,97,0.8
48,1,7.1,84.4,24,21.3,95.4,0.8
48,2,7.29,62,24,25.1,88.9,0.8
48,3,7.02,34.9,24,23.2,90.8,0.8
48,4,6.97,63.5,24,6.8,97.3,0.8
48,5,7.15,37.9,24,20.6,97.1,0.8
48,6,6.74,43.7,24,22.8,84.3,0.9
48,7,7.36,37.4,24,23.7,88.8,0.9
48,8,7.42,90.1,24,23,93.9,0.9
48,9,6.92,59.4,24,13.8,87.7,0.9
48,10,7.16,75.2,24,29.5,95.2,1
48,11,7.28,92.4,24,28.9,87,1
48,12,7.11,79.4,24,19.4,98.3,1
48,13,7.32,40.9,24,10.3,93.4,1
48,14,7.2,61.1,24,30.1,94.6,1.1
48,15,6.79,61.9,24,22.2,84.6,1.1
48,16,6.74,100,24,9.1,89.9,1.1
48,17,7.14,80.4,24,26.6,87.4,1.1
48,18,7.04,38.4,24,14.3,89.5,1.2
48,19,6.72,56.8,24,11.4,82.2,1.2
48,20,7.11,51.1,24,16.8,85,1.2
48,21,7.12,42,24,13.3,96.1,1.2
48,22,6.96,52.4,24,22.8,97.3,1.2
48,23,7.23,77.4,24,27.3,92.4,1.2
48,24,7.35,35.9,24,24,98.2,1.3
48,25,7.34,103.2,24,27.5,82.1,1.3
48,26,7.06,83.5,24,24.7,80.2,1.3
48,27,7.48,103.8,24,13.7,98,1.3
48,28,7.3,45,24,23,97.2,1.3
48,29,6.89,66.7,24,14.2,91.5,1.3
48,30,7.23,65.8,24,33.5,87.1,1.3
48,31,7.25,67.2,24,8.5,90,1.3
48,32,7.27,34.8,24,25.1,92.2,1.3
48,33,7.14,70.9,24,34.1,91.1,1.3
48,34,7.27,56.4,24,34.4,84,1.4
48,35,7.07,88.4,24,32.3,97.4,1.4
48,36,7.4,51,24,34.4,81.8,1.4
48,37,6.91,108.5,24,30.9,80.7,1.4
48,38,7.3,49.7,24,9.3,86.3,1.4
48,39,7,83,24,7.2,81.5,1.4
48,40,6.74,83.7,24,24.9,80.6,1.4
48,41,7.48,49.2,24,25.9,92.7,1.4
48,42,7.34,77.7,24,21.4,80.6,1.5
48,43,7.06,57.9,24,15.5,80.7,1.5
48,44,6.99,31.7,24,9.3,80.5,1.5
48,45,6.79,36.7,24,20.5,85.1,1.5
48,46,6.72,51.3,24,8.6,94.9,1.6
48,47,6.95,54,24,26.7,84.5,1.6
48,48,7.43,53.6,24,15.4,98.2,1.6
48,49,7.44,38.6,24,17.3,84.9,1.6
48,50,7.39,100.4,24,15,80.6,1.6
49,0,7.49,103.7,24,21.9,89.3,1.6
49,1,7.03,74.2,24,26.8,89.3,1.6
49,2,6.85,73,24,18.1,86.1,1.7
49,3,7.03,32.4,24,33.6,83.9,1.7
49,4,7.06,50.5,24,7.6,94.4,1.7
49,5,7.48,91.1,24,17.2,82.2,1.7
49,6,7.06,78.7,24,8.1,91.5,1.7
49,7,7.19,75.5,24,28.3,95.6,1.7
49,8,6.98,35.3,24,9.9,83.7,1.8
49,9,7.09,79.8,24,32.9,87.1,1.8
49,10,6.76,39.1,24,5,90.2,1.8
49,11,7.45,50.7,24,28.4,98,1.8
49,12,6.83,52,24,13.5,90.1,1.8
49,13,6.78,70.9,24,18.8,85.6,1.8
49,14,6.93,101.5,24,19.2,87.9,1.9
49,15,7.42,54.5,24,12.6,96.3,1.9
49,16,7.25,72.9,24,23,87.6,1.9
49,17,7.09,73.7,24,11.3,87.1,1.9
49,18,6.89,44.3,24,31.9,81.3,1.9
49,19,7.18,79,24,26.2,90.7,1.9
49,20,7.08,57.5,24,5.6,85.9,2
49,21,6.72,81.8,24,11.3,90.6,2
49,22,,,24,,,
49,23,,,24,,,
49,24,,,24,,,
49,25,,,24,,,
49,26,,,24,,,
49,27,,,24,,,
49,28,7.43,39.8,25,32.7,89.3,0.2
49,29,7.11,106.8,25,24.9,81.2,0.3
49,30,7.49,61.1,25,21.4,91.9,0.3
49,31,7.28,51.7,25,16.5,85.6,0.3
49,32,6.88,72.5,25,5.7,89.7,0.3
49,33,7.3,105,25,34.6,96.6,0.4
49,34,6.9,75.4,25,25,89.4,0.4
49,35,6.84,104.9,25,32.7,95.7,0.4
49,36,7.31,105.8,25,25.8,85.8,0.4
49,37,6.87,48.3,25,11.1,96.5,0.4
49,38,7.31,32.4,25,28.5,95.1,0.4
49,39,7,52.1,25,30.3,82.7,0.4
49,40,7.31,105.8,25,19.8,89,0.4
49,41,6.96,94.7,25,7.8,81.6,0.5
49,42,6.84,85.4,25,34.6,92.5,0.5
49,43,7.2,44.9,25,24.8,88.4,0.5
49,44,7.07,97.9,25,8.5,87.6,0.5
49,45,7.46,66.1,25,18.7,96.9,0.6
49,46,7.38,46.6,25,18.7,83,0.6
49,47,7.16,67.8,25,22.8,92.8,0.6
49,48,6.88,67,25,24,80.9,0.6
49,49,7.06,41.7,25,17.5,92.5,0.6
49,50,7.09,100.5,25,26.5,89.7,0.6
50,0,6.93,62.1,25,14,82.4,0.6
50,1,6.79,33.3,25,29,91.4,0.7
50,2,6.85,90.5,25,35,89.5,0.7
50,3,7.13,77.3,25,34.8,92.5,0.7
50,4,6.75,69.7,25,29.1,92.7,0.8
50,5,7.45,68.6,25,22.3,89.2,0.8
50,6,7.32,83.8,25,31.9,91.5,0.8
50,7,7.41,43.7,25,18.1,89.7,0.8
50,8,6.92,44,25,28.4,90.6,0.8
50,9,7.06,46.7,25,25.1,80.6,0.8
50,10,7.05,109.4,25,16,89.8,0.8
50,11,6.94,81,25,7.6,83.6,0.8
50,12,7,36.7,25,23.6,92.7,0.8
50,13,7.26,68.6,25,16.8,86.6,0.9
50,14,6.75,45.4,25,19.9,97.8,0.9
50,15,7.28,90.1,25,27.9,93.5,0.9
50,16,7.08,96.6,25,18.1,86.8,0.9
50,17,6.87,109,25,16.2,82.2,0.9
50,18,7.41,101.7,25,15.5,95,0.9
50,19,6.94,51,25,13.8,96.5,0.9
50,20,6.79,103.3,25,32.2,89.8,0.9
50,21,7.07,54.6,25,7,93.5,1
50,22,7.11,91.6,25,21.5,82.3,1
50,23,6.71,94.8,25,15,88.2,1
50,24,7.18,54.5,25,7.5,95.1,1
50,25,7.48,100.4,25,7.8,94.5,1
50,26,7.25,39.2,25,5.9,93.9,1
50,27,7.42,38.4,25,28.4,90.3,1.1
50,28,6.88,88.4,25,6.3,88.2,1.1
50,29,7.03,44.4,25,19.9,96.5,1.1
50,30,7.49,108.2,25,17.9,83.4,1.1
50,31,6.78,52.7,25,6.1,92,1.1
50,32,7.17,41.8,25,7.9,93.3,1.1
50,33,6.88,89.5,25,24.4,98.9,1.1
50,34,7.2,105.9,25,14.9,95.1,1.1
50,35,7.12,83.8,25,10,96.2,1.1
50,36,7.41,99.8,25,12.2,81,1.1
50,37,6.78,55.8,25,33.9,89.4,1.1
50,38,7.48,96.3,25,9.4,92,1.2
50,39,6.85,96.4,25,12.6,97.1,1.3
50,40,7.35,60.2,25,10,84.7,1.3
50,41,7.3,96.3,25,31.2,81.9,1.3
50,42,7.07,99.9,25,16,86.6,1.3
50,43,6.76,80.7,25,28.7,87.4,1.3
50,44,7.46,46.1,25,19.8,89.2,1.3
50,45,6.86,98,25,35,83.5,1.3
50,46,7.02,35.4,25,7.3,90.1,1.3
50,47,6.71,43.3,25,18.5,81.6,1.4
50,48,6.73,62.9,25,8.2,97.7,1.4
50,49,7.01,96.2,25,27.4,97.6,1.4
50,50,6.75,89.7,25,32.9,94,1.4
51,0,7.19,68.5,25,29.9,80.1,1.4
51,1,7.27,107.1,25,22.1,90.4,1.4
51,2,7.49,46.7,25,11.5,83.7,1.4
51,3,7.23,76.8,25,6.1,95.2,1.4
51,4,7.28,73.9,25,31.9,81.3,1.5
51,5,7.39,97,25,24.7,84.6,1.5
51,6,7.32,87.4,25,29.2,97.1,1.5
51,7,6.83,108.7,25,22.7,91.1,1.5
51,8,6.74,37.9,25,13.8,95.5,1.6
51,9,7.32,75.9,25,11.4,80.4,1.6
51,10,7.47,47.3,25,8.3,96.9,1.6
51,11,7.06,78.9,25,8.1,91.8,1.6
51,12,7.13,62.7,25,9.4,93.5,1.6
51,13,7.24,84.3,25,5.2,95.8,1.6
51,14,7.27,40.9,25,17.8,86.1,1.7
51,15,6.8,72,25,27.3,89.9,1.7
51,16,7.33,103.1,25,28.6,83.9,1.7
51,17,7.05,46,25,9.6,86.3,1.8
51,18,6.86,81.7,25,6.9,96.7,1.8
51,19,7.34,31.5,25,7.1,87.7,1.8
51,20,6.83,95.3,25,6.9,84.6,1.8
51,21,6.89,39.6,25,17.8,97.1,1.8
51,22,7.21,79.1,25,29,96.2,1.8
51,23,6.97,63.6,25,30.8,96.9,1.9
51,24,6.76,56.3,25,22.3,90,1.9
51,25,7.14,87.4,25,19,85.6,1.9
51,26,7.03,82.9,25,22.3,93,1.9
51,27,6.88,39.1,25,9.5,88,1.9
51,28,6.98,56.6,25,23.3,98.8,1.9
51,29,6.93,97.1,25,19.9,98.9,1.9
51,30,6.88,104.6,25,19.5,95.1,1.9
51,31,6.81,59.6,25,30,96.4,2
51,32,7.25,89.2,25,6,97.6,2
51,33,7.44,78.4,25,25.5,96.8,2
51,34,,,25,,,
51,35,7.13,51.1,26,34.4,92.5,0.2
51,36,7.46,88,26,34.1,93.3,0.2
51,37,7.06,84.2,26,6.5,82.4,0.3
51,38,7.44,50.6,26,12.3,98.1,0.3
51,39,7.14,91.8,26,6.2,81.5,0.3
51,40,7.2,53.3,26,32.5,93.2,0.3
51,41,6.91,38.2,26,21.7,93.7,0.3
51,42,7.25,106.2,26,21.9,94.3,0.3
51,43,7.36,42.8,26,11.2,90.7,0.3
51,44,7.49,59.6,26,17.2,88.7,0.3
51,45,6.92,84,26,5.2,88.7,0.4
51,46,7.1,101.8,26,6.4,89.1,0.4
51,47,6.98,73.4,26,20.9,92.4,0.5
51,48,6.93,60.1,26,20.6,96,0.5
51,49,6.98,91.1,26,5.6,91,0.5
51,50,7.35,59.6,26,30.2,97.6,0.5
52,0,7.19,106.8,26,14.1,82,0.5
52,1,6.94,68.4,26,24.7,85.1,0.5
52,2,7.28,79.3,26,30.1,87.4,0.5
52,3,6.94,34.1,26,29.8,80.8,0.5
52,4,6.9,60.5,26,14.6,98.7,0.6
52,5,7.12,37,26,18.2,86.3,0.6
52,6,7.27,106.2,26,17.8,98.7,0.6
52,7,7.24,76.5,26,30.3,94.7,0.6
52,8,6.72,36.2,26,19.4,81.5,0.6
52,9,6.93,84.8,26,15.4,96.9,0.6
52,10,6.81,64.6,26,15.3,88.7,0.6
52,11,7.27,53.9,26,5.6,95.4,0.6
52,12,7.24,39.6,26,22.5,91.4,0.6
52,13,7.33,63.8,26,15.8,83.7,0.6
52,14,6.93,45.3,26,30.9,80.3,0.6
52,15,7.19,40.4,26,22.7,80,0.6
52,16,7.36,45.8,26,20.9,81,0.7
52,17,6.85,35.2,26,32.5,94.2,0.7
52,18,7.5,61.4,26,9.9,94,0.7
52,19,6.89,47.6,26,31.2,81.8,0.7
52,20,7.32,83.5,26,21.8,94.4,0.7
52,21,7.08,88.4,26,6.8,94.9,0.7
52,22,6.74,102.4,26,25.4,93.9,0.8
52,23,7.04,86.3,26,21.4,97.2,0.8
52,24,7.02,106.2,26,5.2,88.1,0.8
52,25,7.42,104.5,26,26.9,84.5,0.8
52,26,6.76,108.3,26,5.6,90.7,0.8
52,27,7.17,75.3,26,28.1,95.8,0.9
52,28,6.77,98.6,26,15.4,95,0.9
52,29,6.76,70.3,26,32.1,81.6,0.9
52,30,7.04,31.9,26,28.3,80.8,0.9
52,31,7.08,96.2,26,8.2,91.8,0.9
52,32,7.08,41.2,26,29.3,98.1,1
52,33,7.45,44.4,26,32.4,89.8,1
52,34,7.14,31.6,26,15.8,86.5,1
52,35,7.32,90.4,26,15.9,96.8,1
52,36,6.8,51.7,26,25.6,93.3,1
52,37,6.98,98.3,26,7.1,80.5,1
52,38,7.42,41.7,26,34.3,98,1
52,39,7.27,79.5,26,29.2,82.4,1.1
52,40,7.48,108.8,26,9.3,90,1.1
52,41,6.73,97.5,26,5.4,93.3,1.1
52,42,6.91,56.8,26,23.7,89.6,1.1
52,43,7.09,90.9,26,27.1,81.6,1.1
52,44,6.9,68,26,19.4,89.5,1.2
52,45,6.85,42,26,7.3,95.3,1.2
52,46,7.44,103.2,26,11.3,80.6,1.2
52,47,7.18,32.9,26,30.2,80.7,1.2
52,48,7.47,46.1,26,34.2,97.3,1.3
52,49,7.3,48.5,26,11.2,87.4,1.3
52,50,7.4,31.5,26,14.3,91.6,1.3
53,0,7.45,61.6,26,19.6,85.4,1.3
53,1,6.7,38.5,26,17.2,88.4,1.3
53,2,6.77,30.8,26,17.3,81.4,1.3
53,3,6.93,53.6,26,7.3,96.8,1.3
53,4,7.25,40.2,26,29.3,93.5,1.3
53,5,7.43,105.7,26,15.9,85.2,1.4
53,6,6.92,60.7,26,5.8,95.3,1.4
53,7,7.12,91.3,26,25.2,94.1,1.4
53,8,7.42,95.2,26,33.9,96.9,1.4
53,9,7.21,84.3,26,23.4,90.5,1.4
53,10,6.7,48.9,26,26.7,99,1.4
53,11,7.22,59.2,26,8,93.2,1.4
53,12,6.79,67.4,26,12.6,87.5,1.5
53,13,6.77,73.7,26,30.7,98,1.5
53,14,6.78,37.7,26,23.1,82.1,1.5
53,15,7.48,72.8,26,12.7,95.5,1.5
53,16,7.11,102.3,26,27.4,80.1,1.5
53,17,7.23,69.3,26,21.1,96.1,1.5
53,18,6.74,52.4,26,26.6,85.5,1.6
53,19,7.25,65.6,26,6.5,89.2,1.6
53,20,7.37,83,26,24.5,81.1,1.6
53,21,7.46,108.5,26,30.5,84.2,1.7
53,22,6.74,94.7,26,26.2,94.3,1.7
53,23,7.04,85.9,26,20.3,88.1,1.7
53,24,7.23,55.2,26,23.4,90.1,1.7
53,25,6.73,54.1,26,12,83,1.8
53,26,7.41,105,26,26.4,95.5,1.8
53,27,7.03,55,26,9.2,95.8,1.8
53,28,7.3,53.9,26,20.6,84.3,1.8
53,29,7.45,57.8,26,32.2,94.4,1.8
53,30,7.15,50.1,26,20.6,96.9,1.8
53,31,7.09,92.2,26,21.1,84.9,1.8
53,32,7,62.4,26,18.3,89.7,1.8
53,33,6.87,37.6,26,6.2,87.6,1.8
53,34,7.31,104.9,26,8.1,91.3,1.8
53,35,7.44,34.1,26,30.4,91.5,1.8
53,36,7.34,63.9,26,21.2,89.2,1.9
53,37,7.19,41.6,26,14.8,82.6,1.9
53,38,7.33,53.9,26,28.5,96.6,1.9
53,39,7.37,93,26,9.5,86.4,1.9
53,40,7.28,39.9,26,17.2,85,1.9
53,41,6.78,50.9,26,31.5,85.4,1.9
53,42,7.3,52.5,26,22.2,97.6,2
53,43,7.18,68.5,26,31,88.8,2
53,44,7.16,98,26,15.9,94.2,2
53,45,7.19,33.4,26,29.2,89,2
53,46,7.25,83.7,26,26,94,2
53,47,,,26,,,
53,48,,,26,,,
53,49,7.02,106.7,27,13.5,84.1,0.2
53,50,6.7,103.7,27,12.4,81.5,0.2
54,0,6.89,79.8,27,8,92.4,0.2
54,1,6.82,38.2,27,15.1,98.9,0.3
54,2,7.02,33.4,27,9.4,90,0.3
54,3,7.38,45.8,27,33.5,90.1,0.3
54,4,7.36,77,27,27.7,89.3,0.3
54,5,7.47,62.3,27,34.9,94.5,0.3
54,6,6.91,93.2,27,24.9,86.7,0.3
54,7,7.3,30.7,27,17.5,93.5,0.3
54,8,6.95,107.1,27,6.4,87,0.3
54,9,7.29,58.3,27,16.5,94.2,0.4
54,10,6.84,47,27,26,86.5,0.4
54,11,7,98.4,27,24.5,84.8,0.4
54,12,7.05,83.6,27,33.7,83.7,0.4
54,13,6.83,55.3,27,28.1,92.6,0.4
54,14,7.39,75.1,27,21.7,80.6,0.4
54,15,6.86,43.7,27,21.8,86.3,0.5
54,16,7.06,88.6,27,5.5,88.2,0.5
54,17,7.3,55.3,27,32.8,94.1,0.5
54,18,6.96,36.3,27,6.1,80.7,0.5
54,19,7.21,43.2,27,29.6,86.1,0.5
54,20,7.26,74.2,27,32.1,82.5,0.5
54,21,7.06,45,27,33.7,95.5,0.6
54,22,6.95,86.5,27,10.1,89.9,0.6
54,23,6.96,100.6,27,18.1,98.2,0.6
54,24,6.92,95.4,27,15.6,90.2,0.6
54,25,6.71,100.1,27,19.9,86,0.6
54,26,6.7,53.7,27,19.5,87.7,0.6
54,27,7.44,107.9,27,18.5,88.9,0.6
54,28,7.35,83.8,27,22.1,82.6,0.7
54,29,7.36,89.1,27,16.9,91.9,0.7
54,30,7.25,42.4,27,18.3,90.5,0.7
54,31,7.01,96.5,27,18.8,95.2,0.7
54,32,7.42,77.9,27,31.9,93.6,0.8
54,33,6.72,63.8,27,8.8,99,0.8
54,34,7.01,92.5,27,21,89.2,0.8
54,35,6.96,36.6,27,21,88.3,0.8
54,36,6.86,49.6,27,8.4,82.8,0.8
54,37,6.9,78.7,27,27,85.4,0.9
54,38,7.27,59.8,27,19,95.7,0.9
54,39,7.42,60.4,27,9.3,93.5,0.9
54,40,7.28,42.5,27,10.5,97.8,0.9
54,41,7.14,39.3,27,8.5,89.9,0.9
54,42,6.98,83.2,27,22.2,84.1,0.9
54,43,6.96,90.7,27,15.7,97.7,0.9
54,44,7.19,93.2,27,6.3,90.8,0.9
54,45,7.42,65.5,27,17.1,83.6,0.9
54,46,7.07,34.7,27,13.8,84.6,1
54,47,7,71,27,6.3,90.1,1
54,48,7.46,99.3,27,32.7,96.6,1.1
54,49,6.84,51.8,27,21.8,93.2,1.1
54,50,6.84,74.3,27,32.5,89.8,1.1
55,0,6.72,79.8,27,24.4,95.7,1.1
55,1,7.29,108.1,27,13,83.7,1.1
55,2,7.24,95.8,27,21.6,95.8,1.1
55,3,6.8,64.7,27,8.4,94.1,1.1
55,4,7.16,88.3,27,34.6,82.5,1.1
55,5,7.26,66.4,27,14.9,87.2,1.1
55,6,6.79,107.6,27,15.3,89.7,1.1
55,7,7.12,36.2,27,27.1,84.8,1.2
55,8,7.05,90.9,27,10.5,94.4,1.2
55,9,7.09,99.7,27,27.1,96,1.2
55,10,7.15,34.4,27,12.8,80.3,1.2
55,11,7.4,108.8,27,24.7,87.1,1.3
55,12,7.08,34.9,27,33.5,89,1.3
55,13,7.17,101.1,27,11.9,95.2,1.3
55,14,6.97,55.8,27,7.8,90.7,1.3
55,15,7.06,79.6,27,30.9,91.2,1.3
55,16,7.23,108.4,27,33.5,82.2,1.3
55,17,7.22,84.8,27,30.1,86.6,1.4
55,18,7.38,49,27,33,80.9,1.4
55,19,7.41,35.7,27,25.6,88.6,1.4
55,20,7.13,97.4,27,6.5,85.7,1.4
55,21,7.45,37,27,34.4,82.3,1.4
55,22,7.36,51.4,27,25.3,90.9,1.4
55,23,7.27,88.9,27,13.6,84.4,1.5
55,24,7.12,108.7,27,8.6,82.4,1.5
55,25,6.88,58.8,27,23.9,84.7,1.6
55,26,7.21,42.3,27,9.8,97.8,1.6
55,27,6.95,43,27,13.8,80.9,1.6
55,28,7.23,76.8,27,5.6,84.6,1.6
55,29,6.8,88.7,27,24.3,82.5,1.6
55,30,6.85,77,27,25.8,93.3,1.6
55,31,7.1,105.6,27,27.9,93.8,1.7
55,32,6.98,44.9,27,8.9,83.9,1.8
55,33,7.12,82.3,27,10,94.6,1.8
55,34,7.11,61.7,27,7.8,96.6,1.8
55,35,7.49,70.5,27,19.6,92.9,1.8
55,36,7.06,105.8,27,23.8,84.6,1.9
55,37,6.98,66,27,22,90.8,1.9
55,38,7.14,82.2,27,11.4,85.7,1.9
55,39,6.75,30.1,27,25.9,93.6,1.9
55,40,7.04,89.2,27,24.9,96.4,1.9
55,41,7.11,106.9,27,13.4,84.5,1.9
55,42,7.02,80.2,28,12.4,82.2,0.2
55,43,7.01,47,28,19.3,96.8,0.2
55,44,7.16,54.7,28,24,80.7,0.2
55,45,7.43,72,28,28.2,88.7,0.3
55,46,7.2,94.6,28,12.8,97.5,0.3
55,47,7.33,41.1,28,12.3,81.9,0.4
55,48,6.9,108.2,28,25.8,83.9,0.4
55,49,7.32,51.5,28,19.5,90.3,0.4
55,50,6.97,66.8,28,10.4,84.7,0.4
56,0,6.81,83.7,28,22.7,88.7,0.4
56,1,7.36,39.1,28,13.1,97.2,0.5
56,2,7.23,48.2,28,32.6,94.8,0.5
56,3,7.48,86.8,28,27,88.2,0.5
56,4,7.23,32.7,28,10.9,96.3,0.5
56,5,6.96,75.5,28,16,91.5,0.5
56,6,7.44,52.8,28,20.5,84.7,0.6
56,7,7.33,80.6,28,32.9,82.7,0.6
56,8,7.46,40.6,28,8.7,93.3,0.6
56,9,6.75,36.6,28,14.2,88.5,0.6
56,10,7.34,43.9,28,24.2,84.1,0.6
56,11,6.88,53.3,28,10.3,80.4,0.6
56,12,6.82,63.9,28,27.7,89.7,0.6
56,13,6.86,90.4,28,22.4,96.5,0.7
56,14,7.42,44.4,28,22.4,96.6,0.7
56,15,7.35,56.1,28,14.8,90.4,0.7
56,16,6.87,101.6,28,18.2,90.4,0.7
56,17,7.18,38.5,28,31.4,86.7,0.7
56,18,6.91,92.7,28,14.1,97.2,0.7
56,19,7.04,39.2,28,31,84.5,0.8
56,20,6.89,31.7,28,30.8,96.5,0.8
56,21,6.71,69.7,28,6.2,80,0.8
56,22,6.87,45.1,28,28.2,96.3,0.8
56,23,6.91,53.3,28,31.3,85.5,0.8
56,24,7.46,51.6,28,28.9,90.8,0.8
56,25,7.24,41.9,28,24.8,84,1
56,26,6.73,84.4,28,30.7,96.3,1
56,27,6.88,45.1,28,17.5,84.3,1
56,28,7.11,96.8,28,6.1,93.8,1
56,29,6.87,77.2,28,8.5,91.8,1
56,30,6.88,84,28,17.5,80.5,1
56,31,7.45,73,28,12.7,82.1,1
56,32,7.41,31,28,11.2,96.4,1.1
56,33,7.46,56,28,13.8,95.3,1.1
56,34,6.96,31.9,28,25.6,91.2,1.1
56,35,7.08,57.4,28,27.1,93.5,1.1
56,36,7.21,101.2,28,17.8,97,1.1
56,37,7.29,42.4,28,22.7,91.1,1.1
56,38,7.05,74.1,28,23.8,89,1.2
56,39,7.14,45.8,28,31,98.7,1.2
56,40,7.07,86.1,28,18.5,96.4,1.2
56,41,7.48,107.7,28,6.2,82.8,1.3
56,42,6.73,63.2,28,23.2,86.7,1.3
56,43,6.73,31.7,28,10.6,91.4,1.3
56,44,7.14,70.2,28,26.4,90.1,1.3
56,45,7.2,43.6,28,10.2,89.1,1.3
56,46,7.39,49.8,28,33.7,91.5,1.3
56,47,6.73,61.8,28,9.8,94.1,1.3
56,48,7.44,103.7,28,13.5,97,1.3
56,49,6.85,93.7,28,26.7,83.6,1.4
56,50,6.97,79.2,28,29.6,80.9,1.4
57,0,6.8,30.8,28,21.3,83,1.4
57,1,7.21,103.9,28,12.8,83,1.4
57,2,7.21,34,28,27.1,91.4,1.4
57,3,6.77,71.2,28,29.3,83.9,1.4
57,4,7.41,95.5,28,12.6,86.1,1.5
57,5,7.12,86.6,28,16.5,84,1.5
57,6,7.39,88.1,28,10.5,89.3,1.5
57,7,7.39,66,28,9.5,80.3,1.5
57,8,7.09,86.7,28,23.3,86.5,1.5
57,9,7.4,76.1,28,19,91.4,1.5
57,10,7.09,103.7,28,20.5,96.3,1.5
57,11,7.08,31.8,28,21,90.8,1.5
57,12,7.46,54,28,7.4,85.8,1.6
57,13,6.78,77,28,22.7,81.6,1.6
57,14,7.23,44.9,28,26.3,89.5,1.6
57,15,7.5,89.9,28,17.3,89.3,1.6
57,16,7.31,85.8,28,31.4,86.5,1.7
57,17,7.34,109.8,28,9.1,90.7,1.7
57,18,6.9,43,28,16.8,84.5,1.7
57,19,6.83,71.5,28,12.6,92.1,1.8
57,20,7.48,95.2,28,6.5,81.7,1.8
57,21,7.3,100,28,28.6,88,1.8
57,22,7.04,104.1,28,12.7,91.7,1.8
57,23,7.18,51.2,28,23,93.3,1.9
57,24,7.15,38.1,28,21.9,80,1.9
57,25,6.93,43.7,28,23.1,87.2,1.9
57,26,6.92,77.9,28,26.2,87.2,2
57,27,6.83,97.2,28,18.7,84.8,2
57,28,,,28,,,
57,29,7.06,100.6,29,27.6,89.7,0.2
57,30,7.02,84.2,29,28.2,80.5,0.2
57,31,7.14,68.9,29,9.6,97.3,0.2
57,32,6.86,104.8,29,22.5,80.6,0.2
57,33,7.16,67.9,29,25.7,98.3,0.3
57,34,6.99,45.4,29,30,87.8,0.3
57,35,6.86,33.6,29,6.9,97.9,0.3
57,36,7.32,108.2,29,14.3,96.1,0.3
57,37,7.1,48.6,29,15.1,80.2,0.3
57,38,7.38,109.2,29,19.2,94.8,0.3
57,39,7.48,104.7,29,25.5,82.9,0.3
57,40,7.3,100.7,29,19.6,93.4,0.4
57,41,7.14,92.8,29,17.6,93,0.4
57,42,7.19,108.3,29,6,91.1,0.4
57,43,6.87,80.9,29,6.5,97.2,0.4
57,44,7.3,55.8,29,21.3,81,0.4
57,45,7.1,88.1,29,7.5,95.8,0.4
57,46,7.45,99,29,15.9,95,0.4
57,47,6.95,33.1,29,28.2,88,0.5
57,48,7.15,32.6,29,13.9,88.4,0.5
57,49,7.44,37.4,29,33.3,91.8,0.5
57,50,7.12,37,29,18.4,91.1,0.5
58,0,7.06,49.7,29,14,80.1,0.6
58,1,7.37,35.5,29,26,94.2,0.6
58,2,6.87,92.6,29,18.4,94.4,0.6
58,3,7.38,91.1,29,20.4,93.3,0.6
58,4,6.83,88.5,29,15.3,91,0.6
58,5,7.36,100.1,29,6.8,84.5,0.6
58,6,6.95,77,29,15.4,98.4,0.6
58,7,6.92,65.3,29,28,82.2,0.6
58,8,7.28,74.9,29,21.8,90,0.6
58,9,7.17,100.8,29,28.4,94.3,0.6
58,10,7.32,32.4,29,29.5,81,0.7
58,11,7.17,77.9,29,11.4,92.4,0.7
58,12,7.28,86.8,29,8.3,87.2,0.7
58,13,7.44,96.9,29,20.9,95.4,0.7
58,14,6.78,99.7,29,33,94.2,0.7
58,15,7.39,74,29,24.6,93.4,0.7
58,16,7.09,92.6,29,25.9,85.9,0.8
58,17,7.01,102.7,29,30,98.5,0.8
58,18,6.74,51.6,29,19,84,0.8
58,19,7.29,72.4,29,18.7,87.9,0.8
58,20,7.05,85.7,29,8,89.8,0.8
58,21,7.12,62.7,29,8.9,98.7,0.8
58,22,7.26,83.5,29,18.3,93.3,0.8
58,23,7.41,85.9,29,6.2,94.9,0.8
58,24,7.28,98.3,29,21.9,94.9,0.9
58,25,6.94,43.2,29,33.6,87,0.9
58,26,6.89,85.2,29,16.3,97.3,0.9
58,27,7.29,46,29,19.2,97.4,0.9
58,28,6.94,103.9,29,13.2,87,0.9
58,29,6.88,55.4,29,14.7,90.3,1
58,30,7.18,56.7,29,11.9,90.3,1
58,31,7.38,52.5,29,34.6,88.9,1
58,32,7,35.9,29,25.7,91.1,1
58,33,7.04,109.7,29,26.8,87.9,1
58,34,7.49,92.1,29,26.5,95.9,1
58,35,7.33,58.2,29,17.3,82.8,1
58,36,6.84,76.8,29,25.5,98.2,1.1
58,37,6.94,35.5,29,31.7,95.3,1.1
58,38,7.21,68.9,29,20.8,83.6,1.1
58,39,7.04,76.1,29,22.6,96.6,1.1
58,40,7.24,31.5,29,29.9,93.9,1.2
58,41,7.23,91,29,13.1,98.4,1.2
58,42,7.09,88.4,29,18.6,95.9,1.2
58,43,7.16,82.1,29,11,83.6,1.2
58,44,7,89.8,29,6.5,94.9,1.2
58,45,6.95,88.4,29,33.1,80.8,1.2
58,46,6.86,63.6,29,22.4,94.6,1.2
58,47,7.24,83.1,29,18.7,87.4,1.3
58,48,6.92,45.8,29,30.6,84.3,1.3
58,49,7.07,92.3,29,23.1,96.8,1.3
58,50,6.73,103.9,29,28,84.1,1.3
59,0,6.98,100.6,29,30.5,91.5,1.3
59,1,7.41,75.3,29,9.1,98.3,1.3
59,2,6.82,93.9,29,28.5,87.3,1.4
59,3,7.02,100,29,7.8,96.8,1.4
59,4,7,42.3,29,23.4,88.1,1.4
59,5,7.26,43,29,15.9,87.6,1.4
59,6,7.33,75.2,29,17.8,83.5,1.4
59,7,6.74,31.5,29,8.8,92.2,1.5
59,8,7.43,84.3,29,10.6,95.5,1.5
59,9,6.88,54,29,9.2,86.7,1.5
59,10,6.97,52.7,29,33.3,85.5,1.6
59,11,7.11,80.2,29,31.4,91.1,1.6
59,12,7.47,32.4,29,28.2,80.5,1.6
59,13,7.24,43.7,29,23.3,86.3,1.6
59,14,6.88,66.4,29,28.1,88.4,1.6
59,15,7.03,36.6,29,19.3,90.6,1.7
59,16,6.82,102.8,29,21.7,98.6,1.7
59,17,6.74,65.6,29,7.4,88.1,1.7
59,18,7.45,73.4,29,6.3,93.6,1.8
59,19,6.93,89.9,29,27,86.5,1.8
59,20,7.45,48,29,12.5,97.8,1.8
59,21,7.46,100.9,29,23.9,88.1,1.8
59,22,6.78,48.2,29,13.9,98,1.8
59,23,7.04,105.1,29,34.2,92.1,1.8
59,24,6.8,54,29,16.5,90.3,1.8
59,25,7.42,79.6,29,20.7,95.1,1.8
59,26,6.93,100,29,14.5,93.4,1.9
59,27,7.14,80.7,29,9,84.1,1.9
59,28,7.34,92,29,15.5,98,1.9
59,29,6.87,50.9,29,22.7,81.3,1.9
59,30,7.35,97,29,33.7,86.5,1.9
59,31,6.75,91.9,29,17.1,84.2,1.9
59,32,,,29,,,
59,33,,,29,,,
59,34,7.04,77.5,30,11.1,95.1,0.2
59,35,7.48,76.5,30,32.4,97.3,0.2
59,36,6.83,83,30,22.7,90.4,0.4
59,37,7.42,94.9,30,17.9,97.3,0.4
59,38,6.71,91.7,30,18.9,90,0.4
59,39,7.11,103.8,30,15.4,92.3,0.5
59,40,7.19,90.7,30,30,98.1,0.5
59,41,7.37,91.3,30,32,83.4,0.5
59,42,7.32,34.2,30,11.6,95.7,0.5
59,43,7.07,93.2,30,24.4,88.7,0.6
59,44,7.01,41,30,29.5,81.7,0.6
59,45,7.08,100.9,30,33.4,80.9,0.6
59,46,6.96,93.7,30,27.2,86.1,0.6
59,47,7.09,103.8,30,19.1,82.9,0.6
59,48,7.4,84.6,30,29.6,84,0.6
59,49,7.14,73,30,27.2,82.8,0.6
59,50,7.21,91.9,30,16.1,88.2,0.6
60,0,7.33,63.7,30,10.2,94.7,0.7
60,1,6.95,77,30,29.2,92.6,0.7
60,2,7.31,63.4,30,23.6,89.6,0.7
60,3,6.86,89,30,6.1,95.4,0.7
60,4,7.02,55.8,30,22.8,95.2,0.7
60,5,7.21,106.1,30,32.1,98.2,0.7
60,6,7.46,34,30,28.6,93.4,0.7
60,7,7.49,91.7,30,34.1,88,0.7
60,8,6.71,51.3,30,22.6,96.3,0.8
60,9,6.92,84.3,30,34.3,81,0.8
60,10,6.9,54.5,30,28.7,96.7,0.8
60,11,6.8,95.4,30,23.8,82.8,0.8
60,12,7,72.7,30,15.4,93,0.8
60,13,7.49,78.6,30,19.5,87.5,0.9
60,14,7.06,109.1,30,33.8,84.5,0.9
60,15,6.77,38.7,30,24.6,96.9,0.9
60,16,7.22,108.2,30,10,88.5,0.9
60,17,7.22,40.3,30,34.5,89.5,0.9
60,18,7.14,80.5,30,13.6,94.6,0.9
60,19,7.33,65.1,30,18.8,95.5,0.9
60,20,7.14,77,30,10.6,95.8,0.9
60,21,7.21,96.8,30,7.8,90.7,0.9
60,22,7.32,40.2,30,12.2,96.8,0.9
60,23,6.86,52.4,30,25.7,85.8,1
60,24,7.35,79.8,30,27.3,84.8,1
60,25,6.91,80.5,30,5.7,80.9,1
60,26,7.02,61.9,30,28.3,97.7,1
60,27,7.1,71,30,18.2,99,1
60,28,6.95,49.9,30,7.9,93.7,1
60,29,7.26,41,30,26.9,92.9,1.1
60,30,7.14,74.9,30,32.3,96.3,1.1
60,31,7.05,42.9,30,27.6,92.1,1.1
60,32,7.26,70.3,30,31.3,97.8,1.3
60,33,7.19,41.7,30,15.9,87.4,1.3
60,34,7.3,93.5,30,34.9,80.7,1.3
60,35,7.3,68.5,30,11.1,88.1,1.3
60,36,7.34,45.4,30,10.6,87,1.3
60,37,6.8,104.8,30,29.8,81.1,1.3
60,38,7.06,53.7,30,6.7,84.1,1.3
60,39,6.84,61.6,30,16.8,96.7,1.3
60,40,7.5,105.8,30,29.8,92.8,1.3
60,41,7.15,51.1,30,20.5,93.2,1.4
60,42,6.83,51.1,30,27.2,83.5,1.4
60,43,7.01,76.8,30,17.3,93.9,1.4
60,44,7.06,86.2,30,9.3,84.7,1.4
60,45,6.92,105.5,30,33.6,91.5,1.4
60,46,6.99,43.4,30,19.3,86.9,1.4
60,47,7.33,73.5,30,29.5,84.5,1.4
60,48,7.16,42.2,30,18.3,92.5,1.4
60,49,6.93,77.3,30,7.4,85,1.5
60,50,7.27,103.3,30,11.4,85.9,1.5
61,0,7.27,36.1,30,30.5,83.7,1.5
61,1,6.98,63.1,30,24.1,87.7,1.5
61,2,6.96,93.1,30,11.2,84.2,1.5
61,3,7.32,68.1,30,34.5,96.3,1.6
61,4,7.15,78.6,30,28,97.2,1.6
61,5,7.22,64.2,30,24.2,84.2,1.6
61,6,6.88,45.2,30,9.8,87.6,1.6
61,7,7.49,68.4,30,15.9,83.6,1.6
61,8,7.08,77.2,30,19,94.2,1.6
61,9,7.31,38.4,30,33.4,87,1.6
61,10,7.25,48.1,30,26.7,84.7,1.7
61,11,6.85,65.7,30,33.9,84,1.7
61,12,7.09,91.9,30,23.8,85.3,1.7
61,13,7.23,40.3,30,29.8,98.2,1.8
61,14,6.72,84.1,30,18.6,84.9,1.8
61,15,6.84,47,30,27.7,96.6,1.8
61,16,6.94,85.8,30,12.4,90.7,1.8
61,17,6.76,49.5,30,26.8,85.8,1.8
61,18,6.8,98.3,30,31.4,95.6,1.8
61,19,7.49,60.5,30,25.3,89.7,1.8
61,20,6.79,55.8,30,22.9,95.2,1.9
61,21,7.12,74.1,30,14.4,88,1.9
61,22,7.12,88.1,30,28.8,80.1,1.9
61,23,7.48,49.2,30,17.2,88,1.9
61,24,7.37,38.8,30,32,85.6,1.9
61,25,7.08,51.1,30,28.3,81.9,1.9
61,26,7.21,35.1,30,22.3,96.4,1.9
61,27,7.26,36.1,30,34.2,89.1,1.9
61,28,6.9,72.4,30,18.3,97.9,2
61,29,7.45,49.2,30,24.1,92.8,2
61,30,7.28,31.9,30,14,98,2
61,31,7.34,80.8,30,22.7,94.6,2
61,32,6.94,58.8,30,20.7,87.3,2
61,33,7.15,81.7,30,21,96,2
61,34,,,30,,,
61,35,,,30,,,
61,36,7.45,31.2,31,18.3,96.5,0.2
61,37,7.24,83,31,21.6,88.5,0.2
61,38,7.49,93.1,31,6.2,88.3,0.2
61,39,6.97,83.4,31,20.2,89.2,0.3
61,40,7.03,99.5,31,7.4,88.5,0.3
61,41,7.41,95.7,31,12.6,95.8,0.3
61,42,7.37,79.7,31,20.3,86.7,0.4
61,43,6.72,54.5,31,22.3,82.4,0.4
61,44,6.92,59.3,31,28.4,80.6,0.4
61,45,7.22,72.1,31,33.9,81.7,0.4
61,46,7.2,67.2,31,6.6,84.5,0.5
61,47,7.01,85.1,31,33.1,88.2,0.5
61,48,6.72,103.8,31,20.4,88.9,0.5
61,49,6.97,36.9,31,34.7,93.7,0.5
61,50,6.97,42.1,31,25.4,87.1,0.5
62,0,7.1,94.9,31,12.4,97.6,0.6
62,1,7.13,34.8,31,27,82.7,0.6
62,2,7.16,100.9,31,8,90.1,0.6
62,3,6.88,43.7,31,14.2,89.6,0.6
62,4,7.45,51.8,31,32.1,84,0.6
62,5,6.97,109,31,13.7,82.9,0.6
62,6,7.46,39,31,22.1,92,0.6
62,7,7.35,34.1,31,6.1,80.1,0.7
62,8,7.49,51.2,31,14,97.5,0.7
62,9,7.17,84.8,31,7.7,97.1,0.7
62,10,6.81,86.8,31,25.2,92.5,0.7
62,11,6.83,94.9,31,19.7,87.9,0.8
62,12,7.19,99.7,31,27.8,82.5,0.8
62,13,6.83,59,31,10.7,91.3,0.8
62,14,7.48,100.1,31,14.4,81.1,0.8
62,15,7.23,90.4,31,18.7,97.8,0.8
62,16,7.45,53.5,31,25.7,82.4,0.8
62,17,7.3,71.7,31,34.8,91.7,0.8
62,18,7.26,77.9,31,13.4,93.5,0.8
62,19,7.19,38.6,31,7,90.8,0.8
62,20,6.73,51.1,31,32,95.6,0.9
62,21,6.74,36.2,31,9.6,90,0.9
62,22,6.76,104.8,31,11.2,90.9,0.9
62,23,6.87,70.8,31,34.4,82,0.9
62,24,6.72,106,31,19.5,89.2,0.9
62,25,7.45,50.2,31,21,98.9,0.9
62,26,7.42,44.8,31,5.6,83.4,0.9
62,27,6.94,38.6,31,11.2,89.8,0.9
62,28,7.01,100,31,26.3,89.8,0.9
62,29,7.29,53,31,8.6,98,1
62,30,7.11,43.6,31,24.9,84.1,1
62,31,7.45,108.4,31,20.3,87.1,1
62,32,7.24,53,31,14.6,90.6,1
62,33,7.16,59.2,31,14.1,88.2,1.1
62,34,6.81,107.4,31,30.2,80.1,1.1
62,35,7.49,96.1,31,6.5,81,1.1
62,36,6.85,106.7,31,19.4,86.1,1.1
62,37,6.78,93.1,31,18.2,88.6,1.1
62,38,7.18,38.3,31,6.6,95.4,1.1
62,39,7.35,107.8,31,30.3,95.5,1.1
62,40,7.12,54.8,31,15.1,96.3,1.1
62,41,7.37,96.1,31,23.9,96.7,1.2
62,42,7.34,59.6,31,34.4,94.4,1.2
62,43,7.3,47.8,31,9.8,91.8,1.2
62,44,7.17,78.1,31,26.8,89.8,1.2
62,45,6.92,39,31,31.2,82.9,1.2
62,46,6.84,93.5,31,32.9,84.2,1.3
62,47,7.36,32.6,31,30.6,93.3,1.3
62,48,7.44,85.5,31,30.8,98.6,1.3
62,49,7.15,108.6,31,14.6,87.2,1.3
62,50,7.28,82.5,31,5.5,93,1.3
63,0,7.05,93.6,31,5.5,98,1.4
63,1,7.24,97.9,31,18.3,85.1,1.4
63,2,7.37,88.1,31,5.3,96.8,1.5
63,3,7.45,82.2,31,25.5,93.2,1.5
63,4,6.94,44,31,7.6,97.6,1.5
63,5,7.29,58.4,31,25.3,87.4,1.5
63,6,7.07,31.2,31,26.8,86.7,1.5
63,7,7.38,95.9,31,30.9,86.6,1.5
63,8,6.96,105.7,31,17.1,96.8,1.5
63,9,7.25,107.6,31,30,97,1.5
63,10,7.03,79.5,31,29.1,92.5,1.6
63,11,7.07,50.6,31,23.1,93.5,1.6
63,12,6.88,79.3,31,28.5,90.4,1.6
63,13,7.16,38.3,31,24.8,80.4,1.6
63,14,7.39,57.3,31,25.3,96.2,1.6
63,15,7.15,73,31,21.4,81.1,1.7
63,16,7.15,90.4,31,24,85.4,1.7
63,17,6.81,47.6,31,11.6,82.5,1.7
63,18,6.77,65.7,31,10.4,93.3,1.7
63,19,7.22,64,31,14.4,91.8,1.7
63,20,7.43,96.1,31,26.1,90.4,1.8
63,21,6.95,93.8,31,32.8,90.3,1.8
63,22,7.44,106.3,31,22.9,93.2,1.8
63,23,7.24,57,31,21,82.7,1.9
63,24,6.96,101,31,7,92.8,1.9
63,25,7.41,41.8,31,9.2,89.6,1.9
63,26,7.47,53.3,31,9.4,98.7,1.9
63,27,7.1,51.7,31,22.8,85.9,1.9
63,28,6.87,43.1,31,33.9,95.6,1.9
63,29,6.78,104.1,31,20.7,89.2,1.9
63,30,7.32,107.3,31,20.6,83,1.9
63,31,7.1,77.1,31,27.6,81.4,2
63,32,7.31,79.9,31,27.2,92.2,2
63,33,,,31,,,
63,34,,,31,,,
63,35,,,31,,,
63,36,6.9,57.7,32,25.9,88.2,0.2
63,37,7.17,102.9,32,12.9,96.9,0.2
63,38,7.25,64.3,32,8.2,88.4,0.2
63,39,6.72,109.4,32,19.9,86.5,0.3
63,40,7.23,101.8,32,21.9,90.7,0.3
63,41,7.38,47,32,10.4,85.2,0.3
63,42,7.45,70.3,32,18,98.7,0.3
63,43,7.07,35.8,32,27.4,97.7,0.3
63,44,7.08,76.9,32,33.2,92.4,0.3
63,45,7.41,49,32,9.3,90.6,0.3
63,46,7.37,68.5,32,24.2,86,0.4
63,47,6.73,70.4,32,13.2,93.9,0.4
63,48,7.45,35.9,32,30.1,90.5,0.4
63,49,6.79,43.6,32,7.3,83.3,0.5
63,50,6.7,88.2,32,29,96.5,0.5
64,0,6.83,54.9,32,7.4,98.3,0.5
64,1,7.03,45.4,32,7.3,85.7,0.5
64,2,7.07,101.8,32,32.7,94.9,0.5
64,3,6.89,96,32,5.7,96.4,0.5
64,4,7.24,55.6,32,34.9,97.3,0.5
64,5,7.27,44.7,32,26.7,97.4,0.5
64,6,7.43,77.8,32,17.9,89.7,0.6
64,7,7.15,67.4,32,18.4,94.7,0.6
64,8,6.82,64.7,32,9,81.8,0.7
64,9,7.4,97.1,32,17.9,82,0.7
64,10,6.82,96.4,32,20,86.8,0.7
64,11,6.74,52.2,32,33.4,92,0.7
64,12,6.81,84.2,32,14,85.6,0.8
64,13,7.12,57.7,32,25.7,98,0.8
64,14,7.27,89.2,32,8.2,87.6,0.8
64,15,7.12,61.3,32,13.7,98,0.8
64,16,7.49,80.8,32,14.5,82,0.9
64,17,7.4,102.8,32,14.4,88,0.9
64,18,6.85,34.1,32,15.7,92.7,0.9
64,19,7.18,86.5,32,12.2,80.9,0.9
64,20,7.39,80.3,32,11.8,88.2,0.9
64,21,7.27,35.3,32,5.7,98.2,1
64,22,6.97,81,32,25.5,84.9,1
64,23,7.1,33.3,32,24.4,83.4,1
64,24,7.42,77.1,32,13.2,86,1
64,25,7.37,76.6,32,15.5,95.7,1
64,26,6.99,34.8,32,33,88.6,1
64,27,7.13,39.7,32,6,81,1
64,28,7.34,58.3,32,20.3,97.1,1
64,29,7,60.8,32,22.1,94,1
64,30,7.02,44.2,32,15.1,87.4,1.1
64,31,7.26,67.9,32,31.5,96.9,1.1
64,32,7,105.9,32,24.8,90.4,1.1
64,33,7.46,46.9,32,31.7,89.2,1.1
64,34,7.44,51.2,32,8,90.8,1.1
64,35,7.19,74.6,32,23.1,80.4,1.1
64,36,7.22,57.6,32,8.6,84.6,1.1
64,37,6.84,57.2,32,15.5,89.8,1.2
64,38,7.45,87.8,32,16.2,95.3,1.2
64,39,7.44,84.5,32,12.1,90.5,1.2
64,40,7.01,56,32,16.6,80.7,1.2
64,41,7.16,77.3,32,14.1,98.5,1.2
64,42,7.42,33.7,32,6.9,86.9,1.3
64,43,7,39.4,32,7.8,93.4,1.3
64,44,7.18,108.6,32,13.8,90.9,1.3
64,45,7.31,95.8,32,33.1,92.3,1.3
64,46,6.99,90.7,32,29,86.1,1.3
64,47,7.36,56.5,32,17.4,90.1,1.3
64,48,7.03,59.5,32,34.8,86.7,1.3
64,49,7.44,60.6,32,16.3,93.5,1.4
64,50,7.24,88.3,32,32.2,87.4,1.4
65,0,6.73,49.5,32,30.5,90,1.4
65,1,6.76,77.1,32,31.5,98.8,1.4
65,2,6.74,100.1,32,25.3,90.1,1.4
65,3,6.9,34.8,32,11.7,87,1.4
65,4,6.79,73.9,32,30.2,93.6,1.4
65,5,7.35,94.7,32,11.5,94.8,1.5
65,6,7.07,47.6,32,13.1,80,1.5
65,7,6.97,79,32,17.8,85.6,1.5
65,8,6.8,39.1,32,18.9,94.6,1.5
65,9,6.77,78.7,32,15,93.3,1.5
65,10,6.89,32.8,32,12,86.8,1.6
65,11,7.32,73.1,32,32.3,86.8,1.6
65,12,7.41,38.7,32,10.1,96.8,1.6
65,13,7.4,30.6,32,20.4,98.3,1.6
65,14,7.44,90.2,32,31.9,81.2,1.6
65,15,7.3,93.1,32,9.7,94.4,1.6
65,16,7.43,93.3,32,24.7,88.6,1.6
65,17,7.35,59.5,32,29.2,88.8,1.6
65,18,7.26,70,32,18.1,82.6,1.6
65,19,7.39,75.4,32,6,90.2,1.6
65,20,7.1,60.2,32,16.1,82.6,1.6
65,21,7.12,75.9,32,12.4,82.4,1.6
65,22,7.36,47.4,32,31.9,93.4,1.7
65,23,7.17,93.1,32,34.3,81.2,1.7
65,24,6.97,68.7,32,14.9,94.7,1.7
65,25,7.38,56.6,32,12.6,91.7,1.7
65,26,6.75,81.8,32,28.4,89.4,1.7
65,27,7.46,40.9,32,18.2,88.4,1.7
65,28,7.25,107.4,32,33,85.3,1.7
65,29,6.85,42,32,6.8,88.7,1.7
65,30,7.04,104.6,32,19.3,93.3,1.7
65,31,7.41,89.2,32,13,94.8,1.8
65,32,6.88,30.5,32,28.1,91.8,1.8
65,33,7.35,81.3,32,16.5,82.6,1.8
65,34,7.11,47,32,19.1,80.4,1.8
65,35,7.43,55.7,32,15.7,92.1,1.8
65,36,7.25,82.3,32,18.9,85.6,1.8
65,37,6.85,59.9,32,21.4,96.2,1.8
65,38,7.03,57.9,32,24.6,88.2,1.8
65,39,6.84,68.9,32,29.6,88.7,1.9
65,40,7.3,52.3,32,8.5,82.4,1.9
65,41,6.98,70.9,32,30.2,87.9,1.9
65,42,6.94,94.7,32,13.4,80.2,1.9
65,43,7.29,35.5,32,26.1,92.1,1.9
65,44,7.12,45,32,30.5,81,1.9
65,45,6.7,87.3,32,9.9,89.2,2
65,46,7.18,86.3,32,6.8,94.1,2
65,47,7.38,31.6,32,25.8,88,2
65,48,7.15,36.8,32,17.9,96.3,2
65,49,,,32,,,
65,50,,,32,,,
66,0,,,32,,,
66,1,,,32,,,
66,2,7.3,94.1,33,30.2,98.6,0.2
66,3,7.06,97.6,33,31.3,86.8,0.3
66,4,7.35,39,33,22.1,95.9,0.3
66,5,7.02,64.5,33,15.6,83.6,0.3
66,6,7.01,96.9,33,9.3,86.2,0.3
66,7,6.92,34.6,33,23.2,85,0.3
66,8,6.89,105,33,8.7,83.8,0.3
66,9,7.43,59.6,33,34.5,80.7,0.3
66,10,6.91,73.9,33,19.3,82.8,0.3
66,11,7.32,42.8,33,18.8,84.5,0.3
66,12,7.49,72,33,27.9,82.4,0.3
66,13,7.24,93.3,33,25.7,90.6,0.4
66,14,6.73,49.3,33,23.8,85.2,0.4
66,15,6.83,61.6,33,6.8,88.9,0.4
66,16,7.29,86.1,33,12.6,85.4,0.4
66,17,7.08,36.2,33,19.3,85.7,0.4
66,18,7.08,77.3,33,23.8,82.8,0.5
66,19,6.92,62,33,13.2,94.3,0.5
66,20,7.05,35.7,33,16.2,93.2,0.5
66,21,7.04,46.2,33,11.5,86.4,0.6
66,22,7.22,55.8,33,8.8,89.2,0.6
66,23,6.85,55.2,33,9.7,94,0.6
66,24,6.74,80.5,33,8.3,82.6,0.6
66,25,7.4,35.3,33,31.1,80.9,0.7
66,26,7.02,34.9,33,6.8,80.3,0.7
66,27,7.23,69.5,33,13.4,80.9,0.7
66,28,7.4,96.7,33,19.4,84.2,0.7
66,29,7,90.5,33,21.6,98.3,0.7
66,30,7.48,50.8,33,33.7,82.9,0.7
66,31,6.79,68.2,33,29.6,98.8,0.7
66,32,7.5,102.4,33,11.2,85.3,0.7
66,33,6.86,93.5,33,24.1,93,0.8
66,34,7.22,88.5,33,14.6,92.1,0.8
66,35,6.91,98.7,33,11.8,80.4,0.8
66,36,6.92,38.8,33,14.1,97.2,0.8
66,37,7.09,35.6,33,20.3,92.4,0.8
66,38,6.85,72.4,33,31.2,87.2,0.8
66,39,7.01,54.5,33,19.4,84.3,0.8
66,40,7.33,40.6,33,22.6,91,0.9
66,41,6.82,35.3,33,28.1,82.2,0.9
66,42,7.31,95.3,33,26.3,81.5,0.9
66,43,7.49,75.8,33,32,80.2,1
66,44,6.89,98.4,33,32.3,81.2,1
66,45,6.85,84.1,33,30.1,86.8,1
66,46,6.93,68.7,33,11.4,89.8,1
66,47,7.05,38.8,33,32.1,96.2,1.1
66,48,7.24,78.6,33,34.5,91.1,1.1
66,49,7.32,103.6,33,16.7,94.1,1.1
66,50,7.28,77.5,33,32.8,96.5,1.1
67,0,7.47,88.7,33,6.5,80.2,1.2
67,1,6.99,43.4,33,16,85.8,1.2
67,2,7.22,32.1,33,32.9,94.5,1.2
67,3,7.04,50.3,33,15.3,95.1,1.2
67,4,6.72,52.1,33,22,83.6,1.2
67,5,7.24,109.3,33,24.6,82.7,1.3
67,6,7.02,63,33,7.4,91,1.3
67,7,7.08,43.7,33,24.7,94.8,1.3
67,8,7.2,66.1,33,23.4,95.8,1.3
67,9,6.92,77.6,33,32.8,92.6,1.3
67,10,6.76,95,33,26.8,84.1,1.3
67,11,7.19,41.8,33,27.5,86.4,1.3
67,12,6.77,58.3,33,23.2,94.2,1.3
67,13,7.04,81.4,33,8.3,81.3,1.4
67,14,6.96,105.3,33,16.6,90.2,1.4
67,15,7.49,44.7,33,12.4,89.8,1.4
67,16,7.07,70.3,33,26.2,90,1.4
67,17,7.42,48.7,33,11.6,92.2,1.5
67,18,6.9,69.6,33,30.8,93.9,1.5
67,19,6.85,50.1,33,33.8,88.7,1.5
67,20,7.08,72.9,33,11.6,89.4,1.5
67,21,7.22,71.7,33,5.3,82.2,1.5
67,22,7.45,109.5,33,10.7,91,1.6
67,23,6.88,106.2,33,32,88.3,1.6
67,24,7.36,54.6,33,13.9,96.6,1.6
67,25,7.44,51.6,33,17.9,96.8,1.6
67,26,6.98,94.4,33,23.5,81.1,1.6
67,27,7.01,89.2,33,21,92.1,1.6
67,28,6.95,39,33,21.1,95.3,1.7
67,29,7.1,66.5,33,31.6,86.7,1.7
67,30,6.92,101.2,33,12.9,94.6,1.7
67,31,7.45,103.8,33,18.5,81.7,1.7
67,32,7.2,54.4,33,11.8,84.3,1.7
67,33,7.13,59.1,33,19.7,90.9,1.7
67,34,7.1,98.8,33,30.7,81,1.7
67,35,7.35,64.4,33,27,98.6,1.7
67,36,6.76,62.3,33,13.8,94.1,1.8
67,37,6.72,70.9,33,22.8,95.2,1.8
67,38,7.08,109,33,10.2,87,1.8
67,39,7.48,90.6,33,15.5,88.6,1.8
67,40,7.26,36.2,33,31.2,91.5,1.9
67,41,7.17,45.2,33,19.2,84.1,1.9
67,42,7.21,91.8,33,27.2,90,1.9
67,43,6.74,60.2,33,30.3,81.4,1.9
67,44,7.29,94.5,33,18.2,98.7,1.9
67,45,7.4,72.6,33,11.6,95.4,2
67,46,7.24,65.7,33,22,96.8,2
67,47,6.99,109.8,33,6.9,89.5,2
67,48,7.24,46.4,33,31,96.3,2
67,49,,,33,,,
67,50,,,33,,,
68,0,7.21,106.9,34,19.6,89.4,0.2
68,1,7.37,42.8,34,30.3,86.5,0.2
68,2,6.73,53.4,34,28.9,88.6,0.2
68,3,6.89,49.1,34,23.6,81.2,0.2
68,4,6.78,74.6,34,9.4,88.5,0.3
68,5,6.85,52.9,34,31,86.1,0.3
68,6,7.33,40.5,34,18.3,97.5,0.3
68,7,7.44,31.8,34,5.4,89.8,0.3
68,8,6.88,51.7,34,29,83.5,0.3
68,9,7.03,47.8,34,31.1,80.2,0.4
68,10,7.01,59.5,34,30.4,82.6,0.4
68,11,7.04,48.1,34,10.7,83.1,0.4
68,12,6.98,64.5,34,25.1,98.9,0.4
68,13,7.5,103.8,34,24.1,98.3,0.4
68,14,6.8,55.7,34,30.3,83.4,0.4
68,15,7.33,100.5,34,27.6,87.1,0.4
68,16,7.22,65.6,34,31.8,80.9,0.5
68,17,7.38,103.1,34,8.6,89.9,0.5
68,18,6.79,59.5,34,23.5,87.2,0.5
68,19,7.24,35.2,34,33.8,93,0.5
68,20,7.33,39.1,34,10.7,98.9,0.5
68,21,7.47,77.1,34,8.4,81.4,0.5
68,22,7.33,40.4,34,19,82.3,0.5
68,23,7.08,80.1,34,10.8,85,0.5
68,24,7.4,49.3,34,12,85.9,0.6
68,25,6.8,44.6,34,18.1,95.7,0.6
68,26,7.44,90.2,34,27,81,0.6
68,27,7.45,70.3,34,22.3,87.7,0.6
68,28,7.05,106.9,34,7.2,83.8,0.6
68,29,7.28,75.5,34,24.3,80.1,0.6
68,30,7.06,48,34,15.9,81.2,0.7
68,31,6.96,82.2,34,28.6,81.8,0.7
68,32,7.29,34.4,34,14.8,83.7,0.8
68,33,6.71,76.8,34,7.8,94.4,0.8
68,34,7.39,42.2,34,19.7,92.2,0.8
68,35,6.79,54.6,34,24,87.1,0.8
68,36,6.91,75.7,34,19.9,97.3,0.8
68,37,7.26,102.7,34,7.6,98,0.8
68,38,7.09,41.2,34,22.4,94.2,0.8
68,39,7.23,48.3,34,29,96.2,0.8
68,40,7.07,36,34,9.7,80.5,0.9
68,41,6.78,65,34,6.4,92.4,0.9
68,42,7.03,98.7,34,17.5,82.6,0.9
68,43,6.81,54.9,34,22.5,96.5,0.9
68,44,6.88,59.4,34,15.5,91.5,0.9
68,45,6.75,55,34,18.4,95.4,0.9
68,46,7.35,75.2,34,11.7,94,1
68,47,6.91,30,34,21.5,86.7,1
68,48,6.83,49.9,34,18.7,88.6,1
68,49,6.91,68,34,8.6,89.6,1
68,50,7.06,84.6,34,16.7,94.8,1
69,0,7.46,34,34,22,96.8,1
69,1,6.92,35.8,34,14.7,83.7,1.1
69,2,7.12,45.7,34,21.8,88.7,1.1
69,3,7.46,86.9,34,7.9,87.3,1.1
69,4,7.39,68.2,34,19.8,92.7,1.1
69,5,7.32,30.4,34,12.7,95.2,1.1
69,6,7.06,105.8,34,16.4,86.2,1.2
69,7,6.72,53.2,34,13.8,98.3,1.2
69,8,6.79,95.8,34,18.1,96.6,1.2
69,9,7.09,44.8,34,31.7,90.4,1.2
69,10,6.89,92.7,34,12.7,89.7,1.2
69,11,6.96,43.6,34,24.4,86,1.2
69,12,7.2,55.5,34,14.3,87.8,1.2
69,13,6.78,38.9,34,34.8,93.7,1.3
69,14,7.15,77.9,34,15.2,92.5,1.3
69,15,7.13,93.5,34,7.7,85,1.3
69,16,6.76,70.2,34,23.8,93.1,1.4
69,17,6.86,87.9,34,29.9,83.8,1.4
69,18,6.87,41.5,34,32.1,86.3,1.4
69,19,7.43,91,34,28.3,85.6,1.4
69,20,6.73,66.4,34,15.2,96.8,1.4
69,21,7.34,39.2,34,8.2,92.8,1.4
69,22,7.05,30.1,34,20.4,88.9,1.4
69,23,6.86,44.8,34,9.2,90.8,1.5
69,24,6.89,90.6,34,30.2,83.1,1.5
69,25,7.45,61.5,34,34.4,97.8,1.5
69,26,7.45,59.5,34,34.1,83.6,1.5
69,27,7.49,41.1,34,15.2,86.3,1.5
69,28,6.76,35.6,34,34.7,96.6,1.5
69,29,7.45,70.7,34,27.1,83.1,1.6
69,30,7.39,34.6,34,18.1,88.4,1.6
69,31,7.37,97.6,34,24.2,81.5,1.6
69,32,7.25,49.7,34,20.9,94.9,1.7
69,33,6.75,63.9,34,31,94.4,1.7
69,34,7.27,43.7,34,8.9,87.1,1.7
69,35,7.48,99.1,34,30.9,95.9,1.7
69,36,7.12,85.4,34,9.9,89,1.7
69,37,6.81,88.8,34,28.1,94.8,1.7
69,38,6.97,79.7,34,29.8,88.3,1.8
69,39,6.73,106.2,34,10,90.3,1.8
69,40,6.91,74.2,34,29.9,83.6,1.8
69,41,7.04,47.8,34,14.2,80.9,1.8
69,42,6.79,47.4,34,29.7,90.9,1.8
69,43,7.03,58,34,33.3,96,1.8
69,44,7.41,33,34,13.1,83.3,1.8
69,45,7.4,79.3,34,26.6,88.9,1.8
69,46,7.32,89.1,34,27.8,98.1,1.9
69,47,6.85,97.8,34,20.6,89.8,1.9
69,48,7.42,64.5,34,30.2,98.9,1.9
69,49,7,60.5,34,5.1,81.7,1.9
69,50,6.71,62.8,34,5.6,91.8,2
70,0,6.74,103,34,20.3,85.4,2
70,1,6.86,86.9,34,11.7,87.3,2
70,2,6.81,43.8,34,30.1,90.5,2
70,3,7.45,37.1,34,5.2,90.1,2
70,4,7.4,76.3,34,11.2,81.4,2
70,5,6.97,53,34,18.6,80.6,2
70,6,6.97,71.8,34,25.2,81.3,2
70,7,,,34,,,
70,8,,,34,,,
70,9,,,34,,,
70,10,,,34,,,
70,11,7.26,59.3,35,22.7,95.9,0.2
70,12,7.09,109,35,21.3,96.5,0.3
70,13,7.06,70.6,35,25.8,94.3,0.3
70,14,6.77,53,35,9.1,98.4,0.3
70,15,7.48,61.8,35,6.4,97.4,0.3
70,16,7.47,107.4,35,16.2,84.8,0.3
70,17,7.18,81.1,35,6.7,98.2,0.3
70,18,7.26,71.8,35,14.6,80,0.4
70,19,7.5,86.3,35,8,85,0.4
70,20,6.79,43,35,14.7,92.2,0.4
70,21,6.94,90.2,35,25.7,83.5,0.4
70,22,7.34,54.3,35,20.2,81.4,0.4
70,23,7.4,36.9,35,6.8,88.9,0.4
70,24,7.49,80.9,35,14.2,90.1,0.4
70,25,7.15,57.8,35,19,93.6,0.4
70,26,6.92,54.1,35,9,94,0.5
70,27,7.21,85.7,35,26,90.7,0.5
70,28,6.92,52.1,35,20.5,98.1,0.5
70,29,7.26,74.9,35,9.7,86.6,0.5
70,30,7.46,104.5,35,17.4,83.9,0.5
70,31,6.9,90.2,35,7,85.5,0.6
70,32,7.13,102.2,35,30.2,81.2,0.6
70,33,6.87,78.9,35,9.5,84.2,0.6
70,34,7.27,89.2,35,19.1,98.4,0.6
70,35,6.78,92.9,35,26.6,81.1,0.6
70,36,7.42,49.6,35,10.4,82.3,0.6
70,37,7.41,104.3,35,30.5,84.8,0.6
70,38,7.03,57.7,35,34.4,83.4,0.7
70,39,7.32,57.7,35,10.2,94.7,0.7
70,40,7.27,73.5,35,21.6,93.4,0.7
70,41,7.18,32.3,35,5.9,95.3,0.8
70,42,7.28,97.7,35,25.4,90,0.8
70,43,7.12,39.4,35,23.2,83.8,0.8
70,44,6.86,71,35,33.8,82.5,0.8
70,45,6.86,42.8,35,27,90.3,0.8
70,46,7.43,36.7,35,16.9,87.7,0.9
70,47,7.37,106.7,35,27.8,81.6,1
70,48,7.2,66.2,35,14,87.8,1
70,49,7.21,56.7,35,34.9,81.6,1
70,50,6.91,42.8,35,23,88.3,1
71,0,7.36,38.2,35,17,92.3,1
71,1,7.25,104.4,35,9.4,95.2,1.1
71,2,7.22,41.1,35,8.5,93.1,1.1
71,3,7.34,78,35,14.6,95.1,1.1
71,4,7.02,72.7,35,16.8,96.2,1.1
71,5,7.3,80.9,35,9.3,81.9,1.1
71,6,7.17,43.8,35,5.8,87.3,1.1
71,7,6.79,53.3,35,25.9,80.8,1.2
71,8,6.99,69.5,35,9.1,95.3,1.2
71,9,7.02,51.9,35,23.4,84.4,1.2
71,10,6.95,73.5,35,16.2,85.8,1.2
71,11,7.34,32.9,35,31.2,92.4,1.2
71,12,6.94,40.6,35,33.4,94.9,1.2
71,13,7.18,108.8,35,7.8,93.6,1.2
71,14,6.81,106.1,35,10.3,80.9,1.3
71,15,7.09,89,35,30.6,85.2,1.3
71,16,7.32,49.4,35,20.6,82.9,1.3
71,17,7.29,54.8,35,27.4,88,1.3
71,18,6.83,35.6,35,34.6,90,1.3
71,19,6.71,38.8,35,5.8,87,1.4
71,20,7.07,101.8,35,19.2,87.8,1.4
71,21,6.87,47.4,35,7.6,92,1.4
71,22,7.08,87.2,35,14.4,96.7,1.4
71,23,7.37,74.2,35,19.3,98.1,1.4
71,24,7.33,92,35,10.1,86.2,1.4
71,25,7.01,59.1,35,9.4,80.6,1.5
71,26,7.16,74.5,35,19.4,97.6,1.5
71,27,6.83,36.9,35,11.8,96.7,1.5
71,28,7.01,43.1,35,29,88.7,1.5
71,29,7.05,32.8,35,10.7,82.4,1.6
71,30,6.75,69.3,35,7.7,88.2,1.6
71,31,6.76,70.3,35,21.9,91.1,1.6
71,32,6.99,78.3,35,32.7,92.1,1.6
71,33,6.89,49.1,35,22.9,94.7,1.6
71,34,7.1,65.2,35,28.2,80.1,1.7
71,35,7.17,82.3,35,20,88.4,1.7
71,36,7.4,62,35,20.7,80.9,1.7
71,37,6.74,33.2,35,5,95.3,1.7
71,38,7.1,105.7,35,18.2,95.2,1.7
71,39,6.79,40.5,35,30.7,85.6,1.8
71,40,7.05,52.4,35,32.9,91.6,1.8
71,41,6.72,85.1,35,13.9,92.1,1.8
71,42,7.33,104.3,35,21.4,81.7,1.8
71,43,7.38,58.8,35,12.9,95.1,1.8
71,44,7.4,49.7,35,6,82.5,1.8
71,45,6.86,71,35,13.8,92.2,1.8
71,46,7.38,89,35,31.2,93.3,1.9
71,47,6.91,106,35,26.5,94.6,1.9
71,48,6.88,86.7,35,14.8,92.6,1.9
71,49,7.34,33.5,35,29.6,97.7,1.9
71,50,7.27,42.5,35,21.3,81.8,1.9
72,0,7.05,34.2,35,6.7,91.8,2
72,1,,,35,,,
72,2,,,35,,,
72,3,,,35,,,
72,4,,,35,,,
72,5,6.96,67.4,36,7.2,98.9,0.2
72,6,6.81,68.2,36,5.7,88.7,0.2
72,7,7.07,73.8,36,31.8,85.5,0.2
72,8,7.09,49.3,36,14.2,86.1,0.3
72,9,6.99,88,36,26.9,80.3,0.3
72,10,6.91,58,36,30.1,84.8,0.3
72,11,6.78,94,36,18.7,97,0.3
72,12,7.33,45.7,36,30.3,86.9,0.3
72,13,7.07,64.6,36,34.6,90.1,0.3
72,14,7.4,80.4,36,28.7,94.5,0.3
72,15,6.96,47,36,27.9,90.7,0.4
72,16,6.81,40.1,36,18.7,92.3,0.4
72,17,6.76,74.1,36,12.1,96.5,0.4
72,18,7.43,106.1,36,19.4,82.6,0.4
72,19,7.37,66.7,36,15.1,92.3,0.4
72,20,7.41,82.1,36,25.9,89.4,0.5
72,21,7.44,79.7,36,28.2,86.9,0.5
72,22,6.87,77.7,36,22.3,90.1,0.5
72,23,7.22,34.7,36,15.3,81.3,0.5
72,24,7.43,98.6,36,10.7,81.7,0.5
72,25,6.91,81.3,36,16.1,95.5,0.6
72,26,7.38,32.9,36,24.4,82,0.6
72,27,7.22,60.9,36,8.5,88.1,0.6
72,28,6.95,30.6,36,8.3,83.4,0.6
72,29,7.17,83.1,36,15.9,92.2,0.7
72,30,6.96,55.5,36,29.5,85.9,0.7
72,31,6.8,33.6,36,34.2,90.3,0.7
72,32,7.46,39.5,36,25.9,91.2,0.8
72,33,7.33,85.4,36,8,95.3,0.8
72,34,6.94,103.7,36,20.4,97.4,0.8
72,35,7.16,38,36,10.4,89.2,0.9
72,36,7.28,52,36,31.7,95.7,0.9
72,37,6.89,55.8,36,27.8,95,0.9
72,38,6.88,58.2,36,23.2,91.4,0.9
72,39,6.9,71.9,36,16.6,95.8,0.9
72,40,6.94,80.3,36,28.6,92.4,0.9
72,41,7.4,72.6,36,17.4,88.2,0.9
72,42,6.98,43.9,36,14.9,81,0.9
72,43,7.22,87.3,36,29.8,85.4,0.9
72,44,6.93,59.6,36,29.8,94.8,0.9
72,45,7.36,62.2,36,20.3,96.6,1
72,46,7.27,52.1,36,9.9,85.1,1
72,47,7.4,42.5,36,20.6,91.7,1
72,48,7.1,69.7,36,8.3,91.3,1
72,49,7.4,74.6,36,33,95.1,1
72,50,7.28,44.1,36,21.2,82.9,1.1
73,0,6.71,96.6,36,24.5,83.6,1.1
73,1,6.76,101.6,36,33.3,83.7,1.1
73,2,7.02,49.8,36,23.7,98.3,1.1
73,3,7.22,66.1,36,18.4,90.8,1.1
73,4,6.96,61.6,36,26.2,90.2,1.1
73,5,6.94,106.1,36,7.9,88.5,1.1
73,6,7.31,33.1,36,22.6,85.8,1.1
73,7,7.13,60.5,36,8.6,90.3,1.2
73,8,6.75,35.4,36,32.4,80.4,1.2
73,9,6.85,57.2,36,19.1,82.5,1.2
73,10,6.92,90.1,36,34.5,93.9,1.2
73,11,7.02,53.4,36,16,83.7,1.3
73,12,7.03,98.6,36,29.8,94.2,1.3
73,13,6.87,92.9,36,23.1,98.9,1.3
73,14,7.22,41.4,36,17.4,89.9,1.3
73,15,6.99,80.6,36,8,92.9,1.4
73,16,7.47,56.7,36,21.7,95,1.4
73,17,7.25,106.5,36,11.8,85.7,1.4
73,18,7.14,57.4,36,6.3,95.8,1.4
73,19,6.8,80.7,36,16.4,97.9,1.4
73,20,7.06,61.1,36,20.3,83.9,1.4
73,21,7.13,32.7,36,20.1,88.7,1.5
73,22,7.26,92.1,36,7,84,1.5
73,23,6.94,68.1,36,5.2,97.3,1.5
73,24,7.4,56.6,36,18.7,83.3,1.5
73,25,6.82,33.6,36,11.5,86,1.5
73,26,6.92,77.4,36,21.5,80.4,1.5
73,27,6.89,109.6,36,5.5,91.1,1.5
73,28,6.85,71,36,21.5,97.5,1.5
73,29,7.38,54.2,36,17.7,87.8,1.5
73,30,7.45,50.1,36,12,85.9,1.5
73,31,6.93,32.9,36,29.7,96.3,1.6
73,32,7.1,98.3,36,20.7,83.4,1.6
73,33,7.34,55.4,36,15.5,86.2,1.6
73,34,7.46,58.6,36,34.6,86,1.6
73,35,6.78,75.8,36,6.9,94.5,1.7
73,36,7.12,101.9,36,34.5,95,1.7
73,37,7.05,33.4,36,30.5,91.2,1.7
73,38,7.05,46.3,36,18.7,97.4,1.7
73,39,6.75,84,36,23.1,91.1,1.7
73,40,6.7,30.4,36,6.9,89,1.7
73,41,7.41,70.9,36,28.7,84.5,1.7
73,42,7.12,75.1,36,21.1,91.9,1.7
73,43,7.02,46,36,24.6,92.6,1.7
73,44,6.91,97,36,5.8,83.5,1.8
73,45,7.39,61.6,36,27.2,93.3,1.8
73,46,6.84,46.9,36,16.9,96.6,1.8
73,47,7.34,52.2,36,21,94.3,1.8
73,48,7.22,54.9,36,29.3,91.6,1.9
73,49,6.99,55.7,36,13.9,85.1,1.9
73,50,6.91,92.9,36,16.4,90.3,2
74,0,6.73,55.4,36,21.2,82.6,2
74,1,7.26,56.8,36,33.8,90.7,2
74,2,6.74,85.7,36,25.9,81.4,2
74,3,6.99,38.6,36,15.5,90.6,2
74,4,,,36,,,
74,5,,,36,,,
74,6,7.39,31.4,37,13.9,90.9,0.2
74,7,6.74,35.2,37,31.2,98.7,0.2
74,8,7.28,53,37,24.5,95.4,0.2
74,9,6.83,78.3,37,33.6,94.2,0.2
74,10,7.13,44.5,37,14.7,89.8,0.2
74,11,6.71,55.5,37,19.8,98.1,0.2
74,12,6.82,39.4,37,16.7,84.6,0.3
74,13,6.97,77.5,37,12.7,86.2,0.3
74,14,7.08,66.9,37,14.5,91.4,0.3
74,15,7.2,74.7,37,8.9,89.3,0.3
74,16,6.95,107.4,37,30.7,88,0.3
74,17,7.13,40.6,37,25.4,83.4,0.3
74,18,7.24,106.5,37,20.3,87.8,0.3
74,19,7.43,49.2,37,22.6,95.8,0.3
74,20,7.19,45.7,37,16.6,89,0.4
74,21,7.49,96.2,37,32.2,86.8,0.4
74,22,6.82,76.6,37,15.1,97,0.4
74,23,6.79,88,37,28.1,86.2,0.5
74,24,7.16,79.5,37,11.8,97.2,0.5
74,25,7.07,66.6,37,20.7,97.6,0.5
74,26,6.85,40.5,37,32,84.3,0.5
74,27,7.48,36.6,37,31.9,90.5,0.5
74,28,6.71,86.6,37,25.6,90.2,0.5
74,29,7.29,53.9,37,8.4,88.8,0.6
74,30,6.96,45.2,37,19.9,85.4,0.6
74,31,6.7,85,37,13.2,86.4,0.6
74,32,6.82,44.1,37,24.8,98.8,0.6
74,33,7.35,104.4,37,14.6,82.5,0.6
74,34,7.16,73.4,37,32,96.1,0.6
74,35,7.19,87.4,37,31.3,85.2,0.7
74,36,7.42,101,37,29.8,95,0.7
74,37,7.21,37.8,37,5.1,80.2,0.7
74,38,6.98,34.2,37,29.4,87.8,0.7
74,39,7.31,30.3,37,8.5,94.8,0.7
74,40,7.41,100.1,37,29.6,97.1,0.7
74,41,7.18,61.6,37,15.2,81.8,0.7
74,42,7.32,66.6,37,5,89.7,0.8
74,43,6.83,85.6,37,21.6,90.7,0.8
74,44,7.47,59,37,5,91.3,0.8
74,45,7.32,32.4,37,16.8,83.1,0.8
74,46,7.12,109.2,37,34.3,83.5,0.9
74,47,6.75,108.9,37,22.2,83.6,0.9
74,48,7.46,97.3,37,14.6,90.3,0.9
74,49,6.91,90.5,37,9.8,98,0.9
74,50,6.84,91.6,37,23.4,92.8,0.9
75,0,6.73,78.3,37,33.6,83.9,1
75,1,7.09,39.1,37,30.1,97.9,1
75,2,7.11,71.4,37,26.9,95.7,1
75,3,7.39,70.9,37,18.5,80.6,1
75,4,7.14,94.9,37,27.7,84,1
75,5,6.74,109,37,14.4,84.7,1
75,6,6.85,79.5,37,9,87,1
75,7,6.84,94.2,37,17,89.5,1.1
75,8,7.11,89.1,37,12.7,84.3,1.1
75,9,7.15,56.7,37,16.6,81.9,1.1
75,10,6.85,70.9,37,26.5,84.2,1.1
75,11,6.87,61.9,37,10.6,93.7,1.1
75,12,6.72,58.4,37,13,91.2,1.1
75,13,7.23,44.5,37,10,95.9,1.1
75,14,7.4,61,37,34.8,86.6,1.2
75,15,6.74,53,37,17.8,82.4,1.2
75,16,7.46,84.1,37,8.2,95.9,1.2
75,17,6.74,39.1,37,18.2,82.9,1.3
75,18,7,67.9,37,20.7,95.2,1.3
75,19,6.77,94.8,37,14.9,94.8,1.3
75,20,6.73,107.3,37,31.8,92.8,1.3
75,21,7.38,66.1,37,33.9,85.9,1.3
75,22,6.88,99.9,37,33.9,85.8,1.3
75,23,7.13,95.1,37,26,82.3,1.3
75,24,6.87,88.3,37,27.2,82.9,1.4
75,25,7.02,48.4,37,22.4,97,1.4
75,26,7.01,49,37,32.8,87.7,1.4
75,27,6.74,94.7,37,25.9,95,1.4
75,28,6.84,31.7,37,29.5,90.7,1.4
75,29,7.13,91.2,37,13.7,97.4,1.4
75,30,7.48,36.6,37,16.3,89.3,1.4
75,31,7.26,88.3,37,9.2,83.4,1.4
75,32,6.93,106,37,12.5,92.9,1.4
75,33,7.36,49.3,37,25,87.8,1.5
75,34,7.09,78.5,37,28,80.9,1.5
75,35,7.43,39.8,37,34.5,93.9,1.5
75,36,7.08,91.8,37,5.9,92,1.5
75,37,7.17,87.8,37,29.9,90.1,1.5
75,38,7.05,56.1,37,31.5,95.5,1.6
75,39,7.26,91,37,33.7,92,1.6
75,40,7.27,67.4,37,14.9,93,1.6
75,41,7.44,86.5,37,16.5,84.6,1.6
75,42,6.71,62.3,37,21.8,92.7,1.6
75,43,6.82,36.9,37,5.1,80.3,1.7
75,44,6.97,54,37,34.4,84.7,1.7
75,45,6.79,58.6,37,8,97.4,1.7
75,46,7.05,60.8,37,7.6,88.4,1.7
75,47,7.15,85.9,37,26.7,97.9,1.7
75,48,7.28,39.9,37,30.9,90.4,1.7
75,49,7.49,50.8,37,7.4,90.1,1.8
75,50,7.27,94.1,37,32.7,89.3,1.8
76,0,7.43,45.8,37,33,84.4,1.8
76,1,7.32,82.9,37,21.9,89.9,1.8
76,2,7.04,97.5,37,14.5,83.8,1.8
76,3,6.96,56.6,37,16,83.6,1.9
76,4,6.92,86.5,37,27.3,80.8,1.9
76,5,7.2,38.7,37,32.4,95.1,1.9
76,6,6.74,99.1,37,32.5,94.2,1.9
76,7,7,81.9,37,32.4,83.1,2
76,8,7.08,55.1,37,11,82,2
76,9,,,37,,,
76,10,,,37,,,
76,11,,,37,,,
76,12,,,37,,,
76,13,7.04,90.5,38,34.3,82.6,0.2
76,14,6.85,51.2,38,31.8,85.3,0.3
76,15,7.26,54.5,38,11.2,87.7,0.3
76,16,7.1,100.2,38,24.8,92.8,0.3
76,17,6.86,77,38,5.3,86,0.3
76,18,6.77,32.5,38,11.3,92.5,0.3
76,19,7.44,101.7,38,8.8,88.2,0.3
76,20,6.97,50.1,38,29.7,86.9,0.3
76,21,7.48,104.5,38,10.6,83.6,0.3
76,22,6.95,39.5,38,28.4,98.7,0.3
76,23,7,72,38,26.1,83.6,0.3
76,24,7.49,101.6,38,33,96.1,0.3
76,25,6.76,64,38,11,98.4,0.3
76,26,6.82,104.4,38,6.4,81.7,0.4
76,27,7.25,54.8,38,20.6,81.4,0.4
76,28,6.96,98.4,38,29.3,89.5,0.4
76,29,6.91,62.7,38,20.9,95.3,0.4
76,30,7.21,34.7,38,17.3,89.3,0.4
76,31,7.32,94.1,38,34.9,88.5,0.4
76,32,7.29,106.4,38,9.1,94.5,0.4
76,33,7.26,60,38,16.5,86.5,0.4
76,34,7.25,92.8,38,29.8,86.8,0.4
76,35,7.23,38.2,38,33.1,95.8,0.4
76,36,6.82,62.2,38,21.4,80.9,0.4
76,37,7.22,77.1,38,32.2,88.4,0.4
76,38,7.34,99.3,38,8.9,97,0.4
76,39,7.18,97,38,26.5,85.7,0.4
76,40,7.28,58.5,38,19.2,89.3,0.4
76,41,7.07,60.4,38,14.5,83.2,0.4
76,42,7.29,104.9,38,22.9,98.2,0.4
76,43,6.77,93.1,38,16,92.9,0.5
76,44,7.45,43.9,38,29.4,87,0.5
76,45,6.82,32.4,38,26,94.2,0.5
76,46,7.13,90.3,38,31.9,95.8,0.5
76,47,7.1,30.1,38,31.8,81,0.5
76,48,6.74,79.1,38,9,94.3,0.5
76,49,7.17,77.6,38,17,81.9,0.5
76,50,6.92,92.1,38,33.6,83.2,0.5
77,0,6.78,71,38,22.9,93.4,0.6
77,1,6.76,69.3,38,23.6,88.9,0.6
77,2,7.42,68.3,38,27.5,94.1,0.6
77,3,7.21,85.3,38,13.8,81.4,0.6
77,4,7.43,44.5,38,14.8,82.9,0.6
77,5,7.14,95.5,38,6.9,94.1,0.6
77,6,7.48,41.8,38,19,84.2,0.6
77,7,7.44,33.5,38,21.9,88.5,0.6
77,8,7.32,92,38,23.6,94.2,0.7
77,9,6.87,90.3,38,28.4,87.8,0.7
77,10,6.91,33.1,38,25.7,91,0.7
77,11,7.39,58.9,38,13.4,90,0.7
77,12,7.04,57.8,38,12.6,87.9,0.7
77,13,6.89,30.8,38,14.2,87.8,0.8
77,14,7.41,51.6,38,11.5,91.7,0.8
77,15,6.99,63.9,38,14.2,92.1,0.8
77,16,6.88,80.2,38,14.1,86.9,0.9
77,17,7.29,92.1,38,20.3,96.1,0.9
77,18,6.93,66.4,38,34,95.8,0.9
77,19,7.01,42,38,12.6,94.5,0.9
77,20,7.02,31.9,38,29.1,84.7,0.9
77,21,6.73,38.2,38,25.8,85.5,0.9
77,22,6.83,104.1,38,8.8,96.5,0.9
77,23,6.95,68.3,38,28.8,81.8,1
77,24,6.77,101.4,38,21.1,87.9,1.1
77,25,7.27,45.7,38,17.6,82.5,1.1
77,26,6.95,35.3,38,15.9,98.2,1.1
77,27,7.26,81.3,38,32.6,95.5,1.1
77,28,7.31,54.6,38,19.5,82.9,1.2
77,29,7.18,106.5,38,20.6,93,1.2
77,30,7.17,77.6,38,33.3,89.4,1.2
77,31,7.14,93.9,38,31,84.1,1.3
77,32,6.71,100.1,38,21.6,92.9,1.3
77,33,7.05,95.7,38,25.5,94.3,1.3
77,34,7.04,35,38,9.1,92,1.4
77,35,7.37,64.2,38,28.9,89.7,1.4
77,36,7.47,90.4,38,19.2,92.2,1.4
77,37,6.77,89.4,38,34.7,85.5,1.4
77,38,6.88,81.7,38,5.6,85.4,1.4
77,39,6.8,73.6,38,25,89.5,1.4
77,40,7.34,42.7,38,20.7,95.1,1.5
77,41,7.44,60.4,38,33.6,88.9,1.5
77,42,7.38,34.1,38,30.7,96.7,1.5
77,43,7.38,31.4,38,15.4,80.5,1.5
77,44,6.93,68.6,38,12.2,82.6,1.5
77,45,7.07,91.6,38,11.4,96.2,1.6
77,46,6.9,59.4,38,30.8,87.4,1.6
77,47,7.36,106.2,38,25.1,83.4,1.6
77,48,6.77,96.2,38,29.5,89.2,1.6
77,49,7.24,40.7,38,22.9,97.2,1.6
77,50,7.42,107.7,38,9,94.9,1.6
78,0,7.47,86.7,38,6.2,87.3,1.6
78,1,7.33,103,38,19.6,82.7,1.7
78,2,7.1,98.6,38,27,95.2,1.7
78,3,7.32,90.2,38,28.1,87.4,1.8
78,4,7.2,93.2,38,31,82,1.8
78,5,6.85,76.6,38,5.7,87.9,1.8
78,6,7.19,90.7,38,24.2,89.7,1.8
78,7,6.94,72.8,38,6.2,83.3,1.9
78,8,6.71,47,38,22.6,98.3,1.9
78,9,7.44,62.2,38,33,86.9,1.9
78,10,6.96,84.1,38,25.6,86.9,1.9
78,11,7.08,38.2,38,13.6,96.6,2
78,12,7.44,35.3,38,7.4,96.2,2
78,13,,,38,,,
78,14,,,38,,,
78,15,6.95,46.5,39,27.8,97.9,0.2
78,16,7.14,79.3,39,29.9,89.8,0.2
78,17,6.79,87.1,39,15.9,86.5,0.2
78,18,7.19,33.3,39,21.2,96.3,0.2
78,19,6.94,49.6,39,10.4,87.3,0.3
78,20,7.18,52.3,39,9.6,94.7,0.3
78,21,7.23,67.3,39,9.2,90.4,0.3
78,22,7.05,98.4,39,31.8,82.7,0.3
78,23,7.37,105.6,39,9.4,88,0.4
78,24,7.27,45.9,39,15.5,89.8,0.4
78,25,7.29,54.1,39,21,80.9,0.4
78,26,6.81,51.3,39,30.7,93.3,0.4
78,27,7.23,49.1,39,18.5,85.5,0.4
78,28,7.46,108.3,39,24,86.1,0.4
78,29,7.44,65,39,28.4,87.7,0.4
78,30,6.97,50.9,39,32.5,89.2,0.4
78,31,6.81,91.6,39,19.6,93.6,0.4
78,32,7.15,106.6,39,27.8,92.1,0.5
78,33,6.78,79,39,31.7,90,0.5
78,34,7.28,86.7,39,5.6,98.6,0.5
78,35,7.06,85.1,39,22.5,83.1,0.5
78,36,7.47,56.5,39,20.6,98.6,0.5
78,37,6.98,59.2,39,29.2,94.8,0.5
78,38,7.06,78.9,39,5.6,96.8,0.5
78,39,7.38,97.5,39,9.2,97.4,0.5
78,40,7.22,91.8,39,8.6,82.7,0.5
78,41,6.99,40.6,39,8.7,94.9,0.6
78,42,6.88,104.3,39,18.4,96.8,0.6
78,43,7.27,86.3,39,17.8,80.8,0.6
78,44,7.03,32.5,39,21.7,96.6,0.6
78,45,6.71,38.8,39,8.7,91.8,0.7
78,46,7.43,75.2,39,24.5,89.6,0.7
78,47,7.16,88.8,39,20.5,85,0.7
78,48,7.24,38.1,39,13.5,89.1,0.7
78,49,6.89,78.6,39,25.1,85,0.7
78,50,7.47,50.4,39,8.2,88.1,0.8
79,0,7.25,80.8,39,11.5,93.7,0.8
79,1,7.01,65.9,39,16,80.2,0.8
79,2,7.36,43.6,39,5.7,98.8,0.9
79,3,7.33,98.6,39,26.5,94.3,0.9
79,4,6.84,67,39,9.1,80.8,0.9
79,5,6.76,97,39,23.9,84.6,1
79,6,6.92,81,39,12.5,90.4,1
79,7,7.06,81.7,39,32,82.7,1
79,8,7.06,96.4,39,29.2,96.4,1
79,9,7.29,41,39,13.2,88.9,1
79,10,6.96,42.8,39,15.4,83.1,1.1
79,11,6.7,65.5,39,16.7,85.3,1.1
79,12,7.11,54.6,39,17.7,95.9,1.1
79,13,7.4,68.5,39,24.1,87.7,1.1
79,14,7.29,53.7,39,6.9,89.5,1.2
79,15,6.99,95.8,39,14,84.2,1.2
79,16,6.94,94.2,39,9.3,92.2,1.2
79,17,7.48,64.1,39,29.3,95.4,1.2
79,18,7.1,75.3,39,31.8,80.2,1.2
79,19,6.92,33.9,39,18,89.1,1.2
79,20,7.2,58,39,23.6,93,1.3
79,21,7.5,58.5,39,29.7,87.2,1.3
79,22,7.19,100.5,39,27.8,86,1.3
79,23,6.75,87.4,39,20.8,98,1.3
79,24,6.77,31.3,39,31.9,89.8,1.3
79,25,6.92,49.2,39,28.6,93,1.3
79,26,6.8,72,39,30.6,90.5,1.4
79,27,6.86,72.4,39,33,86.2,1.4
79,28,7.08,68.2,39,20.4,96.1,1.4
79,29,7.05,36.6,39,8.4,82.8,1.4
79,30,7.41,108.4,39,9.4,95.5,1.4
79,31,7.27,41.1,39,6.4,98.3,1.4
79,32,7.14,50.3,39,13.2,97.8,1.4
79,33,7.21,49.4,39,12.2,88.3,1.4
79,34,7,102.4,39,11,81.2,1.5
79,35,7.27,43.9,39,20.1,82.6,1.5
79,36,7.43,79.3,39,12.9,92,1.5
79,37,6.71,33.4,39,16.3,95.9,1.5
79,38,6.92,99.2,39,8.8,84.6,1.5
79,39,6.89,76,39,32,82.5,1.5
79,40,6.82,69.2,39,8.8,87,1.6
79,41,6.93,47.6,39,16.9,85.1,1.6
79,42,7.25,68.9,39,24.9,87.6,1.6
79,43,6.99,99.5,39,34.5,80.9,1.7
79,44,7.35,82.9,39,6.4,95.5,1.7
79,45,7.37,59.4,39,13.6,95.8,1.7
79,46,7.1,45.5,39,13.5,95.9,1.8
79,47,6.73,78.4,39,17.5,97.5,1.8
79,48,6.88,32,39,20.7,91.1,1.8
79,49,7.4,64,39,16.1,89.8,1.8
79,50,7.12,45.8,39,5.9,83.9,1.8
80,0,6.96,76.1,39,25,80.4,1.8
80,1,7.26,58.5,39,15.4,98.8,1.8
80,2,6.86,88.1,39,27,82.3,1.9
80,3,7.24,85.6,39,16.7,93.6,1.9
80,4,6.74,103.8,39,9.5,85.9,1.9
80,5,7.38,55.6,39,6.5,93.9,1.9
80,6,6.87,51.1,39,34.4,92.7,1.9
80,7,7.27,97.4,39,20.2,90.9,1.9
80,8,7.06,36.6,39,17.7,96.1,1.9
80,9,7.36,50.5,39,6.8,82.4,2
80,10,7.29,36.6,39,32.8,89.2,2
80,11,7.16,77.3,39,12.9,88.2,2
80,12,7.24,78.4,39,13.6,86,2
80,13,,,39,,,
80,14,,,39,,,
80,15,,,39,,,
80,16,7.42,47.5,40,22.5,90.9,0.2
80,17,7.38,76.5,40,21.3,83.1,0.2
80,18,6.99,102.3,40,7.6,90.9,0.2
80,19,7.01,41.7,40,27.9,84.4,0.3
80,20,6.75,64.3,40,26.7,88.3,0.3
80,21,6.9,81.4,40,32.9,81.4,0.3
80,22,7.06,47,40,31.8,80.8,0.3
80,23,6.97,78,40,11.6,91.1,0.3
80,24,7.33,55.6,40,25.8,85.4,0.3
80,25,7.43,72.9,40,19.3,82.8,0.3
80,26,6.75,92.1,40,20.5,97,0.4
80,27,7.1,42.9,40,32.3,85.6,0.4
80,28,7.28,100.4,40,10.3,94.4,0.4
80,29,7.33,90.2,40,18,81.7,0.5
80,30,7.43,77.4,40,25.3,90,0.5
80,31,7.13,102.5,40,34,91.9,0.5
80,32,6.89,42.8,40,19.1,87.9,0.5
80,33,7.45,45.8,40,15.1,90.1,0.5
80,34,7.05,63.9,40,11.2,89.3,0.5
80,35,6.93,52.5,40,20.6,87.4,0.6
80,36,7.32,59.3,40,32.7,81.8,0.6
80,37,7.19,51,40,11.1,82.1,0.6
80,38,7.5,48.9,40,15.9,85.7,0.7
80,39,6.91,68.6,40,30,91.9,0.7
80,40,6.92,39.4,40,17.3,92.2,0.7
80,41,6.85,87.2,40,26.7,94.8,0.7
80,42,6.74,102.6,40,34.4,89.1,0.8
80,43,6.89,83.4,40,29.4,89.9,0.8
80,44,7.16,82.6,40,26.9,92.6,0.8
80,45,6.96,96.5,40,11.2,98,0.8
80,46,7.31,85.1,40,11.6,97,0.8
80,47,6.81,78.5,40,21.8,97.3,0.9
80,48,7.42,53.9,40,28.4,87.8,0.9
80,49,7.1,62.1,40,20.9,80.9,0.9
80,50,6.96,74.8,40,33.1,85.4,0.9
81,0,7.23,100,40,21.9,91.3,0.9
81,1,6.94,88.8,40,29.8,94.1,0.9
81,2,7.47,49.2,40,19.3,97.3,0.9
81,3,6.77,104.5,40,32.3,82.1,0.9
81,4,7.11,33.6,40,8.7,92.1,1
81,5,7.18,40.2,40,33.4,97.4,1
81,6,6.71,106.9,40,34.7,87,1
81,7,6.71,89.2,40,7.2,88.1,1
81,8,7.23,73,40,5.8,86.8,1
81,9,7.43,109.7,40,23.9,88.1,1
81,10,6.73,73.4,40,29.1,85.4,1
81,11,7.37,80.4,40,28.9,93.1,1
81,12,6.71,88.1,40,25.3,96,1.1
81,13,6.98,38.1,40,16.2,96.5,1.1
81,14,7.06,108.5,40,21.5,89,1.1
81,15,7.3,37.7,40,11.4,83.1,1.1
81,16,6.82,30.2,40,33,88.4,1.1
81,17,7.28,82.5,40,29.1,88.2,1.1
81,18,7.34,52.6,40,24.4,85.4,1.1
81,19,7.49,89.3,40,27.6,90.2,1.1
81,20,7.21,103.7,40,18.4,85.1,1.1
81,21,6.9,67.6,40,29.3,81.9,1.1
81,22,6.74,65.4,40,16.2,98,1.2
81,23,7.25,102.9,40,16.4,81.6,1.2
81,24,6.82,107.5,40,14.9,86.4,1.2
81,25,6.99,102.3,40,9.3,87.4,1.2
81,26,7.08,86,40,22.4,89.9,1.2
81,27,6.81,83.6,40,20.6,95.8,1.2
81,28,7.49,62.2,40,22.7,82,1.2
81,29,7.42,49.5,40,5.7,92.6,1.2
81,30,7.01,80.7,40,14.4,97.9,1.3
81,31,7.05,75.1,40,20.5,91,1.3
81,32,6.76,101.8,40,21.6,86.7,1.3
81,33,6.99,33.9,40,14.2,85,1.3
81,34,6.77,53.5,40,7.7,85.4,1.3
81,35,7.2,76.6,40,24.3,80.2,1.4
81,36,6.76,107.6,40,18.4,82.9,1.4
81,37,6.82,102.5,40,7.9,84.7,1.4
81,38,7.37,76.4,40,11.1,86,1.4
81,39,7.34,105.9,40,7.9,85.9,1.4
81,40,6.94,57.7,40,26.8,88.9,1.5
81,41,7.22,69.5,40,31.6,88.1,1.5
81,42,6.8,81.6,40,7,81,1.5
81,43,7.31,109.6,40,20.2,94.3,1.5
81,44,6.72,109.6,40,31.3,83,1.5
81,45,6.98,64,40,31.3,95.2,1.5
81,46,7.39,59.3,40,24.4,89.1,1.5
81,47,6.84,45.6,40,27.9,97,1.5
81,48,7.42,70.9,40,8.3,90.7,1.5
81,49,7.07,57.6,40,22.2,80.5,1.5
81,50,6.83,49.1,40,11.5,84.8,1.5
82,0,7.4,60.3,40,28.2,84.8,1.6
82,1,6.86,82,40,6,91.2,1.6
82,2,7.15,81,40,14.1,84.9,1.6
82,3,7.35,51.8,40,12.5,81.5,1.6
82,4,7.15,34.9,40,11.6,86.8,1.6
82,5,7.39,89.9,40,19.5,89,1.6
82,6,7.19,73.4,40,17.3,80.6,1.6
82,7,6.89,96.7,40,17.5,87.5,1.6
82,8,7.17,42.9,40,29.8,92.7,1.7
82,9,7.44,54.5,40,30.4,86,1.7
82,10,7.37,39.6,40,14.6,92.5,1.7
82,11,6.72,76.3,40,18,98.5,1.7
82,12,7.45,97.3,40,10,86.8,1.8
82,13,7.17,72.4,40,30.5,98.3,1.8
82,14,6.93,64.4,40,10.6,86.5,1.8
82,15,7.28,37.7,40,27,83.5,1.8
82,16,6.8,68.9,40,33.6,92.6,1.9
82,17,7.02,87.5,40,7.1,81.8,1.9
82,18,7.03,50.8,40,33.9,88.8,2
82,19,6.71,83.1,40,14.7,83.8,2
82,20,7.13,89.3,40,22,91.1,2
82,21,7.46,35.7,40,18.2,81.7,2
82,22,7.05,32.1,40,17.9,95,2
82,23,,,40,,,
82,24,,,40,,,
82,25,,,40,,,
82,26,7.08,84.7,41,26.6,86.8,0.2
82,27,7.4,82,41,26.7,94.8,0.2
82,28,6.91,71.2,41,23.4,98.3,0.3
82,29,7.19,63.9,41,18.3,98.6,0.3
82,30,6.96,62.7,41,32.9,87.5,0.3
82,31,7.33,37.4,41,24.3,84,0.3
82,32,7.4,54.8,41,13.8,94.8,0.3
82,33,7.46,44.7,41,12.6,82.5,0.3
82,34,7.31,87.1,41,22,92.5,0.3
82,35,7.1,32.6,41,11.1,83.8,0.4
82,36,7.31,107.7,41,24.5,93.4,0.4
82,37,7.26,101,41,11.2,86.9,0.4
82,38,7.05,106.6,41,25.2,86.9,0.4
82,39,7.34,48,41,32.8,86.7,0.5
82,40,7.17,31.1,41,17.6,86.2,0.5
82,41,6.9,91.6,41,15.7,91.1,0.5
82,42,7,102.1,41,16,82.1,0.5
82,43,7.06,63.4,41,16.1,92.7,0.5
82,44,7.45,70.1,41,16.1,94.7,0.6
82,45,6.98,96.3,41,21.1,94.7,0.6
82,46,7.19,48.5,41,31.8,85.9,0.6
82,47,6.71,52.1,41,29.3,81.3,0.6
82,48,6.81,103.5,41,12.6,92.9,0.6
82,49,7.39,55.6,41,22.9,95.9,0.6
82,50,6.83,54.1,41,16.5,88.5,0.6
83,0,6.96,102.2,41,28.1,82.9,0.6
83,1,7.09,101.1,41,20.7,87.4,0.7
83,2,7.14,48,41,20.5,94.7,0.7
83,3,7.09,84.4,41,16.1,82.2,0.8
83,4,7.31,65.7,41,16,92.1,0.8
83,5,7.12,105.8,41,10.9,81.5,0.8
83,6,7.37,63.6,41,19.9,95.1,0.9
83,7,7.24,51.1,41,11.9,83.6,0.9
83,8,7.32,84.6,41,30.3,86.1,0.9
83,9,7.42,62.7,41,22.2,86.9,0.9
83,10,6.89,86.2,41,15,80.8,0.9
83,11,6.82,99,41,17.7,98.7,0.9
83,12,7.11,48.3,41,34.4,90.4,1
83,13,7.02,101.7,41,20.7,98.8,1
83,14,6.91,40.8,41,7.3,81.1,1.1
83,15,7.14,88.2,41,7.5,87.7,1.1
83,16,7.38,55.9,41,25.6,94.9,1.1
83,17,6.7,76.7,41,11.7,80.8,1.1
83,18,7.48,44.3,41,21.1,92.2,1.1
83,19,7.24,34.8,41,12.6,97.4,1.2
83,20,7.32,104.9,41,18,85.1,1.2
83,21,6.77,85.9,41,25.9,93,1.2
83,22,7.05,104.2,41,20.5,80.6,1.2
83,23,7.47,85.6,41,20.5,86.7,1.3
83,24,6.78,91.6,41,23,85,1.3
83,25,7.06,41.7,41,18.3,91.7,1.3
83,26,6.7,37,41,5.2,92.8,1.3
83,27,7.03,47.6,41,21.3,92,1.4
83,28,7.1,53.7,41,13.4,85.1,1.4
83,29,7.3,78.9,41,30.3,81.5,1.4
83,30,7.4,88.6,41,14,81.1,1.4
83,31,7.39,93.9,41,33.8,91.4,1.4
83,32,7.08,88.5,41,24.4,92.2,1.4
83,33,7.09,82.3,41,17.3,95.5,1.4
83,34,7.17,35.4,41,31,85.8,1.5
83,35,7.3,96.8,41,31.7,90.8,1.5
83,36,6.77,104.1,41,7.7,83.8,1.5
83,37,7.11,107.4,41,9.4,94.6,1.5
83,38,7.23,53.1,41,32.6,90.7,1.5
83,39,6.91,72.3,41,23.4,92.7,1.6
83,40,7.17,45.7,41,30.1,81.7,1.6
83,41,6.86,59.6,41,6.2,97.5,1.6
83,42,7.39,95.3,41,15.1,87.2,1.6
83,43,6.7,37.8,41,16.5,81.3,1.6
83,44,6.92,48.9,41,20,82.4,1.7
83,45,7.43,84.5,41,34.5,95.8,1.7
83,46,7.18,59.7,41,9.1,87.3,1.7
83,47,6.97,54.8,41,20.1,96.1,1.8
83,48,7.34,31.2,41,9.7,89.7,1.8
83,49,7.06,86,41,29.3,93.4,1.9
83,50,7.08,96.4,41,34.1,98.9,1.9
84,0,7.03,88.3,41,11.5,84.2,1.9
84,1,6.73,40.9,41,12.9,87.7,1.9
84,2,7.49,100.4,41,26,91.5,1.9
84,3,7.18,36.4,41,25.5,98,2
84,4,6.85,91.1,41,7.1,96.1,2
84,5,,,41,,,
84,6,7.3,98.1,42,10,86.6,0.2
84,7,7.16,76.1,42,11.4,94,0.3
84,8,7.28,34.8,42,11.3,90.9,0.3
84,9,7.38,69.4,42,31.8,98.6,0.3
84,10,7.43,31.4,42,7.8,93.9,0.3
84,11,6.77,98.4,42,16.4,83.3,0.3
84,12,7.17,34.2,42,19.8,80.8,0.3
84,13,6.8,91.3,42,5.1,88.4,0.4
84,14,6.79,58.7,42,33.8,96.4,0.4
84,15,7.01,68.2,42,32.6,84.7,0.4
84,16,7.04,91.7,42,26.9,89.5,0.4
84,17,7.19,41.9,42,15.5,97,0.4
84,18,6.7,48,42,19.8,91.1,0.4
84,19,6.72,33.3,42,20.9,80.5,0.5
84,20,7.12,88.4,42,33.2,84.9,0.5
84,21,7.23,77.6,42,11.5,94.1,0.5
84,22,7.37,36.6,42,32,97.7,0.6
84,23,7.42,47.7,42,24,87.8,0.6
84,24,7.33,101.1,42,11,93.6,0.6
84,25,7.38,109.5,42,15.8,92.8,0.6
84,26,7.49,46.4,42,10,92.8,0.6
84,27,7.33,96.3,42,16,92,0.6
84,28,7.45,78.4,42,18.7,94.8,0.6
84,29,7.37,32.9,42,15.3,96.9,0.7
84,30,7.4,94.4,42,14.1,81.4,0.7
84,31,7.39,74.7,42,6.7,91.2,0.7
84,32,6.99,82.9,42,6.9,80.8,0.7
84,33,6.82,32,42,11.3,97.1,0.7
84,34,7.11,44.8,42,32.4,93.5,0.7
84,35,7.42,88.7,42,12,86.3,0.7
84,36,6.93,95.7,42,6.7,80.7,0.8
84,37,7.22,99.4,42,21.3,89.1,0.8
84,38,6.74,43.4,42,25.4,94.3,0.8
84,39,7.3,87.5,42,17.1,97.5,0.8
84,40,7.13,109.8,42,5,83.2,0.8
84,41,7,94.6,42,20.6,87.7,0.8
84,42,6.82,43.7,42,19.7,97.1,0.8
84,43,7.05,91,42,16.9,88.5,0.9
84,44,7.07,36.3,42,26.3,94,0.9
84,45,7.44,82.6,42,19.2,98.9,0.9
84,46,7.01,67.6,42,29.7,89.1,1
84,47,7.47,68.3,42,10.5,83.2,1
84,48,7.46,94.2,42,12.6,95.4,1
84,49,6.81,95.6,42,11.9,91.8,1
84,50,6.7,104.7,42,6.1,89.9,1
85,0,7.34,81.9,42,25.2,94.2,1
85,1,7.35,60.7,42,21.4,93.2,1.1
85,2,7.03,108.8,42,9,83.8,1.1
85,3,7.34,54.6,42,25.1,82.3,1.1
85,4,7.12,45.9,42,16.6,96.7,1.1
85,5,7.11,99.3,42,23.2,83.8,1.1
85,6,6.74,89.4,42,21.8,83.5,1.2
85,7,7.2,78.9,42,19.3,88.3,1.2
85,8,7.02,44,42,17.5,96.9,1.2
85,9,6.99,69.2,42,32.9,92,1.2
85,10,7.36,105.1,42,18.6,96.5,1.3
85,11,6.75,36.9,42,14.2,92.8,1.3
85,12,7.42,34.8,42,7.6,96.2,1.3
85,13,6.9,94.1,42,10,94.5,1.3
85,14,7.29,81.2,42,15.1,92.6,1.3
85,15,6.7,87.4,42,24.6,98.3,1.4
85,16,6.99,81.3,42,9.6,89.1,1.4
85,17,7.35,78.4,42,20.6,88,1.4
85,18,7.46,80,42,5.8,95.1,1.4
85,19,6.72,106.1,42,16.1,82.1,1.5
85,20,7.07,70.3,42,17.8,81.9,1.5
85,21,6.82,49.7,42,13.5,83.2,1.5
85,22,7.33,41.3,42,24.2,94.7,1.5
85,23,6.8,84.6,42,14.9,83.3,1.5
85,24,6.9,44,42,9.5,92.9,1.6
85,25,6.91,107.7,42,5.1,90.9,1.6
85,26,6.85,89.2,42,10.7,94.8,1.6
85,27,6.96,63,42,19,87.8,1.6
85,28,6.73,34.7,42,24.8,88.1,1.6
85,29,7.16,39.4,42,28.6,87.9,1.7
85,30,7.1,59.2,42,5,88.3,1.7
85,31,6.99,66.3,42,9.9,96.8,1.7
85,32,7.16,49.4,42,5.9,90.5,1.7
85,33,6.87,50.3,42,23.8,88.6,1.8
85,34,6.77,94.8,42,23.9,93.1,1.8
85,35,7.22,56.9,42,13.8,84.1,1.8
85,36,6.92,32.5,42,17.2,80.3,1.8
85,37,6.84,60.4,42,11.8,81.5,1.8
85,38,7.3,108.2,42,15.3,80.6,1.8
85,39,7.39,54.7,42,6.6,82.8,1.8
85,40,6.76,53.1,42,6.7,93,1.9
85,41,6.96,90.9,42,18.9,97.1,1.9
85,42,6.99,37.4,42,12.4,97.3,1.9
85,43,6.91,56.1,42,17.1,88.8,1.9
85,44,7.2,104,43,8.3,83.2,0.2
85,45,7.26,43.8,43,22.4,86.6,0.3
85,46,7.3,71.8,43,26.5,91.9,0.3
85,47,6.98,30.3,43,6.2,91.6,0.3
85,48,7.2,78.4,43,21.7,92.5,0.3
85,49,7.22,83.9,43,5.3,98.9,0.3
85,50,6.84,72.9,43,18.9,82.5,0.3
86,0,7.28,69.1,43,32.7,97.9,0.3
86,1,7.02,39.5,43,33.9,94.1,0.4
86,2,7.26,32.4,43,30.1,86.6,0.4
86,3,7.39,50.4,43,33.1,92.2,0.4
86,4,7.25,31.8,43,7.8,84.5,0.4
86,5,7.43,105.6,43,20.2,82.1,0.4
86,6,7.06,34.5,43,13.1,85.1,0.4
86,7,7.48,45.8,43,10.6,80.3,0.4
86,8,7,93.1,43,6.6,84.5,0.5
86,9,7.32,56.8,43,29.9,81.3,0.5
86,10,7.23,77.1,43,30.1,83.2,0.5
86,11,7.15,84.5,43,19.2,89.9,0.5
86,12,6.77,98.2,43,8.9,82.4,0.5
86,13,7,52.6,43,25.2,86.7,0.5
86,14,7,40.5,43,29,93,0.5
86,15,7.48,50.2,43,16.8,84.3,0.5
86,16,7.3,59.4,43,28,94.6,0.5
86,17,6.89,67.4,43,28.4,92.3,0.6
86,18,7.15,85.2,43,23.8,93.5,0.6
86,19,7.35,49.7,43,31.8,86.9,0.6
86,20,7.17,104.7,43,29.5,83.9,0.6
86,21,7.15,70.4,43,31.9,86.2,0.6
86,22,7.06,45.2,43,13.4,91,0.6
86,23,6.87,58.7,43,9.3,81.2,0.7
86,24,6.85,57.1,43,30.3,81.3,0.7
86,25,7.03,95.8,43,18.6,89.2,0.8
86,26,7.2,34.9,43,29.7,87.8,0.8
86,27,7.2,83.3,43,32.6,84.3,0.8
86,28,7.14,39.9,43,34.1,94.3,0.8
86,29,6.86,78.6,43,5.9,97.4,0.8
86,30,7.36,35.2,43,12.2,84.3,0.8
86,31,6.86,63.5,43,13.8,97.8,0.8
86,32,7,107.8,43,16.5,94,0.8
86,33,7.48,94,43,31.1,93.4,0.9
86,34,6.83,35,43,10.3,84.1,0.9
86,35,7.38,96.1,43,18.4,96.6,0.9
86,36,7.48,39.7,43,12.8,86.8,1
86,37,7.17,56.4,43,34,92.6,1
86,38,6.94,66.7,43,20.9,81.7,1
86,39,7.19,72.3,43,20.4,82.1,1
86,40,6.83,97.7,43,27.8,82.2,1
86,41,7.47,108.8,43,32.8,81.3,1.1
86,42,7.15,82.9,43,16.9,98.2,1.1
86,43,7.29,66.1,43,18.3,82.7,1.1
86,44,6.82,54,43,24.9,83.8,1.1
86,45,7.49,58,43,12.3,92.3,1.1
86,46,7.2,80.7,43,11.1,95.5,1.1
86,47,7,75.3,43,8.8,91.2,1.2
86,48,7.36,86.9,43,7.7,83.1,1.2
86,49,6.95,35,43,32.8,98.6,1.2
86,50,7.22,47.2,43,33.4,97.8,1.2
87,0,7.39,94.2,43,31.2,82.4,1.3
87,1,7.33,68.1,43,28.9,86,1.3
87,2,6.75,53.6,43,27.5,95.5,1.3
87,3,7.05,75.4,43,13.5,92.2,1.3
87,4,6.91,87.4,43,9.1,87.8,1.3
87,5,7.28,89.7,43,18.3,82,1.3
87,6,6.98,90.4,43,17.1,96.1,1.3
87,7,7.06,47.6,43,22.2,98.7,1.3
87,8,7.07,71.2,43,34.4,89.9,1.3
87,9,7.08,53.8,43,10.2,84.2,1.4
87,10,7.14,54.3,43,18.3,84.2,1.5
87,11,7.48,76.5,43,24.1,98,1.5
87,12,6.96,98.1,43,24.3,96.9,1.5
87,13,7.45,78.7,43,5.6,80.3,1.5
87,14,6.95,33.6,43,31.6,83.8,1.5
87,15,6.79,94.1,43,13.5,93.7,1.5
87,16,7.29,64.4,43,27.5,83.8,1.6
87,17,7.14,42.2,43,19.9,80,1.6
87,18,7.46,48.6,43,34.9,85,1.6
87,19,7.18,97.7,43,19.8,94.8,1.6
87,20,7.28,57.3,43,27.8,90.3,1.6
87,21,7.24,31.1,43,25.9,91.6,1.7
87,22,6.74,58.5,43,9.7,93.6,1.7
87,23,6.88,107.2,43,5.6,89.4,1.7
87,24,7.23,34,43,29.7,85.3,1.7
87,25,7.11,92.5,43,25.6,93.2,1.8
87,26,7.11,107.2,43,8.9,89.2,1.8
87,27,7.01,88.9,43,9.2,94.8,1.8
87,28,6.74,64.4,43,28,85.1,1.8
87,29,7.22,109.6,43,10.3,95.2,1.9
87,30,7.4,107.1,43,23.4,85.7,1.9
87,31,7.46,103.4,43,23,97.6,1.9
87,32,7.05,44.8,43,7,85.2,1.9
87,33,7.27,34.7,43,29.8,85.5,1.9
87,34,7.12,53.3,43,24.4,90.8,1.9
87,35,7.45,31.8,43,8.1,85.4,2
87,36,,,43,,,
87,37,,,43,,,
87,38,,,43,,,
87,39,7.15,30.4,44,27.9,80.1,0.2
87,40,7.24,95.2,44,6.8,95,0.2
87,41,7.25,109,44,20.8,88.6,0.3
87,42,7.38,59.7,44,29.6,87,0.3
87,43,7.44,109,44,15.6,96.2,0.3
87,44,7.48,71.9,44,11.8,89.3,0.4
87,45,7.41,77.9,44,23.9,96.7,0.4
87,46,7.07,55.6,44,27.6,93.8,0.4
87,47,6.91,74.3,44,33.7,89.6,0.4
87,48,7.35,80.8,44,12.2,94,0.5
87,49,7.12,69.6,44,33.4,83.2,0.5
87,50,7.04,84.6,44,13.6,89.8,0.5
88,0,6.84,47.1,44,6.5,86.3,0.5
88,1,6.71,73.6,44,18.8,86.7,0.5
88,2,7.27,106,44,25.1,88.1,0.5
88,3,7.1,53.2,44,19.9,86.7,0.5
88,4,7.49,95.3,44,32.4,97,0.6
88,5,7.04,69.9,44,5.5,95.9,0.6
88,6,7.48,37.7,44,32.9,98.1,0.6
88,7,7.49,77.6,44,27.5,87,0.6
88,8,6.87,94.6,44,6.2,84,0.6
88,9,7.14,40.1,44,16.8,89.4,0.6
88,10,7.4,82.4,44,26.7,94.1,0.7
88,11,6.83,88.4,44,11.6,93.9,0.7
88,12,7.3,107.9,44,16.7,91.7,0.7
88,13,7.37,56.2,44,28.1,93.3,0.7
88,14,6.75,103.8,44,8.1,93.1,0.7
88,15,7,78.6,44,14.5,83.7,0.7
88,16,6.85,95.7,44,21.2,82.1,0.7
88,17,7.47,86.6,44,31.9,86.3,0.8
88,18,6.99,80.4,44,24.2,80.4,0.8
88,19,7.15,101.2,44,29.6,94.4,0.8
88,20,7.35,78.1,44,34.2,87.9,0.9
88,21,6.79,52.2,44,15.8,88.3,0.9
88,22,6.85,94.1,44,32.6,81.5,0.9
88,23,7.46,108,44,19.2,96.6,0.9
88,24,7.3,72.7,44,15.9,90.8,0.9
88,25,6.8,101.4,44,18,87.5,0.9
88,26,7.2,102.7,44,20.8,97.3,0.9
88,27,7.11,33.4,44,23.5,95.5,1
88,28,7.09,91.1,44,5.4,80.1,1
88,29,7.39,105.4,44,18,90.4,1
88,30,7.13,55.5,44,7.4,81.5,1
88,31,6.77,49.4,44,14.2,87.9,1
88,32,7.01,34.1,44,15.4,84.3,1
88,33,7.39,68.9,44,29.5,96.6,1
88,34,6.78,99.2,44,22.9,92.4,1
88,35,6.94,107.3,44,34.1,89.4,1
88,36,7.15,89.3,44,23.6,80.7,1
88,37,7.21,107.4,44,10,92.1,1
88,38,6.76,76.3,44,19.5,82.4,1.1
88,39,7.43,56,44,10.1,89.4,1.2
88,40,7.05,100.4,44,26.6,92.4,1.2
88,41,7.18,76.9,44,15.6,81.5,1.2
88,42,7.23,108.1,44,12.3,85,1.2
88,43,7.23,30.6,44,13.4,98.4,1.3
88,44,7.33,79.9,44,14.4,95.2,1.3
88,45,7.3,106.9,44,11.9,90.1,1.3
88,46,7.45,53.2,44,30.1,96,1.3
88,47,7.14,72.1,44,27.8,82.7,1.3
88,48,6.81,55.4,44,23.7,84.9,1.4
88,49,7.03,42.7,44,31.4,92.3,1.4
88,50,6.78,57.4,44,21.1,87.4,1.5
89,0,7.17,83.5,44,25.4,80.9,1.5
89,1,7.09,30.1,44,29.1,83.3,1.5
89,2,6.84,73.3,44,7.6,87.7,1.5
89,3,6.79,52.4,44,32.7,84.4,1.5
89,4,6.74,66.4,44,5.3,94.7,1.5
89,5,7.29,61.5,44,14.4,87.3,1.5
89,6,7.12,37.9,44,24.6,87.7,1.5
89,7,7.07,38.4,44,6,90.9,1.6
89,8,7.33,104.5,44,23.6,94,1.6
89,9,7.44,57.8,44,17.2,92.7,1.6
89,10,7.06,44.6,44,21.1,94.3,1.7
89,11,7.19,82.5,44,28.6,86.5,1.7
89,12,7.14,87.2,44,9.3,80,1.7
89,13,7,72.8,44,34.9,90.1,1.7
89,14,6.81,57.1,44,6.9,85.8,1.7
89,15,7.02,103.5,44,22.6,95.2,1.7
89,16,7.12,107,44,15.4,97.4,1.7
89,17,7.49,86.3,44,24.2,81.4,1.8
89,18,7.39,59.1,44,25.2,92.1,1.8
89,19,7.19,45.5,44,12.3,83.2,1.8
89,20,6.75,60.6,44,34.8,94.6,1.8
89,21,7.13,76.1,44,10.9,90.4,1.8
89,22,6.72,106.6,44,24,92.7,1.9
89,23,7.13,97.9,44,26.7,94.4,1.9
89,24,6.83,69,44,16.1,94.2,1.9
89,25,7.28,90.7,44,26.9,95.8,1.9
89,26,6.73,58.6,44,5.9,94.8,1.9
89,27,7.25,40.5,44,23.4,86.7,1.9
89,28,7.31,60.6,44,34.9,83.6,2
89,29,6.87,103.6,44,11.6,88.6,2
89,30,7.37,90.7,44,23.1,95.1,2
89,31,,,44,,,
89,32,,,44,,,
89,33,6.75,41.2,45,13.7,82.8,0.2
89,34,7.5,104.2,45,9.9,92.7,0.2
89,35,6.78,66.5,45,31.5,94.8,0.3
89,36,7.49,67,45,11.8,83.1,0.3
89,37,7.03,98.4,45,14.7,94.2,0.3
89,38,6.7,83.4,45,28.1,93,0.3
89,39,7.28,103.7,45,18.6,95.8,0.3
89,40,6.86,91.3,45,12.3,88.8,0.4
89,41,7.46,72.2,45,7.1,92.7,0.4
89,42,7.24,36,45,8.3,98.6,0.4
89,43,7.4,105,45,27.7,83.1,0.4
89,44,7.27,55.7,45,28.8,93.3,0.4
89,45,7.05,98.2,45,34.5,92.1,0.5
89,46,7.36,66.8,45,6.3,91.4,0.6
89,47,7.37,90.4,45,13.7,94.6,0.6
89,48,6.79,44.8,45,30.1,85.5,0.6
89,49,7.48,30.9,45,23,91.9,0.6
89,50,6.93,106.8,45,26.5,97.7,0.6
90,0,6.91,36.4,45,9.5,97.2,0.6
90,1,7.36,82.3,45,6.9,82.5,0.6
90,2,7.15,47.2,45,27.2,94.3,0.6
90,3,6.84,57.1,45,9.5,81.3,0.6
90,4,7.3,69.8,45,5.6,98.4,0.6
90,5,6.84,42.9,45,11.4,86,0.6
90,6,6.83,77.6,45,6.6,87.7,0.6
90,7,7.48,56,45,21.3,91.8,0.7
90,8,7.26,74.6,45,33.3,83.8,0.7
90,9,7.22,82.9,45,20.3,92.4,0.7
90,10,6.79,35.6,45,24.9,82.2,0.7
90,11,7.26,67.1,45,24,94.5,0.7
90,12,7.35,58.8,45,27.3,90.6,0.8
90,13,6.94,67.7,45,33.4,81.3,0.8
90,14,6.98,94.8,45,5.6,95.4,0.8
90,15,7.25,52.4,45,29.8,84.5,0.8
90,16,7.44,86.5,45,21,85.6,0.9
90,17,7.14,50.2,45,9,96.9,0.9
90,18,7.28,45.5,45,7.9,96.2,0.9
90,19,7.29,76.8,45,32,83.6,0.9
90,20,6.74,32.4,45,31.2,86.1,0.9
90,21,7.49,99.8,45,26.9,88.7,0.9
90,22,6.96,77.6,45,13.4,88.8,1
90,23,7.3,106.1,45,23,85.6,1
90,24,7.34,91.2,45,5.8,91.8,1
90,25,6.78,31.7,45,34.8,98.2,1
90,26,7,56.1,45,31.1,85.1,1
90,27,6.98,52.7,45,8.9,83.6,1
90,28,6.88,109.3,45,6,81.5,1
90,29,6.98,109.9,45,8.1,95,1.1
90,30,7,89.7,45,16.7,85.3,1.1
90,31,6.95,48.8,45,25.5,95.2,1.1
90,32,6.74,65.8,45,17.2,91,1.1
90,33,7.35,98.5,45,15.1,80.6,1.1
90,34,7.28,31,45,31.7,86.2,1.2
90,35,7.1,37.3,45,12.4,83.4,1.2
90,36,7.13,51.4,45,27.4,91.3,1.3
90,37,6.79,37.3,45,34,97.7,1.3
90,38,7.45,97.7,45,21.3,86,1.4
90,39,6.73,42.8,45,19.6,92.3,1.4
90,40,7.12,106.1,45,15.2,87.7,1.4
90,41,7.43,31.3,45,17.9,85.3,1.4
90,42,6.98,85,45,24.3,91.9,1.4
90,43,7.22,30.5,45,9.6,81.5,1.4
90,44,7.5,46,45,32.7,81.9,1.5
90,45,6.76,102.2,45,30.1,95.4,1.5
90,46,7.34,56.4,45,31.7,88.9,1.5
90,47,6.81,66.6,45,11.6,86.2,1.5
90,48,7.27,64.8,45,33.6,86.1,1.5
90,49,7.39,35.3,45,9.3,91,1.5
90,50,7.09,60.9,45,18.2,97,1.5
91,0,7.12,74.9,45,19,92.6,1.5
91,1,7.49,81.3,45,31.4,84.2,1.5
91,2,7.32,108.2,45,9.8,96.1,1.6
91,3,6.94,75.9,45,26.3,84.6,1.6
91,4,7.01,65.8,45,16.6,90.3,1.6
91,5,7.06,80.3,45,16.8,87.5,1.6
91,6,6.96,34.3,45,28.6,91.6,1.6
91,7,7.28,54.8,45,33,83.5,1.7
91,8,6.77,45.2,45,13.3,96.7,1.7
91,9,6.78,102,45,16.9,84.3,1.7
91,10,7.16,84.8,45,27.1,94.9,1.7
91,11,7.19,33.7,45,14,96.5,1.8
91,12,7.44,87.3,45,24.1,97.1,1.8
91,13,7.38,107.9,45,16.4,81.4,1.8
91,14,6.72,102.9,45,33.9,95.9,1.8
91,15,6.88,106.6,45,34.5,86.6,1.8
91,16,7.36,105.4,45,18.4,98.3,1.8
91,17,7.02,80.5,45,13.3,85.9,1.8
91,18,7.45,77.9,45,5.8,86.1,1.8
91,19,7.14,71.9,45,19.3,89.9,1.8
91,20,7.18,63.9,45,24.6,81.8,1.8
91,21,7.36,54.9,45,33.4,95.1,1.9
91,22,7.39,59.3,45,26.1,88.6,1.9
91,23,6.98,32.9,45,34.8,83.1,1.9
91,24,7.05,99.7,45,24.6,81.3,1.9
91,25,6.78,94,45,19.8,89.9,1.9
91,26,7.24,57.5,45,13.6,83,1.9
91,27,6.94,107.6,45,16.4,95.5,1.9
91,28,6.86,70.5,45,12.2,82.5,1.9
91,29,7.28,85.3,45,30.7,94.4,1.9
91,30,7.24,31.9,45,32.9,85.7,1.9
91,31,6.75,82.6,45,33.7,84.8,2
91,32,7.49,85.7,45,22.6,89,2
91,33,6.81,52.7,45,8,91.5,2
91,34,,,45,,,
91,35,,,45,,,
91,36,,,45,,,
91,37,7.18,61.6,46,15.4,85.9,0.2
91,38,7.05,99,46,24.4,85.7,0.2
91,39,7.41,39.2,46,9.6,97.7,0.2
91,40,7.1,35.1,46,29.6,89,0.2
91,41,6.73,35.7,46,15.2,80.3,0.2
91,42,6.87,63.2,46,25.3,98.1,0.2
91,43,6.98,43.9,46,15.4,83.7,0.3
91,44,7.34,41.7,46,16.4,93.5,0.3
91,45,7.14,104.7,46,21.1,88.8,0.3
91,46,7.41,88.6,46,7.6,81.9,0.4
91,47,7.06,53.9,46,30.7,94.1,0.4
91,48,7.43,43,46,17.3,95.9,0.4
91,49,6.72,100.6,46,11.9,91.9,0.5
91,50,7.36,78.4,46,11.5,92.2,0.5
92,0,6.87,77.7,46,32.1,94.1,0.5
92,1,6.81,60.4,46,34.9,94.8,0.5
92,2,6.98,71.1,46,17.2,81.2,0.5
92,3,7.33,52.4,46,26.6,81.4,0.5
92,4,7.4,88.9,46,21.9,92.3,0.5
92,5,6.78,99.4,46,5.3,96.4,0.6
92,6,7.49,41.9,46,11.3,95.2,0.6
92,7,7.13,56.4,46,19.2,85.3,0.6
92,8,7.09,49.7,46,12.2,93.4,0.7
92,9,6.89,33.2,46,8.2,91.3,0.7
92,10,6.85,42.7,46,29.8,91,0.7
92,11,6.71,94.1,46,14.1,97.3,0.7
92,12,6.92,39.6,46,15.9,92.6,0.7
92,13,7.33,90.5,46,26,98,0.8
92,14,6.91,87.1,46,19.8,82.5,0.8
92,15,7.11,62.5,46,8.1,92.9,0.8
92,16,7.14,46.7,46,14.4,98.2,0.8
92,17,6.89,49.3,46,23.6,93.3,0.8
92,18,6.8,30.7,46,11.2,93.6,0.8
92,19,7.35,106.6,46,32.6,83.6,0.8
92,20,7.2,77.2,46,19.8,89.5,0.8
92,21,7.19,92.8,46,23.1,92.4,0.8
92,22,7.45,105.4,46,14.1,96.8,0.9
92,23,7.32,66.1,46,17.5,91.3,0.9
92,24,6.85,32,46,33.6,90.9,1
92,25,7.3,98.5,46,29.8,85.5,1
92,26,6.99,94.6,46,21.4,85.5,1
92,27,7.45,72.5,46,28.9,93.9,1.1
92,28,7,74.1,46,30.4,97.3,1.1
92,29,6.88,45.1,46,15.1,89.5,1.1
92,30,6.89,39.4,46,34.2,89.7,1.1
92,31,6.94,44.9,46,10.5,95,1.1
92,32,7.36,55.4,46,7.6,88.9,1.2
92,33,7.07,68.8,46,11.3,89.6,1.2
92,34,7.41,99.3,46,11.1,92.3,1.2
92,35,6.84,60.8,46,33.7,84.8,1.2
92,36,6.85,37,46,13.3,92.9,1.3
92,37,7.31,34.7,46,32.9,98.9,1.3
92,38,6.94,98.5,46,29.2,96.9,1.3
92,39,7.34,44.3,46,28.3,93,1.3
92,40,7.29,74,46,18.7,92.9,1.4
92,41,7.16,88,46,25,91.4,1.4
92,42,6.93,100.1,46,11.9,95.9,1.4
92,43,6.85,65,46,18.5,98.1,1.4
92,44,7.36,94.5,46,11.3,98.4,1.4
92,45,7.05,35.9,46,23.6,89.6,1.4
92,46,6.92,101.3,46,13.5,95.9,1.4
92,47,7.49,101.2,46,29.4,91,1.5
92,48,6.96,94,46,17.9,98.8,1.5
92,49,6.87,98.9,46,18,83.7,1.5
92,50,7.42,69.2,46,26.9,89.9,1.6
93,0,7.15,93.8,46,26,95.1,1.6
93,1,7.09,30.5,46,20.1,97.1,1.6
93,2,6.78,52,46,26,85,1.6
93,3,7.43,91,46,10.7,94.2,1.7
93,4,6.91,55.4,46,18.7,85.4,1.7
93,5,7.17,34.7,46,19.2,83,1.7
93,6,6.96,57.4,46,19.8,89.2,1.8
93,7,7,67.5,46,13.3,89.3,1.8
93,8,7.41,87.1,46,34.3,97,1.8
93,9,7.12,93,46,13.8,95.8,1.8
93,10,7.35,38.5,46,26.7,95.5,1.8
93,11,6.91,30.9,46,10.6,96.6,1.8
93,12,7.3,106.6,46,33.7,84.4,1.8
93,13,7.11,84.3,46,19,93.7,1.8
93,14,6.99,45.2,46,26.9,85.6,1.9
93,15,6.95,50.5,46,32.9,90.9,1.9
93,16,7,62.7,46,25.1,83.9,1.9
93,17,6.77,95.4,46,13.9,92.3,2
93,18,7.3,86.9,46,20.3,96.4,2
93,19,6.81,72.2,46,30.8,82.5,2
93,20,7.49,32.5,46,9.2,92.7,2
93,21,7.18,75.1,46,26.5,92.9,2
93,22,7.26,84.2,46,20,80.4,2
93,23,,,46,,,
93,24,,,46,,,
93,25,,,46,,,
93,26,,,46,,,
93,27,7.29,61.7,47,5.9,81.6,0.2
93,28,6.8,96.4,47,27.8,92.7,0.2
93,29,7.12,57.7,47,28.7,93.4,0.2
93,30,7.07,63.3,47,30.1,88.3,0.3
93,31,6.84,80.9,47,19,81.9,0.3
93,32,7.39,91.7,47,20.9,81.8,0.3
93,33,7.11,92.8,47,23.5,85.8,0.3
93,34,7.29,75.3,47,7.1,87.6,0.3
93,35,6.71,77.1,47,19.3,87.2,0.3
93,36,7.01,48.7,47,12.4,83.4,0.3
93,37,7.31,41,47,11.6,85.8,0.3
93,38,6.77,44.7,47,14.2,96.9,0.4
93,39,7.24,58.4,47,6.6,82.9,0.4
93,40,7.1,106.2,47,18.2,90.4,0.4
93,41,6.86,50.5,47,16.2,80.6,0.4
93,42,7.22,83.4,47,13.7,91,0.4
93,43,7.09,108.3,47,13.1,93.9,0.4
93,44,6.93,47.6,47,27.1,93.2,0.4
93,45,7.01,63.3,47,20.2,93.6,0.4
93,46,7.29,106.8,47,26.2,96.5,0.4
93,47,7.13,74.3,47,20.4,80.3,0.4
93,48,6.78,35.6,47,9.9,83.7,0.5
93,49,6.85,59,47,25.4,80.2,0.5
93,50,6.93,103.9,47,24,95.4,0.5
94,0,7.09,37.9,47,28.2,88,0.5
94,1,7.14,54.8,47,25.9,84.2,0.6
94,2,7.03,80.7,47,30.2,93.4,0.6
94,3,6.88,108.8,47,31.7,96.4,0.6
94,4,7.4,77.3,47,12,95.5,0.6
94,5,7.09,90.1,47,12.6,81.5,0.6
94,6,7.33,105.3,47,25.8,94.4,0.6
94,7,6.77,100.8,47,29.1,92,0.6
94,8,7.31,99.4,47,18.8,96.2,0.7
94,9,6.77,43.5,47,32.5,96.9,0.7
94,10,7.41,34.4,47,17,92.8,0.7
94,11,7.13,66.3,47,29.4,85.3,0.7
94,12,7.18,100.5,47,17.2,81.9,0.8
94,13,7.42,58.9,47,22,80.1,0.8
94,14,6.84,38.5,47,6.2,82.1,0.8
94,15,6.86,47.2,47,30.1,95.7,0.8
94,16,7.42,69.2,47,11.2,82.4,0.8
94,17,7.43,76.9,47,14.3,84.9,0.8
94,18,7.39,98.6,47,10.4,84.4,0.8
94,19,7.19,81.1,47,22.4,81.5,0.9
94,20,6.84,56.2,47,22.4,97.4,0.9
94,21,7.47,59.5,47,24.2,91.5,0.9
94,22,7.18,99.6,47,33.8,83.5,0.9
94,23,7.35,38,47,7.4,87.8,0.9
94,24,7.41,76.5,47,13.9,96.4,0.9
94,25,7.25,58.6,47,22.8,86.6,0.9
94,26,6.78,97.3,47,9.9,90.3,0.9
94,27,7.27,68.5,47,33.2,89.5,1
94,28,6.86,58,47,33.4,91.6,1
94,29,7.21,40.2,47,15.8,84.2,1
94,30,6.71,76.4,47,32.5,98.5,1
94,31,6.86,39.8,47,7.7,98.4,1
94,32,7.12,33.3,47,13.5,80.8,1
94,33,6.73,53.7,47,9.6,91.8,1
94,34,6.87,75.9,47,15,86.9,1
94,35,6.78,81.2,47,11.7,89.1,1
94,36,7.31,102.1,47,7.6,95.6,1
94,37,7.03,101.1,47,17.5,85.5,1
94,38,6.78,39.7,47,14.8,83.4,1.1
94,39,7.14,54.8,47,24.4,88.5,1.1
94,40,7.06,80.8,47,23.7,86.9,1.1
94,41,6.79,64.8,47,21.8,80.7,1.1
94,42,7.25,106.6,47,30.7,93.8,1.2
94,43,7.39,31.7,47,26,83,1.2
94,44,7.39,85,47,16.8,81.5,1.2
94,45,7.32,54,47,15.6,98.9,1.2
94,46,7.01,34.1,47,19.5,89.3,1.2
94,47,7.18,105.7,47,32.4,83,1.2
94,48,6.97,80.5,47,23.5,98.2,1.3
94,49,7.34,107.1,47,34.9,84.9,1.3
94,50,7.21,31.9,47,6.6,96,1.3
95,0,6.85,35.4,47,21.4,81.7,1.3
95,1,7.08,95.9,47,14.2,82.1,1.4
95,2,6.72,48.4,47,14.2,98.1,1.4
95,3,7.42,35.9,47,21.1,84.5,1.4
95,4,6.87,105.7,47,30.8,81.2,1.5
95,5,6.95,50,47,27.1,85.1,1.5
95,6,6.93,59.7,47,27.2,96.7,1.5
95,7,6.94,64,47,32.2,92,1.6
95,8,7.15,54.6,47,30.2,88.1,1.6
95,9,6.88,35.4,47,29.7,88.2,1.6
95,10,7.41,60.7,47,21,86.7,1.6
95,11,7.46,61.8,47,22.9,82.6,1.7
95,12,7.03,74.2,47,8.1,96.1,1.7
95,13,7.28,71.5,47,27.9,86.9,1.7
95,14,6.83,84.9,47,5.5,95.1,1.7
95,15,6.92,91.6,47,13.6,97.4,1.8
95,16,7.12,37.3,47,33.8,94.8,1.8
95,17,7.33,83.3,47,6.3,94.1,1.8
95,18,7.11,64.4,47,23,84.6,1.8
95,19,6.93,39.3,47,27.7,97.5,1.9
95,20,7.01,73,47,32.2,87.3,1.9
95,21,6.91,52.5,47,10.1,82.6,1.9
95,22,7.34,93.4,47,24.2,97.1,1.9
95,23,7.07,75.2,47,9.4,94.2,1.9
95,24,6.96,62.1,47,17.6,84.9,1.9
95,25,7.16,54.1,47,15.6,83.7,2
95,26,,,47,,,
95,27,,,47,,,
95,28,7.19,42.8,48,18.8,85.7,0.2
95,29,7.09,62.7,48,33.5,91.6,0.2
95,30,6.88,93.3,48,14.2,85.5,0.2
95,31,6.76,79.3,48,32.1,81.7,0.3
95,32,6.97,60.8,48,19.2,81,0.3
95,33,6.73,34.5,48,11.5,85.5,0.3
95,34,6.78,90,48,8.9,90.4,0.3
95,35,6.97,95.9,48,12.4,94.5,0.3
95,36,6.8,77.2,48,32.2,83.9,0.3
95,37,7.47,68.7,48,11.3,89.8,0.4
95,38,7.44,45.3,48,30.5,84.2,0.4
95,39,6.94,93.2,48,32,95.7,0.4
95,40,6.85,51.9,48,25.6,95.6,0.4
95,41,7.19,107.6,48,22.4,89.5,0.4
95,42,7.48,99.6,48,7,82.1,0.5
95,43,7.47,77.1,48,33.9,96.1,0.5
95,44,7.43,35.7,48,17.1,93.4,0.5
95,45,7.48,48.5,48,19,95.4,0.6
95,46,7.03,98.3,48,26.4,97.6,0.6
95,47,6.76,37.9,48,21.6,90.3,0.6
95,48,7.27,57.8,48,27.7,82.1,0.6
95,49,7.23,42,48,16.3,81.6,0.6
95,50,6.99,51.1,48,19,90.8,0.7
96,0,6.86,84,48,15,96,0.7
96,1,7.09,69.8,48,24.3,97.4,0.7
96,2,6.94,79.2,48,10.6,94.6,0.8
96,3,7.14,64.3,48,25.8,81.8,0.8
96,4,7.32,84.1,48,19.4,98.9,0.8
96,5,6.76,99.5,48,14.5,95.4,0.9
96,6,7.24,52,48,7.5,93.8,0.9
96,7,7.03,87.8,48,29.3,93.7,0.9
96,8,7.16,42.4,48,28.9,80.4,0.9
96,9,7.14,69.1,48,8.7,80.1,0.9
96,10,7.35,70.6,48,8.1,84.7,0.9
96,11,7.31,37.8,48,24.5,80.7,0.9
96,12,6.78,88.1,48,13.3,81.8,0.9
96,13,6.91,62,48,28.5,82.1,1
96,14,6.75,68.8,48,6.6,93.8,1
96,15,7.46,52,48,20.7,83.8,1
96,16,7.07,38.4,48,17.3,94.7,1
96,17,7.36,105.3,48,6.1,96.8,1
96,18,7.06,63.5,48,18.8,90.8,1
96,19,7.49,71,48,27.9,82.4,1.1
96,20,6.99,107.3,48,10.3,84.4,1.2
96,21,6.73,41.4,48,12.4,98.9,1.2
96,22,6.8,106.6,48,21.7,86,1.2
96,23,7.24,99,48,26.6,90.5,1.2
96,24,6.88,78.7,48,18,91.2,1.2
96,25,7.17,62.3,48,15.3,95.5,1.2
96,26,7.39,103,48,20,91.2,1.2
96,27,6.87,102.5,48,31.1,83.8,1.2
96,28,7.29,41.3,48,34.4,90.9,1.2
96,29,7.22,98.4,48,9.5,98.8,1.2
96,30,7.11,34.6,48,32.9,81.8,1.3
96,31,7.28,69.4,48,26.3,89.2,1.3
96,32,6.81,41.1,48,7,92.2,1.3
96,33,7.34,44.7,48,13.8,84.1,1.3
96,34,7.17,58.5,48,21.3,86.8,1.3
96,35,6.92,61.6,48,12.8,97.7,1.3
96,36,7.23,53.6,48,18,94.2,1.4
96,37,7.47,56.7,48,29.1,89.1,1.4
96,38,7.1,40.6,48,15.9,95.6,1.4
96,39,6.74,42.4,48,8.1,82.6,1.4
96,40,7.18,76.1,48,16,83,1.4
96,41,7.44,80.2,48,31.8,85.9,1.4
96,42,7.06,87.4,48,22.6,85.1,1.5
96,43,6.96,74.5,48,35,94.3,1.5
96,44,6.98,101.2,48,27.5,90.6,1.5
96,45,7.31,99.6,48,32.1,90.9,1.5
96,46,7.13,63.2,48,10.2,82.6,1.6
96,47,7,66.5,48,19.8,81.1,1.6
96,48,6.89,47.1,48,16.9,88.3,1.6
96,49,7.37,61.6,48,19.9,88.4,1.7
96,50,7.18,103.2,48,16.2,96.6,1.7
97,0,6.9,61.4,48,18.8,97.3,1.7
97,1,7.31,93.1,48,32.7,94.2,1.7
97,2,7.21,47.2,48,5.3,97.1,1.7
97,3,6.94,104.9,48,33.9,88.8,1.7
97,4,7.31,48.5,48,23.9,96.9,1.8
97,5,6.87,45.7,48,17.7,94.6,1.8
97,6,7.24,77.3,48,30.6,96.3,1.8
97,7,7.29,74,48,19.1,83.4,1.8
97,8,7.34,60.4,48,18.2,82.3,1.8
97,9,6.97,96.8,48,7,96.6,1.8
97,10,7.26,72.3,48,34.4,96,1.8
97,11,7.08,94.6,48,28.6,83.9,1.8
97,12,6.74,87.3,48,34.6,85.5,1.9
97,13,7.11,97.5,48,28.1,88.5,1.9
97,14,7.41,43.7,48,16.2,85.5,1.9
97,15,7.44,71.5,48,9.8,86.4,1.9
97,16,6.8,77.7,48,5,81.3,1.9
97,17,7.12,74.5,48,10.9,98.5,1.9
97,18,7.39,105.8,48,10.2,83.3,1.9
97,19,7.47,84.8,48,11.7,98.4,2
97,20,7.42,64.7,48,27.4,88.9,2
97,21,,,48,,,
97,22,,,48,,,
97,23,7.23,51,49,27.1,93,0.2
97,24,7.29,32.6,49,28.9,88.7,0.2
97,25,7.24,33.3,49,6.3,97.7,0.2
97,26,7.31,108.1,49,30.6,86.7,0.2
97,27,6.72,40.2,49,7.8,81.8,0.2
97,28,6.74,93.1,49,7.7,98.9,0.2
97,29,6.86,55.7,49,10.8,96.3,0.3
97,30,6.71,59.2,49,20.4,89.9,0.3
97,31,7.45,43.7,49,31.6,82.2,0.3
97,32,7.13,83,49,29.7,94.7,0.3
97,33,7.45,86.3,49,22.1,80.2,0.3
97,34,7.1,62.1,49,25.5,98.2,0.3
97,35,7.47,50.7,49,10,93.2,0.3
97,36,7.47,50.7,49,22,88.2,0.3
97,37,7.06,31.3,49,9.5,98,0.4
97,38,6.83,43.5,49,23.9,97,0.4
97,39,6.72,79.1,49,14.1,90.2,0.4
97,40,7.26,43.3,49,19.3,89.6,0.4
97,41,6.72,97.2,49,23.2,80.7,0.4
97,42,7.45,75.2,49,8.6,88.1,0.4
97,43,6.82,59.5,49,25.5,95.9,0.5
97,44,7.22,48.9,49,5.3,88.1,0.5
97,45,7.2,96,49,6.1,84.1,0.5
97,46,7.31,109.8,49,25,85.1,0.5
97,47,7.5,57.8,49,31.8,94.5,0.6
97,48,7.28,74.6,49,19.4,87.7,0.6
97,49,6.93,68.1,49,16,90.5,0.6
97,50,7.46,46.5,49,16,90.7,0.6
98,0,7.43,73.2,49,24.9,89.8,0.7
98,1,6.98,65.2,49,27.1,97.6,0.7
98,2,7.17,49.1,49,18,83,0.7
98,3,6.85,57.8,49,29.4,98.2,0.7
98,4,6.89,56.2,49,5.3,81.4,0.7
98,5,7.43,34.9,49,23.4,83.4,0.7
98,6,7.21,91,49,33.1,83.9,0.7
98,7,7.34,82.9,49,12.5,85.1,0.8
98,8,7.22,52.5,49,5.2,86.6,0.8
98,9,7.32,68.3,49,20.9,83.7,0.8
98,10,7.14,47,49,33.2,85.8,0.8
98,11,7.31,62.1,49,8.8,88.5,0.8
98,12,6.74,73.5,49,14.7,82.6,0.8
98,13,7.48,102.8,49,14.5,80.5,0.8
98,14,7.16,109.5,49,29.5,85.1,0.9
98,15,7.2,62.4,49,16.8,91.3,0.9
98,16,7.21,31.7,49,13.9,93.6,1
98,17,7.32,92.2,49,21.9,80.2,1
98,18,7.32,103.7,49,9.1,91.5,1
98,19,6.9,79.4,49,21,81.4,1
98,20,7.05,107.2,49,14.5,86.9,1
98,21,6.83,101.8,49,32,81.2,1
98,22,6.71,38,49,13.4,85.8,1.1
98,23,7.26,90.9,49,21.5,86,1.1
98,24,7.04,97.2,49,28,83.9,1.1
98,25,6.92,32.5,49,17.1,96.9,1.1
98,26,7.39,89.9,49,10.6,87.2,1.1
98,27,7.41,58,49,18.1,85.5,1.1
98,28,7.33,63.6,49,24.4,93.3,1.1
98,29,7.17,93.9,49,27.3,95.7,1.1
98,30,7.35,62.2,49,19.7,90.1,1.1
98,31,7.03,73.5,49,16.1,95.4,1.2
98,32,7.16,44.7,49,11.9,90.9,1.2
98,33,6.93,70.1,49,32.8,93.1,1.2
98,34,7.32,34,49,23.4,97.7,1.2
98,35,7.44,55,49,22.5,95.9,1.2
98,36,7.35,100.4,49,5.8,91.8,1.2
98,37,6.87,92,49,20.9,98.8,1.3
98,38,7.04,38.8,49,32.7,96.1,1.3
98,39,7.25,54,49,5.3,95.7,1.3
98,40,7.41,92.2,49,19.3,83,1.3
98,41,7.32,81.5,49,5.3,93.7,1.3
98,42,6.78,55.1,49,27.7,88.5,1.3
98,43,7.17,79.4,49,11.7,84.3,1.3
98,44,6.89,84.3,49,33.7,93.9,1.4
98,45,6.94,73.4,49,18.2,93.3,1.4
98,46,7.18,74.3,49,25.2,82,1.4
98,47,7.19,87.7,49,18.6,98.1,1.4
98,48,6.94,49,49,17.7,83.3,1.4
98,49,7.02,54.9,49,26.4,87.1,1.5
98,50,7.27,83.6,49,10,90.1,1.5
99,0,7.42,46.1,49,17.9,85.3,1.5
99,1,6.84,95.7,49,19,97.4,1.5
99,2,7.27,55.5,49,5.9,85.8,1.5
99,3,7.3,30.6,49,21.4,98.5,1.5
99,4,7.02,38.6,49,19.6,90.8,1.6
99,5,7.41,107.6,49,8.5,84.5,1.6
99,6,6.95,48.7,49,22.9,90.6,1.6
99,7,7.14,78.6,49,10.9,81,1.6
99,8,7.44,105.3,49,28.4,96.1,1.6
99,9,6.95,107,49,22.5,90.5,1.7
99,10,7.46,92.1,49,32.7,80.3,1.7
99,11,6.91,89.6,49,24.8,88.7,1.7
99,12,6.78,84.3,49,8.4,82.1,1.7
99,13,7.08,40,49,16,82.3,1.7
99,14,6.9,35,49,23.6,94.3,1.7
99,15,6.84,44.1,49,17.9,85.8,1.8
99,16,6.98,83.7,49,29.5,82.7,1.8
99,17,7.48,68.8,49,24.8,90.6,1.8
99,18,6.83,53.7,49,7.3,91.4,1.8
99,19,6.84,98.3,49,30,92.9,1.8
99,20,7.37,50.6,49,33.8,92.1,1.9
99,21,7.01,107,49,22.4,88.2,1.9
99,22,7.08,94.7,49,25.8,85.3,1.9
99,23,7.28,81,49,24.9,90.5,1.9
99,24,7.25,31.7,49,21.5,91.4,1.9
99,25,6.74,37,49,29.2,97.7,2
99,26,,,49,,,
99,27,,,49,,,
99,28,6.72,68.2,50,18.3,87.8,0.2
99,29,7.14,32.9,50,15.9,94.5,0.2
99,30,7.09,82.5,50,27.4,96.4,0.2
99,31,7.46,61.4,50,32.5,99,0.3
99,32,7.08,55.2,50,16,95.7,0.3
99,33,7.26,101.4,50,32.4,80.2,0.3
99,34,7.1,90.3,50,11.1,96.5,0.3
99,35,6.97,54.4,50,13.7,88.2,0.3
99,36,6.77,44.1,50,21.7,97.4,0.3
99,37,6.91,39.4,50,22.7,94.1,0.3
99,38,7.25,78.1,50,15.3,90.8,0.3
99,39,7.37,101.4,50,9.4,87.3,0.4
99,40,7.1,59.8,50,6,94.5,0.4
99,41,7,86.3,50,18.3,86,0.4
99,42,7.25,84.2,50,26.2,85.8,0.4
99,43,7.5,102,50,11.1,81.6,0.5
99,44,6.79,83.9,50,20.4,96.2,0.5
99,45,7.39,81.7,50,25.1,92.9,0.5
99,46,6.73,89.9,50,21.1,90.2,0.6
99,47,7.24,57,50,7,98.6,0.6
99,48,6.94,105.5,50,11,97.9,0.6
99,49,7.21,75.6,50,22.9,85,0.6
99,50,6.71,77.1,50,29.5,94.7,0.6
100,0,7.24,51.6,50,13.7,91.2,0.6
100,1,6.77,43.5,50,30.9,90.5,0.7
100,2,7.06,100.3,50,21.8,81.2,0.7
100,3,6.9,57.9,50,17.6,96.7,0.7
100,4,7.12,92,50,31.9,95.1,0.7
100,5,7.23,34.6,50,18.9,80.8,0.7
100,6,7.11,36.6,50,24.2,95.2,0.8
100,7,7.02,62,50,11.8,92.3,0.8
100,8,6.84,106,50,35,91.4,0.8
100,9,6.84,55.2,50,28.8,85.2,0.8
100,10,7.28,80.8,50,29.9,87.4,0.8
100,11,6.76,65.5,50,15.2,98.9,0.8
100,12,7.25,44,50,8.8,96.3,0.9
100,13,7.42,84,50,13.4,91,0.9
100,14,6.93,52.8,50,33.8,82.1,0.9
100,15,6.84,30.6,50,31.2,82.5,0.9
100,16,7.1,91.9,50,31.6,82.2,0.9
100,17,7.01,95.9,50,29.3,89.7,0.9
100,18,7.42,106.2,50,19,83.2,0.9
100,19,6.82,65.4,50,6.8,81.1,0.9
100,20,7.3,47.4,50,22.7,93.8,1
100,21,7.22,49.3,50,26.3,88.9,1
100,22,7.07,85.8,50,6.2,83,1
100,23,6.98,67.6,50,22.2,81.1,1.1
100,24,7.26,54.9,50,15.3,96.8,1.1
100,25,6.84,86.7,50,16.8,85,1.1
100,26,7.47,41.9,50,15.8,83.6,1.1
100,27,7.35,97.8,50,21.8,92.1,1.2
100,28,7.01,45.4,50,31.9,91.5,1.2
100,29,7.32,103.6,50,11,98,1.2
100,30,6.88,92.8,50,10.8,84.5,1.3
100,31,6.91,90,50,26.1,86.1,1.3
100,32,6.92,105.6,50,12.7,98.8,1.3
100,33,6.84,100,50,23.7,90.2,1.3
100,34,7.1,39.7,50,30.9,90.2,1.3
100,35,6.76,105.2,50,31,88.1,1.3
100,36,7.29,86.6,50,20.1,94,1.3
100,37,6.87,46.7,50,24,82.9,1.3
100,38,7.17,76.1,50,9.7,97.9,1.4
100,39,7.4,30,50,17.3,81,1.4
100,40,7.47,53,50,30.4,84.7,1.4
100,41,7.13,58.1,50,25.3,87,1.4
100,42,7.03,108.1,50,14,94,1.4
100,43,7.16,35.9,50,17,97.8,1.4
100,44,7.4,107.4,50,17,97.8,1.5
100,45,6.87,51.9,50,29.3,87,1.5
100,46,6.81,62.2,50,7.9,92.8,1.5
100,47,7.3,48,50,32.6,90.4,1.5
100,48,6.76,80.2,50,6,88.2,1.5
100,49,6.73,67,50,24.3,97.6,1.5
100,50,7.19,76.7,50,14.3,96.2,1.5
101,0,7.07,73.7,50,26.5,83.8,1.5
101,1,6.92,49.8,50,8.9,81.9,1.5
101,2,7.26,83.4,50,30.2,85.6,1.5
101,3,7.46,30.1,50,34.6,94.1,1.5
101,4,7.28,83.4,50,18.6,93.8,1.5
101,5,7.03,77.2,50,29.9,80.7,1.5
101,6,7.42,71.7,50,32.5,96.4,1.6
101,7,6.96,77.4,50,18.9,94,1.6
101,8,7.02,74.5,50,21.2,84.2,1.6
101,9,6.99,104.9,50,31.6,86.3,1.6
101,10,6.94,69,50,12.3,91.5,1.6
101,11,7.37,94.5,50,23.8,81.1,1.6
101,12,6.71,72.5,50,31.5,97.9,1.6
101,13,7.01,84.8,50,30.4,95.8,1.6
101,14,7.1,86.2,50,20.1,98.1,1.7
101,15,7.42,86.1,50,27.5,89,1.7
101,16,6.95,82.6,50,6.8,86,1.7
101,17,6.71,59,50,5.2,81.4,1.7
101,18,7.04,91.2,50,31,81.1,1.7
101,19,7.44,97.6,50,23.2,94.3,1.7
101,20,6.78,76.3,50,12,92.7,1.7
101,21,7.47,109.2,50,31.8,91.4,1.8
101,22,7.49,36.8,50,5,85.9,1.8
101,23,7,98.3,50,28.1,87.6,1.8
101,24,7.37,75.1,50,28.9,98.6,1.8
101,25,7.18,55.9,50,19.5,81.4,1.9
101,26,7.48,72.5,50,13.5,85.1,1.9
101,27,6.91,88.1,50,26.3,87.6,1.9
101,28,7.24,96.1,50,16.6,97.8,1.9
101,29,7.25,102.7,50,9.2,91.7,1.9
101,30,6.86,69.4,50,7,94.8,1.9
101,31,7.06,52,50,24.4,87.9,1.9
101,32,7.14,107.5,50,7.1,97,1.9
101,33,7.29,81.1,50,33.7,82.6,1.9
101,34,7.37,33.8,50,18.4,97,2
101,35,7.14,95.5,50,12.9,88.4,2
101,36,7.2,88.8,50,18.1,81.2,2
101,37,6.79,98.9,51,16.7,86.5,0.2
101,38,7.3,34.6,51,8.3,91.7,0.3
101,39,7.1,80.1,51,27.6,94.4,0.3
101,40,6.96,48.5,51,11.7,98,0.3
101,41,7.42,86.3,51,26.1,82.8,0.3
101,42,7.02,98.9,51,33.1,95.1,0.3
101,43,6.84,71,51,23.7,83.6,0.4
101,44,6.88,43.4,51,26,89.7,0.4
101,45,7.16,68.7,51,17,93.6,0.4
101,46,6.91,65,51,15.5,81.1,0.4
101,47,6.78,89,51,11.2,91.4,0.4
101,48,7.22,53.5,51,32.7,89.1,0.4
101,49,6.92,31.3,51,8.1,89.6,0.4
101,50,7.14,90.5,51,19.3,93.9,0.4
102,0,7.18,84.8,51,10.1,92.6,0.5
102,1,7.47,100.1,51,30.2,80.2,0.6
102,2,7.05,76.7,51,26.8,91.8,0.6
102,3,7.25,105.5,51,18.7,85.2,0.6
102,4,6.75,44,51,8,86.4,0.6
102,5,7.18,69.6,51,32.6,94.4,0.6
102,6,6.78,54.1,51,7.2,87.3,0.7
102,7,7.3,74,51,25.1,84.5,0.7
102,8,7.33,55.2,51,24.1,87,0.7
102,9,7.34,103.2,51,9.2,94.2,0.8
102,10,7.06,66,51,18.1,95.2,0.8
102,11,6.93,39.1,51,21.6,90,0.8
102,12,6.98,87.8,51,34.8,81.2,0.9
102,13,7.16,72.8,51,7.2,96.7,0.9
102,14,7,100.7,51,27.1,96.8,0.9
102,15,7.22,86.8,51,10.1,81.7,0.9
102,16,7.25,30.3,51,28.3,94.1,0.9
102,17,6.75,41.8,51,11.1,81.3,0.9
102,18,7.44,61.4,51,8.2,82.3,1
102,19,7.35,90.7,51,28.5,81,1
102,20,7,39.4,51,11.9,93.3,1
102,21,7.39,34.8,51,7.7,81.9,1
102,22,7.24,51,51,14.5,97.5,1
102,23,7.48,37.8,51,21.4,98.2,1
102,24,6.79,87.9,51,32.5,87,1
102,25,7.08,36.1,51,14.2,96.8,1
102,26,7.38,31,51,21.3,88.9,1.1
102,27,6.91,61.3,51,22.9,93.3,1.1
102,28,6.89,108.7,51,19.7,82.6,1.1
102,29,6.96,104.5,51,16.6,98.3,1.1
102,30,7.44,79.6,51,16.1,86,1.1
102,31,6.94,60.4,51,16.2,81.4,1.2
102,32,6.84,42.9,51,16.1,82.4,1.2
102,33,7.46,33.6,51,7.6,84,1.2
102,34,7.07,47.3,51,9.1,84.9,1.2
102,35,6.98,33.9,51,6.5,97.6,1.2
102,36,7.38,76.6,51,17.5,97.9,1.2
102,37,6.73,85.8,51,23.6,88.4,1.2
102,38,6.71,96.7,51,14.4,89.7,1.2
102,39,6.73,77.8,51,24.6,94.4,1.3
102,40,7.13,31.8,51,20.9,96.8,1.3
102,41,7.24,30.1,51,11.3,82.9,1.3
102,42,7.01,78.4,51,22.5,82.4,1.3
102,43,6.94,44.5,51,16.7,88.2,1.3
102,44,7.25,105.9,51,26.2,83,1.3
102,45,7.3,56.8,51,25.2,92.7,1.3
102,46,7.38,95.1,51,31.9,85.9,1.4
102,47,7.02,107.6,51,29.2,86,1.4
102,48,7.4,97.8,51,22.2,92.2,1.4
102,49,7.08,30.7,51,9.5,98.5,1.4
102,50,7.33,103.4,51,19.4,96.4,1.4
103,0,7.37,82.6,51,18.2,88.1,1.5
103,1,7.28,70,51,33.2,96.7,1.5
103,2,7.17,71.7,51,8.1,88.9,1.5
103,3,7.34,91.9,51,15.3,82.6,1.5
103,4,7.1,59.1,51,18.1,93.5,1.5
103,5,7.35,43.9,51,33.2,82.7,1.5
103,6,7.03,107.1,51,20.5,90.7,1.5
103,7,7.27,91.4,51,28.8,83.7,1.5
103,8,7.36,80.6,51,10.4,88.5,1.5
103,9,7.07,83.1,51,20.3,91.8,1.5
103,10,7.03,58,51,15.8,91.7,1.5
103,11,7.41,97.9,51,26,89.7,1.5
103,12,6.87,77.5,51,17.5,89.9,1.5
103,13,6.72,61.7,51,32.7,97.9,1.6
103,14,7.34,82.2,51,14.4,95.8,1.6
103,15,7.37,43,51,21.8,87.5,1.6
103,16,7.13,62.8,51,8,96.1,1.6
103,17,7.03,72,51,23.5,89.8,1.6
103,18,6.82,65.4,51,5.7,95.7,1.7
103,19,7.17,66.3,51,22,92.8,1.7
103,20,7.01,62.6,51,12.8,80.1,1.7
103,21,6.93,76.1,51,21.9,98.5,1.7
103,22,7.23,32.3,51,24.7,81.1,1.7
103,23,7.17,61.4,51,25.3,92.2,1.7
103,24,7.09,79.6,51,9.1,82.2,1.8
103,25,6.98,34.9,51,24.1,91.1,1.8
103,26,7.22,93.4,51,12.3,80.1,1.8
103,27,7.22,79.4,51,18.8,81.1,1.8
103,28,7.34,43.7,51,27.3,83.6,1.8
103,29,7.18,61.5,51,13,93.3,1.8
103,30,7.26,77.8,51,34.8,96.1,1.9
103,31,7.11,60.5,51,32.4,87.7,1.9
103,32,6.9,35.9,51,33.3,92.8,1.9
103,33,6.94,101.5,51,7,85.1,1.9
103,34,6.87,46.8,51,9.7,90.1,2
103,35,7.16,108.7,51,11.3,80.2,2
103,36,,,51,,,
103,37,,,51,,,
103,38,7.05,64.7,52,26.7,97.5,0.2
103,39,7.38,106.4,52,10.2,94.3,0.2
103,40,7.46,69.1,52,16.9,82.6,0.2
103,41,6.77,84.6,52,33,95.1,0.3
103,42,6.83,94.5,52,27.1,83.6,0.3
103,43,7.22,40.2,52,17.9,91,0.3
103,44,7.33,41,52,5.6,94.4,0.3
103,45,7.05,31.3,52,21.7,92.3,0.3
103,46,7.02,90.6,52,15.9,82.1,0.3
103,47,6.87,51.6,52,27.2,91,0.3
103,48,6.84,83.5,52,33.2,98.3,0.3
103,49,6.74,97.5,52,24.3,91.4,0.3
103,50,6.98,65,52,8.5,96.3,0.3
104,0,7.1,39.3,52,6.3,97.5,0.4
104,1,7.39,53.2,52,21.4,98.2,0.4
104,2,7.37,53.5,52,11.6,96.4,0.4
104,3,7.1,78.8,52,31.3,85.9,0.4
104,4,6.89,32.2,52,13.9,97.4,0.4
104,5,6.88,78.5,52,20.6,80.4,0.4
104,6,6.76,69.5,52,21.3,97.1,0.4
104,7,7,69.2,52,31.4,86.1,0.5
104,8,6.89,83.6,52,6.9,90,0.5
104,9,6.83,90.5,52,8.8,83.6,0.5
104,10,6.81,97.3,52,33.9,92.5,0.5
104,11,7.34,101.4,52,34.8,97.9,0.5
104,12,7,104.8,52,33.1,95.7,0.6
104,13,7.24,50.8,52,19.6,93.6,0.6
104,14,7.46,86.9,52,8.8,84,0.6
104,15,6.77,66.9,52,17.9,80.3,0.6
104,16,7.15,94.4,52,21,93.9,0.6
104,17,6.97,54,52,22.9,98.2,0.6
104,18,6.71,84.2,52,21.1,93.1,0.6
104,19,6.8,109.4,52,29.7,96.1,0.6
104,20,7.28,31.7,52,6.7,83.6,0.6
104,21,7.42,33.8,52,27.8,94,0.6
104,22,6.9,100.1,52,14.7,90.1,0.6
104,23,7.45,76,52,16.1,97.2,0.7
104,24,6.73,96.4,52,30.3,90,0.7
104,25,7.05,62.8,52,7.4,86.3,0.7
104,26,6.84,76.9,52,19.9,83.1,0.7
104,27,6.99,35.8,52,23.2,86.9,0.7
104,28,6.8,69.8,52,22.7,97.8,0.7
104,29,6.85,47.7,52,34.2,94.2,0.8
104,30,7.01,40,52,15.5,82.4,0.8
104,31,6.77,69.5,52,14.1,84.4,0.8
104,32,6.79,107.9,52,34.9,83.8,0.8
104,33,7,75.9,52,28,92.6,0.8
104,34,7.03,93,52,22.9,94.8,0.8
104,35,6.74,86.5,52,8.3,90.4,0.8
104,36,6.83,90.4,52,9.1,91.7,0.8
104,37,6.75,87.8,52,5.7,96.1,0.8
104,38,7.18,67.5,52,11.8,85.8,0.9
104,39,7.36,84.4,52,34.7,91.1,0.9
104,40,7.33,89.2,52,27.7,81.3,0.9
104,41,7.35,103.3,52,16.7,93.2,0.9
104,42,6.74,46.3,52,26,88.9,0.9
104,43,7.24,43.9,52,12.9,87.1,0.9
104,44,7.02,55.8,52,19.8,96.8,0.9
104,45,7.32,48,52,21.6,86,0.9
104,46,7.05,101.3,52,26.4,94.6,0.9
104,47,7.2,63,52,32.8,81.4,1
104,48,7.47,48.6,52,32.4,90.3,1
104,49,6.73,51.1,52,22,87.1,1
104,50,7.05,75.5,52,24.2,83,1
105,0,7.24,104.3,52,12.4,95.8,1
105,1,6.94,59.3,52,14.5,92.9,1
105,2,6.85,103.5,52,9.7,94.5,1.1
105,3,7,77.3,52,6.7,94.5,1.1
105,4,6.93,84.3,52,27,93,1.1
105,5,7.37,67.4,52,12.3,83.1,1.1
105,6,7.26,73.9,52,10.3,83.6,1.2
105,7,7,80.5,52,29.1,96.7,1.2
105,8,6.9,35,52,8.6,84.5,1.2
105,9,7.33,41,52,6.9,95.2,1.2
105,10,7.36,76,52,27.1,98.8,1.3
105,11,6.81,94.8,52,22.1,86,1.3
105,12,6.87,57,52,22.4,96,1.3
105,13,7.1,44,52,15.6,83.9,1.4
105,14,7.25,37.6,52,26.2,87.9,1.4
105,15,7.01,87,52,10.7,83.2,1.5
105,16,6.87,76.8,52,27.5,83.1,1.5
105,17,6.77,82.5,52,9.7,93.9,1.5
105,18,6.81,67.3,52,28,82.8,1.5
105,19,7.39,49.4,52,31.5,83.8,1.5
105,20,6.97,102,52,33.7,96.4,1.5
105,21,6.83,102.7,52,29.7,85.9,1.6
105,22,7.14,38.8,52,25.7,89.5,1.6
105,23,7.06,109.3,52,33.5,98.4,1.6
105,24,6.76,81.9,52,17.4,98.7,1.6
105,25,7.21,49.1,52,6.1,91.6,1.7
105,26,7.09,87.9,52,17.6,87.1,1.7
105,27,6.78,98.3,52,13.7,94.5,1.7
105,28,7.3,31.7,52,29.6,89.1,1.7
105,29,6.81,34.1,52,9.9,91.8,1.7
105,30,7.31,94,52,24.7,91.6,1.7
105,31,7.11,70.2,52,27.5,97.3,1.8
105,32,7.04,82.1,52,11.2,98.8,1.8
105,33,7.11,93.6,52,10.1,84.2,1.8
105,34,7.32,98.2,52,28.9,92.6,1.9
105,35,7.22,42.7,52,13.1,84.8,1.9
105,36,7.24,52.9,52,16.9,92.2,1.9
105,37,7.06,66.6,52,28.4,94.1,1.9
105,38,7.04,99.4,52,33.5,92.1,2
105,39,,,52,,,
105,40,,,52,,,
105,41,,,52,,,
105,42,,,52,,,
105,43,7.25,93.3,53,24.1,83.3,0.2
105,44,7.17,109.2,53,11.8,87.2,0.2
105,45,7,97.1,53,14.1,95.8,0.3
105,46,7.17,83.2,53,23.7,80.9,0.3
105,47,7.19,35.4,53,34.5,88.6,0.3
105,48,7.41,104.8,53,17.6,89.4,0.3
105,49,7.18,100.9,53,26.7,98.4,0.3
105,50,6.74,57.9,53,33,86.2,0.3
106,0,6.77,62.8,53,31.9,83,0.3
106,1,6.86,85.8,53,25.2,84.1,0.3
106,2,6.95,69.2,53,24.5,86,0.4
106,3,7.2,101.1,53,25.4,93.5,0.4
106,4,7.04,47.2,53,10.3,82.6,0.4
106,5,6.7,51.8,53,17.6,93.8,0.4
106,6,7.44,107.2,53,16.3,93.9,0.4
106,7,7,39.8,53,28.1,81.8,0.4
106,8,7.19,34.1,53,27.8,82.5,0.4
106,9,6.89,98.7,53,25.2,95,0.4
106,10,6.76,81.2,53,21.5,84.9,0.4
106,11,7.41,55.5,53,24.5,95,0.4
106,12,6.87,53.3,53,13.2,94.8,0.5
106,13,7.24,73.8,53,14.4,96.3,0.5
106,14,7.41,74.6,53,34.3,81.1,0.5
106,15,7.31,69.1,53,34.1,89.1,0.5
106,16,7.06,75.7,53,20.7,92.6,0.5
106,17,6.86,71.7,53,10.3,93.3,0.5
106,18,6.89,68.7,53,11.2,80.4,0.6
106,19,7.44,84.6,53,15.1,98,0.6
106,20,7.05,79,53,7.6,85.7,0.6
106,21,6.91,89.8,53,22,83,0.7
106,22,7,47.8,53,12.1,93,0.7
106,23,6.88,70.4,53,27.1,90.9,0.7
106,24,7.01,91.2,53,18.3,80.4,0.7
106,25,7.01,89,53,16.4,86.1,0.7
106,26,7.17,42.2,53,34,98.5,0.7
106,27,6.93,45.2,53,16.4,95.2,0.8
106,28,6.99,99.8,53,31,91.4,0.8
106,29,7.42,51.7,53,30.5,80.9,0.8
106,30,6.86,46.7,53,15.4,82,0.8
106,31,6.72,36.3,53,15.7,87.9,0.8
106,32,7.32,64.3,53,22,91.7,0.9
106,33,7.36,100.2,53,32.2,84.3,0.9
106,34,6.74,40.2,53,25.2,98.8,0.9
106,35,6.84,38.6,53,32.9,95.5,0.9
106,36,7.49,57.7,53,27.4,89,0.9
106,37,7.2,92.3,53,11.3,86.1,0.9
106,38,7.49,109.9,53,21.8,87.3,1
106,39,7.17,87.7,53,29.7,89.6,1
106,40,7.3,57.1,53,15.9,87.3,1
106,41,7.45,63.6,53,33.6,83.4,1
106,42,6.85,109.4,53,5.7,83.7,1
106,43,7.47,99.9,53,11.8,95.2,1
106,44,7.12,100.5,53,19.9,97.3,1
106,45,6.72,32.7,53,21.6,88.9,1.1
106,46,7.4,41.3,53,13.4,85,1.2
106,47,6.97,99,53,6.2,92.1,1.2
106,48,6.75,95.3,53,32.6,91.4,1.2
106,49,6.72,91,53,8,85.2,1.2
106,50,6.94,95.9,53,33.5,81.8,1.2
107,0,7.43,54.1,53,8.2,85.1,1.2
107,1,7.37,55.1,53,22.5,88.5,1.2
107,2,7.39,105.6,53,30.8,96.7,1.2
107,3,7.32,79.9,53,11.4,92,1.3
107,4,6.84,64,53,21,91.3,1.3
107,5,7.06,94.7,53,14.3,83.5,1.3
107,6,7.13,41,53,26.5,97.2,1.4
107,7,6.97,65.8,53,25.9,92.6,1.4
107,8,6.81,58.1,53,16.2,80.2,1.4
107,9,7.13,67.1,53,22.7,93.8,1.4
107,10,7.39,92.5,53,33.1,86.8,1.4
107,11,7.33,58.5,53,24.4,95.3,1.4
107,12,7.11,64.8,53,25.9,95.7,1.4
107,13,6.84,107.8,53,24.6,98,1.5
107,14,6.9,96.3,53,19,81.2,1.5
107,15,7.06,75.9,53,16.4,84.8,1.5
107,16,7.35,60.3,53,28.6,97.4,1.5
107,17,7.44,108.8,53,9.3,96.3,1.5
107,18,7.06,58.3,53,32.8,96.4,1.6
107,19,6.99,58,53,6.5,80.5,1.6
107,20,6.92,39,53,8.8,95.1,1.6
107,21,6.78,83.3,53,6.8,93.2,1.6
107,22,7.12,65.7,53,15.3,83.9,1.6
107,23,6.72,109.7,53,21.3,85.8,1.6
107,24,7.27,64.6,53,29,80.5,1.6
107,25,6.87,73.9,53,14.9,85.1,1.6
107,26,7.3,87.2,53,30.5,93.3,1.6
107,27,7.23,104.8,53,11.2,90.9,1.6
107,28,7.19,40.2,53,6.2,85.4,1.6
107,29,7.37,59.8,53,13.7,88.3,1.7
107,30,7.04,103.9,53,31.9,80.4,1.7
107,31,6.84,31.3,53,17.3,89,1.7
107,32,7.16,67.4,53,14.6,81.1,1.7
107,33,6.97,72.5,53,9.4,82.3,1.7
107,34,6.99,80.9,53,10.3,95.2,1.7
107,35,6.74,72.1,53,5.4,89.7,1.7
107,36,7.01,80.6,53,6.9,85.2,1.7
107,37,7.03,70.3,53,32.1,96.6,1.7
107,38,6.73,103.6,53,25.3,90.7,1.7
107,39,7.3,53.9,53,21,80.5,1.8
107,40,7.14,65.8,53,5.5,95.4,1.8
107,41,7.26,87.3,53,5,95,1.8
107,42,7.17,78.6,53,34,83.9,1.8
107,43,6.77,32.9,53,14.3,97.8,1.8
107,44,7.23,82,53,16.6,92.4,1.8
107,45,6.75,96.3,53,33.3,95.3,1.8
107,46,7.07,40,53,24.9,91,1.8
107,47,7.19,41.7,53,12.5,81.9,1.9
107,48,7.27,38.2,53,11.8,85.4,1.9
107,49,6.96,87,53,23.6,81.2,1.9
107,50,7.21,43.5,53,26,93.9,1.9
108,0,7.22,108.4,53,20.2,95.8,1.9
108,1,7.49,42.8,53,27.9,93.4,1.9
108,2,7.23,77.7,53,8.7,85.1,1.9
108,3,6.79,48.3,53,11.3,89.1,2
108,4,,,53,,,
108,5,7.21,102.8,54,29.3,88.3,0.2
108,6,7.02,34.3,54,31.7,80.1,0.2
108,7,6.79,76.2,54,31.3,85,0.2
108,8,7.11,74.1,54,16.5,94.6,0.2
108,9,7,75.2,54,21.7,95.3,0.3
108,10,6.79,34.4,54,14.5,87,0.3
108,11,7.04,41.8,54,27.5,82.3,0.3
108,12,7.06,37.7,54,7,92.5,0.3
108,13,6.88,64.1,54,34.8,87.7,0.3
108,14,6.86,34.2,54,34.4,82,0.3
108,15,7.49,39.2,54,11.9,91.7,0.3
108,16,6.74,91.3,54,21.7,96.4,0.3
108,17,7.47,39.5,54,19.8,94.5,0.3
108,18,7.06,105.3,54,17.9,87.3,0.3
108,19,7.32,106.5,54,24.3,83.4,0.3
108,20,7.39,42.5,54,6.6,96,0.3
108,21,6.75,93.6,54,27,80.6,0.4
108,22,7.47,93.2,54,20.1,91,0.4
108,23,7.18,79.1,54,23.9,80.5,0.4
108,24,7.16,110,54,24.2,94.1,0.4
108,25,7.16,36.3,54,32,90.8,0.4
108,26,7.06,83.9,54,25.5,89.8,0.4
108,27,7.42,43.1,54,11.3,97.2,0.5
108,28,6.81,104,54,7.9,88.7,0.5
108,29,6.82,51.2,54,34.3,97.8,0.5
108,30,7.23,48.2,54,26.9,98.1,0.5
108,31,7.33,103.3,54,5.9,83.7,0.5
108,32,7.5,43,54,9.5,82.9,0.6
108,33,6.96,92.9,54,14.9,97.4,0.6
108,34,7.46,91,54,19.1,90.2,0.6
108,35,7.5,73.6,54,7.5,90.6,0.6
108,36,7.3,86.8,54,17.4,88.8,0.6
108,37,6.89,68.1,54,12.7,95.2,0.6
108,38,6.98,67.3,54,30.5,90.5,0.6
108,39,7.11,77.4,54,22.7,93.7,0.7
108,40,6.91,101.9,54,29.1,87.4,0.7
108,41,7.02,108,54,25.6,91.4,0.7
108,42,7.13,106.6,54,31.6,80.2,0.7
108,43,7.04,33.4,54,25.5,95.4,0.8
108,44,7.03,68.3,54,33.8,98.6,0.8
108,45,7.26,41.6,54,34.2,91.2,0.8
108,46,6.72,108.5,54,35,81.7,0.8
108,47,6.99,37.1,54,13.1,92.9,0.9
108,48,6.7,88.4,54,11.4,86.5,0.9
108,49,6.91,86.3,54,17.2,84.9,0.9
108,50,7.06,109.3,54,7.6,85.4,0.9
109,0,7.27,102.3,54,31.7,81.4,1
109,1,7.22,95,54,32.1,91.4,1
109,2,7.18,51.9,54,5.1,95.4,1.1
109,3,7.01,69.6,54,33.1,86.6,1.1
109,4,7.36,87.7,54,18.9,86.8,1.1
109,5,7.41,37.7,54,9.6,81.1,1.1
109,6,6.85,72.7,54,23.1,95.8,1.1
109,7,6.87,39,54,9.3,95.1,1.2
109,8,7.07,74.9,54,9.5,88.8,1.2
109,9,6.75,67.7,54,22.9,98.3,1.2
109,10,7.3,101.2,54,18.7,94,1.2
109,11,7.22,54.8,54,26.1,80.9,1.3
109,12,7.28,43.9,54,27.7,94.3,1.3
109,13,7.2,102.8,54,33,98,1.3
109,14,7.23,56.8,54,24.3,88.7,1.3
109,15,6.75,41.6,54,16.9,86.6,1.3
109,16,6.9,68.7,54,19.4,99,1.3
109,17,7.43,62.1,54,21.6,98.5,1.3
109,18,7.24,70.7,54,9.6,94.7,1.4
109,19,6.87,44.9,54,11.1,97.7,1.4
109,20,7.26,62,54,33,89.1,1.5
109,21,6.95,61.7,54,28.9,87,1.5
109,22,7.21,87.8,54,21.7,96.1,1.5
109,23,6.93,39.4,54,22.9,84.1,1.5
109,24,7.29,83.5,54,30.1,86.5,1.6
109,25,7.1,92.8,54,10.1,85.1,1.6
109,26,7.44,63.2,54,12.2,89.7,1.6
109,27,7.42,78.5,54,10.7,85.2,1.6
109,28,7.46,82.2,54,24.2,87.4,1.7
109,29,7.22,88.3,54,10.2,90.6,1.7
109,30,6.74,69.2,54,10,87.2,1.7
109,31,6.87,45,54,28.5,85.7,1.7
109,32,7.18,48.2,54,29.4,85.6,1.8
109,33,7,41.3,54,31.2,84.2,1.8
109,34,6.9,78.5,54,18.8,82,1.8
109,35,7.07,47.3,54,11.6,80.4,1.9
109,36,7.27,82.3,54,16.1,98.8,1.9
109,37,7.35,48.7,54,10.8,85.9,1.9
109,38,7.02,79.3,54,20.3,82.7,1.9
109,39,7.07,80.7,54,29,87.7,1.9
109,40,7.07,84.3,54,14.1,82.6,2
109,41,6.9,49.7,54,23.4,82.8,2
109,42,,,54,,,
109,43,,,54,,,
109,44,7.26,95.1,55,23.5,90.6,0.2
109,45,7.25,68.3,55,19.5,92.9,0.2
109,46,7.18,30.3,55,5.9,82.7,0.3
109,47,7.49,89.1,55,29,86,0.3
109,48,6.71,106.5,55,7.3,86.1,0.3
109,49,6.96,71.7,55,17.9,84.1,0.4
109,50,7.49,46.5,55,15.6,86.6,0.4
110,0,6.84,63.2,55,28.7,95.7,0.5
110,1,6.75,97.2,55,18.5,84.3,0.5
110,2,6.88,60.9,55,18.6,86.1,0.5
110,3,7.13,90,55,34.2,86.6,0.5
110,4,7.33,42.9,55,31.4,94.9,0.5
110,5,7.16,95.4,55,7.6,88.7,0.6
110,6,6.94,96.1,55,9,93.3,0.6
110,7,7.34,37.2,55,21.1,83.9,0.6
110,8,7.49,57.3,55,16.1,81.5,0.6
110,9,7.12,75.7,55,30.9,92.4,0.7
110,10,7.45,73.7,55,7.3,86.3,0.7
110,11,7.07,46.7,55,11.2,81.3,0.7
110,12,6.79,79,55,33.9,92.2,0.7
110,13,7.1,63,55,10,84.3,0.7
110,14,6.71,82.1,55,26.3,86.1,0.7
110,15,6.8,40.4,55,20.5,92.3,0.7
110,16,7.47,85.7,55,28.8,92.5,0.7
110,17,7.25,81.1,55,33.4,90,0.8
110,18,7.47,107.6,55,5.6,80.8,0.8
110,19,6.79,101.3,55,23.8,90.3,0.8
110,20,7.23,40.1,55,30.7,90.6,0.8
110,21,7.05,60.1,55,21.4,93.8,0.8
110,22,6.76,60.3,55,13.1,88.9,0.8
110,23,7.36,77.2,55,11.8,80.6,0.8
110,24,7.41,32.8,55,9.4,93.1,0.9
110,25,6.79,96.2,55,32.1,97.6,0.9
110,26,6.74,89.7,55,19.1,87.9,0.9
110,27,7.33,94.2,55,33.1,93.2,0.9
110,28,7.34,43.4,55,18.5,86.4,0.9
110,29,7.37,91.8,55,6.4,93.6,0.9
110,30,7.11,59,55,14,98.6,0.9
110,31,6.78,93,55,11.4,83,0.9
110,32,7.47,32.8,55,19.3,84.7,0.9
110,33,7.13,76.5,55,20.9,83.9,1
110,34,7,32.1,55,34.7,81.1,1.1
110,35,6.99,80.5,55,8.4,82,1.1
110,36,6.92,97.3,55,17.6,87.2,1.1
110,37,7.27,102.3,55,9.5,81.1,1.1
110,38,7.41,54.5,55,34.4,83,1.1
110,39,7.31,46.5,55,15.4,80.1,1.1
110,40,7.04,91,55,10.8,82.9,1.2
110,41,7.19,50.3,55,7.9,85.7,1.2
110,42,6.84,32.4,55,7.8,95.6,1.2
110,43,7.15,76.9,55,18.5,97.6,1.2
110,44,7.35,71.4,55,7.3,91.8,1.3
110,45,7.12,101.5,55,33.7,86.6,1.3
110,46,7.3,70.8,55,27.4,88.4,1.3
110,47,7.47,41.7,55,25.9,87.2,1.3
110,48,7.34,109.2,55,29.3,90.5,1.3
110,49,7.34,85.2,55,10.7,83.3,1.3
110,50,7.08,68.9,55,22.6,99,1.3
111,0,7.41,107.9,55,27.9,90.9,1.3
111,1,7.26,55,55,23.5,96.5,1.3
111,2,7.18,107.5,55,29.8,82.1,1.3
111,3,7.07,100.2,55,16,88.4,1.4
111,4,7.21,105.1,55,15.2,84,1.4
111,5,7.2,50.1,55,12.1,86.4,1.4
111,6,7.29,57.2,55,17.7,84.1,1.4
111,7,7.26,60.6,55,31.8,97,1.5
111,8,6.87,46.7,55,24.4,97.9,1.5
111,9,7.48,32.2,55,18.6,82.3,1.5
111,10,6.79,30.2,55,27.5,82.2,1.5
111,11,6.87,96.2,55,8.3,96.4,1.5
111,12,6.76,98.3,55,11.3,81.7,1.5
111,13,6.78,59.5,55,22.1,94.6,1.5
111,14,6.93,74.2,55,19.8,96.9,1.5
111,15,6.78,98.3,55,6.1,94.8,1.5
111,16,6.74,48.7,55,23.8,93.6,1.5
111,17,7.1,58.6,55,10.2,91.3,1.5
111,18,7.47,105,55,24.6,96.2,1.5
111,19,7.26,36.7,55,31.1,96.4,1.5
111,20,7.31,34.5,55,17.5,88.6,1.5
111,21,6.75,62.6,55,21.9,88.8,1.6
111,22,7.16,94.1,55,15.2,91.3,1.6
111,23,7.25,96.5,55,31,83.6,1.6
111,24,6.81,54.1,55,25.3,91.2,1.6
111,25,7.17,38.8,55,9.3,84.2,1.6
111,26,7.32,73.5,55,34.3,83.2,1.6
111,27,7.48,58,55,34.4,97.8,1.6
111,28,7.07,101.2,55,17.5,89.6,1.6
111,29,6.86,103.4,55,32.9,83.2,1.6
111,30,6.88,54,55,26.6,90.5,1.6
111,31,7.42,64.1,55,18.9,98.3,1.6
111,32,7.09,107,55,17.6,87.2,1.7
111,33,7.14,101,55,24.7,88.8,1.7
111,34,7.5,56.5,55,13.1,89.2,1.7
111,35,7.32,69.6,55,22,94.7,1.7
111,36,7.29,49.3,55,27.4,97.1,1.8
111,37,7.32,39,55,12.5,88.8,1.8
111,38,6.94,31.9,55,24.9,83.1,1.8
111,39,6.89,100.8,55,10.6,92.5,1.8
111,40,7.17,100.2,55,25.4,89.5,1.8
111,41,6.83,102.9,55,25.8,87.6,1.8
111,42,6.73,98.9,55,24.7,97.1,1.8
111,43,7.45,45.9,55,5.3,89.5,1.8
111,44,7.04,60.2,55,7,81.2,1.9
111,45,6.74,31.1,55,20.3,93.9,1.9
111,46,7.09,98.6,55,10.3,90.2,1.9
111,47,7.31,60.2,55,8.2,92.2,1.9
111,48,6.82,80.8,55,10.2,98,1.9
111,49,7.41,46.6,55,23.5,94,1.9
111,50,7.45,38.7,55,27.1,83.6,1.9
112,0,7.14,47,55,17.8,83.1,1.9
112,1,6.9,54.2,55,15,97.3,2
112,2,7.02,71.6,55,12.3,83.5,2
112,3,7.38,67.4,55,6.1,94.8,2
112,4,6.93,109.9,56,8.4,95.7,0.2
112,5,7.09,85,56,24.4,86.3,0.2
112,6,7.19,82.6,56,20.6,95.2,0.2
112,7,7.13,33,56,29.1,96.4,0.2
112,8,7.49,63.1,56,18.7,96.4,0.2
112,9,7.29,30.4,56,31.9,95.8,0.3
112,10,6.83,64.9,56,11.4,89.9,0.3
112,11,6.94,92.1,56,16.9,93.9,0.3
112,12,7.32,74.2,56,5.8,98.8,0.3
112,13,6.93,82.5,56,7.6,87.5,0.3
112,14,6.91,78.6,56,33.9,97.4,0.3
112,15,7.34,78.6,56,33.5,81.8,0.3
112,16,7.19,86.2,56,6.2,88.1,0.4
112,17,6.89,30.7,56,22.4,90.2,0.4
112,18,7.23,103.8,56,22.7,85.3,0.4
112,19,7.41,90.7,56,31.2,97.3,0.4
112,20,6.74,83.1,56,30.9,81.6,0.4
112,21,6.94,57.6,56,18.3,94.4,0.5
112,22,7.22,43.5,56,13.3,81.7,0.5
112,23,7.22,103.9,56,31.4,88.8,0.6
112,24,7.21,31.7,56,29.3,90,0.6
112,25,7.35,39.1,56,9.3,90.6,0.6
112,26,7.39,67.9,56,14.9,82.5,0.6
112,27,7.49,44.8,56,17.6,94.5,0.6
112,28,7.05,58.8,56,34.5,84.3,0.6
112,29,6.91,56.8,56,17.1,81.9,0.6
112,30,7.04,32.5,56,20.9,84.4,0.6
112,31,7.43,78,56,12,89.7,0.6
112,32,7.3,59.5,56,8.1,92.7,0.6
112,33,6.84,47.7,56,32.9,86.7,0.6
112,34,6.83,88.7,56,8.4,92,0.6
112,35,7,32,56,17.6,80.6,0.6
112,36,6.83,79.3,56,21.6,94.3,0.6
112,37,7.01,63.5,56,9.3,95.1,0.7
112,38,7.16,85.8,56,9.6,87.6,0.7
112,39,7.13,32.6,56,34,93.8,0.8
112,40,7.32,80.4,56,32.5,81.4,0.8
112,41,7.46,100.3,56,8.8,92.4,0.8
112,42,7.1,47,56,17.5,92.7,0.8
112,43,7.43,88.7,56,5.7,91.1,0.9
112,44,7.3,35,56,8.5,93.1,0.9
112,45,7.39,74.2,56,32.6,81.5,0.9
112,46,7.5,51.2,56,8.9,81.9,0.9
112,47,6.83,74.6,56,23.6,96.8,0.9
112,48,6.88,53.2,56,11.5,87.4,0.9
112,49,6.88,87.1,56,33.7,82.8,0.9
112,50,7.28,107.5,56,14.9,82.4,0.9
113,0,6.72,97.7,56,21,91.6,0.9
113,1,6.81,33.7,56,8.7,89.5,0.9
113,2,7.23,89.7,56,13.8,95.7,0.9
113,3,6.73,101.6,56,16,88.9,0.9
113,4,7.28,77.5,56,15.2,88.7,0.9
113,5,7.41,84.2,56,13.2,94.7,0.9
113,6,6.83,33.8,56,9,83.9,1
113,7,6.95,55.5,56,5,94.3,1
113,8,6.91,68.7,56,11.8,85.6,1
113,9,7.34,62.1,56,32.4,91.2,1
113,10,6.94,91.8,56,19.1,88.5,1
113,11,7.21,88.5,56,32,82.9,1
113,12,6.82,74.5,56,32.2,93.5,1
113,13,7.28,88.9,56,20.4,92.9,1
113,14,7,109.2,56,26.8,92.6,1
113,15,6.98,91.5,56,28.9,84.4,1
113,16,6.92,80.7,56,11.3,88,1
113,17,6.76,64.4,56,15,98.6,1
113,18,7.42,61.2,56,5.4,92.5,1.1
113,19,7.14,60.1,56,24.6,98.3,1.1
113,20,7.3,45.2,56,31.7,98.6,1.1
113,21,6.97,81.3,56,34.6,93.9,1.2
113,22,7.41,79.2,56,31.4,97.5,1.2
113,23,6.99,98.1,56,24.4,85,1.2
113,24,7.36,98.1,56,23.6,90.6,1.2
113,25,7.05,75,56,13.5,98.5,1.2
113,26,7.16,78.6,56,20,93.3,1.2
113,27,6.99,67.4,56,8.1,93.3,1.2
113,28,7.07,109.7,56,14.6,88.4,1.3
113,29,7.21,56.7,56,33.2,96.6,1.3
113,30,7.01,40.2,56,24.3,89.8,1.3
113,31,6.95,43.4,56,24.3,84,1.3
113,32,6.91,81.4,56,16.2,81.8,1.3
113,33,6.74,45.6,56,18.2,81.7,1.3
113,34,6.78,101.9,56,29.5,86.5,1.4
113,35,6.91,61.5,56,24.6,95.6,1.4
113,36,7.18,49.6,56,11,82.2,1.5
113,37,7.03,40.3,56,12.4,81.4,1.5
113,38,7.41,99.6,56,11.2,87.4,1.6
113,39,7.37,96,56,19.1,97.7,1.6
113,40,6.97,92.6,56,14,83.2,1.6
113,41,7.44,108.6,56,21.2,84.2,1.6
113,42,7.14,84.5,56,15.4,88.9,1.6
113,43,7.39,75.5,56,15.1,98.8,1.7
113,44,6.99,30.9,56,16.2,85.1,1.7
113,45,7.35,49.6,56,31.7,82.5,1.8
113,46,7.08,109.1,56,27.3,96.6,1.8
113,47,6.91,36.8,56,34.6,87.7,1.8
113,48,7.37,35,56,15.6,92.2,1.8
113,49,7.48,52.2,56,7.5,84.9,1.9
113,50,6.8,74.6,56,32.5,91.4,1.9
114,0,7.49,100.4,56,19.3,90.3,2
114,1,7.05,107.6,56,14.1,90.2,2
114,2,6.98,100.1,56,28.3,92.9,2
114,3,,,56,,,
114,4,,,56,,,
114,5,,,56,,,
114,6,,,56,,,
114,7,,,56,,,
114,8,7.03,61.1,57,29.3,90.8,0.2
114,9,7.2,70,57,21.7,98,0.2
114,10,7.04,66.9,57,7.7,85.5,0.3
114,11,6.94,51.2,57,10.4,95.5,0.3
114,12,7.29,75.8,57,27.2,98.7,0.3
114,13,7.41,53.7,57,26,90.8,0.3
114,14,7.29,107.5,57,31.6,89.9,0.3
114,15,7.03,94.5,57,8.6,89.4,0.4
114,16,7.24,107.8,57,5.3,85.1,0.4
114,17,6.92,66.2,57,12.2,94.7,0.4
114,18,6.94,110,57,21.5,95.4,0.4
114,19,7.38,75.4,57,27.1,80,0.4
114,20,7.35,74.9,57,25.2,87.7,0.4
114,21,6.8,105.8,57,28.3,97.3,0.4
114,22,7.4,105.6,57,18.9,84.8,0.5
114,23,7.15,39,57,25.5,86.3,0.5
114,24,7.49,69.5,57,19,87.1,0.5
114,25,7.36,38,57,24.9,84.9,0.5
114,26,6.86,86.6,57,26.7,87.3,0.5
114,27,7.1,44,57,5.9,87.9,0.5
114,28,7.18,64.1,57,31.5,97.3,0.5
114,29,7.38,41.3,57,18.8,95.4,0.5
114,30,7.1,71.1,57,8.7,95.7,0.5
114,31,7.39,53.2,57,11,94.9,0.6
114,32,7.33,69,57,19.5,91,0.6
114,33,7.35,89,57,10.2,92.4,0.6
114,34,7.4,100.4,57,17.2,90.6,0.6
114,35,7.36,70.1,57,18.9,92.1,0.6
114,36,7.2,38.3,57,18.5,85.4,0.7
114,37,7.2,57.8,57,13.1,84.3,0.7
114,38,7,53.4,57,27.7,85.3,0.7
114,39,6.97,90,57,22.2,91.5,0.7
114,40,6.72,79.9,57,21.8,90.5,0.7
114,41,7.21,71,57,6.8,91.1,0.7
114,42,7.26,102.7,57,26.3,93.7,0.8
114,43,7.48,46.7,57,13.5,96,0.8
114,44,6.89,84.8,57,8.2,86.4,0.8
114,45,7.34,102.5,57,29.3,96.1,0.8
114,46,7.24,81.8,57,27.9,90.7,0.8
114,47,7.28,95.2,57,18.2,85.3,0.9
114,48,7.34,79.6,57,17.5,83.8,0.9
114,49,7.08,30.6,57,32.8,97.7,0.9
114,50,6.9,73.8,57,14.4,83.9,0.9
115,0,7.04,70.3,57,19.1,84.7,0.9
115,1,7.38,59.9,57,30.1,82.3,0.9
115,2,6.8,82.3,57,21.1,92.7,0.9
115,3,7.35,39,57,13.8,92.7,1
115,4,7.36,96,57,12.1,91.3,1
115,5,7.23,31.6,57,14,80.4,1
115,6,7.37,94.5,57,29.1,83,1
115,7,7.34,93.5,57,28,96.7,1.1
115,8,7.36,99.8,57,26.4,93.2,1.1
115,9,6.78,60.2,57,33.1,94.2,1.1
115,10,7.49,46.6,57,12.8,88.8,1.1
115,11,7.3,78.5,57,19.4,83.9,1.1
115,12,7.18,93.6,57,12.7,89,1.1
115,13,6.92,103.3,57,23.5,90.5,1.2
115,14,6.8,107.7,57,28.2,96.9,1.2
115,15,7.44,39,57,17.9,89,1.2
115,16,7.29,108,57,25.6,83.1,1.2
115,17,7.48,82.2,57,34.4,88,1.2
115,18,6.85,77.5,57,7.2,88.1,1.2
115,19,6.76,92.9,57,24,88.4,1.2
115,20,7.18,54.7,57,13.2,80.5,1.3
115,21,7.37,44.2,57,33,96.2,1.3
115,22,7.24,87.8,57,23.4,82.2,1.3
115,23,7.17,45.5,57,13.5,82.3,1.4
115,24,7.13,90.3,57,20.7,91.2,1.4
115,25,6.71,36.2,57,34.3,84.6,1.4
115,26,7.24,60.4,57,14.4,99,1.4
115,27,6.94,38.3,57,14,95.4,1.4
115,28,7.21,34.8,57,23.8,90.2,1.4
115,29,6.98,54.3,57,31.6,98,1.5
115,30,6.81,37.7,57,10.8,93.3,1.5
115,31,7.17,98.6,57,33.2,90.9,1.5
115,32,7.12,76.8,57,22.8,86.8,1.5
115,33,7.35,81.4,57,20.2,97.1,1.5
115,34,6.86,79.7,57,14.2,81.1,1.5
115,35,6.89,77.3,57,21.3,82,1.5
115,36,7.26,59.9,57,8.7,85,1.5
115,37,7.06,45.1,57,19.1,85.4,1.5
115,38,7.26,97.2,57,32.3,81,1.6
115,39,6.86,72.8,57,22.4,85.3,1.6
115,40,6.74,41.4,57,19.2,97.7,1.6
115,41,6.77,67.6,57,26.8,93.9,1.6
115,42,7.49,30.4,57,15.4,85.5,1.7
115,43,7.18,50.5,57,10.4,96.4,1.7
115,44,7.47,54.9,57,19.3,92.8,1.7
115,45,6.88,51,57,10.7,90.5,1.7
115,46,6.95,103.8,57,22.6,91.7,1.7
115,47,7.37,82.5,57,10.4,83.5,1.7
115,48,7.29,64.7,57,13,83.2,1.8
115,49,7.25,66.2,57,11.3,85.3,1.8
115,50,7.35,33.5,57,11,97.8,1.8
116,0,7.45,36.1,57,31.8,98.3,1.8
116,1,6.81,93.5,57,7.4,96.1,1.8
116,2,7.46,101.8,57,29.8,99,1.9
116,3,7,60,57,27.7,87.6,1.9
116,4,6.91,50.9,57,21.1,81.7,2
116,5,7.11,41.4,57,8,98.7,2
116,6,6.77,106.9,57,13.6,93.7,2
116,7,,,57,,,
116,8,,,57,,,
116,9,,,57,,,
116,10,,,57,,,
116,11,,,57,,,
116,12,,,57,,,
116,13,,,57,,,
116,14,,,57,,,
116,15,6.75,95.4,58,22.1,92,0.2
116,16,7.38,54.2,58,31.4,94.2,0.2
116,17,7.37,94.9,58,26,96,0.2
116,18,6.91,43.6,58,12.1,87.9,0.2
116,19,6.72,49.2,58,19.5,80.4,0.2
116,20,6.73,98.6,58,25.4,93.3,0.3
116,21,6.94,62.1,58,20.6,97.9,0.3
116,22,6.72,65.7,58,9.7,97.5,0.3
116,23,7.06,94.3,58,24.2,97.4,0.3
116,24,6.94,69.6,58,30.9,80.3,0.4
116,25,7.43,48.5,58,32.1,80.3,0.4
116,26,7.27,61.2,58,10.5,98.8,0.4
116,27,7.16,81.8,58,34.5,89.6,0.4
116,28,7.13,76,58,11.5,90.5,0.5
116,29,7.33,80,58,6.7,98.2,0.5
116,30,7.32,48,58,19.9,91.5,0.5
116,31,7.17,37.8,58,24.2,95.5,0.5
116,32,7.39,32.7,58,13.8,88.4,0.5
116,33,7.07,37.6,58,32.6,87.7,0.5
116,34,7.29,31.9,58,6.7,80.8,0.6
116,35,6.92,88.3,58,10.7,92.5,0.6
116,36,6.87,97.6,58,23.3,91.2,0.6
116,37,7.18,61.9,58,20.2,90.2,0.6
116,38,6.98,60.5,58,5.7,81.4,0.6
116,39,6.72,38.3,58,14.9,95.7,0.6
116,40,7.46,36.4,58,9.6,85.4,0.6
116,41,6.9,91.7,58,34.7,86.9,0.6
116,42,7.08,60.3,58,5.4,85.3,0.7
116,43,6.84,78.3,58,26.1,92.7,0.7
116,44,7.43,58.4,58,20.5,98.1,0.7
116,45,6.81,46.8,58,33.4,83.4,0.7
116,46,7.47,80.4,58,20.6,92.1,0.7
116,47,7.06,80.1,58,13.2,86.4,0.7
116,48,7.42,67.2,58,24.5,94,0.7
116,49,7.03,64.3,58,31.3,94.9,0.7
116,50,7.21,84.3,58,19.5,98.5,0.8
117,0,7.46,30.2,58,16.2,92.5,0.8
117,1,6.72,39,58,30.7,84.2,0.8
117,2,6.88,81.2,58,18.4,85.2,0.8
117,3,7.19,56.9,58,12.5,89.6,0.8
117,4,7.21,93.8,58,26.6,86.1,0.9
117,5,7,100.5,58,16.3,81.3,0.9
117,6,7.41,76.6,58,14.6,81.2,0.9
117,7,6.75,66.7,58,7.1,80,0.9
117,8,6.88,83.8,58,28.2,91.5,0.9
117,9,7.36,62.7,58,20.3,80.7,0.9
117,10,7.34,87.6,58,27.5,84.9,1
117,11,7.47,40.9,58,29,89.8,1
117,12,6.84,63.1,58,20.6,81.6,1
117,13,7.34,37.5,58,14.5,96.1,1
117,14,7.47,95.6,58,30.4,96.5,1
117,15,6.71,92.6,58,22.3,94.8,1.1
117,16,6.86,47.6,58,8.8,96.5,1.1
117,17,6.85,34.1,58,34.7,84.5,1.1
117,18,6.73,39.2,58,16.9,96.4,1.1
117,19,6.71,64.9,58,16.2,82.5,1.2
117,20,6.74,65.7,58,17.4,84.3,1.2
117,21,7.42,79.9,58,29.1,90.9,1.2
117,22,6.73,84.4,58,20.7,90.4,1.3
117,23,6.87,98.6,58,17.1,87.1,1.3
117,24,7.19,67.3,58,31.8,92.8,1.3
117,25,7.14,80.3,58,31.8,93.8,1.3
117,26,7.45,69.1,58,6.2,87.6,1.3
117,27,6.8,48.2,58,24.9,92.6,1.3
117,28,6.72,51.8,58,17.1,86.4,1.3
117,29,7.28,64.5,58,15.8,88.8,1.3
117,30,6.97,92.8,58,21,96.2,1.4
117,31,6.86,30.9,58,20.6,98.4,1.4
117,32,7.02,62.4,58,26.1,95.5,1.4
117,33,7.25,62.8,58,24.7,97.7,1.5
117,34,7.19,91.7,58,14.5,87.5,1.5
117,35,7.38,89.5,58,24.9,95.3,1.5
117,36,7.04,41,58,10,84,1.5
117,37,7.32,80.2,58,21.6,96.9,1.5
117,38,7.15,82.4,58,25.9,88.4,1.5
117,39,6.96,103.9,58,17.3,82.2,1.5
117,40,7.16,78.5,58,31,93.7,1.5
117,41,7.11,40.7,58,12.9,96.3,1.5
117,42,6.74,59.6,58,6.3,97.8,1.6
117,43,6.96,54.7,58,11.9,96.6,1.7
117,44,6.87,35.9,58,7.2,83.3,1.7
117,45,6.83,79.5,58,21.9,91.3,1.7
117,46,7.21,61.7,58,30.2,88.8,1.7
117,47,6.74,46.2,58,6.7,89.8,1.7
117,48,7.47,75.8,58,9.5,92.2,1.8
117,49,6.92,75,58,29.5,90.2,1.8
117,50,6.79,97.9,58,17.9,94.3,1.8
118,0,6.77,93.8,58,34,93.1,1.8
118,1,7.21,52.3,58,27.5,87,1.8
118,2,6.79,74,58,13.9,92.8,1.8
118,3,6.79,47.2,58,7.2,82.1,1.9
118,4,7.33,60.8,58,19.8,91.3,1.9
118,5,6.76,79.9,58,11.4,91.4,1.9
118,6,6.81,67.3,58,11.7,89,1.9
118,7,7.43,41.7,58,27.7,98,1.9
118,8,6.86,92.2,58,29.1,89.9,1.9
118,9,7.13,81.7,58,31.2,82,2
118,10,,,58,,,
118,11,7.29,96.3,59,24.2,83.5,0.2
118,12,7.42,48.5,59,28.4,97.1,0.2
118,13,6.71,83.2,59,29.6,89.2,0.2
118,14,7.24,84.9,59,30.8,96.1,0.2
118,15,6.83,41,59,28.6,83.6,0.2
118,16,7.5,105.8,59,31.4,82.3,0.3
118,17,6.77,45.3,59,24.7,88.8,0.3
118,18,7.23,52.1,59,15.9,83.2,0.3
118,19,6.76,35.7,59,18.5,94.7,0.3
118,20,7.42,98.5,59,33.5,88,0.4
118,21,6.86,74,59,7.3,87.8,0.4
118,22,7.4,96.5,59,31,95.1,0.4
118,23,7.05,31.4,59,18.5,98,0.4
118,24,7.33,41.3,59,26.7,91.1,0.4
118,25,6.94,53.5,59,6.9,84.5,0.4
118,26,6.89,94.2,59,5.9,97.9,0.5
118,27,6.82,49.9,59,8.8,93.2,0.5
118,28,7.3,105.5,59,28.2,84.8,0.5
118,29,7.34,86.5,59,31.2,89.9,0.5
118,30,7.48,48,59,25.2,81.3,0.6
118,31,6.84,34.2,59,22.4,87.8,0.6
118,32,6.74,104.3,59,33,97.5,0.6
118,33,6.96,104.5,59,27.8,91.4,0.6
118,34,6.96,31.8,59,32.6,91.8,0.6
118,35,7.27,89,59,32.7,93.7,0.7
118,36,7.27,70.2,59,21.4,93,0.7
118,37,7.41,99.8,59,19.2,81.6,0.7
118,38,6.79,89.8,59,12.6,96.7,0.7
118,39,7.26,39.4,59,5.1,81.7,0.7
118,40,6.94,63.5,59,30,85.2,0.7
118,41,6.85,49.4,59,9.7,84.4,0.7
118,42,7.45,69,59,33.7,98.9,0.8
118,43,7.48,59.3,59,31.7,82.3,0.8
118,44,7.22,95.1,59,31.4,97.5,0.8
118,45,7.36,32.8,59,16.3,80.6,0.8
118,46,7.06,64.6,59,13.9,96.1,0.8
118,47,7.11,44.3,59,33.1,91.9,0.8
118,48,7.35,35.8,59,9.4,86.9,0.9
118,49,7.04,90.8,59,20.7,93.4,0.9
118,50,7.06,99.9,59,13,86.3,0.9
119,0,7.06,61.9,59,5.8,96.7,0.9
119,1,6.93,65.3,59,14.3,84.4,0.9
119,2,7.3,78.7,59,12.8,80.5,0.9
119,3,6.76,88.5,59,32,92.9,0.9
119,4,7.47,52.2,59,8.1,87.9,1
119,5,7.04,34.7,59,31.8,90.5,1
119,6,7.11,60.2,59,30.6,93.5,1
119,7,6.96,50.4,59,16.1,86.8,1
119,8,7.3,72.7,59,15.9,89.5,1.1
119,9,7.08,32.6,59,8.7,88.7,1.1
119,10,7.41,109.1,59,34.5,82.3,1.1
119,11,7.21,93.2,59,7.9,87.8,1.1
119,12,7.3,74.4,59,13.5,80,1.1
119,13,6.73,33.1,59,31.9,90.5,1.2
119,14,7.01,82.5,59,24.2,95.8,1.2
119,15,6.72,84.3,59,25.4,85.7,1.2
119,16,6.72,63.6,59,13.7,88.1,1.2
119,17,7.44,82,59,9.5,91.1,1.2
119,18,7.46,33.3,59,13.7,89.5,1.2
119,19,6.9,62.9,59,33,97.3,1.2
119,20,7.01,99.5,59,22,86.8,1.2
119,21,6.96,76.8,59,16.4,89.2,1.2
119,22,6.92,50.4,59,33.5,80.3,1.2
119,23,7.17,67.6,59,21.6,97.3,1.2
119,24,6.98,57.6,59,28.3,80.4,1.2
119,25,7.19,43,59,28.3,84,1.2
119,26,7.1,50.6,59,12.8,84.6,1.3
119,27,6.89,97,59,19.7,95,1.3
119,28,6.94,31.4,59,16.3,97.8,1.3
119,29,7.48,67.3,59,28.9,82.2,1.3
119,30,6.88,67.1,59,23.2,98.8,1.3
119,31,7.23,89.2,59,17.8,88.5,1.4
119,32,7.26,43.8,59,31,98,1.4
119,33,7.21,44.4,59,30,93.1,1.4
119,34,7.2,53.3,59,12.7,80.4,1.4
119,35,6.97,50.7,59,12.1,91.2,1.4
119,36,7.48,63.6,59,30.8,95.7,1.4
119,37,7.16,32.9,59,21.3,95.2,1.4
119,38,6.98,38.7,59,32.5,92.8,1.5
119,39,7.34,31.8,59,20,88.2,1.6
119,40,7.48,31.5,59,15.5,85.1,1.6
119,41,7.31,106.7,59,22.3,93.9,1.6
119,42,7.14,81.5,59,30.9,94,1.6
119,43,7.06,31,59,35,81.3,1.6
119,44,6.72,102,59,9.5,80.6,1.6
119,45,7.2,93.3,59,16.2,91.9,1.7
119,46,6.82,46.2,59,23.6,81.1,1.7
119,47,7.47,54.1,59,20,95.8,1.7
119,48,7.46,100.7,59,24.9,85.8,1.7
119,49,7.25,76.6,59,16.2,92.6,1.7
119,50,6.77,63,59,34.4,92.6,1.8
120,0,6.79,46.1,59,27,88.2,1.8
120,1,7.02,80.9,59,12.8,98.1,1.8
120,2,7.5,32.2,59,26.8,84.7,1.8
120,3,7.26,64.3,59,25.2,96.6,1.8
120,4,6.84,67.9,59,33.6,93.7,1.8
120,5,7.43,50.4,59,8.8,98.3,1.8
120,6,7.3,102.2,59,8,86.6,1.8
120,7,7.24,98.4,59,31.8,88.9,1.8
120,8,6.73,100.3,59,17.8,80.8,1.8
120,9,7.22,100.1,59,25.1,83.2,1.9
120,10,6.74,32.5,59,26.4,80.4,1.9
120,11,7.41,96.5,59,13.3,87.1,1.9
120,12,7.22,33.2,59,20.4,82.1,1.9
120,13,7.08,84.4,59,27.8,88.9,1.9
120,14,7.18,56.7,59,29.8,93.5,1.9
120,15,7.25,85.1,59,30.2,84.9,1.9
120,16,6.76,109.4,59,25.3,84.6,1.9
120,17,6.75,52.5,59,31.5,96,2
120,18,7.38,102.5,59,23.6,83.5,2
120,19,,,59,,,
120,20,7.1,69.8,60,14.6,90.6,0.2
120,21,6.86,70.6,60,16.4,81.7,0.2
120,22,7.46,37.4,60,31.9,95.4,0.3
120,23,7.06,31.1,60,5.1,94.1,0.3
120,24,6.73,62.5,60,25.6,85.5,0.3
120,25,6.79,53.3,60,28,89.1,0.3
120,26,7.46,53.6,60,33.3,82.3,0.3
120,27,7.13,104.8,60,21.8,89.9,0.3
120,28,6.86,34.9,60,27.2,85.4,0.3
120,29,7.46,43.9,60,13.2,95.6,0.3
120,30,7.39,36.8,60,21.3,82.1,0.3
120,31,6.92,98.4,60,29.1,80.6,0.4
120,32,6.81,98.7,60,5.3,85.2,0.4
120,33,7.41,97.6,60,12.4,95.5,0.4
120,34,7.42,61.6,60,32.7,87.8,0.4
120,35,7.25,35.4,60,10.3,80.8,0.4
120,36,7.18,51.8,60,25.9,98.9,0.4
120,37,7.4,104.6,60,26.2,84.5,0.4
120,38,6.85,106.2,60,25.8,96.9,0.4
120,39,6.71,105.9,60,12,96.9,0.4
120,40,6.74,58,60,15.6,84.4,0.4
120,41,7.48,63,60,27.1,83.2,0.4
120,42,7.07,103.6,60,9.4,86.8,0.4
120,43,6.99,49.8,60,20.3,87.7,0.5
120,44,7.09,74.3,60,17.1,97,0.5
120,45,7.18,54,60,13.1,87.4,0.5
120,46,6.87,67.6,60,7.1,92.3,0.5
120,47,7.04,89.2,60,13.7,87.2,0.5
120,48,6.75,90.7,60,17.5,85.3,0.5
120,49,7.49,92.8,60,10.7,87.7,0.5
120,50,7.44,38.3,60,20,82.2,0.5
121,0,6.98,102.5,60,22,83.2,0.5
121,1,6.87,105.2,60,17.9,83.1,0.6
121,2,7.25,89.2,60,22.8,84.1,0.6
121,3,6.77,79.6,60,21.9,93.8,0.7
121,4,7.04,33.1,60,26.7,81.2,0.7
121,5,7.24,31.5,60,10.4,86.4,0.7
121,6,7.01,93,60,19.5,87.1,0.7
121,7,7.25,57.7,60,34.9,96.1,0.7
121,8,7.48,41.5,60,28.4,80.6,0.7
121,9,6.75,52,60,12,88.9,0.8
121,10,7.44,46.6,60,32.8,88.5,0.8
121,11,6.86,38.6,60,21.5,84.7,0.8
121,12,7.31,105.8,60,14.5,83,0.8
121,13,7.43,84.1,60,13,83.2,0.8
121,14,7.45,93.9,60,10.3,87.7,0.8
121,15,6.95,99,60,18,85.8,0.8
121,16,7.15,48.7,60,24.8,87.4,0.9
121,17,6.83,64.6,60,8.8,96.9,0.9
121,18,7.17,42.2,60,8.2,81.9,0.9
121,19,6.93,50.8,60,10.6,89.2,0.9
121,20,6.74,104.2,60,7,97.9,0.9
121,21,7.36,95.4,60,12.1,91.2,0.9
121,22,6.81,47.1,60,22,85.7,0.9
121,23,7.26,96.2,60,29.2,97.5,0.9
121,24,6.88,78.4,60,32.1,98.5,1
121,25,7.04,99.1,60,21.1,92.3,1
121,26,6.95,40.2,60,32.3,94.4,1
121,27,6.73,94.8,60,15,95.7,1.1
121,28,6.74,43.8,60,33.6,90.7,1.1
121,29,6.98,69.6,60,11,90.8,1.1
121,30,6.86,60.4,60,16.6,84.3,1.1
121,31,6.72,55.5,60,29.2,89.8,1.1
121,32,7.05,103.5,60,34.9,86.3,1.1
121,33,7.22,32.9,60,11.2,80.7,1.2
121,34,7.16,92.6,60,10.1,89.1,1.2
121,35,6.72,57.3,60,30.2,92.4,1.2
121,36,6.99,104.4,60,5.5,82.2,1.2
121,37,7.07,64.8,60,12,92.1,1.2
121,38,7.24,89.2,60,17.8,85.9,1.3
121,39,6.87,40.1,60,16.9,97.4,1.3
121,40,6.77,35.4,60,17.5,87.2,1.3
121,41,7.34,62.9,60,27.5,96.4,1.3
121,42,6.71,109.7,60,28.8,93.7,1.3
121,43,6.7,46,60,23.1,91.2,1.4
121,44,7.38,62.5,60,24.6,93.1,1.4
121,45,7.07,76.7,60,13,86,1.4
121,46,6.73,39.5,60,11,83.2,1.4
121,47,7.14,64.9,60,18.7,95.7,1.4
121,48,6.75,36.9,60,5,90.7,1.4
121,49,7.04,67,60,22.1,84.6,1.4
121,50,7.13,77.6,60,31.4,89.6,1.5
122,0,6.98,107.7,60,22.9,93.2,1.5
122,1,7.2,109.2,60,33.5,92.9,1.5
122,2,7.27,31,60,12.8,80.6,1.5
122,3,7.22,89.8,60,12.3,98.7,1.6
122,4,7.33,106.4,60,21.3,84,1.6
122,5,7.23,63.6,60,26.6,92.8,1.6
122,6,7.49,65.9,60,17.7,88.9,1.6
122,7,7.02,36.6,60,32.7,94.6,1.6
122,8,7.33,70.4,60,30.7,85.7,1.6
122,9,7.5,83,60,8.2,91.7,1.6
122,10,6.77,97,60,25.3,89.2,1.6
122,11,6.75,38.6,60,22.8,84.6,1.6
122,12,7.27,74.6,60,10.1,90.4,1.7
122,13,7.5,57.2,60,15.3,95.4,1.7
122,14,6.73,35.7,60,21,96.6,1.7
122,15,7.31,38.2,60,24.8,96.7,1.7
122,16,7.15,101.5,60,13.1,98.1,1.7
122,17,7.24,105.4,60,24,93.2,1.8
122,18,7.48,78.9,60,7,96.1,1.8
122,19,6.77,80.5,60,29.7,91.8,1.8
122,20,7.41,78.5,60,8.3,88.4,1.9
122,21,6.82,76.7,60,33.9,97.4,1.9
122,22,6.91,103.3,60,23.1,89.7,1.9
122,23,7.4,47.6,60,33.5,88.6,1.9
122,24,7.34,56.2,60,15.7,94.2,1.9
122,25,7.37,54.4,60,20.9,82.9,1.9
122,26,6.75,57,60,11.5,90.6,1.9
122,27,7.42,89.1,60,27.1,86.1,1.9
122,28,6.76,49.4,60,30.9,83.7,2
122,29,7.15,90.4,60,7.4,90.7,2
122,30,,,60,,,
122,31,,,60,,,
122,32,,,60,,,
122,33,7.15,65.1,61,16.6,93.7,0.2
122,34,7.34,71,61,22,93.3,0.2
122,35,7.15,93.5,61,31.3,89.8,0.2
122,36,7.24,92.1,61,6.2,81.7,0.2
122,37,7.13,82.4,61,15.2,89.2,0.2
122,38,7.18,89.4,61,14.1,86,0.2
122,39,7.16,63.4,61,8.8,85.9,0.3
122,40,6.99,35.4,61,29.9,83.9,0.3
122,41,7.31,37.1,61,30.1,82.6,0.3
122,42,7.36,65.4,61,16.4,96.8,0.3
122,43,7.13,41.4,61,20.5,86.7,0.3
122,44,7.34,99.9,61,20.2,89.1,0.3
122,45,6.97,54.4,61,13.4,94.5,0.3
122,46,7.5,83.4,61,27.3,91.7,0.3
122,47,6.79,33.5,61,21.5,89.6,0.3
122,48,6.71,105.1,61,18.9,94.8,0.4
122,49,6.71,38.6,61,20.4,88.4,0.4
122,50,7.36,45.7,61,26.3,90.1,0.4
123,0,6.97,84.2,61,22.5,92.8,0.4
123,1,7.01,103.7,61,21.6,94.9,0.4
123,2,7.21,66.4,61,10.6,94.9,0.5
123,3,6.89,52.9,61,31.2,80.7,0.5
123,4,6.99,72.1,61,21.6,88.3,0.5
123,5,7.17,54,61,6.9,90.9,0.5
123,6,7.07,100.6,61,19.9,91.8,0.5
123,7,6.92,101.6,61,28.4,83.3,0.5
123,8,7.18,93.1,61,29.2,96.3,0.5
123,9,6.91,47.8,61,14.9,88.3,0.6
123,10,6.74,106.7,61,29.6,97.4,0.6
123,11,7.4,58.3,61,30.2,89.8,0.6
123,12,6.89,50.3,61,17.5,84,0.6
123,13,7.04,91.3,61,12.6,88.1,0.6
123,14,6.82,73.9,61,34.6,92.6,0.6
123,15,6.97,37.8,61,24.3,87.4,0.6
123,16,6.71,107.2,61,34.3,88.2,0.6
123,17,7.34,81.1,61,10.3,81.2,0.7
123,18,6.88,84.7,61,17.8,85.6,0.7
123,19,6.86,62.4,61,8.6,80.1,0.7
123,20,7.13,91.8,61,7.5,86.9,0.7
123,21,7.16,57.9,61,26.5,90.7,0.7
123,22,6.71,83.7,61,30.8,95.5,0.7
123,23,7.26,72.7,61,28.3,84,0.8
123,24,6.75,51.8,61,25.4,90.5,0.8
123,25,7.22,44.1,61,11.2,87.1,0.8
123,26,6.89,53,61,15.4,89.3,0.8
123,27,7.34,58.5,61,22.7,95.1,0.8
123,28,7.29,39.8,61,33.1,97.7,0.8
123,29,7.37,68.5,61,21.8,94.3,0.9
123,30,7.4,42.2,61,10.1,97.5,0.9
123,31,7.34,92.2,61,29.3,92.5,0.9
123,32,7.13,40.8,61,25.3,84.5,0.9
123,33,6.96,82.3,61,29.9,92,1
123,34,6.73,99.4,61,14.9,98.3,1
123,35,6.76,43.7,61,24.7,83.1,1
123,36,6.9,66.4,61,7.3,90.7,1
123,37,6.88,50.8,61,27.2,96.2,1
123,38,7.39,31.6,61,5.8,92.2,1
123,39,7.09,76.7,61,26.7,97.7,1
123,40,6.83,30.9,61,10.6,81.1,1.1
123,41,6.74,42,61,22.1,80.5,1.1
123,42,6.97,65.2,61,13.2,84.2,1.1
123,43,7.48,71.2,61,12.3,82.7,1.1
123,44,7.42,93.9,61,27.3,81.1,1.2
123,45,6.8,79,61,15.6,96.7,1.2
123,46,7.42,100.8,61,28,83.1,1.2
123,47,6.85,83.8,61,32.3,93.5,1.2
123,48,7.1,53.3,61,5.8,84.2,1.2
123,49,6.86,87.5,61,31.3,81.3,1.2
123,50,7.42,98.8,61,18.2,87.3,1.3
124,0,7.05,49.8,61,27.3,91.2,1.3
124,1,7.39,62,61,8.2,88.4,1.3
124,2,6.92,66.1,61,15.7,93.3,1.3
124,3,7.19,72.1,61,24.7,82.8,1.3
124,4,6.73,107.3,61,15.5,90.1,1.3
124,5,6.74,89.4,61,30.3,80.9,1.3
124,6,7.02,33.7,61,27,93.7,1.4
124,7,7.22,96.4,61,31.6,86.1,1.4
124,8,6.82,102.6,61,12.9,81,1.4
124,9,7.09,53.3,61,9.7,87.8,1.4
124,10,6.73,64.1,61,21.2,81,1.4
124,11,7.04,74,61,29,97.9,1.4
124,12,7.11,109.4,61,21,82.7,1.4
124,13,7.45,33.3,61,18.7,94.8,1.5
124,14,7.13,67.3,61,16.1,81.4,1.5
124,15,7.2,60.9,61,8.8,80.2,1.5
124,16,7.12,73.1,61,12.5,94.6,1.5
124,17,6.73,85.1,61,25.1,97.5,1.6
124,18,7.38,46.7,61,25.9,93.5,1.6
124,19,7.03,67.7,61,22.4,86.8,1.6
124,20,7.35,97.4,61,9.4,87,1.6
124,21,6.75,64.4,61,8.5,83.9,1.6
124,22,7.49,42.5,61,34.4,86.3,1.6
124,23,7.3,37.1,61,16.1,86.8,1.7
124,24,6.81,40,61,25.5,85.5,1.8
124,25,7.34,61.2,61,15.6,88,1.8
124,26,7.08,99.5,61,24,91.9,1.8
124,27,6.9,100.2,61,24.1,88.9,1.8
124,28,7.47,62.2,61,23.6,90.5,1.8
124,29,6.81,66.3,61,11,86.6,1.8
124,30,7.4,48.4,61,20.1,88.6,1.9
124,31,6.97,72.6,61,5.3,92,1.9
124,32,7.37,35.6,61,21.8,92.9,1.9
124,33,7,58,61,20.9,95.5,1.9
124,34,7.18,78.2,61,19.8,82.7,1.9
124,35,7.41,68.1,61,20.9,98.1,1.9
124,36,7.12,32.9,61,15.5,80.5,1.9
124,37,7.3,74.3,61,27.5,85.2,1.9
124,38,6.85,98.6,61,6.6,98.2,2
124,39,7.48,108.7,61,9.5,93.4,2
124,40,7.05,100,61,12.4,82.7,2
124,41,6.81,82.5,61,17,84.6,2
124,42,7.16,99.2,61,28,98.3,2
124,43,,,61,,,
124,44,,,61,,,
124,45,6.73,59.4,62,13.7,88.7,0.2
124,46,7.24,34.8,62,34.6,87.1,0.2
124,47,7.03,61.9,62,6.9,87.7,0.2
124,48,7.39,85.9,62,18.7,88.3,0.3
124,49,6.98,93.1,62,31.2,80.4,0.3
124,50,6.77,93.3,62,6.3,87.5,0.3
125,0,7.37,54.9,62,21,98.6,0.3
125,1,7.12,102.1,62,19.4,87.3,0.3
125,2,6.83,103.5,62,26.7,81.4,0.3
125,3,7.49,77.9,62,20.2,95.8,0.3
125,4,7.39,39.5,62,12.1,83.2,0.4
125,5,7.34,58.1,62,21.2,97.4,0.4
125,6,7.35,79.8,62,11.2,97.4,0.4
125,7,7.09,48.9,62,10.6,87.1,0.5
125,8,7.05,107.6,62,17.1,81.5,0.5
125,9,6.85,30.1,62,26.9,80.5,0.5
125,10,6.72,77.9,62,7.8,94.9,0.5
125,11,7.02,65.9,62,16.3,91,0.5
125,12,7.49,94.2,62,20.2,90.9,0.5
125,13,6.78,103.1,62,19.2,84.3,0.6
125,14,7.02,73.3,62,28.7,93.5,0.6
125,15,6.78,57,62,14,93.8,0.6
125,16,6.79,46.8,62,27.4,94.2,0.7
125,17,7.34,32.4,62,21.2,84.8,0.7
125,18,7.44,97.2,62,6.5,80.6,0.7
125,19,7.28,100,62,23.4,89.3,0.7
125,20,6.81,57.8,62,28.3,82.5,0.7
125,21,6.98,64.5,62,10.2,87.1,0.8
125,22,6.91,42.4,62,28.9,89.2,0.8
125,23,7.1,51,62,15.4,80.2,0.8
125,24,7.13,102.8,62,28.4,83.1,0.8
125,25,7.07,34.2,62,25.3,86.1,0.8
125,26,7.17,54.6,62,25.1,89.7,0.8
125,27,6.73,108.8,62,22.1,96.8,0.8
125,28,6.77,93.1,62,11.3,84.5,0.8
125,29,7.41,70.8,62,13.7,86.9,0.9
125,30,7.14,61.5,62,11.3,92,0.9
125,31,7.43,49.5,62,23.1,91.3,0.9
125,32,7.21,81.2,62,24.6,88.6,0.9
125,33,7.12,80.5,62,9.2,83,0.9
125,34,7.22,64.2,62,8.5,93.3,0.9
125,35,7.32,54.5,62,10.9,95.7,0.9
125,36,7.31,52.3,62,32,95,1
125,37,7.18,59.7,62,7.9,87.5,1
125,38,7.11,99.1,62,13.7,86,1
125,39,7.45,54,62,21.5,83,1
125,40,7.26,89.8,62,5.5,85.5,1.1
125,41,6.81,51.5,62,29.4,96.9,1.1
125,42,7.2,85.5,62,29,91.5,1.1
125,43,7.32,98.4,62,22.2,98.2,1.1
125,44,7.13,94.8,62,22.8,96.7,1.1
125,45,7.45,54.9,62,23.6,90,1.2
125,46,6.92,45.9,62,28.9,89.4,1.2
125,47,6.93,40.5,62,6.6,84.5,1.2
125,48,7.4,68.8,62,5.1,81.4,1.2
125,49,7.13,35.2,62,24.8,88.1,1.3
125,50,7.42,55.7,62,32.2,81.9,1.4
126,0,7.15,89.8,62,25.7,85.5,1.4
126,1,7.17,72.7,62,16.7,88.3,1.4
126,2,7.2,49.4,62,22.9,94.4,1.4
126,3,7.41,108.9,62,18,87.4,1.5
126,4,7.17,107,62,27.8,98.3,1.5
126,5,6.79,106.6,62,17.7,91.8,1.5
126,6,6.79,39.1,62,12.3,98.9,1.5
126,7,7.28,96.7,62,24.1,88.4,1.5
126,8,6.85,68.7,62,20.2,82.1,1.5
126,9,6.94,87.7,62,9.8,85.4,1.5
126,10,7.41,57.2,62,21.6,86.5,1.5
126,11,7.28,100.4,62,15.4,97.8,1.5
126,12,7.31,59.3,62,17.4,84,1.5
126,13,7,32.7,62,24.3,85.3,1.5
126,14,6.98,45.8,62,14.6,90.1,1.6
126,15,6.72,69.3,62,15.5,97.7,1.6
126,16,6.77,32.8,62,26.8,96.9,1.6
126,17,7.5,67.3,62,13.8,86.5,1.6
126,18,7.48,52.8,62,22.5,95.8,1.6
126,19,7.1,105.4,62,17.9,91.5,1.6
126,20,7.37,47.8,62,26.4,80.4,1.6
126,21,6.81,90,62,25.4,80.7,1.7
126,22,7.23,109.3,62,12.7,96.3,1.7
126,23,6.83,76.6,62,18.2,94.3,1.7
126,24,7.24,47.3,62,32.9,87.5,1.7
126,25,7.18,104.7,62,13.3,92.1,1.7
126,26,6.78,34.7,62,24.7,86.8,1.7
126,27,6.72,87.9,62,5.8,91.7,1.8
126,28,6.96,84.2,62,23.6,97.6,1.8
126,29,6.84,59.8,62,10.8,81,1.8
126,30,7.06,101.5,62,22.4,84.7,1.8
126,31,6.76,81.4,62,33.5,92.1,1.8
126,32,7.34,57.4,62,8.9,90.3,1.8
126,33,6.71,39.7,62,28.3,82.3,1.8
126,34,6.95,61.9,62,20,97.3,1.8
126,35,6.97,34.7,62,7.8,92.4,1.8
126,36,6.72,102.1,62,14.2,88.1,1.9
126,37,6.8,50.9,62,13,86,1.9
126,38,7.08,86.4,62,7,87.8,1.9
126,39,6.76,45.4,62,26.2,92.8,2
126,40,7.1,64,62,24.6,92.3,2
126,41,6.95,46.4,62,6.5,81.6,2
126,42,,,62,,,
126,43,,,62,,,
126,44,,,62,,,
126,45,,,62,,,
126,46,7.01,77.5,63,16.1,95.3,0.2
126,47,7.35,71,63,22.2,81,0.2
126,48,7.01,102.4,63,30.7,82.2,0.2
126,49,7.42,62.3,63,28.8,98.1,0.2
126,50,6.79,33.2,63,34.3,87.5,0.3
127,0,7.07,36.1,63,23.6,86.6,0.3
127,1,6.79,38.8,63,17.2,91.7,0.3
127,2,7.14,70.2,63,12.3,93.7,0.3
127,3,7.01,32.1,63,15.5,86.3,0.3
127,4,7.31,45.8,63,31.8,95.7,0.3
127,5,7.41,86,63,17.6,95.1,0.4
127,6,6.72,69.1,63,34.1,88,0.4
127,7,7.08,87.2,63,25.8,86.7,0.4
127,8,7.2,73.4,63,30.1,83.1,0.4
127,9,7.06,44.7,63,33.3,84.2,0.4
127,10,6.82,96.6,63,27.7,88.9,0.4
127,11,7.46,72.7,63,6.3,81.4,0.4
127,12,6.73,39.1,63,16.2,84.3,0.4
127,13,6.9,103,63,8.3,88,0.4
127,14,7.12,86.9,63,12.5,90.7,0.4
127,15,7.16,75.1,63,25.5,87,0.5
127,16,7.16,109.4,63,5.8,85.9,0.5
127,17,6.77,42.9,63,18.9,84.5,0.6
127,18,6.8,83.9,63,10.3,98.3,0.6
127,19,7.37,80.4,63,19.6,90.3,0.6
127,20,6.98,57.6,63,18.8,97.7,0.6
127,21,7.11,101.9,63,6.3,91.8,0.6
127,22,6.71,67.1,63,21.1,81.2,0.6
127,23,7.21,78.8,63,12.2,94.9,0.6
127,24,6.75,50,63,17.1,80.2,0.6
127,25,7.45,48.9,63,6.4,88,0.6
127,26,7.39,107.8,63,9.2,88.4,0.6
127,27,7.45,109.3,63,14.1,85.2,0.6
127,28,7.07,56.7,63,31.2,90.2,0.6
127,29,6.99,66.1,63,25.1,97.5,0.7
127,30,6.96,32.5,63,18.7,96.9,0.7
127,31,6.97,66,63,16.7,83.6,0.7
127,32,7.28,51.6,63,28.2,98.4,0.7
127,33,7.14,67.5,63,25.5,82.6,0.7
127,34,7.04,74.4,63,25.9,92.6,0.7
127,35,7.08,58.8,63,27.3,85.8,0.8
127,36,7.18,66.5,63,11.1,93.9,0.8
127,37,7.34,84.8,63,24.9,87,0.8
127,38,7.5,81.6,63,21,83.9,0.8
127,39,6.77,95.5,63,11.2,82,0.9
127,40,6.86,34.8,63,32.1,93.1,0.9
127,41,6.78,39.2,63,26,85.6,0.9
127,42,6.96,77.5,63,9.7,99,0.9
127,43,7.1,93.3,63,23.9,91.2,0.9
127,44,7.3,103.8,63,22.6,87.9,0.9
127,45,7.43,36.3,63,15.7,90.9,0.9
127,46,7.34,41.5,63,20.1,88,0.9
127,47,7.33,48.3,63,26.2,80,0.9
127,48,7.3,48,63,23.4,90.6,1
127,49,6.89,74.9,63,5.3,96.9,1
127,50,6.77,30.2,63,14,84.1,1
128,0,7.27,30.3,63,5.9,94.4,1.1
128,1,6.87,90.4,63,30.7,88.3,1.1
128,2,7.01,45.8,63,34,86.7,1.1
128,3,6.87,67.6,63,16.2,94,1.1
128,4,7.02,44.7,63,23.4,81.8,1.1
128,5,7.12,70.1,63,32,82,1.2
128,6,7.41,87.4,63,7.2,81,1.2
128,7,7.01,78.1,63,20.4,95.4,1.2
128,8,6.8,39.2,63,13.2,96.5,1.2
128,9,6.92,34.1,63,20.6,88.5,1.2
128,10,7.1,41.7,63,18.3,92.6,1.2
128,11,7.43,82.8,63,33.4,81,1.2
128,12,7.27,107.5,63,7.6,83.8,1.2
128,13,7.21,95.9,63,17.7,91,1.3
128,14,7.23,40.4,63,23.8,95.7,1.3
128,15,6.79,89.9,63,18.2,83.6,1.3
128,16,6.72,85.3,63,26.2,93.8,1.3
128,17,7.14,52.2,63,5.5,88.6,1.3
128,18,6.8,65.2,63,30.7,92.9,1.4
128,19,6.79,46.6,63,6.9,92.7,1.4
128,20,7.28,83.6,63,34.9,89.1,1.4
128,21,6.92,101.2,63,15.8,81.5,1.4
128,22,6.84,73.5,63,11.1,92.1,1.4
128,23,7.39,40,63,15,95.2,1.4
128,24,7.16,107.9,63,6.2,95.3,1.4
128,25,6.93,63.5,63,31.7,88.2,1.5
128,26,7.4,71.4,63,12.4,84.1,1.5
128,27,7.05,51.4,63,6.7,96.8,1.5
128,28,7.02,85.3,63,24,92.4,1.5
128,29,7.43,71.7,63,13,82.1,1.5
128,30,7.3,108.2,63,30.9,89.2,1.6
128,31,7.09,41.5,63,8.7,86.9,1.6
128,32,6.72,104.5,63,24.9,90.6,1.6
128,33,6.94,80.9,63,26.2,81.7,1.6
128,34,6.75,48.5,63,16.8,83.9,1.7
128,35,7.45,91,63,15,93.5,1.7
128,36,6.8,48,63,21.2,86.2,1.8
128,37,6.86,56.2,63,11.8,90.9,1.8
128,38,6.75,30.5,63,28.5,89,1.8
128,39,7.28,100.4,63,21.3,80,1.8
128,40,7.41,77.6,63,6.8,98,1.8
128,41,7.18,95.1,63,30.5,82.1,1.8
128,42,6.94,46.4,63,24.4,97.5,1.9
128,43,7.19,106.3,63,21.9,96.1,1.9
128,44,6.93,58.5,63,24.5,82,1.9
128,45,7.21,37.1,63,31.7,95.1,1.9
128,46,7.16,49.4,63,29.3,90.2,2
128,47,6.85,98.7,63,9.9,91.2,2
128,48,6.71,84.4,63,14.8,81.5,2
128,49,,,63,,,
128,50,,,63,,,
129,0,7.33,34.7,64,23.9,83.8,0.2
129,1,7.08,32.8,64,25.8,90,0.2
129,2,6.92,96.5,64,23.2,95.3,0.3
129,3,7.05,76.8,64,5.8,84,0.3
129,4,6.89,38.6,64,26.6,92.1,0.4
129,5,7.48,104.5,64,19.6,87.2,0.4
129,6,7.24,101.5,64,24,98.7,0.4
129,7,7.44,45,64,24.6,93.7,0.4
129,8,7.08,92,64,17.9,88.2,0.4
129,9,7.28,32.4,64,5.3,92.1,0.4
129,10,7.12,83,64,17.4,96,0.4
129,11,6.78,109.9,64,32.4,81.6,0.4
129,12,7.19,103.3,64,16.8,84.6,0.4
129,13,7.08,102.7,64,27,89.4,0.4
129,14,6.87,77,64,22.8,98.7,0.4
129,15,6.77,102.3,64,15.6,92.8,0.4
129,16,6.81,90.2,64,23,86.6,0.4
129,17,6.79,101.1,64,27.1,88.7,0.5
129,18,6.88,42.9,64,27.6,91,0.5
129,19,6.98,94.2,64,23,90,0.5
129,20,6.96,48.7,64,16.7,84.1,0.5
129,21,7.31,75,64,26.7,83.2,0.5
129,22,7.1,100.2,64,16.3,93.6,0.5
129,23,6.94,64,64,26.3,94.1,0.5
129,24,6.85,33.2,64,17.2,94.5,0.6
129,25,7.38,78,64,20.6,96.9,0.6
129,26,6.71,49.1,64,19.5,85.5,0.6
129,27,6.84,94.4,64,22.3,82,0.6
129,28,7.27,35.1,64,30.8,83.9,0.6
129,29,6.88,62,64,30.7,96.4,0.6
129,30,7.26,73.9,64,10.8,96.9,0.7
129,31,7.27,82.2,64,11.1,98.5,0.7
129,32,7.23,59,64,30.2,85.9,0.7
129,33,7.46,36.7,64,28.5,82.8,0.7
129,34,7.16,87.5,64,19.1,85.5,0.8
129,35,7.19,90.2,64,28.2,96.4,0.8
129,36,7.28,56.6,64,13.2,84,0.8
129,37,7.38,98.7,64,32.6,90.1,0.8
129,38,6.98,94.8,64,7.9,94.6,0.8
129,39,7.01,34.6,64,5.8,89.2,0.8
129,40,7.42,31.4,64,12.5,80.2,0.8
129,41,6.78,41.9,64,15.8,89.6,0.9
129,42,7.41,39,64,24.1,88.2,0.9
129,43,7.37,37.6,64,20.6,92.6,0.9
129,44,7.32,65.5,64,7.1,92.9,0.9
129,45,6.88,99.9,64,9.9,90,0.9
129,46,7.32,42.1,64,22,97,0.9
129,47,7.35,82.2,64,31.5,96.1,0.9
129,48,6.75,90.8,64,25.8,93,1
129,49,6.99,79.9,64,34.7,87.8,1
129,50,7.26,83.3,64,25.2,93.6,1
130,0,7.3,95.6,64,32.9,92.7,1
130,1,7.23,47.2,64,9.3,87.6,1
130,2,7.03,84.6,64,24.7,87.8,1
130,3,7.21,66.8,64,12.6,81.4,1
130,4,7.21,58.3,64,7.6,94.9,1
130,5,7.08,80.7,64,26.2,88.4,1
130,6,7.41,61.6,64,9.8,82.8,1.1
130,7,6.76,99,64,20.1,80.8,1.1
130,8,7.5,49.9,64,24.9,89.4,1.1
130,9,7.29,66.2,64,23.2,88.7,1.2
130,10,6.79,88.3,64,5.1,92,1.2
130,11,7.14,107.9,64,6.7,93.5,1.2
130,12,7.12,66.7,64,33.9,86.5,1.3
130,13,7.29,96.8,64,15.5,80.1,1.3
130,14,7.44,99.6,64,26.1,95.2,1.3
130,15,6.77,63.2,64,24.8,94.7,1.3
130,16,7.17,82.8,64,30.1,91.6,1.3
130,17,7.47,37.7,64,22.7,84.6,1.3
130,18,6.87,45.5,64,23,81.7,1.3
130,19,7.47,109.6,64,19.1,97.2,1.4
130,20,7.13,47.8,64,19.9,96.8,1.4
130,21,6.81,34.7,64,6.3,90.7,1.4
130,22,6.91,45.7,64,19.7,85,1.4
130,23,7,94.4,64,19.3,81.2,1.4
130,24,7.18,51.7,64,9.8,91.8,1.4
130,25,7.01,47.8,64,23.8,84.4,1.4
130,26,6.72,87.1,64,18.8,86.4,1.4
130,27,7.33,60.8,64,21.1,87.2,1.4
130,28,6.84,67,64,28.9,84.6,1.5
130,29,7.11,81.8,64,11.5,93.4,1.5
130,30,7.48,46.4,64,33.5,91.7,1.5
130,31,7.43,96.4,64,24,83.2,1.5
130,32,7.18,50.3,64,25.7,94.3,1.5
130,33,7.16,51.7,64,14.5,96.6,1.6
130,34,7.28,55,64,34.1,93.7,1.6
130,35,7.13,68.5,64,33.3,98.1,1.6
130,36,7.14,57.1,64,17.9,97.8,1.6
130,37,6.81,36.5,64,32.7,86.7,1.6
130,38,6.9,40,64,20.1,91.4,1.7
130,39,7.47,75.5,64,22.5,87.7,1.7
130,40,6.88,102.5,64,6.6,98.1,1.7
130,41,6.91,70.2,64,19.1,80.3,1.7
130,42,7.23,90.8,64,26.6,87.1,1.7
130,43,6.76,55.3,64,16.3,97.5,1.7
130,44,7.13,36.1,64,8.3,86.1,1.8
130,45,7.16,89.4,64,23.1,91.7,1.8
130,46,6.81,94.9,64,26.1,97,1.8
130,47,7.1,84.9,64,17.6,89.7,1.8
130,48,6.83,54,64,5.3,98.4,1.8
130,49,6.93,46.2,64,27.4,82.2,1.8
130,50,6.92,87.4,64,14.1,83.6,1.8
131,0,6.76,63.3,64,28.3,90.5,1.9
131,1,6.94,55.9,64,26.2,90.2,1.9
131,2,7.21,51.1,64,11,87.9,1.9
131,3,6.98,107.9,64,17.6,90.9,1.9
131,4,7.27,72.9,64,26.4,87.9,1.9
131,5,7.29,30.5,64,24.7,94,2
131,6,6.93,54.1,64,27.2,97.1,2
131,7,,,64,,,
131,8,,,64,,,
131,9,7.37,58.1,65,31.4,92.3,0.2
131,10,7.46,96.1,65,25.2,90,0.2
131,11,7.44,99.4,65,21.1,87.5,0.2
131,12,7.41,40.7,65,26.8,93.1,0.2
131,13,7.2,52.8,65,23,92.6,0.2
131,14,6.93,108.8,65,23.7,88.9,0.3
131,15,7.34,65.9,65,22.9,89.5,0.3
131,16,6.95,69.3,65,30.8,90,0.3
131,17,6.97,40.7,65,28.6,93.3,0.3
131,18,7.18,39.3,65,25.9,95.3,0.3
131,19,7.09,46.6,65,32.1,85.9,0.3
131,20,7.41,38.1,65,34.9,96.6,0.3
131,21,7.07,54,65,7.5,87.2,0.3
131,22,7.1,64.6,65,16.7,88.8,0.3
131,23,6.79,46,65,9.3,87.6,0.4
131,24,7,62.5,65,18,97.1,0.4
131,25,7.42,57.4,65,25.7,82,0.4
131,26,7.16,94,65,21.3,92.7,0.4
131,27,7.37,64,65,28.5,93.1,0.4
131,28,6.99,87.8,65,30.3,95.2,0.5
131,29,7.39,98.3,65,11.7,97.7,0.5
131,30,6.98,65,65,22.9,96.8,0.5
131,31,6.74,83.4,65,28.9,80.7,0.5
131,32,7.29,34.2,65,14.2,98.2,0.5
131,33,6.7,63.4,65,24.6,96,0.5
131,34,7.21,63.5,65,23.4,82.1,0.5
131,35,7.3,43.4,65,23,84.7,0.6
131,36,7.11,88.2,65,11.1,90.4,0.6
131,37,6.81,58.9,65,26.2,94.9,0.6
131,38,6.77,106.2,65,17.5,96.5,0.6
131,39,7.42,65.8,65,9.6,95,0.7
131,40,7.16,95.8,65,9.6,85.9,0.7
131,41,6.81,94.2,65,19.1,85,0.7
131,42,7.03,81.9,65,31.4,96.8,0.7
131,43,7.49,81,65,24.4,89,0.7
131,44,7.12,46,65,34.7,91.8,0.7
131,45,7.06,40.4,65,7.8,80.1,0.8
131,46,6.82,45,65,34.3,85.6,0.8
131,47,7.01,99.3,65,21,87.9,0.8
131,48,7.43,57.7,65,22.9,93.6,0.8
131,49,7.17,105.2,65,24.2,90.2,0.9
131,50,7.11,40,65,25.7,93.6,0.9
132,0,7.37,100.2,65,6.1,90.3,0.9
132,1,7.49,74.5,65,15.3,85.2,0.9
132,2,7.32,95.9,65,27,93.5,0.9
132,3,6.75,91.4,65,25.5,96.9,0.9
132,4,7.06,39.5,65,13.5,95.8,1
132,5,6.75,36.2,65,30.8,88.3,1
132,6,6.78,51.7,65,11.6,87.6,1
132,7,6.81,61.3,65,9.7,90,1
132,8,6.75,30.7,65,34.8,93.1,1
132,9,6.93,75.3,65,17.7,80.6,1
132,10,7.05,56.7,65,14.1,86.4,1
132,11,7.41,90.2,65,22,92.1,1.1
132,12,6.85,48.4,65,14.6,83.2,1.1
132,13,7.5,92.4,65,15,83.7,1.1
132,14,6.81,82,65,19.6,94.7,1.1
132,15,7.36,109.4,65,28.1,85.4,1.2
132,16,7.2,107.6,65,14.9,90.8,1.2
132,17,7.39,43.7,65,20.7,81.7,1.2
132,18,7.49,59.9,65,18.6,85.3,1.2
132,19,7.06,91.4,65,33.5,85.5,1.2
132,20,7.05,87.5,65,20.8,89,1.2
132,21,7.15,46.7,65,11.4,85.7,1.3
132,22,7.29,31.7,65,17.6,85.2,1.3
132,23,7.41,48.9,65,23,93.8,1.3
132,24,7.43,73.6,65,17.2,90.3,1.3
132,25,6.83,92.5,65,11.9,88.6,1.3
132,26,7.31,44.8,65,24.1,93.2,1.3
132,27,7.11,68.9,65,24,82.9,1.3
132,28,7.22,73.1,65,27.1,82.1,1.3
132,29,7.2,63.1,65,11.9,82.5,1.3
132,30,6.93,87.7,65,18.2,80.1,1.4
132,31,7.44,109.1,65,10,81.2,1.4
132,32,6.99,41.8,65,32.2,95.6,1.4
132,33,6.9,92.4,65,34,89.6,1.4
132,34,7.36,96.7,65,31.9,81.1,1.4
132,35,7.08,59,65,20,89.8,1.4
132,36,6.89,84.4,65,21.6,89.6,1.4
132,37,7.16,55.8,65,27.7,89.4,1.6
132,38,6.89,105.3,65,12.6,98.8,1.6
132,39,7.37,31.4,65,34.8,87.7,1.6
132,40,7.33,44.1,65,25.1,87.4,1.6
132,41,7.16,82.7,65,8.4,88.3,1.6
132,42,7.31,105.3,65,28.6,95,1.6
132,43,7.22,104.4,65,18.9,84.2,1.7
132,44,7.39,99,65,12.5,93.2,1.7
132,45,7.19,45.7,65,19.7,96.3,1.8
132,46,7.24,108.3,65,9.2,89,1.8
132,47,6.87,36.5,65,5.4,97.8,1.8
132,48,7.31,82,65,34.3,80.6,1.8
132,49,7.21,108.5,65,5.6,96.4,1.9
132,50,7.48,45,65,33.1,97.6,1.9
133,0,6.87,39.7,65,31.1,83.9,1.9
133,1,7.44,85.9,65,18.5,98.6,1.9
133,2,7.39,102,65,27.6,81.4,1.9
133,3,6.96,109,65,9.2,87.6,1.9
133,4,7.43,81.8,65,11.7,81.5,1.9
133,5,6.71,61.7,65,5.2,93.1,2
133,6,,,65,,,
133,7,,,65,,,
133,8,,,65,,,
133,9,7.45,82.1,66,28.7,85.7,0.2
133,10,6.9,77.1,66,32.3,97.9,0.2
133,11,7.27,73.4,66,12.9,92,0.2
133,12,7.16,64.2,66,21.5,85.6,0.2
133,13,6.9,109.2,66,9.2,85.5,0.3
133,14,7.29,70.4,66,20.5,90.7,0.3
133,15,6.71,70,66,28.3,92.5,0.3
133,16,7.34,44.6,66,32.8,96.7,0.3
133,17,6.82,60.5,66,12.4,83.3,0.3
133,18,6.73,34.1,66,25.4,93.2,0.4
133,19,7.04,92.3,66,13.3,83.4,0.4
133,20,6.73,91,66,20.6,81.5,0.4
133,21,6.87,71.2,66,22.2,80.4,0.4
133,22,7.24,39.5,66,11.3,93.5,0.4
133,23,6.81,67.2,66,10.7,87.5,0.4
133,24,6.71,76.8,66,5.6,92.6,0.4
133,25,7.48,38.4,66,28.4,97,0.4
133,26,7.13,84.1,66,32.5,82,0.5
133,27,7.11,48.9,66,15,88.7,0.5
133,28,6.78,63.7,66,19,99,0.5
133,29,6.88,45.6,66,31.7,97.2,0.5
133,30,7.32,101.7,66,7.1,95.1,0.5
133,31,7.34,52.6,66,27,93.1,0.5
133,32,7.12,83.5,66,31.1,86.3,0.6
133,33,7.42,93.2,66,25,84.7,0.6
133,34,7.11,104.4,66,34.3,90.2,0.6
133,35,6.73,42.8,66,35,91.9,0.6
133,36,7.39,47.8,66,19.5,80.4,0.7
133,37,7.26,85.7,66,28,91.9,0.7
133,38,7.15,56.5,66,24.1,92.5,0.7
133,39,6.88,104.9,66,15.6,94.7,0.7
133,40,6.85,107.1,66,34.7,81.9,0.7
133,41,7.44,104.2,66,22,96.3,0.8
133,42,6.7,44.2,66,31.7,88.6,0.8
133,43,7.35,92.6,66,24.6,95.5,0.8
133,44,7.12,83.1,66,19.2,83.7,0.8
133,45,6.94,89.1,66,17.4,92.4,0.8
133,46,6.71,62.2,66,10.7,90.8,0.8
133,47,7.07,54,66,18.3,86.2,0.8
133,48,7.37,105.2,66,32.8,97.6,0.9
133,49,6.95,54.7,66,18.6,82.1,0.9
133,50,6.75,58.1,66,15.1,98.5,0.9
134,0,6.94,44.2,66,22.6,91.9,0.9
134,1,7.21,65.2,66,6.5,90.1,0.9
134,2,7.33,99.4,66,8.1,93.2,1
134,3,7.31,97.6,66,15.2,89.4,1
134,4,7.33,76.8,66,28.2,93.1,1
134,5,7.06,89,66,11.4,95.2,1
134,6,6.92,75.8,66,24.4,94.7,1
134,7,7.23,77.8,66,8.2,94.3,1
134,8,6.82,69.1,66,20.3,95.8,1
134,9,7.34,92.7,66,23.6,81.2,1.1
134,10,7.11,67.2,66,5.1,86.8,1.1
134,11,6.73,85.9,66,30.4,91.1,1.1
134,12,7.15,48.7,66,31.5,88.8,1.1
134,13,7.01,65.1,66,17.5,81.8,1.1
134,14,6.92,45.4,66,34.4,83.7,1.1
134,15,7.42,36.6,66,26.2,80.3,1.1
134,16,6.72,66.7,66,33.3,89.8,1.1
134,17,7.4,82.3,66,9,87.2,1.1
134,18,7.31,78.1,66,33.7,83.1,1.1
134,19,6.79,81.3,66,27.3,96.3,1.2
134,20,7.24,72.7,66,10.3,80.1,1.2
134,21,7.3,65.6,66,34.9,95.9,1.2
134,22,7.5,57.4,66,22,97.2,1.2
134,23,6.98,49.6,66,34,89.2,1.2
134,24,7.44,39.9,66,27.9,97.7,1.2
134,25,7.44,84.6,66,24.8,94.5,1.2
134,26,7.44,102.9,66,17.8,84.1,1.3
134,27,7.29,90.2,66,24.8,94,1.3
134,28,7.23,69.9,66,11.6,89.2,1.3
134,29,6.71,64,66,30.8,88.7,1.4
134,30,6.75,85.1,66,6.6,93.1,1.4
134,31,7.08,109.6,66,28.8,88.9,1.4
134,32,6.87,42.3,66,7.1,92.6,1.4
134,33,6.98,39.8,66,15.2,89.5,1.4
134,34,7.06,46.9,66,16.4,84.9,1.5
134,35,6.99,59.2,66,20.9,84.7,1.5
134,36,7.32,106.4,66,7.9,82.1,1.5
134,37,6.92,85.8,66,18.8,85,1.5
134,38,7.13,97.7,66,12.8,90.5,1.5
134,39,6.72,48.5,66,18.1,86.6,1.5
134,40,6.89,95.8,66,8.9,82.7,1.5
134,41,7.42,75,66,21.7,87.3,1.5
134,42,7.3,81.1,66,28.8,98.7,1.5
134,43,7.38,84.2,66,16.9,96.5,1.6
134,44,7,36.9,66,30.4,81,1.6
134,45,7.47,86.9,66,32.7,89.1,1.6
134,46,7.16,45.5,66,24.3,94.5,1.6
134,47,6.97,80.2,66,15.9,93.6,1.6
134,48,7.09,61.8,66,30.4,90.3,1.7
134,49,7.16,96.1,66,11.6,96.9,1.7
134,50,7.26,85.9,66,20.3,87,1.7
135,0,6.74,69.1,66,9,92.3,1.7
135,1,7.4,108.2,66,30.6,84.9,1.7
135,2,7.42,70,66,27.2,86.9,1.7
135,3,7.28,53.8,66,31,87.6,1.7
135,4,6.78,88,66,33.6,90.9,1.7
135,5,7,37.8,66,15.1,80.6,1.7
135,6,6.72,50.6,66,28.6,94.3,1.7
135,7,6.89,38.2,66,22.3,95.5,1.8
135,8,7.24,76.4,66,11.6,82.5,1.8
135,9,6.98,53.4,66,32.9,96.7,1.8
135,10,6.91,32,66,30.8,92.3,1.8
135,11,7.11,63.1,66,8.6,81.2,1.9
135,12,7.34,102.9,66,15.9,81,1.9
135,13,7.1,30.8,66,14.1,83.7,1.9
135,14,7.38,57.3,66,16.4,87.4,1.9
135,15,6.86,77.1,66,20,88.3,1.9
135,16,6.79,32.8,66,17.1,96.3,1.9
135,17,7.21,81.9,66,13.3,85.3,2
135,18,6.93,91.3,66,16.5,83.7,2
135,19,7.37,32.6,66,31.2,82.6,2
135,20,7.27,75.5,66,23.4,97.8,2
135,21,,,66,,,
135,22,7.03,45.7,67,19.7,85.1,0.2
135,23,6.88,39.5,67,27.6,87.2,0.2
135,24,7.04,82,67,12.5,87.6,0.3
135,25,7.3,77.4,67,30.7,86.4,0.3
135,26,7.46,46.3,67,26,98.6,0.3
135,27,7.43,104.7,67,16.7,93.2,0.3
135,28,7.34,45,67,23.8,83.3,0.3
135,29,6.94,57.3,67,24.8,98,0.3
135,30,7.04,87.2,67,10.4,83.7,0.3
135,31,7.19,42.9,67,18.7,80,0.3
135,32,6.83,95,67,7.9,82.7,0.3
135,33,6.9,35.9,67,20.2,86.9,0.4
135,34,7.1,71.1,67,14.9,96.7,0.4
135,35,7.28,45.1,67,11.8,88.1,0.4
135,36,7.03,37.4,67,15.2,97.6,0.4
135,37,7.05,81.9,67,14.8,92.5,0.4
135,38,6.98,96.2,67,34,82.2,0.4
135,39,7.42,89.8,67,27.4,98.5,0.4
135,40,7.3,30.6,67,5.3,87.5,0.5
135,41,7.01,94.5,67,17.9,89.2,0.5
135,42,7.29,43.1,67,27.9,94,0.5
135,43,7.49,42.7,67,18.3,88.6,0.5
135,44,6.78,43.5,67,28,88,0.5
135,45,6.77,100,67,22.4,98.4,0.5
135,46,6.87,42.7,67,28.5,92.9,0.5
135,47,6.86,75.6,67,8.7,96.6,0.6
135,48,7.45,67.2,67,12,90.2,0.6
135,49,6.75,39.9,67,18.2,96.2,0.6
135,50,7.42,79.4,67,6.4,86.4,0.6
136,0,6.91,37.5,67,22.2,82.4,0.6
136,1,7.25,72.1,67,14.2,95,0.6
136,2,7.2,73.1,67,30.1,92.9,0.7
136,3,7.48,96.1,67,7.6,97,0.7
136,4,7.39,34.5,67,15,90.7,0.7
136,5,6.8,100.8,67,31.8,87.3,0.8
136,6,7.1,70,67,29.2,82.8,0.8
136,7,7.09,39.6,67,19.5,92.8,0.8
136,8,7.19,98.6,67,23.5,80.1,0.8
136,9,6.81,94.9,67,5.5,87,0.9
136,10,6.8,81.9,67,26.3,90.3,0.9
136,11,7.12,75.8,67,29.5,92.3,0.9
136,12,6.9,64.6,67,33.5,90.1,0.9
136,13,7.48,33.9,67,18.8,92,0.9
136,14,6.82,70.8,67,16.8,81.7,0.9
136,15,6.71,103.3,67,8.4,87.3,1
136,16,6.91,96.1,67,14.8,85,1
136,17,7.24,44.2,67,13.8,95.1,1
136,18,7.08,84.9,67,14.2,86.2,1
136,19,7.18,83,67,27.5,87,1
136,20,6.95,81.7,67,30.9,93.5,1
136,21,7.25,95.8,67,18.5,90.2,1
136,22,7.32,74.7,67,23,97.6,1.1
136,23,7.03,88.1,67,27.7,92.6,1.1
136,24,7.29,62.7,67,18.9,94.9,1.1
136,25,7.04,65.4,67,31.5,85.4,1.1
136,26,7.33,48.2,67,32.7,98.3,1.1
136,27,6.98,63.9,67,6.3,82.1,1.1
136,28,7.46,81,67,22,81.6,1.2
136,29,7.18,99,67,25.8,98.3,1.2
136,30,7.17,75.2,67,31.5,94.5,1.2
136,31,6.76,54.9,67,6.4,97.9,1.2
136,32,7.2,66.1,67,26.3,83.4,1.3
136,33,6.87,44.2,67,33.4,92.4,1.3
136,34,6.94,46.5,67,32.4,91.3,1.3
136,35,7.11,54.3,67,28.1,88,1.3
136,36,7.39,69.2,67,18.5,94.7,1.3
136,37,7.32,67.9,67,22.2,91,1.3
136,38,7.47,39.6,67,8.5,93.3,1.3
136,39,6.85,79.8,67,30,91.8,1.3
136,40,7.32,50.7,67,17.8,95.5,1.3
136,41,6.85,81.3,67,25.5,90.9,1.3
136,42,7.49,42.5,67,13.4,82.7,1.3
136,43,7.34,56.4,67,5.2,86.5,1.3
136,44,6.87,81.7,67,8,86.3,1.4
136,45,6.77,101,67,10.5,94.7,1.4
136,46,6.7,34.6,67,34.3,90,1.4
136,47,7.17,98.2,67,30.2,96.1,1.4
136,48,7.27,37.3,67,34.3,92.5,1.4
136,49,7.45,80,67,29.3,84.4,1.5
136,50,7.33,100.9,67,11.7,91.4,1.5
137,0,6.8,42.6,67,18.6,86,1.5
137,1,7.29,48.1,67,26.8,80.5,1.5
137,2,6.7,80.3,67,19.4,96.1,1.5
137,3,6.74,32.1,67,29.5,90.2,1.5
137,4,6.83,69.8,67,12.2,82,1.5
137,5,7.27,53.8,67,22.8,80.9,1.5
137,6,6.71,81.9,67,26.2,83.1,1.6
137,7,6.99,94.2,67,8.8,97.4,1.6
137,8,7.4,60.3,67,29.5,88.8,1.6
137,9,7.08,40.4,67,20.3,99,1.6
137,10,6.96,88.5,67,28.1,92.8,1.6
137,11,6.82,36.5,67,29.2,85,1.6
137,12,7.46,47.2,67,16.2,90.2,1.6
137,13,7.18,69,67,13.3,80.7,1.6
137,14,6.93,50.5,67,28.7,88.6,1.7
137,15,6.78,109.7,67,5.1,83.9,1.7
137,16,7.2,73.2,67,8.8,90.8,1.7
137,17,7.34,32.4,67,20.1,85.8,1.7
137,18,7.45,107.2,67,6.8,92.8,1.7
137,19,7.31,31.6,67,13.1,88.3,1.7
137,20,7.32,54.8,67,16.9,88.9,1.8
137,21,7.32,92.3,67,31.4,87.8,1.8
137,22,6.78,31.1,67,20.7,95.6,1.8
137,23,7.48,56.2,67,22.7,94.1,1.8
137,24,7.39,43.6,67,29.4,94.7,1.8
137,25,6.93,32.5,67,27.3,91.4,1.8
137,26,7.08,109.2,67,22,80.6,1.9
137,27,7.12,65.6,67,12,82.5,1.9
137,28,7.45,68.7,67,20.3,83.7,1.9
137,29,7.41,65.9,67,31,97.2,1.9
137,30,7.3,108.2,67,14.8,80.1,1.9
137,31,7.19,98,67,30.4,86.4,2
137,32,7.4,59.4,67,8,90.6,2
137,33,7.28,68.4,68,8.6,94.6,0.2
137,34,7.5,34.4,68,13.9,88.1,0.2
137,35,6.99,99.7,68,25.5,92,0.2
137,36,7.21,65.9,68,11.3,86.9,0.3
137,37,6.74,106.2,68,16.9,80.4,0.3
137,38,7.04,83.2,68,33,86.7,0.3
137,39,6.87,30.2,68,18.3,92.2,0.3
137,40,7.32,74,68,6.5,91.6,0.3
137,41,7,95.4,68,33.1,95.1,0.3
137,42,7.44,101.9,68,20.4,89.7,0.4
137,43,7.15,101.5,68,10,85.9,0.4
137,44,6.72,79.2,68,13.2,97.2,0.4
137,45,7.25,50.1,68,26.7,83.7,0.4
137,46,6.72,52.6,68,21,83.7,0.4
137,47,7.28,66.3,68,29.2,81.9,0.5
137,48,7.04,84.6,68,6.4,81.7,0.5
137,49,6.96,71.6,68,28.5,87.4,0.5
137,50,7.33,92,68,25,85.8,0.5
138,0,7.22,84.7,68,12.1,94.2,0.6
138,1,7.4,31.2,68,34.8,85,0.6
138,2,7.02,66.8,68,26.1,95.8,0.6
138,3,6.77,81.9,68,11.8,94.2,0.6
138,4,6.84,30.6,68,21.6,82.5,0.6
138,5,7.21,71.2,68,10.5,81.1,0.6
138,6,7.29,38.6,68,17.9,81.9,0.6
138,7,7.42,82.6,68,25.7,86.9,0.6
138,8,7.24,66.5,68,21.4,83.5,0.6
138,9,7.38,83.1,68,19,84.6,0.6
138,10,7.16,44.6,68,16.9,88.8,0.6
138,11,7,54.6,68,7.1,90.3,0.6
138,12,7.45,32.6,68,20.3,92.4,0.7
138,13,7.26,96.6,68,16.1,94.9,0.7
138,14,6.89,53.4,68,17.1,88.4,0.7
138,15,6.74,47.2,68,32.1,97.4,0.7
138,16,6.88,57.7,68,9.7,81.1,0.7
138,17,7.04,88.8,68,10.6,83.1,0.7
138,18,7.23,93.9,68,34.3,87.9,0.8
138,19,7.07,31,68,9.3,93.8,0.8
138,20,6.74,40.5,68,28.3,80.4,0.8
138,21,7.05,57.6,68,5.3,89.6,0.8
138,22,7.19,86.2,68,13.8,83.8,0.8
138,23,7.18,35.8,68,29,88.9,0.8
138,24,7.42,39.4,68,19.2,95.8,0.8
138,25,6.9,61.5,68,16.6,90.5,0.8
138,26,7.39,31.3,68,5.8,97.6,0.8
138,27,6.91,79.4,68,14.9,80.2,0.8
138,28,7.41,59.8,68,5.3,85.3,0.9
138,29,6.77,104.2,68,12.6,83,0.9
138,30,6.82,52,68,32.2,94.6,0.9
138,31,7.44,49.2,68,16.5,95.2,0.9
138,32,7.28,93.8,68,17.3,89.3,0.9
138,33,7.15,99.1,68,28,98.5,1
138,34,6.78,40.4,68,11.1,95.2,1
138,35,6.75,75.9,68,17.6,92.8,1
138,36,7.14,84.5,68,30.4,93.5,1
138,37,7.29,108.7,68,31.5,82.8,1
138,38,6.89,62.9,68,28.9,97.7,1
138,39,7.4,105.7,68,12.7,85.6,1
138,40,7.02,66.6,68,5.1,81.8,1.1
138,41,7.31,41.3,68,32.5,95.2,1.1
138,42,7.49,55.6,68,15.8,89.3,1.1
138,43,7.31,97.5,68,31.2,81.7,1.1
138,44,6.89,108.1,68,24.3,92.6,1.1
138,45,7.49,65.2,68,7.4,81.4,1.1
138,46,7.19,34.8,68,32.2,85.2,1.1
138,47,6.81,66.8,68,6.4,89.1,1.2
138,48,7.11,96.9,68,17.9,84.2,1.2
138,49,7.05,104.3,68,8.2,94.9,1.2
138,50,6.75,76.4,68,13.6,91,1.3
139,0,6.87,86.1,68,14.8,89.8,1.3
139,1,6.81,62.9,68,31.3,90.1,1.3
139,2,6.76,69.9,68,21.8,93.1,1.3
139,3,7.29,109.9,68,22.4,81.3,1.3
139,4,6.84,59.5,68,33.3,88.2,1.4
139,5,7.48,36.2,68,21,98.4,1.4
139,6,7.14,95.1,68,20.2,89.3,1.4
139,7,7.49,108.6,68,21.3,85.4,1.5
139,8,7.01,98.7,68,33.9,88.1,1.5
139,9,7.1,89.3,68,21.7,92.3,1.6
139,10,6.87,52,68,12.8,90.2,1.6
139,11,7.04,52.3,68,19.5,88.4,1.6
139,12,7.26,84.5,68,18.3,94.2,1.6
139,13,7.23,49.8,68,7.2,83.9,1.7
139,14,6.93,83.1,68,11.6,91.3,1.8
139,15,7.26,89.1,68,10,82.1,1.8
139,16,7.32,94.4,68,28.8,93.7,1.8
139,17,7.38,86.6,68,9.3,97.9,1.8
139,18,7.34,76,68,26.2,84,1.8
139,19,6.87,39.9,68,20.5,91.7,1.9
139,20,6.75,48.6,68,8.9,81,1.9
139,21,7.43,32.7,68,29.6,82.3,1.9
139,22,7.28,48.5,68,32.2,98.1,1.9
139,23,6.99,73.8,68,33.2,97.4,1.9
139,24,6.72,84.1,68,15.5,95.9,1.9
139,25,7.37,93.1,68,6.3,97.9,1.9
139,26,7.17,81.9,68,11.4,98.4,2
139,27,7.2,81.7,68,24.3,80.6,2
139,28,7.13,30.3,68,26.7,90.9,2
139,29,6.73,32.6,68,15.8,84.5,2
139,30,,,68,,,
139,31,,,68,,,
139,32,,,68,,,
139,33,7.4,36.2,69,32.8,93.3,0.2
139,34,7.49,86.1,69,16,90.8,0.2
139,35,6.97,92.9,69,30,97.8,0.2
139,36,7.45,80.2,69,9.4,84.1,0.3
139,37,7.09,61.4,69,12.9,87.5,0.3
139,38,7.13,104.2,69,9.5,85.6,0.3
139,39,7.03,84.3,69,14.2,95.7,0.3
139,40,6.93,105.4,69,5.8,81.8,0.3
139,41,7.3,57.4,69,20.4,83.6,0.3
139,42,7.45,77.6,69,9.1,90.1,0.3
139,43,6.79,95.8,69,34.7,83.4,0.4
139,44,7.37,89.7,69,16.8,80.4,0.4
139,45,7,35.4,69,19.6,85.8,0.4
139,46,6.84,69.3,69,25.4,95.8,0.4
139,47,7.3,62.3,69,25.5,89.1,0.4
139,48,6.9,103.8,69,24.5,87.3,0.5
139,49,6.86,54.2,69,29.6,94.2,0.5
139,50,6.92,71.2,69,16.1,93.8,0.5
140,0,7.34,39.7,69,20.4,85.3,0.6
140,1,7.19,71.7,69,21.5,85.3,0.6
140,2,7.13,102.8,69,32.8,86.1,0.6
140,3,6.82,104.8,69,6.9,91.5,0.6
140,4,6.82,91.1,69,27.8,89.3,0.6
140,5,6.81,56.6,69,14.8,92.8,0.6
140,6,6.8,99.3,69,13.9,90.6,0.6
140,7,6.79,30.2,69,9.3,82.4,0.6
140,8,6.8,54.8,69,8.5,82.5,0.7
140,9,7.05,56.1,69,19.2,91.4,0.7
140,10,7.04,94.6,69,19.4,86.4,0.7
140,11,7.39,82.8,69,19.8,83.8,0.7
140,12,7.28,100.9,69,24.3,86,0.7
140,13,6.72,103.5,69,11.6,94.9,0.7
140,14,7.36,81.7,69,15.2,92.2,0.8
140,15,7.37,41.7,69,8.8,90.9,0.8
140,16,6.79,38.8,69,26.8,85.3,0.8
140,17,6.71,60.2,69,12.8,98.8,0.8
140,18,6.71,78.3,69,19.9,93.6,0.8
140,19,7.11,105.2,69,16.9,96.9,0.8
140,20,6.81,91.6,69,16.5,86.6,0.8
140,21,6.88,109.1,69,16.6,85.1,0.8
140,22,7.17,105.9,69,31.1,80.3,0.8
140,23,7.18,63.2,69,6.1,80.2,0.9
140,24,7.44,62.3,69,18.5,88.4,0.9
140,25,6.73,94.8,69,5.4,86.1,0.9
140,26,6.83,36,69,18.3,88.9,0.9
140,27,7.23,96.6,69,31.5,97.8,0.9
140,28,6.87,62.2,69,18.8,98.1,0.9
140,29,7.14,92.4,69,18.4,82.6,1
140,30,7.44,98.1,69,18,95.3,1
140,31,7.08,30.1,69,32.4,94.3,1
140,32,6.99,103.7,69,5.6,95.9,1
140,33,6.81,102.1,69,6.4,90.4,1
140,34,7.38,62.7,69,32.3,83.3,1
140,35,7.48,49.3,69,24.6,89.5,1.1
140,36,6.82,96.6,69,18.4,90.4,1.1
140,37,7.13,56.5,69,27.4,92.4,1.1
140,38,6.84,102.5,69,31.5,83.8,1.1
140,39,6.95,67.6,69,21.5,98.5,1.1
140,40,7.2,62.2,69,9.1,98.4,1.2
140,41,6.76,72.2,69,7.7,84.6,1.2
140,42,7.02,93,69,32.9,81.6,1.2
140,43,6.81,90.4,69,13.2,90.6,1.2
140,44,7.45,95.6,69,8.7,82.2,1.2
140,45,6.78,60.4,69,26.4,93.4,1.3
140,46,6.9,56,69,23.8,91.4,1.3
140,47,6.8,36.8,69,12,96.3,1.3
140,48,7.17,60.2,69,29,92.1,1.3
140,49,7.01,100.6,69,20.8,94.3,1.3
140,50,6.94,93.9,69,17.7,93.4,1.4
141,0,7.42,58.5,69,11,86.7,1.4
141,1,7.5,89.1,69,25.7,83,1.4
141,2,6.89,59.1,69,29.2,85.1,1.4
141,3,7.25,43.4,69,9.3,96.4,1.4
141,4,7.44,60,69,32.1,80.8,1.4
141,5,7.42,74.1,69,10.5,87.1,1.4
141,6,7.45,33.5,69,10,90.1,1.5
141,7,6.9,106.5,69,34.5,85.4,1.5
141,8,7.3,87.9,69,21.1,83.9,1.6
141,9,6.72,69.5,69,9.9,95.6,1.6
141,10,6.92,78.4,69,29,92,1.6
141,11,7.48,31.3,69,34.8,91.8,1.6
141,12,7.25,75.5,69,25.6,86.7,1.6
141,13,7.03,104,69,22.1,89.2,1.6
141,14,7.19,48.9,69,13.4,87.2,1.6
141,15,6.8,94.8,69,22.8,93.8,1.6
141,16,7.21,31.4,69,31.8,82.8,1.6
141,17,7.06,63.2,69,12.7,87.1,1.7
141,18,7.49,93.9,69,15.7,96.3,1.7
141,19,6.83,46.8,69,19.1,94.3,1.7
141,20,6.87,98.2,69,24.8,97.6,1.7
141,21,6.95,42.9,69,20.8,92,1.7
141,22,7.46,107.2,69,6,89.5,1.7
141,23,7.17,80.2,69,31.1,85.7,1.8
141,24,7.45,107.5,69,13.9,90.7,1.8
141,25,7.31,84.1,69,32.1,89.1,1.8
141,26,7.26,73,69,8.4,97.3,1.8
141,27,6.84,90.7,69,15.6,84.3,1.9
141,28,7.37,107.8,69,9.6,86.9,1.9
141,29,7.41,35.3,69,17.4,88.1,1.9
141,30,6.95,102.2,69,22,87.7,1.9
141,31,6.78,86.7,69,19.4,87.1,1.9
141,32,7.42,74.1,69,10,87.9,1.9
141,33,6.86,85.7,69,11.5,98.1,1.9
141,34,7.49,65.3,69,25.1,96,1.9
141,35,7.18,41,69,25.1,85,2
141,36,7.2,79.1,69,20.8,94,2
141,37,6.74,58.2,69,10.7,98.8,2
141,38,7.48,32.8,69,33,96,2
141,39,,,69,,,
141,40,,,69,,,
141,41,7.08,58.8,70,22.9,88.7,0.2
141,42,7.42,89.1,70,26.2,88,0.2
141,43,6.98,96.5,70,30.3,90,0.2
141,44,7.03,108.4,70,29.5,89.5,0.2
141,45,7.38,71.3,70,33.7,83.1,0.2
141,46,6.86,77.3,70,32.7,89.2,0.3
141,47,6.9,109.3,70,27.1,97.6,0.3
141,48,7.11,74.9,70,10.7,97.7,0.3
141,49,7.45,85.6,70,31.8,82.6,0.3
141,50,6.81,40.4,70,34.6,95.9,0.3
142,0,6.76,104.2,70,25.4,96.8,0.3
142,1,7.24,101.3,70,15.1,97.3,0.4
142,2,6.9,66.7,70,22.1,82.4,0.4
142,3,7.14,65.8,70,12.9,94.9,0.4
142,4,7.02,31.1,70,19.6,86.6,0.4
142,5,7.34,64.9,70,6.2,86.1,0.4
142,6,6.81,63.9,70,27.9,96,0.4
142,7,7.33,82.6,70,15.2,90.5,0.5
142,8,6.8,37.8,70,18.3,85.7,0.5
142,9,6.85,109.1,70,18.9,86.1,0.5
142,10,7.13,54.4,70,9.2,88.3,0.6
142,11,6.73,103.7,70,27.5,92.3,0.6
142,12,7.22,38.9,70,15.9,94.2,0.6
142,13,7.1,40.9,70,17.9,96.7,0.6
142,14,6.81,103.3,70,17.3,96.9,0.6
142,15,6.98,78.3,70,33.2,80.8,0.6
142,16,6.72,38.6,70,24.8,96.3,0.6
142,17,7.2,55.1,70,13.2,92.1,0.6
142,18,6.87,51.6,70,9.2,80.8,0.6
142,19,7.29,36,70,16.7,85.1,0.6
142,20,7.35,43.6,70,33.3,87.7,0.7
142,21,6.9,106.6,70,19.1,85.4,0.7
142,22,6.7,95.9,70,29.9,87.8,0.7
142,23,7.42,104.4,70,17.5,94.8,0.7
142,24,7.03,94.1,70,6.4,82,0.8
142,25,7.4,93.2,70,6.4,94.9,0.8
142,26,7.21,62.7,70,6.3,92.7,0.8
142,27,7.45,66.2,70,29.3,86.2,0.8
142,28,6.88,36.1,70,8.4,94.1,0.9
142,29,6.79,63.9,70,19.6,80.1,0.9
142,30,7.12,48.8,70,15.4,94.1,0.9
142,31,6.79,82.2,70,25.6,81.8,1
142,32,7.49,98.3,70,14.2,96.6,1
142,33,7.21,69.7,70,14.2,90.3,1
142,34,7.48,76.8,70,34,91,1
142,35,6.79,56.4,70,22.4,98.3,1
142,36,6.92,54.2,70,15.4,82.5,1.1
142,37,6.87,43.5,70,19.9,81.8,1.1
142,38,6.74,109.1,70,30.7,93.1,1.1
142,39,6.78,32.7,70,12.9,82.5,1.1
142,40,7.23,30.1,70,24.6,87.5,1.2
142,41,7.06,56.5,70,8.1,81.5,1.2
142,42,7.17,55.3,70,24.2,92.9,1.2
142,43,6.7,96.8,70,19.5,94.3,1.2
142,44,7.19,108.8,70,23.1,90.1,1.2
142,45,7.04,84.4,70,12.7,96.5,1.3
142,46,7.17,92.6,70,32.2,83.8,1.3
142,47,6.79,92.4,70,29.1,87.1,1.3
142,48,6.92,75.2,70,18.6,86.9,1.4
142,49,7,61.4,70,33.9,90,1.4
142,50,6.93,95.3,70,34.6,88.9,1.4
143,0,7.14,53.9,70,15.6,83.5,1.4
143,1,7.17,85.4,70,28.5,86.6,1.4
143,2,7.19,52,70,22.5,92.3,1.4
143,3,6.82,72.4,70,14.8,86,1.4
143,4,7.42,101.5,70,7.9,94.5,1.5
143,5,6.82,44,70,11.5,86.3,1.5
143,6,7.09,52.4,70,15.2,85.7,1.5
143,7,7.07,91.7,70,6,98.6,1.5
143,8,6.85,50,70,30.8,88.2,1.6
143,9,6.86,68.9,70,6.2,94.6,1.6
143,10,7.05,82.7,70,9,89,1.6
143,11,6.91,81.5,70,31.8,83.6,1.6
143,12,7.14,90.4,70,33.1,83.4,1.6
143,13,6.97,85,70,13,90.4,1.6
143,14,6.92,84.4,70,8.6,90.5,1.6
143,15,7.08,36,70,8.3,94.7,1.6
143,16,7.44,49.3,70,5.2,96.9,1.6
143,17,6.96,70.7,70,34.4,94.1,1.6
143,18,7.12,67.8,70,31,95.7,1.6
143,19,6.79,90.3,70,18.9,97.5,1.7
143,20,6.77,83.5,70,5.7,83.8,1.7
143,21,7.19,95.3,70,23.1,85,1.7
143,22,7.11,87.4,70,6.8,88.6,1.7
143,23,7.11,67.9,70,30.3,92.4,1.7
143,24,7.41,38,70,24.7,97.2,1.7
143,25,6.96,40.9,70,28.3,81.1,1.7
143,26,7.09,69,70,30.1,89.3,1.8
143,27,7.06,76.1,70,25.4,93.6,1.8
143,28,7.03,79.4,70,6.8,93.2,1.8
143,29,7.25,50,70,17.9,92.8,1.8
143,30,7.22,98.4,70,20.5,80.9,1.8
143,31,7.16,72.1,70,31.8,91.2,1.8
143,32,6.91,103.9,70,30.8,89.9,1.8
143,33,7,104.3,70,6.4,91.7,1.8
143,34,6.95,59.4,70,28.5,97.9,1.9
143,35,6.72,74.5,70,29.2,85.9,1.9
143,36,7.41,69,70,24.6,88.3,1.9
143,37,6.85,30.9,70,8.5,94.4,1.9
143,38,7.48,35.5,70,10.5,94.1,1.9
143,39,6.82,66.5,70,30.6,85.1,1.9
143,40,7.14,53.7,70,22.1,97.8,1.9
143,41,7.05,43.6,70,6.1,81.1,1.9
143,42,7.04,76.1,70,15.3,80.8,1.9
143,43,7.39,37.5,70,13.6,87.3,2
143,44,7.39,52.2,70,27.5,91,2
143,45,7.44,43,70,7.9,91.8,2
143,46,,,70,,,
143,47,,,70,,,
143,48,,,70,,,
143,49,6.79,69.6,71,33.7,89.3,0.2
143,50,6.87,36.2,71,7.5,89.6,0.2
144,0,7.39,109.5,71,24.2,94.5,0.3
144,1,7.13,52.6,71,21.4,87.7,0.3
144,2,7.06,86.7,71,26,90.7,0.3
144,3,6.87,68.9,71,23.5,95,0.4
144,4,7.24,95,71,28.8,85.9,0.4
144,5,7.3,33.3,71,29.6,88.6,0.4
144,6,7.02,66,71,16.5,86.2,0.5
144,7,6.9,108.6,71,22.6,89.3,0.5
144,8,7.35,101.5,71,5.2,94.6,0.5
144,9,7.24,94.9,71,10.3,81.7,0.5
144,10,6.87,94.5,71,31.5,80.1,0.6
144,11,7.4,56.9,71,14.4,92.4,0.6
144,12,7.16,99.2,71,27.8,81.4,0.6
144,13,6.79,43.5,71,10.1,85.4,0.6
144,14,7.25,47.6,71,30.4,97.5,0.6
144,15,7.1,102,71,31.7,92.4,0.6
144,16,6.96,53.3,71,20.6,95.6,0.6
144,17,7.38,32,71,8.8,90.7,0.7
144,18,6.93,90.1,71,34.4,94.5,0.8
144,19,7.18,69.3,71,7.3,98.6,0.8
144,20,7.26,92.6,71,14.4,95.5,0.8
144,21,6.98,34.5,71,27.9,94.2,0.9
144,22,6.95,88.2,71,22.5,84.2,0.9
144,23,6.95,68.1,71,12.1,94.2,0.9
144,24,7.29,101,71,20.6,87.1,0.9
144,25,7.46,98.2,71,6.8,95.7,0.9
144,26,7,94.5,71,10.1,98.7,0.9
144,27,6.88,61.7,71,32.3,97.2,1
144,28,7.21,51.3,71,21.2,95.5,1
144,29,7.08,67.8,71,23.3,93.1,1.1
144,30,6.85,57,71,6.1,84.3,1.1
144,31,7.38,57.7,71,8.8,91.3,1.1
144,32,7.06,102,71,26.2,81.3,1.1
144,33,7.26,102.6,71,9.2,97.9,1.1
144,34,7.35,76.5,71,24.3,96.4,1.1
144,35,6.75,36.6,71,26.9,86.3,1.1
144,36,6.71,94.5,71,32.4,94.9,1.2
144,37,6.98,35.6,71,8.5,92.9,1.2
144,38,7.35,76.1,71,14.4,87.5,1.2
144,39,7.46,98.1,71,23.8,83.9,1.2
144,40,7.43,53.5,71,29.7,97.9,1.2
144,41,6.85,91.6,71,30.2,82.5,1.3
144,42,7.33,47.3,71,24.6,84.8,1.3
144,43,7.39,97,71,32.4,80.4,1.3
144,44,6.91,33.5,71,23.8,84.5,1.3
144,45,7.06,49.6,71,7.8,84,1.3
144,46,7.07,33.5,71,18.2,91,1.3
144,47,7.1,93,71,9.6,81.2,1.3
144,48,7.15,86.5,71,13.8,85.4,1.3
144,49,7.23,34.6,71,30.5,83.7,1.4
144,50,7.17,92.1,71,29.9,96.6,1.4
145,0,6.91,39.9,71,27.6,88.6,1.4
145,1,7.06,33.5,71,5.8,86.7,1.4
145,2,7.01,93.9,71,26.2,80.8,1.4
145,3,7.33,53.9,71,19.5,95,1.5
145,4,6.91,35.3,71,9.2,95.6,1.5
145,5,7.47,81.6,71,27.3,83.7,1.5
145,6,6.91,104.8,71,22.6,81.6,1.5
145,7,7.06,80.6,71,24.9,82.3,1.5
145,8,7.47,89,71,23.3,80.4,1.5
145,9,7.49,49,71,5.6,88.2,1.6
145,10,6.89,99.6,71,13.6,89.4,1.6
145,11,7.01,54.7,71,20.5,82.7,1.6
145,12,7.47,73.5,71,28,84.9,1.6
145,13,7.26,40.1,71,33.5,82.8,1.6
145,14,7.12,72.5,71,33.7,87.3,1.6
145,15,6.95,90.7,71,23.7,89.6,1.6
145,16,7.29,62.1,71,27.1,82.6,1.7
145,17,6.95,44.1,71,22.6,84.3,1.7
145,18,7.24,46.4,71,19.4,84.8,1.7
145,19,6.88,31,71,14.1,83.7,1.7
145,20,7.47,33.2,71,7.9,94,1.7
145,21,7.08,46.2,71,17,83.1,1.8
145,22,6.71,34.6,71,11.4,83.8,1.8
145,23,7.23,62.6,71,16.3,82,1.8
145,24,7.47,106.7,71,14.1,80.6,1.9
145,25,6.9,79,71,26,85.1,1.9
145,26,6.82,36,71,6,97.8,1.9
145,27,7.29,56.3,71,10.1,90.9,1.9
145,28,6.95,32.1,71,9,81.4,2
145,29,7.16,107.3,71,15.1,80.5,2
145,30,7.11,60.8,71,13.6,86.4,2
145,31,7.36,70.7,71,29.3,97.4,2
145,32,7.06,31.4,71,16.9,88.2,2
145,33,7.34,97,72,34.8,91.6,0.2
145,34,6.92,109.6,72,10.9,97.8,0.3
145,35,7.33,82.7,72,32.1,86.3,0.3
145,36,6.75,58.6,72,19.9,95.2,0.4
145,37,7.39,30.1,72,25.8,97.7,0.4
145,38,6.95,67,72,23.4,87.4,0.4
145,39,7.22,101.2,72,34.9,86.5,0.4
145,40,7.35,93.4,72,6.2,88.9,0.5
145,41,7.06,35.9,72,33.3,89.9,0.5
145,42,6.78,79.9,72,19,89.2,0.6
145,43,6.79,39.1,72,18.2,91.4,0.6
145,44,6.72,61.4,72,12,80.1,0.7
145,45,7.46,100.4,72,28.4,98.7,0.7
145,46,7.31,43.3,72,28.7,95.8,0.7
145,47,6.97,44.6,72,28.8,93.7,0.7
145,48,6.92,69.2,72,28.9,93.2,0.7
145,49,6.76,98.6,72,7.2,88,0.7
145,50,7.08,73.5,72,34,82.7,0.8
146,0,7.25,94.5,72,27.9,98.3,0.8
146,1,7.11,43.2,72,33.9,94.4,0.8
146,2,7.02,37.7,72,23.2,89.7,0.8
146,3,6.88,69,72,7.3,82.8,0.8
146,4,7.35,56.5,72,33.5,84.6,0.9
146,5,7,46.8,72,27.5,85,0.9
146,6,7.43,103.8,72,5.6,87.1,0.9
146,7,6.78,71.7,72,28.6,90.3,0.9
146,8,7.36,58.5,72,32.9,85.1,0.9
146,9,6.71,59.3,72,19.1,97.6,0.9
146,10,7.06,55.5,72,30.3,85.6,0.9
146,11,6.93,56.2,72,14.1,98,0.9
146,12,7.29,67.6,72,28.1,85.3,1
146,13,6.79,101.1,72,12.8,80.8,1
146,14,7.09,61,72,30.5,95.9,1
146,15,6.97,54.5,72,12.8,80.7,1
146,16,7.3,71.8,72,23.4,86.7,1
146,17,7.12,71.5,72,24.7,84.8,1
146,18,7.19,108.9,72,18.7,93.6,1
146,19,6.89,46.3,72,9.7,82.4,1.1
146,20,7.09,99.1,72,17.7,90.9,1.1
146,21,7,62.4,72,7.7,93.2,1.1
146,22,6.81,56.8,72,18.2,91.7,1.1
146,23,6.79,82.5,72,28.6,86.1,1.1
146,24,7.5,35.1,72,18.4,96.5,1.2
146,25,6.97,81.3,72,21.1,93.7,1.2
146,26,7.3,78.4,72,26.1,82.6,1.2
146,27,6.81,76.4,72,16.5,87,1.3
146,28,6.71,69.3,72,19.1,84.4,1.3
146,29,7.44,64.5,72,10.6,95.5,1.3
146,30,6.71,103.1,72,12.8,95,1.3
146,31,7.39,102.9,72,29.2,80,1.3
146,32,7.46,57.2,72,30.7,96.7,1.4
146,33,7.18,103.1,72,12.7,90.7,1.4
146,34,6.83,79.2,72,32,82.9,1.4
146,35,7.04,73.1,72,12.1,97.3,1.4
146,36,7.03,79,72,25.9,91.9,1.4
146,37,7.14,103.2,72,17.2,88.9,1.4
146,38,7.17,70.6,72,22.3,98.2,1.5
146,39,6.9,71,72,19.1,97.8,1.5
146,40,7.37,108.6,72,11.8,88.6,1.5
146,41,6.74,89,72,34.8,82.5,1.5
146,42,7.23,97.1,72,8.5,90.6,1.5
146,43,7.38,87.9,72,10.7,97.9,1.5
146,44,7.05,78.3,72,14.9,93.1,1.6
146,45,7.11,74,72,15.8,87.2,1.6
146,46,7.28,75,72,25.2,80.8,1.6
146,47,7.45,67.1,72,27.6,95.4,1.6
146,48,7.09,40.8,72,24.4,94.8,1.6
146,49,7.26,35.3,72,7.4,91.5,1.6
146,50,7.42,44.3,72,23.3,81.8,1.6
147,0,6.9,70.8,72,18.9,87.6,1.6
147,1,6.91,96.2,72,9.4,80.8,1.7
147,2,7.18,46.6,72,27.1,93.2,1.7
147,3,6.83,70.8,72,27.9,90.5,1.7
147,4,6.89,82.3,72,23.1,81.9,1.7
147,5,7,95.7,72,26.6,86.4,1.7
147,6,7.45,54,72,34.5,89.6,1.7
147,7,6.9,59.6,72,12,90.7,1.8
147,8,7.24,86.4,72,21.6,83.4,1.8
147,9,6.83,90.5,72,23.3,96.1,1.8
147,10,7.24,30.1,72,22.7,90.2,1.8
147,11,6.93,38.1,72,23.5,80.5,1.8
147,12,7.29,87.3,72,23.6,96.5,1.8
147,13,7.04,91.5,72,26.3,81.1,1.9
147,14,6.85,104.7,72,7.2,87.5,1.9
147,15,7.1,34.5,72,25.5,88.9,1.9
147,16,7,95.4,72,13.2,95.7,2
147,17,,,72,,,
147,18,,,72,,,
147,19,7.43,106.1,73,7.9,93.5,0.2
147,20,6.97,66.8,73,32.9,81.7,0.3
147,21,7.09,98.2,73,9.2,87.3,0.3
147,22,7.24,75.7,73,29.2,92.5,0.3
147,23,7.21,73.8,73,7.7,97.4,0.3
147,24,7.1,85.2,73,33.4,83.8,0.3
147,25,7.49,46.5,73,34,82.3,0.3
147,26,7.22,78.5,73,10.3,94,0.3
147,27,7.18,73,73,31.1,83.5,0.3
147,28,7,96.4,73,10,96.9,0.4
147,29,7.43,109,73,19.3,94,0.4
147,30,7.09,105,73,24.3,96.1,0.4
147,31,7.19,61.6,73,16.5,84.1,0.4
147,32,7.15,45.5,73,32,94.8,0.4
147,33,7.25,36.9,73,33.5,86.6,0.4
147,34,7.33,94,73,23.2,95.8,0.5
147,35,7.04,99.4,73,5.4,97.5,0.5
147,36,7.38,103.8,73,25.5,84.2,0.5
147,37,7.12,35.1,73,23.3,82.4,0.5
147,38,6.94,95.8,73,34.7,83.5,0.5
147,39,7.4,108.1,73,32.3,96.8,0.6
147,40,7.42,48.4,73,28.9,85.9,0.6
147,41,6.91,40.3,73,20.2,90.1,0.7
147,42,7.36,47.1,73,15.3,95,0.7
147,43,7.4,32.5,73,28.8,98.2,0.7
147,44,6.83,74,73,12.4,84.1,0.7
147,45,6.96,102.4,73,12.2,93.7,0.7
147,46,7.34,53.4,73,23.6,81.5,0.8
147,47,7.02,40.1,73,14.4,97.2,0.8
147,48,7.2,50.5,73,29.6,93.2,0.8
147,49,7.48,69.4,73,8.9,94.6,0.8
147,50,6.78,100,73,32.3,96,0.8
148,0,6.76,48.7,73,23.4,82.7,0.9
148,1,7.23,47.5,73,32.7,94.1,0.9
148,2,6.92,79.7,73,34.7,84.9,0.9
148,3,7.36,47,73,29,80.4,0.9
148,4,6.93,83,73,11.1,80.1,0.9
148,5,6.95,103.9,73,8.8,89.5,0.9
148,6,7.22,103.5,73,22.2,97.2,0.9
148,7,6.83,67.6,73,30.5,98.3,1
148,8,6.72,37.6,73,25.7,91.9,1
148,9,6.84,45.1,73,32.2,83.2,1
148,10,7.05,54.2,73,27.9,96.8,1
148,11,7.17,43.2,73,28.7,84,1
148,12,7.14,99.3,73,28.7,96.9,1.1
148,13,6.82,54.1,73,18.2,90.9,1.1
148,14,6.72,50.2,73,26,92.8,1.1
148,15,6.87,46.7,73,34.5,82,1.1
148,16,7.12,105.9,73,17.2,85.5,1.1
148,17,7.49,95.7,73,10.8,90.8,1.1
148,18,6.78,30.6,73,24.4,96.5,1.1
148,19,6.78,98.4,73,26.2,83,1.2
148,20,7.24,94.3,73,16.7,84.3,1.2
148,21,7.4,67.6,73,33.5,82.2,1.2
148,22,7.29,45.2,73,14,88.8,1.2
148,23,7.26,55.8,73,18.4,90.6,1.2
148,24,6.71,33.7,73,21,98.8,1.2
148,25,6.73,37.4,73,17.2,89.9,1.2
148,26,7.25,98.1,73,24.4,96,1.3
148,27,6.97,51,73,18.2,88.1,1.3
148,28,7.13,32.1,73,13.8,90.6,1.3
148,29,6.99,41.4,73,19,87.7,1.3
148,30,6.97,61.4,73,27.9,88.1,1.4
148,31,7.05,85.8,73,27.9,92.3,1.4
148,32,7.44,35.2,73,23.3,96.9,1.4
148,33,7.13,64.4,73,14.3,85.3,1.4
148,34,6.97,63.9,73,25.3,94.3,1.4
148,35,7.49,67.4,73,7.6,84.4,1.4
148,36,7.09,92.8,73,18.3,96.8,1.5
148,37,7.46,54.1,73,12.8,88.3,1.5
148,38,6.9,56.2,73,30.4,97.1,1.5
148,39,6.7,87.9,73,20.2,83.9,1.5
148,40,6.87,47.6,73,5.6,91.2,1.5
148,41,7.01,77.7,73,8.4,86.1,1.6
148,42,7.07,66.8,73,27,84.6,1.6
148,43,7.43,42.4,73,21.4,97,1.6
148,44,7.26,98.3,73,31.8,84.9,1.6
148,45,6.76,84.4,73,9.4,92.5,1.6
148,46,7.16,68.7,73,34.5,87.3,1.6
148,47,6.73,62.7,73,11.3,81.2,1.6
148,48,6.76,80.8,73,11,85.8,1.6
148,49,6.74,99.8,73,6.4,88.4,1.6
148,50,6.71,94,73,23.3,86.9,1.7
149,0,7.34,43.5,73,26.7,91.2,1.7
149,1,7.49,76.5,73,28.1,89.5,1.7
149,2,6.77,66.5,73,20.5,84.9,1.8
149,3,7.25,94.7,73,8.7,95.7,1.8
149,4,7.14,66.1,73,8.9,82.8,1.8
149,5,7.05,93.6,73,10,87.9,1.8
149,6,6.72,52.5,73,6,83.3,1.8
149,7,6.91,49.4,73,25.3,92.3,1.8
149,8,6.83,38.1,73,34.4,97.7,1.9
149,9,7.4,69.5,73,25,93.2,1.9
149,10,7.09,59,73,20,82.6,1.9
149,11,7.05,83.8,73,5.5,87.2,1.9
149,12,6.84,75.2,73,23.8,89.5,1.9
149,13,7.49,38.7,73,26.5,80.2,1.9
149,14,6.78,57.1,73,18.1,88.4,2
149,15,7.38,92.3,73,23.4,90.6,2
149,16,,,73,,,
149,17,,,73,,,
149,18,7.21,68,74,26.2,91.7,0.2
149,19,7.38,86.7,74,24.7,84,0.2
149,20,6.89,52.2,74,33,97.5,0.2
149,21,7.3,47.3,74,26.4,95,0.3
149,22,7.17,54.4,74,31.9,85,0.3
149,23,7.41,107.9,74,33,86.7,0.3
149,24,7.16,81.1,74,21.6,87.1,0.3
149,25,7.14,34,74,32.2,88,0.3
149,26,7.05,75.8,74,12.5,90.4,0.3
149,27,6.91,51.9,74,7.1,86.9,0.3
149,28,6.75,50.2,74,25.2,95,0.3
149,29,7.27,74.8,74,30.5,97.6,0.3
149,30,7.05,100.6,74,21,93.4,0.4
149,31,6.83,50.4,74,14.2,92.2,0.4
149,32,7.2,67.2,74,32.1,81.3,0.4
149,33,7.33,40.8,74,29.9,83.8,0.4
149,34,6.77,55.3,74,20,96.7,0.4
149,35,7.1,90,74,30.3,81.5,0.4
149,36,6.74,85.6,74,23.7,81.7,0.5
149,37,7.14,48.7,74,8.7,93.6,0.5
149,38,7.16,39.8,74,29.8,83.3,0.5
149,39,7.49,37.9,74,11.4,85.3,0.5
149,40,7.41,87.2,74,21.8,97.4,0.5
149,41,7.36,55.3,74,19.1,86.8,0.5
149,42,6.99,35.5,74,32.7,91.3,0.5
149,43,7.33,40.1,74,24.6,90.7,0.5
149,44,7.46,77.3,74,25.7,86.8,0.6
149,45,7.04,64,74,22.6,82.7,0.6
149,46,6.72,67.4,74,10.3,97.8,0.6
149,47,7.33,40.8,74,6.2,81.2,0.6
149,48,7.42,108.1,74,18.1,83.3,0.6
149,49,7.42,88.7,74,26.9,81.2,0.6
149,50,6.8,86.3,74,23.4,84.6,0.6
150,0,6.82,43.2,74,16.3,98.1,0.6
150,1,7.22,57.9,74,13.1,93.3,0.7
150,2,7.13,38.1,74,21.9,96.9,0.7
150,3,7.31,70.8,74,14.6,82,0.7
150,4,6.87,70.5,74,23.5,94.1,0.7
150,5,6.74,38,74,11.7,96.9,0.7
150,6,6.74,65.2,74,18.5,94.3,0.7
150,7,6.82,80.7,74,11.2,93.6,0.7
150,8,7.07,65.1,74,9.2,94.5,0.8
150,9,7.47,77.9,74,18.5,89.8,0.8
150,10,6.78,85.7,74,23.3,80,0.8
150,11,7,96.6,74,33.8,91,0.9
150,12,7.25,42,74,29.9,97.1,0.9
150,13,7.06,54,74,5.6,84.6,0.9
150,14,6.91,77,74,6.1,93.6,0.9
150,15,6.92,72.9,74,17.6,83.9,0.9
150,16,6.83,40,74,10.3,80.4,0.9
150,17,7.26,95.2,74,17.9,86.2,0.9
150,18,7.09,58.3,74,32.5,94,1
150,19,7.1,96.4,74,15.7,81.2,1
150,20,7.43,108.8,74,10,98.1,1
150,21,7.1,36.7,74,25.3,80.1,1
150,22,6.89,97.5,74,6.9,96.8,1
150,23,7.22,30.8,74,28.6,98.1,1
150,24,6.95,70.9,74,32.7,87,1
150,25,7.39,30.8,74,25.4,95.3,1
150,26,7.38,48.4,74,29.4,91.5,1
150,27,6.91,37.6,74,23.9,85.9,1
150,28,7.34,33.3,74,21.4,90.7,1.1
150,29,7.26,107.5,74,34.9,81.1,1.1
150,30,7.22,85.2,74,31.8,95.1,1.1
150,31,7.18,69.1,74,26.5,94.6,1.1
150,32,6.94,35.4,74,7.1,84.9,1.1
150,33,7.12,46.4,74,5.8,95.1,1.1
150,34,6.95,37.8,74,22.9,84.6,1.1
150,35,7.21,55.3,74,17.5,90.4,1.2
150,36,6.89,83.6,74,23.9,84.5,1.2
150,37,7.36,86.6,74,31,81.2,1.2
150,38,7.03,61.7,74,14.1,80.7,1.2
150,39,7.12,92.8,74,23.2,88.4,1.2
150,40,7.3,32.5,74,17.1,85.2,1.2
150,41,7.3,68.2,74,22.1,95.3,1.3
150,42,7.28,90.5,74,33,85.5,1.3
150,43,6.91,104.8,74,27.3,90.9,1.3
150,44,7.31,42.6,74,22.7,89.3,1.4
150,45,6.74,51.4,74,27.6,85.4,1.4
150,46,7.45,65.7,74,30.6,92.5,1.4
150,47,7.06,30.5,74,18,88.3,1.4
150,48,6.96,80.8,74,7.8,86.8,1.4
150,49,7.14,110,74,29,80,1.5
150,50,6.85,44.1,74,9.9,97.7,1.5
151,0,7.45,44.1,74,8,81.7,1.5
151,1,6.75,91.2,74,30.6,95.4,1.5
151,2,6.88,47.8,74,19.6,92.9,1.5
151,3,6.89,37.6,74,7.4,84.4,1.5
151,4,7.13,47.6,74,24.2,88.7,1.5
151,5,6.91,99.1,74,11.9,82.2,1.6
151,6,7.17,81.6,74,21.4,96.3,1.6
151,7,6.75,57.7,74,12.6,82.4,1.6
151,8,7.02,55.9,74,26.5,86,1.6
151,9,6.98,33.3,74,16.1,98.6,1.6
151,10,6.84,34.2,74,22.8,81.8,1.6
151,11,7.2,76.1,74,18,83.9,1.6
151,12,7.04,47.4,74,28.1,91.1,1.6
151,13,6.8,71.7,74,5.3,90.9,1.6
151,14,7.19,95.2,74,17.2,97.1,1.6
151,15,6.89,54.7,74,10.2,93.6,1.6
151,16,7.07,105.1,74,5.4,92.9,1.7
151,17,7.46,72.2,74,19.1,85.7,1.7
151,18,7.01,93.1,74,14.8,86.5,1.7
151,19,7.31,56.2,74,13,98.4,1.7
151,20,7.11,73.6,74,14.1,85.1,1.7
151,21,7.23,105.1,74,9.4,82.9,1.7
151,22,7.22,56.3,74,27.5,88.2,1.7
151,23,7.46,68.6,74,31.3,95.1,1.8
151,24,7.31,76.1,74,19.8,85.5,1.8
151,25,7.23,43.7,74,24.7,93.2,1.8
151,26,7.04,44.9,74,14,86.6,1.8
151,27,7.49,77.6,74,11.2,90,1.8
151,28,7.28,82.8,74,30.1,96.3,1.9
151,29,7.06,33.1,74,26.4,93,1.9
151,30,6.82,83.2,74,32.3,83.6,1.9
151,31,7.19,54.3,74,6.2,84.8,1.9
151,32,7.3,40.5,74,25.3,95.9,1.9
151,33,6.86,36.1,74,14.8,84,1.9
151,34,7.45,76.1,74,19.9,88.4,2
151,35,6.78,53.5,74,23.9,95.3,2
151,36,7.01,50.2,74,23.2,82.8,2
151,37,6.88,59.2,74,27.9,80.8,2
151,38,,,74,,,
151,39,,,74,,,
151,40,7.02,109.6,75,31.7,80,0.2
151,41,7.29,75.6,75,6.9,90,0.2
151,42,7.09,91.8,75,14,80.2,0.2
151,43,7.35,30.9,75,31.5,91.4,0.2
151,44,7.31,80.1,75,31.9,94.6,0.2
151,45,7.4,36.4,75,31.3,97.3,0.3
151,46,7.09,59.8,75,7.9,95.8,0.3
151,47,7.22,33.6,75,23.1,96.3,0.3
151,48,7.42,100.3,75,23.2,90.6,0.3
151,49,7.49,48.9,75,33,96,0.3
151,50,6.78,36.5,75,14.4,93.2,0.3
152,0,7.46,87.9,75,21.3,97.5,0.3
152,1,7.48,64.4,75,6.9,85.8,0.3
152,2,7.24,106.6,75,30.5,86.8,0.4
152,3,7.19,75.5,75,27.2,98.1,0.4
152,4,6.83,59.7,75,33.3,90.9,0.4
152,5,6.84,55,75,33.5,96.7,0.4
152,6,7.12,49.6,75,21.1,89.1,0.4
152,7,7.09,101.5,75,33.6,90.2,0.5
152,8,6.99,102.4,75,30.7,98.4,0.5
152,9,6.95,48.8,75,28.5,84.6,0.5
152,10,6.86,99.1,75,24.3,89.7,0.5
152,11,6.74,99.1,75,8.2,80.7,0.5
152,12,6.87,45.2,75,6.8,98.1,0.5
152,13,7.44,73.9,75,16.2,93.5,0.5
152,14,6.81,47.7,75,34.4,89.4,0.5
152,15,7.29,98.4,75,24.5,96.9,0.6
152,16,7.24,65.5,75,12.6,93.7,0.6
152,17,7.12,99.7,75,21.5,80.2,0.6
152,18,6.72,47.1,75,21.8,86.6,0.6
152,19,7.38,105.6,75,27,83.3,0.6
152,20,6.75,89,75,29.9,96.1,0.7
152,21,7.07,59.6,75,12.6,81.5,0.8
152,22,6.72,62.7,75,16.8,80.8,0.8
152,23,7.11,45.9,75,12.3,95.2,0.8
152,24,6.76,107.4,75,19.5,98.2,0.8
152,25,7.03,51.7,75,32.9,94,0.8
152,26,6.75,68.9,75,29.9,89.7,0.9
152,27,6.79,52.3,75,30.2,97.1,0.9
152,28,7.1,44.3,75,24.3,84.5,0.9
152,29,7.14,39.2,75,16.7,87.5,1
152,30,7.5,31,75,26.1,90.7,1
152,31,6.75,74.8,75,34.3,81.6,1
152,32,6.8,66.4,75,5.5,85.1,1
152,33,6.94,98.6,75,32.4,97.8,1
152,34,7.18,91.6,75,5.1,98.7,1.1
152,35,7.49,89.5,75,30,92.7,1.1
152,36,6.82,77.7,75,24.2,84.7,1.1
152,37,6.89,89.9,75,11,89,1.1
152,38,6.76,78.4,75,8.3,80.2,1.1
152,39,6.74,65.5,75,21,91.6,1.1
152,40,6.85,56.2,75,5.9,91.7,1.1
152,41,7.08,42.6,75,14.1,97.9,1.1
152,42,6.96,65.4,75,25.1,81.4,1.1
152,43,7.16,102.3,75,23.2,96.4,1.2
152,44,7.41,66.1,75,20.5,91.1,1.2
152,45,7.22,63.8,75,10.9,84.4,1.3
152,46,7.1,51,75,18.7,94.7,1.3
152,47,6.85,77.9,75,11.2,90.2,1.3
152,48,7.5,48.2,75,7.3,90.8,1.3
152,49,7.12,72.5,75,18.8,87.1,1.3
152,50,7.35,43.3,75,31.6,82.1,1.3
153,0,6.8,75.2,75,19.9,95.1,1.3
153,1,7.08,30.1,75,8.9,95.1,1.4
153,2,7.41,60.9,75,23.1,84.9,1.4
153,3,7.02,85.8,75,18.2,80.4,1.4
153,4,6.71,101.9,75,15.8,86.2,1.4
153,5,7.1,91.3,75,12.1,83.8,1.4
153,6,7.39,108.3,75,11.2,98,1.4
153,7,7.35,61.9,75,15.5,81.1,1.4
153,8,7.45,37.6,75,26.4,83.4,1.4
153,9,7,72.4,75,31.3,98.1,1.4
153,10,7.14,98.5,75,6.6,93.9,1.5
153,11,7.47,60.2,75,28.6,80.5,1.5
153,12,7.01,56.5,75,6.6,88.5,1.5
153,13,6.78,67.6,75,23.3,80.7,1.5
153,14,7.16,50.1,75,31.2,82.7,1.5
153,15,6.85,63.7,75,9.6,89.5,1.5
153,16,6.96,86.4,75,26.1,86.5,1.5
153,17,7.23,76.4,75,18.7,96.8,1.5
153,18,7.49,32.8,75,34,91,1.6
153,19,7.04,49.6,75,21.7,83,1.6
153,20,7.17,34.2,75,13.2,84.8,1.6
153,21,7.1,56.5,75,16.2,94,1.6
153,22,7.02,45,75,22.2,83,1.6
153,23,7.04,74.2,75,25.3,91,1.7
153,24,7.01,58.7,75,14.8,91.9,1.7
153,25,7,43.1,75,7.8,81.2,1.7
153,26,7.26,83,75,30.3,95.5,1.7
153,27,7.49,57.6,75,29.5,81.7,1.7
153,28,6.96,88.7,75,15.8,92,1.7
153,29,6.96,83.5,75,27.3,92,1.8
153,30,6.79,80.7,75,11.1,92.5,1.8
153,31,7.47,94.1,75,30.9,97.5,1.8
153,32,6.95,80.3,75,32.7,82.8,1.8
153,33,7.09,73.5,75,14.8,86.9,1.8
153,34,6.94,107.4,75,9.7,82.5,1.8
153,35,7.32,86.6,75,29.2,81.1,1.8
153,36,6.81,54.6,75,29.9,86.9,1.9
153,37,7.34,108.6,75,34.8,84.4,1.9
153,38,6.8,96.1,75,33,94.9,1.9
153,39,6.86,49.1,75,22.6,96.5,1.9
153,40,6.71,51,75,7.1,92,1.9
153,41,6.99,44,75,16.5,98.6,1.9
153,42,6.91,71.2,75,20.6,84.1,2
153,43,,,75,,,
153,44,,,75,,,
153,45,6.83,33,76,28.6,90.2,0.2
153,46,7.33,44,76,18.1,97.3,0.2
153,47,6.91,93.6,76,21.9,96.1,0.2
153,48,6.71,65.7,76,30.8,90.4,0.3
153,49,6.94,91.3,76,19.6,92.6,0.3
153,50,7.21,30.6,76,32.7,80.7,0.3
154,0,7.15,97.1,76,33.5,82.3,0.3
154,1,7.31,68.5,76,6.3,95.1,0.3
154,2,7.48,103.7,76,16.3,91.2,0.3
154,3,6.76,101.8,76,32.7,83.9,0.3
154,4,6.76,41.6,76,7.6,81.8,0.4
154,5,7.38,34.2,76,27.9,80.2,0.4
154,6,7.07,84.5,76,29.6,96.2,0.4
154,7,7.47,72.6,76,14.3,95.1,0.4
154,8,7.38,73.5,76,7.2,83.8,0.4
154,9,6.8,42.4,76,28.6,93.1,0.5
154,10,6.82,75.8,76,10.9,83.9,0.5
154,11,7.47,73.4,76,11.2,88,0.5
154,12,6.8,40.1,76,20,91.8,0.5
154,13,7.37,69.5,76,17.3,95.1,0.5
154,14,7.46,57,76,27.5,91.1,0.5
154,15,6.84,34.3,76,30.4,89.1,0.6
154,16,6.88,56.1,76,32.6,81.3,0.6
154,17,7.34,82.9,76,21.2,96.5,0.6
154,18,7.09,59.7,76,21,82.8,0.6
154,19,7.19,61.1,76,34,88.3,0.6
154,20,7.42,40.1,76,18.6,83.1,0.6
154,21,7.34,86.8,76,11.7,90.9,0.6
154,22,6.87,79.9,76,29.1,80.5,0.6
154,23,7.49,78.8,76,8.8,80.9,0.6
154,24,7.23,85.9,76,33.6,92.4,0.7
154,25,6.95,30.2,76,22.1,92.6,0.7
154,26,7.09,33.6,76,31.1,91.9,0.7
154,27,6.83,35,76,29,83.1,0.8
154,28,7.09,71.2,76,14.2,98.5,0.8
154,29,7.33,99.6,76,7.4,84.4,0.8
154,30,7.5,55.4,76,11.1,82.2,0.8
154,31,6.9,89,76,5.6,89.5,0.8
154,32,7.41,75.8,76,15.4,84.1,0.9
154,33,6.9,52.2,76,18.4,80.6,0.9
154,34,7.29,106.2,76,31.9,90.9,0.9
154,35,7.2,62.3,76,31,93.7,0.9
154,36,7.47,76,76,17.7,92.1,0.9
154,37,6.85,54.9,76,14.2,88.3,0.9
154,38,7.34,107.3,76,27.6,98.1,1
154,39,6.76,48.7,76,8.2,94.1,1
154,40,6.93,80.1,76,24.3,94.2,1
154,41,7.16,37.2,76,34.7,82.9,1.1
154,42,7.02,45.8,76,14,92.1,1.1
154,43,7.34,65.7,76,31.4,84.9,1.1
154,44,7.02,88.2,76,32.6,85.9,1.1
154,45,7.31,65.2,76,25.4,93.1,1.1
154,46,7.2,56.3,76,11.5,86.7,1.2
154,47,6.9,60.4,76,20.2,98.3,1.2
154,48,7.13,75.6,76,31.2,87.2,1.2
154,49,7.14,66.9,76,23.1,81.9,1.2
154,50,7.5,45.1,76,17.3,89.1,1.2
155,0,7.27,55.5,76,8.2,97,1.2
155,1,6.9,85,76,5.8,94.9,1.2
155,2,7.03,64,76,10,86.9,1.2
155,3,6.93,37.7,76,8.7,93.6,1.2
155,4,6.79,79,76,34.8,90.3,1.2
155,5,7.34,84,76,21.9,97.7,1.2
155,6,7.36,69.3,76,20.2,82.8,1.3
155,7,6.88,62.4,76,5.3,87.5,1.3
155,8,6.98,91.2,76,28.4,87.4,1.3
155,9,7.11,95.8,76,13.8,87.7,1.3
155,10,6.99,77,76,12.9,81.2,1.3
155,11,7.3,56.9,76,16.3,89.5,1.3
155,12,7.31,93.3,76,5.4,91.5,1.3
155,13,6.96,97.8,76,22.2,94.8,1.4
155,14,7.31,98.4,76,12.8,84.8,1.4
155,15,6.71,109.8,76,14.1,97.1,1.4
155,16,7.36,53.2,76,7.9,95,1.4
155,17,6.78,85.9,76,7.4,90.6,1.4
155,18,7.19,65.5,76,27.2,94.7,1.4
155,19,6.72,90.7,76,22.2,86.8,1.4
155,20,7.31,95.8,76,18.8,94.4,1.4
155,21,7.45,40.6,76,7.8,94.1,1.4
155,22,7.1,107.2,76,29.7,87,1.5
155,23,7.04,79.1,76,10,90.2,1.5
155,24,6.91,58.9,76,33,96.9,1.5
155,25,6.74,78,76,5.3,88.8,1.5
155,26,6.79,88.1,76,26.6,81,1.5
155,27,6.85,99.2,76,31.3,93.5,1.5
155,28,7.07,79.7,76,33.4,96.4,1.5
155,29,6.85,56.5,76,5.4,95.1,1.5
155,30,6.93,73.6,76,10.3,89.4,1.5
155,31,7.41,53.5,76,16.4,82.8,1.5
155,32,7.23,55.5,76,12.2,89.6,1.5
155,33,7.07,48.5,76,17.1,84.5,1.5
155,34,7.37,93.8,76,16.7,91.7,1.6
155,35,7.01,93.9,76,11.9,91.9,1.6
155,36,7.39,89.5,76,16.9,91.3,1.6
155,37,7.32,89.2,76,5.2,89.3,1.6
155,38,7.35,96.8,76,35,98.2,1.6
155,39,7.01,84.2,76,15.3,84.2,1.6
155,40,7.48,109.7,76,18.5,80.8,1.6
155,41,7.42,82.5,76,23.5,98.1,1.6
155,42,6.96,56.4,76,9.6,96.3,1.6
155,43,7.34,95,76,9.9,96.7,1.6
155,44,6.84,43,76,32.5,84,1.7
155,45,7.49,78.9,76,15.7,80.9,1.7
155,46,7.07,53.5,76,32.8,90.9,1.7
155,47,6.86,49.5,76,30.2,97.2,1.7
155,48,7.09,42.6,76,19.2,80.4,1.7
155,49,6.71,67.8,76,33.4,80.1,1.7
155,50,6.85,71.6,76,25.6,96.4,1.8
156,0,7.44,74.5,76,13.4,87.3,1.8
156,1,7.27,80.2,76,9.4,90.7,1.8
156,2,7.13,52.2,76,32.6,93.6,1.8
156,3,7.28,41.3,76,28.8,94.4,1.8
156,4,7.23,89.4,76,32.4,98.4,1.8
156,5,6.77,48.5,76,8.7,98.1,1.8
156,6,7.03,44.2,76,16.1,95.2,1.8
156,7,7.44,91.9,76,32.8,93.3,1.8
156,8,6.73,83.1,76,21.3,89.9,1.9
156,9,7.01,83.5,76,29.4,83.8,1.9
156,10,7.01,90.9,76,24.6,93.6,2
156,11,7.07,92.5,76,30.8,86.1,2
156,12,7.03,68.8,76,17.9,83.4,2
156,13,,,76,,,
156,14,,,76,,,
156,15,,,76,,,
156,16,6.8,68,77,19.1,83.8,0.2
156,17,7.35,74.2,77,27.9,81.2,0.2
156,18,7.46,83.6,77,15.8,85.4,0.2
156,19,7.1,40.1,77,30.3,96.2,0.2
156,20,7,103,77,12.4,95.3,0.2
156,21,7.16,60.6,77,9.9,92.5,0.3
156,22,7.16,97.1,77,34.4,81.6,0.3
156,23,7.18,78.7,77,32.2,98.7,0.3
156,24,7.31,90,77,8.5,91.5,0.3
156,25,6.77,99.9,77,16.8,80.7,0.3
156,26,7.14,54,77,11,90.9,0.3
156,27,6.92,64.4,77,8.7,86.7,0.4
156,28,6.78,60.4,77,9.2,97,0.4
156,29,6.9,77,77,13.7,89.4,0.4
156,30,7.47,106.4,77,13.7,85.6,0.4
156,31,7.13,32,77,13.9,81,0.4
156,32,6.82,62.1,77,10.4,98.4,0.4
156,33,6.76,98.9,77,20.5,97.4,0.4
156,34,7.24,48.8,77,29.7,98.5,0.4
156,35,6.84,109.6,77,7.8,95,0.5
156,36,7.18,100.7,77,20,87,0.5
156,37,7.24,91,77,29.4,93.1,0.5
156,38,7.21,80.8,77,34.6,89.8,0.5
156,39,6.93,76,77,21.2,92,0.5
156,40,6.91,33,77,25.7,94.3,0.5
156,41,6.73,76.2,77,9,94.7,0.6
156,42,7.19,48.3,77,22.9,97.8,0.6
156,43,6.87,34.7,77,12,93.7,0.6
156,44,6.79,82.1,77,20.9,95.6,0.6
156,45,7.16,36.9,77,14.5,84.9,0.6
156,46,6.79,31.5,77,28.7,80,0.7
156,47,7.4,57,77,29.5,89.2,0.7
156,48,6.92,107.6,77,34,85.6,0.7
156,49,6.73,56,77,26.3,83.1,0.7
156,50,7.04,48.8,77,8.4,97.6,0.7
157,0,6.76,30.7,77,27,98.7,0.7
157,1,7.27,103.5,77,18.5,93.5,0.8
157,2,6.96,40.5,77,34.5,92.4,0.8
157,3,7,74.5,77,25.4,91.9,0.8
157,4,7.01,99.9,77,31.2,93.8,0.8
157,5,7.33,105.3,77,24.2,97.8,0.8
157,6,7.4,46.7,77,15.9,84.4,0.8
157,7,7.48,83.5,77,31.4,92.8,0.9
157,8,6.91,43.6,77,6.4,85.9,0.9
157,9,6.89,95.6,77,22.3,90.1,0.9
157,10,7.42,62.5,77,27.6,96.6,0.9
157,11,7.4,83.8,77,10.7,82.5,1
157,12,7.49,93.7,77,14.2,89.9,1
157,13,7.01,54.7,77,7.7,88.7,1
157,14,6.7,87.2,77,23,90.9,1
157,15,7.32,39.5,77,32.8,83.8,1
157,16,7.48,46.8,77,19.3,97.5,1
157,17,6.81,93.9,77,13.5,92.3,1.1
157,18,7.43,36.9,77,15.2,92,1.1
157,19,7.25,35.8,77,7.9,98.3,1.1
157,20,6.97,32.8,77,24.5,84.6,1.1
157,21,6.74,75.9,77,24.6,80.2,1.1
157,22,6.87,70.1,77,34.6,80.6,1.1
157,23,7.37,36.5,77,22.6,90.8,1.1
157,24,7.14,32.3,77,9.9,82.6,1.1
157,25,7.47,32.1,77,28.8,84,1.2
157,26,7.31,100.6,77,21.2,88.4,1.2
157,27,7.13,96,77,25.2,83,1.2
157,28,7.16,79.7,77,11.9,87.6,1.2
157,29,7.06,34.2,77,17.6,89.6,1.2
157,30,6.92,82.6,77,12.8,90.8,1.2
157,31,7.31,79.7,77,29.1,94.9,1.2
157,32,7.26,43.8,77,34.2,84.3,1.2
157,33,7.16,75.7,77,18.6,88.3,1.2
157,34,7.22,81.2,77,34.4,89.4,1.2
157,35,7.21,81.9,77,21,97.2,1.2
157,36,7,32.9,77,34.8,92.7,1.2
157,37,6.89,56,77,17.3,81.4,1.2
157,38,7.18,74.6,77,29.5,81,1.3
157,39,7.01,83,77,12.7,87.1,1.3
157,40,7.28,71.6,77,20.7,83.6,1.3
157,41,7.06,68.1,77,33.4,89,1.3
157,42,7.35,45.7,77,17.1,88.7,1.3
157,43,7.28,76.1,77,30.8,81.5,1.4
157,44,6.87,80.8,77,21.5,80.9,1.4
157,45,6.71,57.3,77,17.5,97.3,1.4
157,46,6.85,67.1,77,14.1,90.7,1.4
157,47,6.93,45.2,77,14.6,80.5,1.5
157,48,7.03,44,77,16.5,90,1.5
157,49,7.3,59.8,77,20.7,88.7,1.5
157,50,7.43,95.4,77,21.9,85.4,1.6
158,0,7.19,63.2,77,25.9,98.1,1.6
158,1,7.37,31,77,7.6,90.4,1.7
158,2,7.18,87.9,77,5.2,95.2,1.7
158,3,6.74,102.8,77,12.7,97.1,1.7
158,4,6.91,69.9,77,24.9,81.1,1.7
158,5,7.32,35.3,77,25.6,83.5,1.7
158,6,7.31,30.5,77,26.2,87.1,1.7
158,7,7.22,81.4,77,6.8,80.2,1.7
158,8,6.75,54.3,77,32.8,90.7,1.8
158,9,7.07,35.5,77,20.7,96.5,1.8
158,10,6.76,75.9,77,10.3,95.6,1.8
158,11,7.11,47.9,77,16.7,81,1.8
158,12,7.49,75.8,77,29.8,87.2,1.8
158,13,6.96,105.3,77,30.1,96.4,1.9
158,14,6.82,66,77,30,97.7,1.9
158,15,7.45,69.7,77,20.8,87.8,1.9
158,16,7.25,64,77,17.7,85.2,1.9
158,17,7.09,77.5,77,11.2,82.2,1.9
158,18,7.12,93.3,77,7.8,83.2,2
158,19,6.72,109.4,77,5.6,96.6,2
158,20,,,77,,,
158,21,,,77,,,
158,22,,,77,,,
158,23,,,77,,,
158,24,7.22,100.3,78,26,88.3,0.2
158,25,6.87,59.8,78,27.6,91.4,0.2
158,26,7.17,37.1,78,31.2,84.7,0.2
158,27,6.94,100.9,78,13.6,84.6,0.2
158,28,7.29,80.5,78,26.2,98.2,0.3
158,29,6.76,33.5,78,18.3,93.7,0.3
158,30,7.45,101.1,78,23.1,94.6,0.3
158,31,7.1,45.5,78,14.2,84.6,0.3
158,32,6.76,79.1,78,30.1,92.7,0.3
158,33,6.84,34.7,78,17.8,95.4,0.3
158,34,6.87,87.6,78,26.2,92.6,0.3
158,35,7.38,94.7,78,28.4,88.1,0.3
158,36,7.33,89.5,78,26.8,95.9,0.3
158,37,7.29,62.4,78,19.9,88.6,0.3
158,38,7.46,40.3,78,33.7,85.9,0.4
158,39,6.98,106.1,78,34.5,81,0.4
158,40,7.18,82.1,78,27.2,88.5,0.4
158,41,7.45,69.1,78,18.4,91.5,0.5
158,42,7.31,97,78,17.7,96.2,0.5
158,43,7.06,57.1,78,31.2,89.9,0.5
158,44,6.96,61.2,78,18.2,83.5,0.5
158,45,6.72,78.5,78,12.3,84.3,0.6
158,46,6.73,50.7,78,9.5,81.8,0.6
158,47,7.2,57.3,78,13.8,85.2,0.6
158,48,7.41,44,78,31.6,88.4,0.7
158,49,7,100.7,78,26.1,84.6,0.7
158,50,6.83,85.2,78,12.2,86.2,0.7
159,0,6.79,33.9,78,14.5,80.4,0.7
159,1,7.17,89.6,78,30.2,90.1,0.7
159,2,6.84,61.1,78,24.3,95.5,0.7
159,3,7.22,58,78,15.5,95.7,0.7
159,4,6.89,51,78,13.2,93.6,0.7
159,5,7.49,41.4,78,31.7,95.1,0.7
159,6,6.9,89.6,78,14.3,91.1,0.8
159,7,7.28,37,78,32.5,98.8,0.8
159,8,7.18,43.2,78,18.2,81.1,0.8
159,9,7.02,109.9,78,6.6,98.1,0.8
159,10,7.21,60.3,78,33.2,91.1,0.9
159,11,7.04,81,78,11,87.7,0.9
159,12,7.35,104.5,78,6.3,82.3,0.9
159,13,6.84,41,78,13.4,82.6,0.9
159,14,7.42,84.7,78,22.9,82.7,0.9
159,15,6.83,96.8,78,13.1,94.5,1
159,16,7.07,52,78,30.2,93.5,1
159,17,7,91.6,78,15.5,97.3,1
159,18,7.03,44.4,78,34.5,81.2,1
159,19,6.71,77,78,6.1,97,1
159,20,7.36,93.7,78,10.7,93.5,1.1
159,21,7.29,46,78,16.1,85.2,1.1
159,22,7.29,38.2,78,9.3,92.8,1.1
159,23,7.4,42.9,78,19.6,87.2,1.1
159,24,6.75,36.5,78,16.5,86.5,1.1
159,25,6.95,61.4,78,16.9,94.9,1.2
159,26,6.8,32.3,78,13.2,96.4,1.2
159,27,7.39,48,78,31.3,89.3,1.2
159,28,7.32,91.5,78,15.2,89.5,1.2
159,29,7.36,57.9,78,16.1,81.5,1.2
159,30,6.97,60.7,78,28.6,89.5,1.2
159,31,6.83,97.4,78,23.7,92.9,1.2
159,32,7.4,52.8,78,32.8,83.6,1.2
159,33,7.29,99.3,78,21.1,98.8,1.3
159,34,7.17,87.4,78,9.8,84,1.3
159,35,7.01,76,78,19.1,87.5,1.3
159,36,7.46,90.9,78,11,98.8,1.4
159,37,6.8,90.8,78,27.1,85.8,1.4
159,38,7.15,76.6,78,29.4,93.6,1.4
159,39,6.75,41.4,78,13.8,85.5,1.4
159,40,7.26,36.9,78,25.5,90.4,1.4
159,41,7.34,78.1,78,32.1,84.6,1.4
159,42,7.07,106.6,78,14.2,98.2,1.4
159,43,7.01,41.3,78,28.4,94.9,1.4
159,44,7.05,51.1,78,13.9,88.4,1.5
159,45,7.18,92.9,78,9.9,92.8,1.5
159,46,7.27,71.9,78,6.2,95.8,1.5
159,47,7.17,95.5,78,29.8,90.9,1.5
159,48,6.83,99.1,78,29.6,80.4,1.5
159,49,7.32,70.4,78,30.6,96.9,1.5
159,50,7,104,78,22.8,89.2,1.6
160,0,7.06,85.5,78,29.4,98.3,1.6
160,1,7.15,92.8,78,14.3,87.7,1.6
160,2,6.91,46.4,78,31.5,87.1,1.7
160,3,6.81,79.7,78,32.3,83.4,1.7
160,4,7.42,81.4,78,11.6,87.2,1.7
160,5,6.84,83.7,78,19,97.2,1.7
160,6,6.81,31.1,78,13.4,81.6,1.7
160,7,7.43,69.8,78,34.7,97.3,1.7
160,8,6.78,49,78,29.1,81.2,1.8
160,9,7.31,71,78,25,80.1,1.8
160,10,7.14,33.8,78,25.9,97.8,1.8
160,11,6.91,56.9,78,9.4,91.2,1.8
160,12,6.78,107.7,78,10.2,90.3,1.9
160,13,7.41,52.6,78,10.7,98,1.9
160,14,7.31,94.7,78,32.8,91.6,1.9
160,15,7.47,70.6,78,28.6,94.7,1.9
160,16,7.21,108.3,78,30.5,84.9,1.9
160,17,6.89,43.6,78,10.6,90.4,1.9
160,18,7.3,33.3,78,17.7,86.4,1.9
160,19,7.3,45.4,78,27,81.7,1.9
160,20,7.28,90.8,78,8.1,93.5,1.9
160,21,7.25,97.2,78,29.2,86.4,2
160,22,7.42,35.6,78,24.8,82.4,2
160,23,6.92,98.4,78,29.1,90.5,2
160,24,6.7,76.2,78,8.2,98.8,2
160,25,,,78,,,
160,26,,,78,,,
160,27,7,66.8,79,28.6,97,0.2
160,28,6.86,40.8,79,20.5,87.9,0.3
160,29,7.25,32.9,79,27.4,90.8,0.3
160,30,7.34,54.7,79,9,91.2,0.3
160,31,7.07,47,79,15.9,82.3,0.3
160,32,6.82,32.3,79,30,91.8,0.3
160,33,6.84,40.2,79,30.8,97.5,0.3
160,34,6.82,50.2,79,22.3,82.3,0.3
160,35,7.38,95.5,79,26.8,85.4,0.3
160,36,7.3,86.3,79,9.1,92.6,0.4
160,37,6.71,97.4,79,26.7,98.2,0.4
160,38,6.99,31.6,79,34,92.7,0.4
160,39,7.16,106.1,79,31.3,89.4,0.4
160,40,7.2,44.6,79,25.2,87.2,0.4
160,41,7.15,91.3,79,15.9,80.3,0.4
160,42,7.29,86.6,79,29.4,94.2,0.4
160,43,7.43,37,79,8.9,94.1,0.5
160,44,7.09,85.7,79,18.5,95.9,0.5
160,45,7.43,61.9,79,27.3,87.6,0.5
160,46,7.03,30.2,79,15.4,83.3,0.5
160,47,7.13,79.9,79,20.3,94,0.5
160,48,7.27,99.7,79,9.9,84.1,0.6
160,49,6.73,52.6,79,11,95.3,0.6
160,50,7,96.3,79,27.4,90.7,0.6
161,0,6.88,79.3,79,19.2,96.4,0.6
161,1,7.41,40.2,79,24.4,98.3,0.6
161,2,7.41,66.7,79,19.4,83.2,0.6
161,3,7.29,54.1,79,8.6,87.4,0.6
161,4,7.48,103.7,79,24.1,81.8,0.6
161,5,6.98,42.7,79,27.6,89.5,0.6
161,6,7.25,103.5,79,5.8,80.1,0.6
161,7,7.46,82.8,79,6.9,92.3,0.6
161,8,6.82,50.8,79,11.5,94.3,0.7
161,9,7.22,57.2,79,14.6,90.1,0.7
161,10,7.17,69.6,79,25.6,80.2,0.7
161,11,7.48,59.8,79,26.8,86.9,0.7
161,12,7.02,87.2,79,14.9,88.1,0.7
161,13,6.99,74.3,79,11.8,85.3,0.8
161,14,7.12,92.3,79,18.8,90,0.8
161,15,7.18,86,79,11.2,81.9,0.8
161,16,7,41.3,79,26.1,88.4,0.8
161,17,7.13,62.7,79,15.5,91,0.8
161,18,7.25,49,79,22.3,92.5,0.8
161,19,6.84,104.1,79,18.7,85.9,0.8
161,20,7.14,61.7,79,19.7,92.6,0.8
161,21,6.82,73.7,79,31.1,98.7,0.8
161,22,6.98,45.1,79,7.2,95,0.8
161,23,7.3,105.7,79,22.7,85.7,0.8
161,24,7.16,46.1,79,32.4,92.2,0.8
161,25,7.21,87.4,79,6.6,80.7,0.9
161,26,7.08,46.3,79,9.4,83.9,0.9
161,27,6.89,106.2,79,29.7,90.4,1
161,28,7.28,77.9,79,20.3,89.6,1
161,29,7.37,55,79,31.5,91.1,1.1
161,30,6.7,67.5,79,5.5,80.5,1.1
161,31,6.81,94.7,79,17.5,90.1,1.1
161,32,7.31,94.2,79,10.4,81.8,1.1
161,33,7.09,50.3,79,20.2,88.5,1.1
161,34,6.78,42.3,79,18.7,84.9,1.1
161,35,7.36,70.2,79,6.5,83.6,1.1
161,36,7.11,38.7,79,23.6,92,1.2
161,37,7.04,108.3,79,8.5,96.3,1.2
161,38,6.84,69.3,79,7.9,82.1,1.2
161,39,6.98,90.9,79,13.2,90.3,1.2
161,40,7.04,53.9,79,32.3,93.3,1.2
161,41,7.09,33.7,79,21.3,98.3,1.2
161,42,7.08,74.9,79,33,80.8,1.3
161,43,6.91,71.8,79,28.5,94.4,1.3
161,44,7.06,45.3,79,5.1,80.9,1.3
161,45,6.9,109.8,79,10.1,83.6,1.3
161,46,6.82,34.9,79,17.7,82,1.3
161,47,6.95,59.2,79,25.6,86.6,1.3
161,48,6.98,88.3,79,25.1,88.4,1.3
161,49,7.03,91.6,79,5.2,81.9,1.3
161,50,6.97,40.5,79,30.3,85.6,1.3
162,0,7.33,69.9,79,7.8,85.3,1.4
162,1,7.45,42.5,79,22.9,82.6,1.4
162,2,7.24,103.3,79,18.3,89.2,1.4
162,3,7.28,51.8,79,25.9,84.8,1.4
162,4,6.83,35.4,79,32.9,82.2,1.5
162,5,7.4,30.5,79,7.9,96.5,1.5
162,6,7.06,53,79,5.1,88.2,1.5
162,7,7.18,106.3,79,27.8,94.6,1.6
162,8,6.99,47.6,79,26.4,93.2,1.6
162,9,7.13,56.2,79,28.9,85.8,1.6
162,10,7.37,63.1,79,28,97.4,1.6
162,11,6.73,45.9,79,16.8,98.5,1.6
162,12,6.71,36.1,79,25.4,89,1.6
162,13,7.15,44.5,79,31.5,95.4,1.6
162,14,7.12,92.6,79,22.5,88,1.7
162,15,7.25,109.5,79,31.7,98.9,1.7
162,16,6.9,77.3,79,22.6,84.9,1.7
162,17,7.08,78,79,28.9,87.9,1.7
162,18,7.47,95.3,79,17.6,92.2,1.7
162,19,6.87,108.3,79,20.5,81.3,1.7
162,20,7.19,32.3,79,17.4,98.1,1.8
162,21,6.9,78.2,79,9.3,91.5,1.8
162,22,7.45,70.7,79,9.9,90.1,1.8
162,23,7.06,102.4,79,33.3,85,1.8
162,24,7,51.2,79,15.1,83.1,1.8
162,25,7.08,76.6,79,34.1,88.2,1.8
162,26,7.48,74.7,79,29.3,85.9,1.9
162,27,7.29,99.8,79,11.5,87.7,1.9
162,28,7.38,81.8,79,9.8,89.9,1.9
162,29,7.15,63.2,79,16.5,88.3,2
162,30,7.41,36.6,79,14.9,98.5,2
162,31,7.44,59.6,79,17.7,81,2
162,32,6.77,49.3,79,32.6,92,2
162,33,7.25,108,79,8.3,92.5,2
162,34,6.99,56.5,79,10.1,92.5,2
162,35,7.02,107.7,80,19.6,98.5,0.2
162,36,7.03,93.7,80,21.9,91.1,0.2
162,37,7.02,85.6,80,33.6,87.8,0.2
162,38,7,67.9,80,12.7,85.4,0.2
162,39,7.09,46.2,80,17,88.5,0.2
162,40,7.14,42.6,80,27.9,85.5,0.2
162,41,7.27,79.5,80,16.3,81.5,0.4
162,42,7.01,84.2,80,25.1,82,0.4
162,43,7.15,84.8,80,10.2,86.9,0.4
162,44,6.71,31.7,80,7.8,84.5,0.4
162,45,6.95,93.9,80,19.7,94.1,0.4
162,46,7.22,107,80,16.6,83.8,0.4
162,47,6.74,77.6,80,25.8,86.4,0.5
162,48,7.36,57.6,80,26.8,94.8,0.5
162,49,6.81,45.4,80,13.1,90.5,0.5
162,50,7.46,41.7,80,23.3,91.4,0.5
163,0,6.91,104.6,80,26.2,91.4,0.6
163,1,6.83,61.6,80,25.9,80.5,0.6
163,2,6.86,60.5,80,16,87.5,0.6
163,3,7.11,36.6,80,30.4,98.1,0.6
163,4,6.71,84.1,80,9.1,80.3,0.6
163,5,7.19,65.3,80,19.8,87.8,0.6
163,6,7.12,97.9,80,16.1,86.2,0.6
163,7,7.23,42.2,80,25.6,98,0.7
163,8,6.77,104.7,80,34.5,83.6,0.7
163,9,7.32,68.3,80,32.2,91.1,0.7
163,10,7.29,91.3,80,17,94.5,0.7
163,11,7.42,104.5,80,30,97.7,0.7
163,12,7.2,87.7,80,29.6,93.6,0.7
163,13,7.44,76.3,80,21.4,91.8,0.7
163,14,7.03,54.1,80,27.5,88.4,0.7
163,15,6.97,78.9,80,13.1,91.5,0.7
163,16,7.18,33,80,5.6,82.2,0.8
163,17,7.36,54.2,80,11.6,80.8,0.8
163,18,6.85,42.1,80,28,93.4,0.8
163,19,7.31,43.9,80,12,81.2,0.8
163,20,7.02,57,80,28.6,85.5,0.8
163,21,6.9,57.5,80,11.1,84.7,0.8
163,22,6.98,68.5,80,21.1,84,0.8
163,23,6.93,49.2,80,9.5,98.5,0.9
163,24,7.21,82.9,80,10.1,95.1,0.9
163,25,7.1,75.2,80,5.7,95.3,0.9
163,26,6.74,96.3,80,8,86.6,0.9
163,27,6.75,40.6,80,22.9,80,1
163,28,7.3,90.3,80,21.3,84.8,1
163,29,6.72,105.7,80,10.9,81.6,1
163,30,6.84,32,80,19.9,86.5,1
163,31,7.13,76.8,80,5.3,98.3,1
163,32,7.07,52.8,80,11.7,87.8,1
163,33,7.27,95.7,80,12.8,89.6,1.1
163,34,7.09,67,80,25.4,90.7,1.1
163,35,7.01,62.4,80,25.4,86.3,1.1
163,36,7.39,105.1,80,23.8,86.1,1.1
163,37,7.37,94.9,80,27.2,83.5,1.1
163,38,7.49,85,80,18.8,96.7,1.2
163,39,6.98,89.6,80,12.8,98.6,1.2
163,40,7.22,74.9,80,6.3,81.1,1.2
163,41,7.4,30.3,80,32.8,85,1.2
163,42,7.05,53.5,80,25.4,94.8,1.3
163,43,7.43,64.1,80,20,92.8,1.3
163,44,7.18,92.8,80,6.6,94.6,1.3
163,45,6.72,94.7,80,11.4,92.5,1.3
163,46,7.05,71.2,80,19.5,95.2,1.3
163,47,7.12,80.6,80,29.5,84.1,1.3
163,48,6.98,95.5,80,33.7,87.1,1.4
163,49,7.21,72.6,80,16.4,86.4,1.4
163,50,7.26,76.5,80,25.8,87.3,1.4
164,0,7.29,105.3,80,33.2,90,1.4
164,1,7.33,40.4,80,8.8,80.1,1.4
164,2,7.07,36.5,80,30.6,84.2,1.5
164,3,7.08,65,80,26.8,90.1,1.5
164,4,7.11,38,80,20.3,89.1,1.5
164,5,6.81,89.9,80,24,85.3,1.5
164,6,7.31,90.9,80,26,85.6,1.6
164,7,7.47,45,80,7.2,82,1.6
164,8,6.71,67.3,80,32.1,98.8,1.6
164,9,6.7,73.3,80,19.3,83.1,1.6
164,10,7.39,82.1,80,5.7,86.3,1.6
164,11,7.29,55.1,80,15.2,81.6,1.6
164,12,7.47,109.8,80,18.1,94.5,1.6
164,13,7.25,31.1,80,33.5,92.6,1.7
164,14,6.78,98.1,80,17.6,81,1.7
164,15,7.01,79.7,80,17.3,82.9,1.8
164,16,7.32,43.5,80,24,83.6,1.8
164,17,7.32,96.5,80,22.4,85.8,1.8
164,18,6.97,82.2,80,29.4,82.7,1.8
164,19,7.48,39.4,80,18.8,90.4,1.8
164,20,7.37,99.5,80,27.7,90,1.8
164,21,6.82,49.5,80,8.8,83.6,1.8
164,22,7.15,91.3,80,16.1,95.3,1.8
164,23,6.78,96.4,80,30.9,95.5,1.8
164,24,7.13,85.6,80,17.5,88.7,1.8
164,25,7.07,96.3,80,12.3,86.6,1.8
164,26,6.77,76.5,80,14.9,85.4,1.9
164,27,6.99,101.8,80,29.2,83.9,1.9
164,28,7.08,71.1,80,27.2,85.3,1.9
164,29,6.82,53,80,15.3,97.8,1.9
164,30,7.21,76,80,33.2,82.8,1.9
164,31,7.38,39.5,80,14.7,85.6,1.9
164,32,7.32,57.1,80,14,86.2,1.9
164,33,7.08,38.3,80,13.6,82.2,2
164,34,6.83,87.5,80,13.3,82.9,2
164,35,,,80,,,
164,36,7.39,76.5,81,25.6,89,0.2
164,37,7.11,67.2,81,16.3,94.5,0.2
164,38,6.81,45.5,81,27.1,98.8,0.3
164,39,6.81,32.1,81,20.3,82.6,0.3
164,40,7.06,60.3,81,16.5,92.8,0.3
164,41,7.19,109.1,81,27,92,0.4
164,42,7.29,83.5,81,9.7,94.2,0.4
164,43,7.35,52.3,81,17.6,83.6,0.4
164,44,6.84,58,81,21.2,86.4,0.4
164,45,7.24,80.5,81,23.4,80.2,0.4
164,46,6.7,75.6,81,13.8,80.9,0.5
164,47,7.42,35.7,81,9.4,83.6,0.5
164,48,7.48,108.1,81,12.4,85.1,0.5
164,49,6.82,40.4,81,14.3,82.8,0.5
164,50,6.96,109.9,81,24.4,90.8,0.5
165,0,7.29,78.4,81,21.5,94.2,0.6
165,1,7,67.1,81,14.7,82.4,0.6
165,2,7.47,105.4,81,19.3,91.7,0.6
165,3,7.1,99.3,81,17,90.7,0.6
165,4,7.15,50.9,81,32.7,95.8,0.6
165,5,6.76,90.1,81,27.2,97.5,0.7
165,6,6.8,51.9,81,27.2,83.9,0.7
165,7,7.28,109.1,81,33.5,95.8,0.7
165,8,6.95,70.7,81,27.8,82.4,0.7
165,9,7.46,50.2,81,16.8,98.1,0.7
165,10,7.08,38.3,81,24.3,85.9,0.8
165,11,7.06,61.4,81,10.6,84.9,0.8
165,12,7.1,51.1,81,20.6,80.6,0.9
165,13,7.23,85.7,81,19.6,93.2,0.9
165,14,7.49,97.3,81,11.9,94.8,0.9
165,15,7.01,75.6,81,7,95.5,0.9
165,16,7,84.5,81,6.1,98.4,1
165,17,7.38,78.7,81,5.2,82.1,1
165,18,6.9,91,81,27.8,93.1,1
165,19,6.97,107.9,81,16.5,96.4,1
165,20,7.34,30.2,81,19.9,82.9,1
165,21,6.76,62.1,81,12.7,96.4,1.1
165,22,6.85,71.1,81,21.9,82.1,1.1
165,23,6.84,62.9,81,14.2,86.4,1.1
165,24,6.78,95.9,81,18.5,83.5,1.2
165,25,7.39,32.2,81,13.6,98.8,1.2
165,26,6.81,36.5,81,20.3,91.4,1.2
165,27,7.35,33,81,25.5,83.2,1.2
165,28,6.76,76.1,81,22.3,95.5,1.2
165,29,6.87,70.7,81,23,90,1.2
165,30,6.95,55,81,31.6,85,1.2
165,31,7.32,51.6,81,6.7,81.7,1.2
165,32,7.02,73.8,81,29.9,91.1,1.2
165,33,7.41,47.6,81,25.9,87.3,1.2
165,34,7.13,43.4,81,28.8,97.1,1.3
165,35,6.77,83.2,81,7.2,88.3,1.3
165,36,7.14,32.4,81,23.4,81.5,1.3
165,37,7.31,39.8,81,26,97.6,1.3
165,38,7.12,102.8,81,16.3,84.1,1.3
165,39,7.02,47.7,81,12,85.9,1.4
165,40,6.89,104.5,81,24.1,88,1.4
165,41,7.45,63,81,20.4,81.3,1.4
165,42,7.05,30,81,29.5,98.7,1.4
165,43,7.47,33.7,81,25.2,83.5,1.4
165,44,7.44,35.7,81,25.7,93,1.5
165,45,7.41,43.2,81,18.6,83.7,1.5
165,46,7.28,46.8,81,17.8,83.3,1.5
165,47,7.19,60.2,81,27.8,92,1.5
165,48,7.22,73.7,81,21.1,92.5,1.5
165,49,6.74,55,81,10.2,81.2,1.5
165,50,7.06,69,81,19.4,93.7,1.6
166,0,7.36,79.8,81,34.2,94.4,1.6
166,1,7.46,71.4,81,13.9,87.1,1.6
166,2,6.79,64.3,81,30.8,96.6,1.6
166,3,7.17,35.4,81,21,93.8,1.7
166,4,6.89,88.7,81,24.1,94.7,1.7
166,5,7.38,64.7,81,19.2,81.3,1.7
166,6,7.04,65.7,81,10.3,90.6,1.7
166,7,6.83,102.6,81,26.9,91.1,1.7
166,8,7.3,97.1,81,28,83.2,1.7
166,9,7.08,36.1,81,23.9,84.7,1.7
166,10,7.24,60.3,81,12.1,90.4,1.7
166,11,7.04,87.1,81,26.7,88.8,1.7
166,12,6.82,81,81,23.1,80.2,1.7
166,13,7.15,37,81,33.2,84.7,1.8
166,14,7,95.1,81,28.7,95.3,1.8
166,15,7.19,63.3,81,8.1,85.8,1.8
166,16,7.22,49.8,81,29.6,83.8,1.9
166,17,7.09,54.7,81,23.5,91.2,1.9
166,18,7.28,100,81,27.6,85.2,1.9
166,19,7.33,47.2,81,16.2,82.6,1.9
166,20,7.27,42.1,81,13.7,85.8,1.9
166,21,7.43,67,81,26.4,85.3,1.9
166,22,6.98,63.7,81,31.3,90.7,1.9
166,23,6.81,106.7,81,34.4,83,1.9
166,24,6.81,50.7,81,26.5,89.8,1.9
166,25,7.06,41.1,81,17.1,89.8,1.9
166,26,6.97,90.9,81,18.3,97.5,1.9
166,27,7.17,45.7,81,10.6,87.7,2
166,28,7.03,40.1,81,8.8,92.7,2
166,29,7.18,41,81,29.3,94.7,2
166,30,,,81,,,
166,31,,,81,,,
166,32,7.28,30.6,82,14.3,90.7,0.2
166,33,7.38,30.2,82,11,82.8,0.2
166,34,7.45,34.9,82,34,83.1,0.2
166,35,7.01,30.4,82,11,82.2,0.2
166,36,7.49,51,82,19.2,89.1,0.3
166,37,7.39,73.6,82,27.9,89.6,0.3
166,38,7.35,99.5,82,13.5,92.2,0.3
166,39,6.82,62.2,82,16.5,87.3,0.3
166,40,7.44,36,82,27.3,94,0.3
166,41,6.87,107.5,82,21.5,97.2,0.3
166,42,7.27,30.7,82,18.3,85.2,0.3
166,43,6.97,89.7,82,16.8,96.3,0.3
166,44,6.84,52.1,82,29.5,82.9,0.4
166,45,7.21,93.4,82,33.4,80.7,0.4
166,46,6.92,99.1,82,23.1,85.1,0.4
166,47,7.34,74.4,82,8.8,92.2,0.4
166,48,7.49,59.8,82,29.4,99,0.4
166,49,7.13,100.9,82,13.7,97.4,0.4
166,50,7.06,45.6,82,23.6,83.9,0.5
167,0,6.78,65.2,82,10.6,82.2,0.5
167,1,7.45,99.4,82,15.5,88.4,0.5
167,2,6.95,57.6,82,13.8,94.8,0.5
167,3,7.46,49.2,82,17.4,93.8,0.5
167,4,7.35,97.9,82,7,89.5,0.5
167,5,7.42,62.9,82,21.3,93.6,0.6
167,6,7.21,83.9,82,31.5,92.4,0.6
167,7,7.07,35.4,82,9.6,86.9,0.6
167,8,7.44,98.6,82,7.1,91.8,0.6
167,9,7.22,75.4,82,17.3,89.9,0.6
167,10,6.83,89.7,82,20.3,80.3,0.7
167,11,6.93,85.2,82,34.7,94.8,0.7
167,12,7.3,70.7,82,24.8,95.3,0.7
167,13,7.14,30,82,21.2,85,0.7
167,14,7.36,66.3,82,32.7,86.6,0.8
167,15,7.04,56.7,82,32.5,98.4,0.8
167,16,6.82,54.6,82,31.4,93.4,0.8
167,17,7.03,86,82,26,87.6,0.9
167,18,7.12,54,82,24.5,86,0.9
167,19,7.48,61.5,82,16.2,86.4,0.9
167,20,6.73,85.2,82,34.2,95.7,0.9
167,21,7.44,54.1,82,12.4,92.2,0.9
167,22,7.33,51.5,82,11.1,82.4,0.9
167,23,6.83,42.3,82,29.7,87.7,0.9
167,24,6.81,69.7,82,27.6,96.9,1
167,25,6.92,54.5,82,14.5,97.2,1
167,26,7.13,106.1,82,22.8,85.2,1
167,27,7.31,45.5,82,34.3,90.2,1
167,28,6.94,35.9,82,33.8,97,1
167,29,7.3,55,82,10.1,86,1.1
167,30,6.84,54.9,82,21.7,86.4,1.1
167,31,7,99.8,82,13.2,90.8,1.1
167,32,7.15,31.5,82,25.4,87.9,1.1
167,33,6.73,103.9,82,28.2,89.5,1.1
167,34,7.29,51.6,82,19.8,94.9,1.1
167,35,6.98,37.9,82,6.3,94.5,1.1
167,36,7.4,75.5,82,14.6,84.9,1.2
167,37,7.36,47.7,82,22.3,97,1.2
167,38,7.2,58,82,11,97.6,1.3
167,39,7.04,108.7,82,20.1,97.3,1.3
167,40,6.78,108.7,82,17.2,88,1.3
167,41,6.91,67.4,82,28.7,90.5,1.4
167,42,7.14,34.9,82,17.5,85.6,1.4
167,43,7.29,67.7,82,13.2,90,1.4
167,44,7.24,106.5,82,30.5,88.7,1.4
167,45,7.14,98.5,82,11.6,82.3,1.5
167,46,7.01,102.1,82,18.1,83,1.5
167,47,6.99,46.4,82,29.9,89.3,1.5
167,48,7.07,35.7,82,13.5,84.1,1.5
167,49,7.42,89.2,82,27,88.5,1.5
167,50,7.24,80.5,82,10.6,94.3,1.5
168,0,7.18,108.9,82,23.6,96.1,1.6
168,1,6.7,55.5,82,7.7,97.2,1.6
168,2,7.25,95.4,82,20.4,85.3,1.6
168,3,7.37,45,82,27.6,82,1.6
168,4,7.38,99,82,20.2,94.9,1.6
168,5,6.97,104.5,82,5.7,80.9,1.6
168,6,7.13,59.6,82,11.4,83.9,1.6
168,7,7.07,99.7,82,6.5,84.1,1.7
168,8,7.35,31,82,16.7,85.2,1.7
168,9,7.48,55.3,82,30.4,90.6,1.7
168,10,6.76,65.7,82,6,93.1,1.7
168,11,7.22,52.6,82,25.2,94.7,1.7
168,12,7.46,72.7,82,15.4,89.1,1.7
168,13,7.17,60.4,82,14.1,80.1,1.7
168,14,6.89,42.4,82,29.6,97.2,1.7
168,15,6.89,72.9,82,14.8,89.7,1.7
168,16,6.89,32.2,82,14.3,86.4,1.8
168,17,7.17,70.5,82,15.8,83.1,1.8
168,18,7.04,52.6,82,29.7,85.3,1.8
168,19,6.83,102,82,22.2,90.7,1.8
168,20,7,74.1,82,27.4,84.4,1.8
168,21,6.92,87.1,82,28.2,88.3,1.8
168,22,7.06,101.8,82,28.3,83.3,1.8
168,23,7.23,96.9,82,20.1,83.8,1.8
168,24,7.05,35.8,82,10.8,83.2,1.9
168,25,7.2,93.5,82,5.7,95,1.9
168,26,7.3,79.3,82,16.1,93,1.9
168,27,7.16,70.9,82,34,86.5,1.9
168,28,6.95,52.6,82,28.8,98.5,2
168,29,7.21,84.1,82,8.1,96.7,2
168,30,6.98,36,82,33.4,94.9,2
168,31,,,82,,,
168,32,6.88,57.1,83,11.2,84.7,0.2
168,33,7.14,70.5,83,17.9,93.4,0.2
168,34,6.98,91.5,83,18.3,85.9,0.2
168,35,7.1,44.2,83,13.9,80.5,0.2
168,36,7.34,98.5,83,16.5,81.5,0.3
168,37,6.94,85.4,83,11.3,82.7,0.3
168,38,7.15,48.8,83,33.2,89,0.3
168,39,6.99,51.3,83,16.8,86.1,0.3
168,40,6.95,31.3,83,19.6,87.7,0.3
168,41,7.35,34.2,83,18.7,96.5,0.3
168,42,7.23,76.1,83,7,86.7,0.3
168,43,6.9,92,83,9.4,87.8,0.4
168,44,6.78,60.1,83,13.6,80.7,0.4
168,45,7.45,44.5,83,17.1,82.9,0.4
168,46,7.06,49.1,83,5.7,83.3,0.4
168,47,6.85,90.1,83,6.4,88.7,0.4
168,48,6.83,75.3,83,6.4,96.7,0.4
168,49,7.41,74.3,83,10,81.4,0.4
168,50,7.34,56,83,34,81.5,0.4
169,0,6.79,59.3,83,27.6,93.6,0.4
169,1,6.99,104.2,83,23.9,94.3,0.5
169,2,7.19,99.3,83,10.5,84.6,0.5
169,3,6.77,46.5,83,13,95.7,0.5
169,4,7.39,109.8,83,19.8,85.7,0.5
169,5,7.11,72.7,83,31.9,83.1,0.5
169,6,6.98,46,83,7.7,84.2,0.5
169,7,6.81,34.7,83,26.6,80.1,0.5
169,8,7.17,61.9,83,34.5,82.1,0.6
169,9,6.98,51.9,83,33.9,89.1,0.6
169,10,7.08,83.2,83,20.2,80.1,0.6
169,11,6.85,47,83,23.3,81.8,0.6
169,12,7.11,30.1,83,16.6,84.5,0.6
169,13,7.24,86.7,83,13.7,93.5,0.6
169,14,7.24,74.9,83,5.4,85.2,0.6
169,15,7.22,30.9,83,25.1,94.3,0.6
169,16,6.73,40.8,83,11.4,80.3,0.7
169,17,7.39,51.1,83,25.8,96.6,0.7
169,18,6.92,64.9,83,14.7,94.6,0.9
169,19,7.07,39.6,83,21.2,91.3,0.9
169,20,6.94,54.8,83,20.8,80.2,0.9
169,21,7.13,30.1,83,16.4,94.2,0.9
169,22,6.73,46.6,83,25.4,85.4,0.9
169,23,6.73,99.5,83,21,94.8,0.9
169,24,7.29,39.9,83,23.9,81.5,1
169,25,6.81,41.4,83,24.7,93.2,1
169,26,6.74,45.3,83,17.7,81.3,1
169,27,7.01,75.3,83,14.6,87.3,1
169,28,7.47,53.1,83,18.5,90.8,1
169,29,6.73,45.8,83,23.6,88.1,1.1
169,30,6.72,98.1,83,33.1,84.3,1.1
169,31,6.71,85.8,83,26.4,85,1.1
169,32,6.8,85.8,83,30,90,1.1
169,33,7.02,109.6,83,25.5,86.5,1.1
169,34,6.84,34.3,83,18.4,93.2,1.1
169,35,6.72,51.2,83,7.9,98,1.1
169,36,6.72,57.8,83,27.4,84.8,1.2
169,37,6.89,80.6,83,31.3,85.2,1.2
169,38,6.9,91,83,27.1,93.8,1.2
169,39,6.86,44.2,83,29.8,81.3,1.2
169,40,7.16,62.9,83,5.8,93.1,1.2
169,41,7.32,94.7,83,25.4,98,1.2
169,42,7.26,37.4,83,28.3,86.1,1.3
169,43,7.37,57.6,83,6.4,94.3,1.3
169,44,6.82,107.5,83,8.7,93.9,1.3
169,45,7.38,61,83,34.5,90.2,1.4
169,46,6.93,51.5,83,15.5,93.6,1.4
169,47,6.82,61.2,83,22.9,85.4,1.4
169,48,6.81,76.9,83,33.8,83.5,1.4
169,49,6.79,73.6,83,6.8,80.9,1.4
169,50,7.29,94.7,83,24.1,96.2,1.4
170,0,7.04,103.3,83,24.7,81,1.4
170,1,7.41,66.2,83,6.1,86.3,1.4
170,2,6.9,46.6,83,11.5,87.7,1.5
170,3,7.24,37.4,83,8.8,89.9,1.5
170,4,6.98,91.7,83,26.4,83,1.5
170,5,7.48,84.8,83,33.8,81.5,1.5
170,6,6.84,67.5,83,22.8,83,1.6
170,7,7.3,40.2,83,9.8,94.3,1.6
170,8,7.28,54.2,83,6.4,95.8,1.6
170,9,6.93,57.6,83,12.7,89.2,1.6
170,10,6.82,99.3,83,27.7,96.5,1.6
170,11,6.95,92.3,83,11.7,92.2,1.7
170,12,7.09,42.7,83,20.3,95.9,1.7
170,13,7.18,70.9,83,17.9,84.3,1.7
170,14,7.19,44.9,83,29.6,87.2,1.7
170,15,6.87,106.8,83,15.1,96.1,1.7
170,16,7.07,48.7,83,20.3,80.8,1.7
170,17,6.78,46.6,83,11.1,87.2,1.7
170,18,7.48,95.3,83,16,82.1,1.7
170,19,7.11,46.7,83,6.9,85.5,1.7
170,20,7.36,38.1,83,12.4,91.9,1.8
170,21,7.32,103.2,83,34.6,89.5,1.8
170,22,6.86,69.7,83,20.1,91.6,1.8
170,23,7.43,69,83,28.8,88.3,1.8
170,24,7.27,36.8,83,22,84,1.8
170,25,7.49,61.5,83,28.9,90.7,1.9
170,26,7.44,105.4,83,5.9,91.3,1.9
170,27,7.18,30.3,83,18.7,89.1,1.9
170,28,7.34,71.5,83,5.3,87.2,1.9
170,29,7.35,86.2,83,26.2,86.4,1.9
170,30,7.18,49.6,83,29.5,86.1,2
170,31,,,83,,,
170,32,,,83,,,
170,33,7.33,80.5,84,23.5,82.3,0.2
170,34,6.96,80,84,16.2,95.7,0.2
170,35,6.84,66.8,84,7.3,98.3,0.2
170,36,7.06,85.7,84,9.6,85.4,0.3
170,37,6.9,59.4,84,27.9,93.4,0.3
170,38,6.89,106.3,84,15.4,94.7,0.3
170,39,7.29,41.6,84,17.3,88.1,0.3
170,40,6.73,43.3,84,30.1,84.7,0.3
170,41,7.47,65.3,84,31.5,86.6,0.3
170,42,6.96,52.3,84,13.4,81.2,0.3
170,43,6.81,75.1,84,14.9,92.6,0.4
170,44,6.98,103.1,84,7.4,91.2,0.4
170,45,6.97,46.1,84,8.3,95.5,0.4
170,46,6.8,38.5,84,26.8,86.3,0.4
170,47,7.35,34.9,84,6.9,89.1,0.4
170,48,7.1,78.2,84,12,89.2,0.5
170,49,7.37,80.6,84,16.3,96.3,0.5
170,50,7.44,50.8,84,8.2,94.1,0.5
171,0,7.13,93.1,84,6.4,88.1,0.5
171,1,6.97,33.8,84,25.3,95.6,0.6
171,2,6.85,32.7,84,32.3,93.9,0.6
171,3,7.25,90,84,34.2,85.6,0.6
171,4,7.43,92.8,84,19.5,99,0.6
171,5,7.03,33.9,84,31.2,92.7,0.6
171,6,7.18,55.6,84,33.7,94.8,0.7
171,7,7.41,47.5,84,17.9,96.8,0.7
171,8,7.31,109.9,84,7.3,86.6,0.7
171,9,7.44,35.8,84,10.2,92.1,0.7
171,10,6.81,72.2,84,17.8,95.2,0.7
171,11,7.42,53.9,84,7.1,94.6,0.7
171,12,7,65.5,84,21.7,96.7,0.8
171,13,7.5,99.2,84,23.4,91.9,0.8
171,14,6.71,35.1,84,7.6,87.5,0.8
171,15,7.06,65,84,5.4,90.1,0.8
171,16,7.13,100.5,84,16.3,98.1,0.8
171,17,7.05,109.8,84,27.4,96.1,0.8
171,18,6.84,102.6,84,5.3,89.8,0.8
171,19,7.28,71.8,84,17.6,93.1,0.8
171,20,6.81,48.1,84,29.6,82.3,0.9
171,21,7.35,64.7,84,23,81.4,0.9
171,22,7.11,67.9,84,30.8,98.1,0.9
171,23,7.15,86.9,84,6.1,97.7,0.9
171,24,6.92,57.9,84,23.5,88.4,0.9
171,25,6.88,33.5,84,23.2,84.7,0.9
171,26,7.29,32.8,84,13.2,81.9,1
171,27,6.92,107.9,84,17,87.1,1
171,28,7.49,45.5,84,13.3,83.4,1
171,29,6.74,56.4,84,11.7,98.2,1
171,30,7.36,82.4,84,10.4,90.9,1
171,31,7.15,76.1,84,11.4,81.7,1
171,32,7.39,67.8,84,31.9,85.1,1
171,33,7.45,31.7,84,11.2,81.6,1
171,34,6.94,87.4,84,20.5,96.3,1
171,35,6.85,108.5,84,32,85.3,1.1
171,36,6.79,68.2,84,9.4,93.6,1.1
171,37,7.23,96.2,84,10,87.4,1.2
171,38,6.92,73.1,84,27.3,97.4,1.2
171,39,7.45,53,84,8.2,95.6,1.2
171,40,7.2,45.1,84,14.5,89.6,1.2
171,41,7.01,66.4,84,34.5,96.7,1.2
171,42,7.07,64.6,84,15.4,97.6,1.2
171,43,6.84,31.2,84,22.7,86.4,1.3
171,44,6.9,33.6,84,10.8,96.4,1.3
171,45,6.77,101.2,84,17.7,86.7,1.3
171,46,6.74,52.3,84,21.8,85,1.3
171,47,6.74,39.2,84,34.6,89.4,1.3
171,48,7.08,75.5,84,24.4,83,1.4
171,49,6.76,65.2,84,32.4,93,1.4
171,50,7.14,51.8,84,29.8,92.6,1.4
172,0,7.06,96.6,84,18.1,94.1,1.4
172,1,6.99,34.8,84,33.4,90.9,1.5
172,2,6.71,63.5,84,18.1,91.4,1.5
172,3,6.95,78.9,84,6.5,80.2,1.5
172,4,7.15,61.1,84,32.9,84.5,1.5
172,5,7.42,82.1,84,19.1,94.6,1.6
172,6,7.24,34.7,84,14.2,80.6,1.6
172,7,7.06,57.9,84,21.3,85.5,1.6
172,8,6.76,37.7,84,8.9,92.8,1.7
172,9,7.48,89.7,84,34.3,96.8,1.7
172,10,6.85,100.1,84,12.2,97.2,1.7
172,11,7.18,42.3,84,21.3,83.8,1.7
172,12,7.26,78,84,24.5,89.9,1.7
172,13,7.02,58.6,84,14,85.6,1.8
172,14,7.31,45.7,84,15.1,83.8,1.8
172,15,6.97,52.2,84,32.8,84.6,1.8
172,16,6.79,41,84,21.1,93.2,1.9
172,17,6.83,57.7,84,26.6,97.5,1.9
172,18,7.38,85.8,84,31.2,90.9,1.9
172,19,6.89,52.2,84,17.3,80.6,1.9
172,20,,,84,,,
172,21,,,84,,,
172,22,7.19,56.7,85,5.8,95.8,0.3
172,23,7.24,53.2,85,13.4,92.4,0.3
172,24,7.15,71.8,85,6,83.9,0.3
172,25,7.41,47.7,85,25.1,82.5,0.3
172,26,7.34,50.5,85,14.6,93.2,0.3
172,27,6.78,65.4,85,27,87.8,0.4
172,28,7.03,92.4,85,15.1,93.2,0.4
172,29,7.38,98.7,85,16,81.1,0.4
172,30,7.02,85.8,85,24.6,81.5,0.4
172,31,7.37,75.5,85,11.3,92.9,0.4
172,32,7.13,83.2,85,29.6,81.6,0.4
172,33,7.08,49.9,85,5.3,86.9,0.5
172,34,7.07,40.9,85,24.9,93,0.5
172,35,6.98,103.8,85,21.7,91,0.5
172,36,6.94,48,85,13.4,86.7,0.6
172,37,6.75,60.7,85,28.4,88.1,0.6
172,38,7.21,30.3,85,33,83.5,0.7
172,39,7.17,92.4,85,13.4,92.1,0.7
172,40,6.83,43.4,85,8.7,86.5,0.7
172,41,6.86,73,85,32.9,89.6,0.7
172,42,7.33,79.3,85,5.2,82.8,0.7
172,43,7.18,45.3,85,7.7,94.3,0.7
172,44,7.41,53.8,85,22.9,93.9,0.8
172,45,7.18,89.6,85,34.2,91,0.8
172,46,6.79,53.2,85,33.9,85.3,0.8
172,47,7.31,57,85,28.2,83.4,0.9
172,48,6.88,79.9,85,27.8,81.3,0.9
172,49,7.14,71.5,85,12.3,83.4,0.9
172,50,7.05,42.5,85,24.1,91.3,0.9
173,0,6.73,32.1,85,17.1,93.1,0.9
173,1,7.21,74.7,85,30.2,80.8,0.9
173,2,6.75,34.9,85,8.6,92.2,1
173,3,7.06,75.8,85,5.5,83.2,1
173,4,7.11,47,85,9.2,97.5,1
173,5,7.3,69.9,85,31.9,92.3,1
173,6,7.34,105.2,85,8.8,89.6,1.1
173,7,7.35,65,85,22.9,87.7,1.1
173,8,7.46,95.2,85,31.2,98.9,1.1
173,9,7.26,82.5,85,29.5,95.9,1.1
173,10,7.22,38.6,85,22.6,80.4,1.1
173,11,6.82,61.6,85,5.3,98.9,1.2
173,12,6.97,40.5,85,18.7,88.6,1.2
173,13,7.35,78.1,85,30.3,93.8,1.2
173,14,7.3,105.5,85,6.2,93.9,1.2
173,15,6.95,81.4,85,19,90.6,1.2
173,16,6.78,66.5,85,15.5,85.3,1.2
173,17,6.85,93.9,85,21.5,81.9,1.3
173,18,6.91,68,85,34.6,97.3,1.3
173,19,6.74,106.4,85,26.2,90.3,1.3
173,20,6.73,101.1,85,17.5,80.1,1.3
173,21,7.31,90.6,85,17,93.2,1.3
173,22,7.06,96.5,85,7,94.5,1.3
173,23,7.48,96.1,85,20,95.8,1.4
173,24,7.23,60.3,85,6.2,84.6,1.4
173,25,7.42,47.9,85,5.1,81.1,1.4
173,26,7.47,95.2,85,10.5,82.6,1.4
173,27,7.4,52.3,85,8.9,81.6,1.4
173,28,6.99,57.6,85,15.1,85.3,1.5
173,29,6.87,107.4,85,27.6,98.3,1.5
173,30,7.21,63.1,85,20.6,89.6,1.5
173,31,7.49,57.6,85,21.5,95.7,1.5
173,32,7.09,50.2,85,21.8,87.1,1.5
173,33,7.06,52.1,85,33.6,86,1.5
173,34,7.18,96.9,85,28.9,88.7,1.5
173,35,6.96,57.8,85,8.6,88.5,1.5
173,36,7.19,106.4,85,29,85.8,1.6
173,37,7.3,32.7,85,7.1,89.4,1.6
173,38,7.32,46.1,85,31.9,92.5,1.7
173,39,7.03,30.2,85,11.8,91.2,1.7
173,40,7.39,78.1,85,6.6,87.5,1.7
173,41,7.13,75,85,8.5,83.9,1.7
173,42,7.01,103.5,85,19.2,91.9,1.7
173,43,6.76,37.6,85,10.1,90.1,1.8
173,44,6.94,40.6,85,29.8,81.9,1.8
173,45,7.3,40.8,85,29.5,90.6,1.8
173,46,7.07,90,85,8.4,95.1,1.8
173,47,7.02,35.4,85,17.5,94.1,1.8
173,48,7.26,54.4,85,21.9,80.2,1.9
173,49,7.43,53,85,30.2,91.6,1.9
173,50,7.01,78,85,31.7,93.2,1.9
174,0,7.11,109.5,85,16,97.4,1.9
174,1,7.17,61.6,85,18.6,92.4,1.9
174,2,6.89,91.4,85,31.6,98.7,1.9
174,3,7.49,73.5,85,8,96.9,1.9
174,4,7.15,62.7,85,7.1,82.7,1.9
174,5,6.74,109.9,85,19.3,92.9,1.9
174,6,7.12,39.6,85,12.4,80.5,2
174,7,,,85,,,
174,8,,,85,,,
174,9,6.71,34.4,86,28.7,84.8,0.2
174,10,7.12,99.6,86,28,94.3,0.3
174,11,7.47,52.1,86,16.4,98.9,0.3
174,12,7.42,63.9,86,20.5,83.3,0.3
174,13,7.19,84.5,86,15.6,94.1,0.3
174,14,6.73,31.1,86,21.6,87.2,0.3
174,15,6.93,53.9,86,14.6,95,0.3
174,16,6.86,66.8,86,29.3,85.2,0.3
174,17,7,99.7,86,6.2,92.4,0.3
174,18,6.98,61.5,86,19.4,82.7,0.4
174,19,6.96,97.2,86,23.1,80.6,0.4
174,20,7.47,107,86,10.9,80.1,0.4
174,21,7.11,76,86,12,83.7,0.4
174,22,7.07,57.1,86,19.6,81.5,0.4
174,23,7.17,66.7,86,23.8,98,0.4
174,24,7.22,75.2,86,5.3,82.1,0.4
174,25,7.46,95.3,86,28.2,96,0.5
174,26,7.19,76.5,86,31.9,92.5,0.5
174,27,7.23,85.9,86,26.8,85.9,0.5
174,28,7.27,87.9,86,14.8,98.4,0.5
174,29,7.06,90.2,86,21.8,89.7,0.5
174,30,7.22,55.8,86,27.2,93,0.6
174,31,7.19,78.4,86,19.8,81.5,0.6
174,32,6.92,106.3,86,27.8,92.5,0.6
174,33,7.04,68.6,86,8.3,83.2,0.6
174,34,7.2,46.4,86,18.2,81.4,0.6
174,35,7.4,69.1,86,8,93.6,0.6
174,36,6.78,47.9,86,23.1,97.1,0.6
174,37,7.09,60.9,86,12.3,98.1,0.6
174,38,7.35,32.1,86,16.3,89.9,0.7
174,39,6.71,45.1,86,34.8,83,0.7
174,40,7.28,34.9,86,33.4,96.2,0.7
174,41,7,109.4,86,5.7,91.5,0.7
174,42,7.45,57.3,86,9.4,93.6,0.7
174,43,7.38,64.7,86,28.1,92.7,0.8
174,44,7.09,54.5,86,10.2,93.3,0.8
174,45,7.03,40.9,86,25.5,80.7,0.8
174,46,7.26,98.4,86,7.2,80.1,0.8
174,47,6.76,52.1,86,24.3,95.7,0.8
174,48,7.08,35.5,86,9.4,86.7,0.8
174,49,7.38,30.8,86,6.4,84.9,0.8
174,50,6.84,38.8,86,30.6,88,0.9
175,0,6.83,100.6,86,21.2,80.7,0.9
175,1,6.77,88.5,86,16.7,80.1,0.9
175,2,7.01,77.2,86,27.6,82,0.9
175,3,7.15,58.3,86,11,91.9,1
175,4,6.87,98.1,86,32,84.7,1
175,5,7.42,41.3,86,13.3,82.6,1
175,6,7.33,64.6,86,31.7,81.3,1.1
175,7,7.32,98,86,6.5,98.6,1.1
175,8,6.73,35.7,86,25.5,89.6,1.1
175,9,7.32,90.7,86,19.3,90.4,1.1
175,10,7.35,46.8,86,29,98.4,1.1
175,11,7.15,98,86,8,85.2,1.1
175,12,7.08,75.2,86,33.8,90.6,1.1
175,13,7.24,97.7,86,8.7,94.5,1.1
175,14,7.28,103.9,86,28.7,96.7,1.2
175,15,6.97,59.3,86,32.8,91.3,1.2
175,16,7.01,40,86,22.9,94.7,1.2
175,17,7.42,53,86,24.3,81.5,1.2
175,18,7.31,35.6,86,12.8,91.3,1.2
175,19,7.06,93.8,86,14.5,86.7,1.2
175,20,6.77,81.2,86,15.7,88.9,1.3
175,21,7.02,71.1,86,7.5,88,1.3
175,22,7.12,57.9,86,7.3,97.3,1.3
175,23,6.78,91.9,86,16.5,82.2,1.3
175,24,7.13,99.6,86,20,88.4,1.3
175,25,7.42,58.9,86,20.8,93.3,1.4
175,26,7.27,107.2,86,13.8,84.5,1.4
175,27,7.42,95.8,86,22.9,82,1.4
175,28,6.81,72.8,86,28.7,94.1,1.4
175,29,7.33,46.4,86,29.8,89.2,1.4
175,30,6.81,92.7,86,12.3,89,1.4
175,31,6.7,94.9,86,19.8,97.8,1.4
175,32,6.92,65.7,86,22.4,85.7,1.5
175,33,6.98,53.8,86,29.6,87.7,1.5
175,34,6.99,44.3,86,16.9,85,1.5
175,35,6.95,101.9,86,9.5,90.3,1.5
175,36,6.97,97.2,86,7.1,93.5,1.5
175,37,6.81,107.3,86,32.9,91.5,1.5
175,38,7.05,87.3,86,7.8,97.7,1.5
175,39,6.8,71,86,23.5,91.9,1.5
175,40,7.49,54.5,86,24.1,88.8,1.6
175,41,6.77,87.7,86,7.8,95.7,1.6
175,42,6.81,83.2,86,6.8,82.7,1.6
175,43,7.21,50.3,86,7,82.6,1.6
175,44,7.26,53.7,86,30.3,92.9,1.6
175,45,7.25,69.9,86,22.7,82.2,1.7
175,46,7.14,72.1,86,18.1,89,1.7
175,47,6.93,69.2,86,14.5,84.1,1.7
175,48,6.74,63.1,86,31,85,1.8
175,49,7.38,84.6,86,15.2,87.8,1.8
175,50,6.85,50.5,86,14.4,86.9,1.8
176,0,7.17,31.3,86,15.3,80,1.8
176,1,6.72,45.6,86,23,93.7,1.8
176,2,6.85,104.7,86,23,91.4,1.8
176,3,7.42,84.4,86,34.3,93.6,1.9
176,4,7.37,77.8,86,27.6,87.4,1.9
176,5,7.12,53.3,86,9.7,91.3,1.9
176,6,7.03,37.7,86,27.5,95,1.9
176,7,6.93,87,86,14.5,85.7,1.9
176,8,7.21,104.8,86,30.8,87.9,2
176,9,6.78,107.7,86,17.6,81.2,2
176,10,7.49,93.1,86,23.5,87.3,2
176,11,6.77,43.7,86,9.7,90.5,2
176,12,,,86,,,
176,13,,,86,,,
176,14,,,86,,,
176,15,,,86,,,
176,16,7.14,52.2,87,25.5,82.8,0.2
176,17,6.85,110,87,22.4,93.7,0.2
176,18,6.91,60.3,87,8.2,81,0.2
176,19,7.18,87.9,87,13.5,82.8,0.2
176,20,7.25,95.4,87,7.1,95,0.3
176,21,7.42,94.2,87,17.5,90.7,0.3
176,22,6.91,35.4,87,5.9,96.8,0.4
176,23,7.09,52.6,87,8.7,86.5,0.4
176,24,7.25,87.1,87,29,85.8,0.4
176,25,7.03,102,87,11.1,81.2,0.4
176,26,7.2,34.6,87,25.9,90.7,0.4
176,27,6.71,76.6,87,14,89.7,0.5
176,28,6.76,59.1,87,12.3,94.7,0.5
176,29,7.42,94.9,87,34,91.9,0.6
176,30,6.88,97.4,87,34,82,0.6
176,31,6.95,38.8,87,28.7,90.9,0.6
176,32,6.79,68.1,87,15.4,88.1,0.6
176,33,7.11,96,87,19.5,98.1,0.6
176,34,6.74,94.8,87,15.3,90.9,0.6
176,35,7.23,68.9,87,26.1,86.6,0.6
176,36,7.29,54,87,20.8,87.4,0.7
176,37,7.4,35.2,87,21.6,83.2,0.7
176,38,7.19,53.5,87,33.7,94.3,0.7
176,39,7.38,93.8,87,34.9,86.1,0.7
176,40,6.95,32.5,87,32.7,92.9,0.7
176,41,7.21,53,87,22.8,95.8,0.7
176,42,7.11,51.7,87,33.6,93.5,0.7
176,43,6.91,59,87,32.8,98.3,0.7
176,44,6.81,35,87,9.1,96.1,0.7
176,45,7.21,109.9,87,10,90.5,0.7
176,46,7.25,72.4,87,6.5,90.4,0.7
176,47,6.8,105.7,87,19.8,94.3,0.8
176,48,7.12,108.2,87,21.6,85.5,0.8
176,49,7.01,35.7,87,7.9,82.5,0.8
176,50,7.27,94.4,87,25.7,84.9,0.8
177,0,7.01,49.6,87,34.5,97.6,0.8
177,1,6.99,66.6,87,28.1,85.3,0.9
177,2,7.4,80.1,87,21.8,81.9,0.9
177,3,6.73,81.4,87,11.3,97.2,0.9
177,4,7.18,43.9,87,15.3,87.3,0.9
177,5,7.3,43.4,87,18.6,93.6,0.9
177,6,7.39,32.5,87,9.3,91.4,0.9
177,7,7.32,95.4,87,6,85.9,0.9
177,8,6.8,83,87,21.9,84,1
177,9,7.3,57.4,87,32.8,84.1,1
177,10,6.71,67,87,13.1,89.7,1
177,11,7.43,74.3,87,6.7,96,1
177,12,6.75,52.3,87,32.8,80.9,1
177,13,7.47,46.7,87,30.5,91.4,1
177,14,7.2,37.4,87,8.2,89.2,1
177,15,6.96,71,87,34.2,95.1,1.1
177,16,6.84,96.8,87,22.1,83.1,1.1
177,17,7.03,51.7,87,26.7,83,1.1
177,18,7.31,101.7,87,27.1,96.3,1.1
177,19,7.33,32.7,87,24.6,87.4,1.1
177,20,7.14,34.8,87,20.6,81,1.1
177,21,7.48,77.4,87,20.9,93,1.1
177,22,7.26,41,87,24.3,87.2,1.2
177,23,6.94,97.8,87,23.6,80.7,1.2
177,24,7.47,69.2,87,17.9,90.4,1.2
177,25,7.41,81.2,87,8.3,92.9,1.2
177,26,7.15,66.9,87,5.6,88.7,1.2
177,27,7.13,65.2,87,9.7,85.3,1.3
177,28,7.16,70.8,87,19.7,84.2,1.3
177,29,6.88,70.9,87,19.2,90.5,1.3
177,30,7.2,30.5,87,34.3,83.4,1.3
177,31,6.74,91.2,87,20.2,97.9,1.3
177,32,6.87,104.1,87,10.9,95.9,1.4
177,33,7.19,51,87,5.8,97.3,1.4
177,34,6.75,92.5,87,10.8,88.2,1.4
177,35,7.36,81.2,87,18.3,85.1,1.4
177,36,7.26,93.2,87,24,98.1,1.4
177,37,7.03,80.4,87,25.4,89.7,1.4
177,38,7.02,52.6,87,13.8,89.5,1.4
177,39,6.91,76.8,87,34.9,85.6,1.4
177,40,6.92,60,87,13.5,89.9,1.4
177,41,7.13,71.3,87,6.9,80.6,1.4
177,42,7,89.6,87,25.3,89.9,1.5
177,43,6.8,34.6,87,25.9,96,1.5
177,44,7.35,41.1,87,8.5,91.1,1.5
177,45,6.74,82.7,87,19,82.5,1.5
177,46,6.79,90.6,87,11.5,88.1,1.6
177,47,7.14,103.5,87,20.1,97.7,1.6
177,48,7.13,99.1,87,11,83.3,1.6
177,49,6.77,80.9,87,30.5,88.8,1.6
177,50,7.03,83.8,87,31.1,81.8,1.6
178,0,7.44,101.7,87,24.9,88.6,1.7
178,1,6.85,71.4,87,27.3,98.5,1.7
178,2,6.88,51.1,87,34.9,90.5,1.7
178,3,7.23,97.5,87,21.9,93.1,1.8
178,4,6.71,80.8,87,33,87.7,1.8
178,5,7.13,30.4,87,25.2,95.1,1.8
178,6,6.88,37.8,87,5.7,85.4,1.9
178,7,7.35,87,87,19.2,80.3,1.9
178,8,6.71,42.9,87,17.6,87,1.9
178,9,6.72,56.2,87,25.9,95.6,1.9
178,10,7.09,68,87,10.4,82.4,1.9
178,11,7.04,33,87,34.4,95.7,1.9
178,12,6.92,50.7,87,11.1,81.1,1.9
178,13,7.25,90.9,87,18.9,98.4,2
178,14,7.09,64.2,87,34.9,95.5,2
178,15,6.82,78,87,13.3,89.2,2
178,16,,,87,,,
178,17,7.41,58.6,88,20.7,80.6,0.2
178,18,7.1,53.3,88,22.4,92.9,0.2
178,19,6.97,51.2,88,32.1,86.7,0.2
178,20,6.96,35.5,88,24,87,0.3
178,21,6.83,48.4,88,23.9,93.4,0.3
178,22,7.4,71.5,88,21.8,84.8,0.3
178,23,6.71,105.9,88,27.8,88.6,0.3
178,24,6.91,90.3,88,23.5,85.8,0.4
178,25,6.71,66,88,12,80.7,0.4
178,26,7.37,98.6,88,12.6,85.5,0.4
178,27,6.91,72.9,88,29,82.7,0.4
178,28,6.83,45.7,88,16.1,81,0.4
178,29,6.77,59.4,88,17.1,98.3,0.4
178,30,7.21,51.9,88,10.1,80.8,0.5
178,31,7.14,77.5,88,21.6,85.2,0.5
178,32,7.03,87.3,88,12.4,97.2,0.5
178,33,7.18,99.4,88,6.5,91.9,0.5
178,34,7.35,102.6,88,21.4,82.5,0.5
178,35,7.38,106.8,88,15.9,84.3,0.5
178,36,7.16,64,88,18.9,96.2,0.6
178,37,6.73,76.5,88,7.1,91.9,0.6
178,38,7.19,47,88,9.8,86.9,0.6
178,39,6.87,51.2,88,20,98,0.6
178,40,7.27,106.3,88,18.5,98.1,0.6
178,41,7.11,56.3,88,12.5,91.2,0.7
178,42,7.33,33,88,31.5,88.9,0.7
178,43,7.3,79.9,88,21.1,89.2,0.7
178,44,7.05,103.5,88,22.1,83.4,0.7
178,45,6.86,58.3,88,26.7,90,0.7
178,46,6.8,70.6,88,5.3,90.1,0.8
178,47,7.2,109.5,88,7.1,81,0.8
178,48,6.81,50.8,88,10.5,84.2,0.8
178,49,6.99,69.5,88,26.9,84.4,0.8
178,50,7.48,33.9,88,27.8,98.9,0.9
179,0,7.14,92.7,88,9.6,81.4,0.9
179,1,6.94,71,88,13.9,84.5,0.9
179,2,7.37,49.8,88,34.1,98.9,0.9
179,3,6.86,50.7,88,19.7,95.3,0.9
179,4,7.09,70.7,88,33.1,92.6,1
179,5,6.76,105.3,88,5.9,85.4,1
179,6,7.35,50.4,88,16.8,97.8,1
179,7,6.88,102.5,88,28.6,95.3,1
179,8,7.38,73.4,88,18.7,84.9,1
179,9,6.96,96.1,88,30.7,90.8,1.1
179,10,7.08,65.7,88,27.3,81.8,1.1
179,11,7.29,83.8,88,23.5,82.3,1.1
179,12,6.88,32.4,88,31.8,85.5,1.1
179,13,7.14,56.9,88,12.4,89.1,1.1
179,14,6.93,90.3,88,27.2,88.5,1.1
179,15,7.15,86.8,88,18.2,80.6,1.1
179,16,7.28,41.6,88,22.4,90.9,1.2
179,17,7.23,50.3,88,11.4,89.5,1.2
179,18,7.24,108.1,88,29.1,83.2,1.2
179,19,7.07,65.2,88,17,94.7,1.2
179,20,7.13,108.9,88,11.3,98.5,1.2
179,21,7.43,93.9,88,6.5,84.7,1.2
179,22,7.03,74.2,88,25.3,85.7,1.2
179,23,7.02,47,88,30.7,87.5,1.2
179,24,7.31,102.4,88,9.4,90.2,1.2
179,25,7.31,96.1,88,17.6,95.5,1.2
179,26,6.91,56.2,88,23.9,98.4,1.3
179,27,7.27,43.4,88,5.3,98,1.3
179,28,7.2,109.8,88,15.6,89.8,1.3
179,29,6.85,46.1,88,17.4,80.3,1.3
179,30,7.29,107.7,88,32.7,85.6,1.3
179,31,7.36,30.6,88,9.9,81.9,1.4
179,32,6.89,57.6,88,23.9,82.6,1.4
179,33,7.24,65.1,88,9.5,93.2,1.4
179,34,7.49,101.9,88,22.4,89,1.5
179,35,7.06,47,88,21.1,97.4,1.5
179,36,7.41,39.7,88,18.9,86.6,1.5
179,37,6.73,100,88,21.5,82.8,1.5
179,38,6.75,36.2,88,13.5,80.6,1.5
179,39,7.25,76.9,88,13.2,86.8,1.5
179,40,7.37,44.8,88,20.1,82.7,1.5
179,41,7.16,75.9,88,5.9,88.9,1.5
179,42,6.74,33.1,88,20.5,82.2,1.5
179,43,6.88,45.2,88,10.5,92.6,1.5
179,44,7.45,86.6,88,19.7,89.1,1.5
179,45,6.95,58.8,88,7.7,86.4,1.6
179,46,7.32,43.1,88,10.8,85.2,1.6
179,47,7.21,90.2,88,17.5,94.5,1.6
179,48,7.23,32.3,88,13.7,82.7,1.6
179,49,7.17,46,88,11.4,84.8,1.7
179,50,7.42,76.8,88,27.8,81,1.7
180,0,6.96,69.7,88,20.5,96.9,1.7
180,1,6.91,75.5,88,22.5,86.9,1.8
180,2,7.23,33.7,88,26.1,82,1.8
180,3,6.97,67.9,88,10.3,82.1,1.8
180,4,6.85,97.1,88,20.3,98.9,1.8
180,5,6.93,75.2,88,20.4,85.1,1.8
180,6,6.93,97.6,88,34.3,84.4,1.8
180,7,7.25,55.1,88,30.3,98.5,1.9
180,8,6.98,64.8,88,34,98.5,1.9
180,9,7.44,31.2,88,18.9,84.7,1.9
180,10,6.83,103.3,88,13.8,90.9,1.9
180,11,7.28,40.5,88,26.1,80.6,1.9
180,12,6.73,71.2,88,26.5,86.6,1.9
180,13,7.12,91.8,88,14.2,97.4,1.9
180,14,6.95,100.7,88,32.5,97.9,2
180,15,6.98,53.7,88,28.9,97.6,2
180,16,7.18,33.7,88,26.8,95.8,2
180,17,7.34,72.5,88,25.5,95.7,2
180,18,6.73,50.6,88,19.9,83.6,2
180,19,7.08,83.9,88,8.2,83.7,2
180,20,7.32,80.4,88,7.9,94.4,2
180,21,,,88,,,
180,22,,,88,,,
180,23,,,88,,,
180,24,7.38,77.7,89,30.7,96,0.2
180,25,6.88,91.4,89,11.2,85,0.3
180,26,7.08,66.9,89,6.2,86.5,0.3
180,27,6.71,70.5,89,6,93.9,0.3
180,28,6.71,43.9,89,17.8,91.2,0.3
180,29,6.74,102.4,89,21.1,98.9,0.3
180,30,7.16,31,89,14.3,93.5,0.4
180,31,7.34,75.7,89,17.6,86,0.4
180,32,7.19,109.5,89,27.1,84.9,0.4
180,33,6.7,73.6,89,10.9,92.4,0.4
180,34,7.27,109.4,89,34.1,80.2,0.5
180,35,7.1,105.1,89,21.2,99,0.5
180,36,6.78,72.8,89,31.4,89.9,0.5
180,37,7.08,30.2,89,14.6,83.2,0.5
180,38,7.07,64.6,89,13.6,90.6,0.5
180,39,6.79,75.8,89,22.7,82.1,0.5
180,40,7.24,97,89,10.7,83.7,0.5
180,41,7.19,64,89,13.1,83.6,0.6
180,42,6.77,44.2,89,9.3,87.3,0.6
180,43,7.46,78.2,89,28.4,95.2,0.6
180,44,6.99,45.6,89,18.5,80.5,0.6
180,45,7.33,46.1,89,10.5,94.7,0.6
180,46,6.97,79.2,89,13.7,96.5,0.6
180,47,7.02,37.1,89,14.2,83.7,0.6
180,48,7.11,56,89,9.3,91.6,0.6
180,49,7.25,32.8,89,26.6,81.6,0.6
180,50,6.88,68.6,89,21.9,85.2,0.6
181,0,6.98,71.9,89,13.9,97.6,0.6
181,1,7.06,46.9,89,13.9,87.9,0.7
181,2,7.15,74.7,89,34,93.3,0.7
181,3,6.98,100.7,89,14.2,85.7,0.7
181,4,6.99,49.7,89,34.9,80.8,0.8
181,5,7.32,74.3,89,30.9,93.2,0.8
181,6,6.74,81.8,89,26.6,96.7,0.8
181,7,6.89,48.7,89,28.8,83,0.8
181,8,6.83,42.9,89,31.5,85,0.8
181,9,7.3,50.9,89,10.8,94.4,0.8
181,10,6.98,100.6,89,9.2,80.2,0.8
181,11,7.33,76,89,27.2,88.1,0.9
181,12,7.4,79.9,89,5.5,87.2,0.9
181,13,6.75,70.1,89,31.1,90.6,0.9
181,14,6.79,47.8,89,17.4,82.9,0.9
181,15,7.42,103.9,89,21.2,83.3,1
181,16,7.38,93.6,89,26.2,92.4,1
181,17,6.92,103.5,89,22.2,89.6,1
181,18,7.18,53.8,89,8.4,90.1,1
181,19,7.21,54.8,89,34.7,84.6,1
181,20,7.47,79.5,89,30.4,98.8,1
181,21,7.47,96.9,89,27,98.9,1
181,22,7.33,103.5,89,17.8,96.6,1.1
181,23,7.02,102.1,89,25.2,98.7,1.1
181,24,6.93,71.5,89,33.5,98.3,1.1
181,25,6.73,99.1,89,15.5,97.5,1.1
181,26,6.76,35.1,89,16.3,94.4,1.1
181,27,7.32,91.3,89,26.7,85.4,1.1
181,28,6.85,67.6,89,8.8,89.6,1.1
181,29,7.47,42.6,89,11,93.3,1.1
181,30,7.19,79.5,89,28.8,98,1.1
181,31,7.36,52.4,89,31,83.1,1.1
181,32,7.35,30.9,89,17.5,95.6,1.2
181,33,7.17,107,89,32.3,95.5,1.2
181,34,7.44,64.5,89,20.4,93.6,1.2
181,35,7.39,108.1,89,26.7,95.8,1.2
181,36,6.78,98.3,89,10.7,89.7,1.2
181,37,7.31,31.2,89,19,91,1.2
181,38,7.3,60.4,89,27.9,82.5,1.2
181,39,7.44,36.7,89,24.6,97.1,1.2
181,40,7.07,32.5,89,9.9,94.3,1.3
181,41,7.23,72,89,22.1,87.8,1.3
181,42,6.89,99.9,89,6.9,94.5,1.3
181,43,7.23,96.1,89,29.4,87.6,1.3
181,44,7.37,96,89,6.5,81.6,1.3
181,45,7.45,37.4,89,23.3,81.3,1.3
181,46,7.1,47.2,89,19.8,93.2,1.3
181,47,7.35,74.5,89,14.2,93.8,1.3
181,48,6.94,74.7,89,24.2,82.9,1.3
181,49,7.37,72.9,89,14.5,86.4,1.3
181,50,7.28,108.4,89,11.4,80.8,1.3
182,0,6.89,108.5,89,30.4,92.9,1.4
182,1,7.29,91.6,89,24.1,92.1,1.4
182,2,6.97,79.2,89,34.5,90.9,1.4
182,3,6.95,80.2,89,19.1,83.8,1.4
182,4,7.06,30.1,89,28.3,88.9,1.4
182,5,7.38,107.5,89,21.6,91,1.4
182,6,6.96,73.4,89,31.1,85.8,1.4
182,7,7.49,108.1,89,6.3,97.9,1.5
182,8,7.35,46.6,89,11,91.8,1.5
182,9,7.06,101.5,89,11,95.7,1.5
182,10,7.36,108.5,89,17.6,96.9,1.5
182,11,6.85,60.2,89,20.4,82.8,1.5
182,12,7.42,93.6,89,30.5,83.2,1.6
182,13,7.01,30.9,89,15,98.1,1.6
182,14,7.39,104.8,89,14.6,85.1,1.6
182,15,7.04,83.4,89,11,82.7,1.6
182,16,6.87,65.4,89,20.1,84.3,1.6
182,17,7.09,34.7,89,9.3,86.5,1.6
182,18,6.88,39.7,89,5.7,90,1.6
182,19,6.8,42.2,89,16.6,89.5,1.7
182,20,7.08,109.3,89,12.1,83,1.7
182,21,7.3,87.6,89,28.4,82.8,1.7
182,22,7.07,57.9,89,10.2,82.7,1.7
182,23,6.84,45.8,89,10.5,89.2,1.7
182,24,6.95,66.8,89,26.9,98.8,1.7
182,25,6.77,55.2,89,16.2,96.8,1.7
182,26,6.87,75.1,89,17.7,91,1.8
182,27,6.98,69.4,89,20.9,95.4,1.8
182,28,7.05,38.5,89,31.5,95.5,1.8
182,29,6.97,47.6,89,20.8,98,1.8
182,30,7.16,105.6,89,7.6,94,1.8
182,31,7.2,49.7,89,9.8,81.9,1.8
182,32,7.16,41.4,89,10.1,91.9,1.8
182,33,6.84,50.4,89,11.2,92.4,1.8
182,34,7.49,54.2,89,14.5,84.4,1.8
182,35,7.16,57.9,89,16.7,82.5,1.9
182,36,7.39,36.5,89,7.2,82.7,1.9
182,37,7.11,98.2,89,23.9,92.6,1.9
182,38,7.33,94.3,89,24.3,87.7,1.9
182,39,6.87,94.5,89,17.6,96.3,1.9
182,40,7.39,36.3,89,24.5,83.2,1.9
182,41,6.97,65.2,89,15.7,90.8,2
182,42,6.75,108.9,89,8.5,81.4,2
182,43,,,89,,,
182,44,,,89,,,
182,45,,,89,,,
182,46,,,89,,,
182,47,6.85,46,90,6.5,98.9,0.2
182,48,6.95,63.8,90,24.6,81.5,0.2
182,49,7.41,94.6,90,5.4,86.7,0.2
182,50,7.33,77.4,90,14.4,88.7,0.2
183,0,7.27,45.7,90,13.4,86.2,0.3
183,1,6.73,56.8,90,6.2,80.3,0.3
183,2,7.06,82.9,90,24,88.9,0.3
183,3,6.88,89.6,90,16.3,98.4,0.3
183,4,7,99.5,90,16.8,82.7,0.3
183,5,6.71,63,90,16.1,96.5,0.3
183,6,6.75,34.2,90,32.1,83.8,0.4
183,7,6.89,41.5,90,16.6,82.7,0.4
183,8,6.74,47.6,90,17.1,89.3,0.4
183,9,6.81,39.1,90,28.8,94.1,0.5
183,10,6.9,86,90,10.6,96.1,0.5
183,11,7.06,39.6,90,14.6,83.3,0.5
183,12,7,69.9,90,24.8,89.8,0.5
183,13,6.78,61.5,90,10.4,89.8,0.6
183,14,7,85.8,90,28.2,85.5,0.6
183,15,7.29,79.8,90,25.7,94,0.6
183,16,6.81,104.3,90,29.4,88.8,0.6
183,17,7.49,104.3,90,9.3,96.8,0.6
183,18,6.7,58.7,90,15,98.8,0.7
183,19,6.85,37.2,90,9.7,95,0.7
183,20,7.35,40,90,16.8,82.2,0.8
183,21,7.02,54.2,90,29.6,89.5,0.8
183,22,7.13,59.3,90,28.1,88.8,0.8
183,23,6.77,96.7,90,7.6,87.8,0.9
183,24,6.95,62.6,90,33.1,95.2,0.9
183,25,7.11,56.2,90,35,91.5,0.9
183,26,6.71,74.6,90,27.4,91.2,0.9
183,27,7.17,78.8,90,7.9,86,0.9
183,28,7.37,102.1,90,30.4,86.1,0.9
183,29,7.25,72.9,90,27.1,98.6,1
183,30,7.03,76.7,90,10.9,91.6,1
183,31,7.08,77.7,90,34.2,90.3,1
183,32,6.82,100.1,90,21.1,83.9,1
183,33,6.87,58.1,90,24,93.2,1
183,34,7.2,76.1,90,26.3,87.7,1.1
183,35,7.37,32.2,90,17.4,90.8,1.1
183,36,6.78,63.7,90,25.3,95.7,1.1
183,37,6.73,51,90,10.3,84.8,1.1
183,38,6.96,32.1,90,28.5,83.4,1.1
183,39,7.06,41.3,90,25.3,81.2,1.1
183,40,7.5,98.7,90,20.4,83.1,1.1
183,41,7.44,63.6,90,34.6,92.7,1.1
183,42,6.79,102.5,90,11,81.4,1.2
183,43,7.09,40.8,90,14.3,89.2,1.2
183,44,6.7,53,90,34,90.1,1.2
183,45,6.8,37.4,90,29.8,92.4,1.2
183,46,7.21,101.4,90,9.5,95.5,1.2
183,47,7.28,60.5,90,7.9,98.9,1.2
183,48,6.71,88.3,90,18,83.9,1.3
183,49,6.76,57.1,90,11.9,94.8,1.3
183,50,7.48,79.5,90,19.9,83.2,1.3
184,0,6.98,73.8,90,30.6,85.2,1.3
184,1,7.12,68.1,90,11.3,96.5,1.3
184,2,6.71,35.2,90,5.5,90,1.4
184,3,7.32,70.3,90,31.6,94.3,1.4
184,4,7.22,78.9,90,15.9,83.7,1.4
184,5,6.93,51.6,90,8.6,97.2,1.4
184,6,7.36,46.9,90,23.4,90.7,1.4
184,7,7.49,30.3,90,30,80.6,1.5
184,8,6.73,96.3,90,19.2,93.5,1.5
184,9,7.31,67.2,90,21.3,94.9,1.5
184,10,7.18,56.6,90,8.8,97.5,1.6
184,11,7.15,84.6,90,7.3,95,1.6
184,12,6.75,98.2,90,30.5,98.1,1.6
184,13,7.19,40,90,11.4,92,1.6
184,14,6.79,44.4,90,5.9,92.8,1.6
184,15,7.27,55.8,90,9.3,93.5,1.7
184,16,7.27,93.1,90,5.2,86.5,1.7
184,17,6.98,30.1,90,29.7,93.8,1.8
184,18,7.28,67.8,90,32.3,89.1,1.8
184,19,7.24,97.6,90,25.9,91.4,1.8
184,20,6.89,41.3,90,22.9,93.6,1.8
184,21,7.34,77.9,90,34.9,90.1,1.9
184,22,6.72,34.9,90,14.3,83.5,1.9
184,23,6.96,55.1,90,25.5,90,1.9
184,24,7.47,63.7,90,34.6,98.3,1.9
184,25,6.78,83.1,90,31.9,92.3,2
184,26,7.05,59.8,91,12.7,82.3,0.2
184,27,7.15,71.3,91,7.6,85.6,0.3
184,28,7.1,88.7,91,23.4,83.9,0.3
184,29,7.04,36.9,91,18.4,89.5,0.3
184,30,7.22,94.6,91,18.7,86.3,0.3
184,31,7.04,108,91,13.8,88.3,0.3
184,32,7.47,87.6,91,18.3,81.2,0.4
184,33,7.11,81.8,91,19.5,82.9,0.4
184,34,6.98,75.1,91,12.5,85.1,0.4
184,35,6.93,83.5,91,18.4,97.9,0.4
184,36,7.36,48.8,91,28.1,93.5,0.4
184,37,6.74,76.4,91,20.8,84.5,0.4
184,38,7.34,103.3,91,32,86.6,0.4
184,39,6.87,91.9,91,17.9,91,0.5
184,40,7.24,79,91,13.2,81.9,0.5
184,41,6.81,89.7,91,34.3,95.7,0.5
184,42,7.29,40.1,91,12.5,86.3,0.5
184,43,7.37,44.8,91,28,96.5,0.5
184,44,7.44,80.8,91,24.4,81.3,0.6
184,45,6.76,48.5,91,6.4,98.1,0.6
184,46,7.03,46.9,91,18.7,94.8,0.6
184,47,7.36,71.9,91,22.8,82.7,0.6
184,48,7.07,44.8,91,5.5,94.2,0.6
184,49,7.49,75.8,91,24.5,98.5,0.6
184,50,7.48,99.6,91,24.2,93.7,0.7
185,0,6.72,106.5,91,21.4,84.3,0.7
185,1,7.45,43.5,91,13.5,97.5,0.8
185,2,7.31,104.8,91,33.7,81.3,0.8
185,3,7.29,73.8,91,24.3,94.2,0.8
185,4,6.73,106.4,91,25.6,94.9,0.9
185,5,7.14,50.6,91,35,92,0.9
185,6,7.1,89.2,91,34.7,92.9,0.9
185,7,6.93,62.3,91,12.4,93.5,0.9
185,8,7.49,62,91,24.7,89.9,0.9
185,9,7.26,69.6,91,5.2,95.6,0.9
185,10,7.12,52.3,91,31.3,98.3,0.9
185,11,6.95,66.9,91,18.2,88.4,1
185,12,6.74,69.9,91,20,96.7,1
185,13,7.18,47.5,91,20,90.9,1
185,14,7.18,54.1,91,18.8,84.2,1.1
185,15,7.46,33.1,91,5.7,97.9,1.1
185,16,7.26,54.8,91,19.4,84.2,1.1
185,17,7.16,58.5,91,33.7,97.9,1.1
185,18,7.38,54.7,91,26.5,82.6,1.1
185,19,6.89,59.5,91,23.3,86.3,1.1
185,20,7.26,77.2,91,14,86.9,1.1
185,21,7.03,39.5,91,21.1,80,1.1
185,22,7.35,51.4,91,19.9,83.7,1.2
185,23,7.35,88.9,91,13,81.9,1.2
185,24,7.01,93.5,91,30.7,90.7,1.2
185,25,7.44,54.4,91,18.9,84.2,1.2
185,26,7.2,78.4,91,5.5,90,1.3
185,27,7.05,109.7,91,8.3,98.6,1.3
185,28,7.29,73,91,26.4,98.7,1.3
185,29,6.98,105.6,91,21,89.8,1.3
185,30,7.26,58.5,91,19.8,90.9,1.3
185,31,6.73,55.1,91,24.5,84.5,1.3
185,32,7.01,32,91,23.7,80.8,1.3
185,33,7.44,31.7,91,18.2,93.4,1.3
185,34,7.49,42.7,91,6.7,85,1.3
185,35,7.42,34.6,91,28.7,81.9,1.4
185,36,6.76,37.4,91,8.7,89.8,1.4
185,37,6.71,30.5,91,27.6,93.9,1.4
185,38,7.06,103.5,91,19.5,90.4,1.4
185,39,6.9,86,91,21.5,97.2,1.4
185,40,7.32,69.4,91,34.1,96.2,1.4
185,41,7.27,93.2,91,18.8,85.7,1.4
185,42,6.96,30.4,91,26.2,83.5,1.4
185,43,6.73,45,91,5.6,80.6,1.5
185,44,6.97,75,91,32.9,94.5,1.5
185,45,6.96,30.2,91,27.3,90.7,1.5
185,46,6.99,42.5,91,23.7,82.9,1.5
185,47,7.34,87.6,91,19.2,98.1,1.5
185,48,7.34,49,91,29.7,89.8,1.6
185,49,7.05,69.2,91,26.9,82.8,1.6
185,50,7.31,31.3,91,18.2,80.4,1.6
186,0,7.12,65,91,29.2,83.3,1.6
186,1,6.7,84.6,91,9.5,88.4,1.7
186,2,7.32,103.1,91,26.8,85.6,1.7
186,3,6.75,59.2,91,26.9,90.4,1.7
186,4,6.81,43.3,91,29.9,92.4,1.7
186,5,7.45,68.6,91,12.2,98.9,1.8
186,6,7.49,98.7,91,19.1,81.1,1.8
186,7,6.85,99,91,17.1,86.5,1.8
186,8,7.21,59.1,91,11.2,94.3,1.8
186,9,6.99,97.8,91,27.5,89.2,1.8
186,10,7.04,73.8,91,20.2,94.2,1.8
186,11,7.04,98.3,91,6.1,84.5,1.9
186,12,6.96,91.2,91,10.9,91.1,1.9
186,13,6.9,89.8,91,25.9,89.9,1.9
186,14,7.01,73.6,91,34.3,96.3,2
186,15,7.35,58.8,91,30,80.4,2
186,16,7.37,73.1,91,23.4,94,2
186,17,7.47,78.7,91,17.4,85.5,2
186,18,7.13,48.3,91,6.1,92.8,2
186,19,,,91,,,
186,20,,,91,,,
186,21,6.91,56.5,92,28.5,80.2,0.2
186,22,6.84,86.6,92,33.2,84.7,0.2
186,23,6.87,41.5,92,30.4,94,0.3
186,24,6.75,88.4,92,22.5,94.3,0.3
186,25,7.26,50.6,92,15.4,96.9,0.3
186,26,7.14,68.6,92,28,88.5,0.3
186,27,7.11,66.8,92,9.3,90.1,0.4
186,28,6.74,39.8,92,26.1,91.7,0.4
186,29,7.38,36.2,92,15.6,90.8,0.4
186,30,7.36,68,92,12.6,84.5,0.4
186,31,7.43,62.9,92,17.7,87.5,0.4
186,32,6.86,53.3,92,15.5,81.1,0.4
186,33,7.31,79,92,5.6,80.9,0.5
186,34,6.81,94,92,12.2,98.1,0.5
186,35,7.46,81.5,92,9.4,80.8,0.6
186,36,7.28,87.8,92,23,81.8,0.6
186,37,6.81,65.1,92,33,84.8,0.6
186,38,6.95,50.6,92,15.3,88.2,0.6
186,39,6.96,58.6,92,26.9,81.7,0.6
186,40,7.15,63.5,92,27.9,80.1,0.6
186,41,6.82,34.6,92,28.3,95.1,0.6
186,42,7.14,108.8,92,27.6,88.9,0.6
186,43,6.77,49.3,92,25.7,92.3,0.6
186,44,7.34,42.8,92,16.4,82.4,0.6
186,45,7.44,96.6,92,9.7,91.3,0.6
186,46,6.96,33.4,92,29,94.4,0.6
186,47,7.09,42.4,92,11.9,91.6,0.7
186,48,7.2,74.5,92,18.6,85.6,0.7
186,49,6.95,42.6,92,12.6,89.4,0.7
186,50,7.46,33.9,92,10.4,88.6,0.8
187,0,6.8,32.2,92,19.4,80.4,0.8
187,1,7.09,102.3,92,7.5,92.6,0.8
187,2,7.07,97.9,92,29.1,91.7,0.8
187,3,6.74,40,92,21.8,92.6,0.9
187,4,6.88,103.2,92,20,89,0.9
187,5,7.09,35.3,92,16.4,89,0.9
187,6,7.28,90.2,92,31.2,97.6,0.9
187,7,7.37,81.6,92,20.9,90.2,1
187,8,7.33,109.1,92,26.8,89.6,1
187,9,7.35,41.6,92,29.8,92.1,1
187,10,6.79,68.7,92,7.4,84.8,1
187,11,7.19,35.5,92,10.6,93.2,1.1
187,12,6.73,53.4,92,34.5,83.7,1.1
187,13,6.98,88.1,92,13.6,80.4,1.1
187,14,7.04,88.3,92,16.7,92.7,1.1
187,15,7.47,108.5,92,17.7,86.1,1.1
187,16,7.44,95.1,92,22.2,93.3,1.1
187,17,7.13,32.6,92,7.2,81.8,1.2
187,18,7.05,98.4,92,19.2,92.5,1.2
187,19,6.99,84.3,92,26.3,89.3,1.2
187,20,7.13,53.5,92,8.9,96.8,1.2
187,21,6.95,38.7,92,19.7,95.5,1.2
187,22,7.4,87.6,92,19.6,90,1.2
187,23,7.1,85.8,92,33.3,83.6,1.2
187,24,6.79,98.8,92,17.1,97.7,1.2
187,25,7.4,62.5,92,16.9,88.9,1.3
187,26,6.91,96,92,23.1,96,1.3
187,27,6.98,71.8,92,9.7,95.2,1.3
187,28,7.28,78.2,92,26.2,84.9,1.3
187,29,6.8,67.8,92,34.9,85.9,1.3
187,30,7.38,39.3,92,28.3,96.6,1.3
187,31,7.05,76.9,92,7.8,82.7,1.4
187,32,7.22,79.9,92,34.8,82,1.4
187,33,7.24,107.9,92,32.1,88.8,1.4
187,34,7.46,88.8,92,16.4,98.7,1.4
187,35,7.43,31.9,92,24.2,86.9,1.4
187,36,7.4,94.5,92,15.4,95.4,1.5
187,37,7.12,61.4,92,5.5,93.5,1.5
187,38,7.34,98.3,92,34.4,87.2,1.5
187,39,7.49,38,92,29.8,98.1,1.5
187,40,7.43,66.3,92,13.4,82.7,1.5
187,41,6.78,92.1,92,22,81.2,1.5
187,42,7.45,82.9,92,7.1,90.5,1.5
187,43,7.33,82.1,92,32.4,93.3,1.5
187,44,7.22,41.6,92,28.7,90.5,1.5
187,45,7.08,99.8,92,10.5,83.2,1.5
187,46,7.12,68.5,92,26.9,83.9,1.6
187,47,6.84,38.7,92,10.4,97.8,1.6
187,48,6.92,59.2,92,16,98.5,1.6
187,49,7.32,57.6,92,14.5,87.1,1.6
187,50,7.08,57.8,92,7.8,90.4,1.6
188,0,6.72,67.3,92,21.9,98.1,1.6
188,1,7.3,42.5,92,32.2,82.7,1.6
188,2,6.9,42.5,92,27,88.7,1.6
188,3,7.03,99.6,92,15.8,86,1.7
188,4,6.86,109.1,92,7.1,91.4,1.7
188,5,7.09,85.2,92,30,90.9,1.7
188,6,7.1,108.8,92,11.4,84.7,1.7
188,7,7.41,90.8,92,19.1,97.6,1.7
188,8,7.27,89.1,92,16.3,94.6,1.7
188,9,7.36,78.3,92,16.4,87.5,1.7
188,10,7.49,32.8,92,16.7,93.2,1.8
188,11,6.87,37.4,92,10.6,91.3,1.8
188,12,7.2,100.3,92,9.6,93.3,1.8
188,13,7.35,96.3,92,15.6,97.8,1.8
188,14,7.12,78.1,92,32.3,97.8,1.8
188,15,7.14,43.6,92,19,98.5,1.8
188,16,6.77,73.1,92,23.5,89.5,1.8
188,17,7.18,58.6,92,18,80.6,1.8
188,18,7.31,91.2,92,23.3,87,1.9
188,19,7.38,32.6,92,12.1,93.4,1.9
188,20,6.76,64.1,92,14.7,81.7,1.9
188,21,7.39,74.6,92,27.3,83.9,1.9
188,22,6.9,102.7,92,30.2,86.3,1.9
188,23,6.98,73.7,92,31.8,89.7,1.9
188,24,7.15,42.1,92,31,83.9,1.9
188,25,7.12,85.1,92,30.3,81.9,1.9
188,26,7.03,81.7,92,24.1,80.2,1.9
188,27,7.06,101.8,92,5.9,85.2,2
188,28,,,92,,,
188,29,7.28,85.4,93,10.7,80.3,0.2
188,30,7.44,42.4,93,14.1,90.7,0.2
188,31,7.5,93.4,93,14.1,86.4,0.2
188,32,7.18,81.2,93,30.4,88.2,0.2
188,33,6.94,78.7,93,9.7,90.2,0.2
188,34,6.89,61.4,93,27.4,93.9,0.3
188,35,7.18,60.5,93,7.8,85.7,0.3
188,36,6.7,79.4,93,26.6,84.5,0.3
188,37,7.33,53.4,93,14.8,94.4,0.4
188,38,7.26,75.3,93,16.5,82.3,0.4
188,39,7.32,34.1,93,13.6,98.1,0.4
188,40,7.06,51.8,93,10.2,90.6,0.4
188,41,7.39,95.4,93,34.6,80.3,0.4
188,42,7.47,32.8,93,21.1,90.7,0.4
188,43,7.26,79.7,93,20,95.5,0.5
188,44,6.96,80.2,93,16.2,98.6,0.5
188,45,6.71,98.3,93,34.8,98.9,0.5
188,46,7.22,93.9,93,7.3,85.4,0.5
188,47,7.11,98.1,93,7.8,96,0.5
188,48,6.86,42,93,20.7,90.3,0.5
188,49,7.17,48,93,19,96.6,0.5
188,50,7.12,49.9,93,14,95.6,0.6
189,0,7.07,98.2,93,28.7,95.8,0.6
189,1,7.46,30.2,93,29,91.3,0.6
189,2,6.9,49.3,93,21.5,93.7,0.6
189,3,7.32,105,93,25.2,84.8,0.6
189,4,7.48,108.1,93,26.7,89.2,0.7
189,5,7.48,30.1,93,20.2,97.3,0.7
189,6,7.14,105.8,93,9.3,81.3,0.7
189,7,7.34,47.3,93,14.8,89.7,0.7
189,8,6.93,47.6,93,10.6,87,0.7
189,9,7.21,105.1,93,17.1,85.1,0.7
189,10,6.87,32.5,93,16.4,87,0.7
189,11,6.97,58.4,93,11.9,87.1,0.7
189,12,7.07,47.4,93,19.9,81.5,0.7
189,13,6.77,109.7,93,31.7,80.9,0.8
189,14,6.72,33.8,93,19.8,84.4,0.8
189,15,6.71,44.2,93,7.1,88.6,0.8
189,16,7.32,81.1,93,28.8,90.8,0.8
189,17,7.04,56.1,93,32.9,86.2,0.8
189,18,7.41,42.8,93,20.1,94.6,0.8
189,19,7.33,37.9,93,8.9,97.9,0.8
189,20,7.02,79.6,93,6.5,91.5,0.8
189,21,7.36,86.2,93,22.8,87.3,0.8
189,22,7.46,48,93,33.6,94.2,0.9
189,23,7.11,65.5,93,12.8,98.7,0.9
189,24,7.1,75.3,93,33.4,91.9,0.9
189,25,7.41,100.7,93,31.3,97.3,0.9
189,26,7.17,101.8,93,10.1,82.8,0.9
189,27,6.84,103.9,93,32.7,84.9,0.9
189,28,7.09,72.9,93,32.3,86.1,0.9
189,29,7.27,47.8,93,23.5,92.2,0.9
189,30,6.97,87.5,93,26.9,90.8,1
189,31,7.27,40.2,93,15.5,90.7,1
189,32,7.42,96.2,93,7.5,80.6,1
189,33,7.48,45.1,93,19.5,89.3,1
189,34,7.14,54.8,93,8.2,88.6,1
189,35,6.71,86.4,93,22.7,85.5,1
189,36,7.4,92.4,93,7.4,82,1
189,37,7.42,45.2,93,5.7,86.5,1
189,38,7.14,66.8,93,11,94.7,1
189,39,7.22,48,93,30,89.4,1
189,40,7.22,69.1,93,31,84.1,1
189,41,6.72,77.2,93,30.3,81.7,1.1
189,42,7.22,63.9,93,16.2,97.7,1.1
189,43,7.05,79.5,93,20.3,98.7,1.1
189,44,6.76,55.4,93,21.9,83.6,1.1
189,45,6.75,51.5,93,8.7,93.7,1.1
189,46,6.97,94.1,93,25.6,86.7,1.1
189,47,7.07,51.1,93,9.4,95.9,1.1
189,48,6.73,105.3,93,21.4,87.1,1.2
189,49,7.04,69.1,93,15.7,90.3,1.2
189,50,6.73,47.8,93,33.8,84,1.2
190,0,6.82,62.2,93,27,80.8,1.2
190,1,7.13,48.2,93,22.7,89.1,1.2
190,2,6.87,83,93,24,94.3,1.2
190,3,7.09,31.6,93,32.1,81,1.2
190,4,7.34,54.9,93,34.7,80.7,1.2
190,5,6.9,109.2,93,20.3,88.3,1.3
190,6,7.48,50.6,93,15.9,98.4,1.3
190,7,6.77,93.7,93,9.7,95.9,1.3
190,8,7.1,97.4,93,18.8,91.5,1.3
190,9,7.15,65.5,93,34.1,85.5,1.3
190,10,7.18,76.1,93,33.6,82,1.3
190,11,7.09,81.9,93,6.7,91.4,1.3
190,12,7.24,91.6,93,27.2,80.9,1.3
190,13,6.85,97.6,93,14.2,94.3,1.3
190,14,7.4,79,93,27.4,90.4,1.3
190,15,7.35,81.7,93,14.9,82.1,1.3
190,16,7.5,37,93,31,93.9,1.3
190,17,6.87,44.3,93,34.4,81.7,1.3
190,18,6.76,44.9,93,8.6,89.2,1.3
190,19,6.75,49.5,93,18.9,92.3,1.4
190,20,7.38,49,93,26.2,89,1.4
190,21,7.06,39.2,93,11.2,82.4,1.4
190,22,7.29,64.9,93,34.3,82.7,1.4
190,23,6.9,91.9,93,12.6,97.9,1.4
190,24,6.99,109.4,93,25.3,95,1.4
190,25,6.86,65.2,93,19,87.5,1.4
190,26,7.07,33.5,93,26.8,97.4,1.5
190,27,6.99,96.3,93,27.4,94.5,1.5
190,28,7.45,91.4,93,6.3,95.1,1.5
190,29,6.82,72.5,93,7.9,90.5,1.5
190,30,7.19,91.8,93,22.1,91.3,1.5
190,31,6.86,47.5,93,12.9,89.6,1.5
190,32,7.01,37.1,93,33.8,96.3,1.5
190,33,6.98,97.9,93,15,95.2,1.6
190,34,6.92,77,93,26.3,82.7,1.6
190,35,6.8,98.2,93,15.6,94.6,1.7
190,36,7.35,57.4,93,16.2,94.1,1.7
190,37,7,68.8,93,16.8,97.4,1.7
190,38,7.11,106.5,93,5.3,92,1.7
190,39,7.08,72.6,93,18.8,93.4,1.7
190,40,6.77,78.9,93,13.9,82.6,1.8
190,41,7.25,83.6,93,33.6,92.6,1.8
190,42,7.02,67.5,93,6.1,90.3,1.8
190,43,6.76,51.3,93,13.2,86.1,1.8
190,44,7.38,76.7,93,32.3,96,1.8
190,45,7.23,51.2,93,27.7,92.8,1.8
190,46,6.75,82.6,93,10.7,91.5,1.8
190,47,7.18,85.1,93,22.7,94.4,1.8
190,48,7.03,103.8,93,24.7,94.5,1.8
190,49,7.13,64.8,93,30.5,94.7,1.9
190,50,7.22,86.3,93,12.6,95.4,1.9
191,0,6.91,58.2,93,26.6,98.7,1.9
191,1,7.25,45.2,93,8.2,82.6,1.9
191,2,7.46,93.4,93,18.8,93.4,1.9
191,3,7.42,40.4,93,23,89.8,1.9
191,4,7.09,70.2,93,23.6,93.5,1.9
191,5,7.38,35,93,23.9,89.9,1.9
191,6,6.95,54.7,93,13.4,96.5,2
191,7,7.05,36.3,93,19.8,80.8,2
191,8,7.42,67.2,93,23.9,85,2
191,9,,,93,,,
191,10,,,93,,,
191,11,,,93,,,
191,12,,,93,,,
191,13,,,93,,,
191,14,7.42,101.9,94,22.6,90,0.2
191,15,7.08,81.9,94,26,87.9,0.2
191,16,6.77,97.4,94,9,92.3,0.2
191,17,7.09,42.8,94,34.2,94.1,0.2
191,18,7.04,100.5,94,7.9,89.9,0.3
191,19,7.05,33.2,94,11.9,82.5,0.3
191,20,7.1,33.5,94,8.6,92,0.3
191,21,6.87,104.3,94,21.4,95.6,0.3
191,22,7.32,58.4,94,22.1,82.4,0.3
191,23,6.93,84.7,94,13.8,80.3,0.3
191,24,7.31,49.8,94,21.4,98,0.3
191,25,7.08,95.3,94,23,81.4,0.4
191,26,7.12,42.2,94,33.5,82.8,0.4
191,27,7,76,94,13.6,93.5,0.4
191,28,6.76,35.7,94,19.1,97.7,0.4
191,29,7,87.5,94,11.4,92.1,0.5
191,30,7.29,76.5,94,6.6,89.8,0.5
191,31,6.75,81.2,94,33.2,82.9,0.5
191,32,7.17,49.6,94,19.9,97.6,0.5
191,33,6.93,70.2,94,15.2,80.4,0.6
191,34,7.24,98.4,94,34.5,96.3,0.6
191,35,6.92,56.8,94,29.2,98.9,0.6
191,36,7.11,70,94,29.7,89.4,0.6
191,37,7.33,98.9,94,19.1,87.5,0.6
191,38,7.13,102.4,94,5.5,83.1,0.6
191,39,7.47,81.2,94,19.6,82.2,0.6
191,40,7.34,83.6,94,26,84.7,0.6
191,41,7.28,34.6,94,17.7,93.1,0.7
191,42,7.15,92.7,94,5.9,85.8,0.7
191,43,6.84,43.4,94,26.3,87.6,0.7
191,44,7.15,73.8,94,14.7,89.4,0.7
191,45,6.94,36.1,94,24.8,98.9,0.7
191,46,6.83,40.8,94,30.6,90.2,0.7
191,47,7.21,102.2,94,9.5,82,0.8
191,48,7.28,33.6,94,22.3,88.7,0.8
191,49,7.16,78.6,94,21.2,83.5,0.9
191,50,7.5,56.4,94,16.3,90.3,0.9
192,0,7.38,89.7,94,34.6,97.4,1
192,1,7.25,100.8,94,7.3,81.1,1
192,2,7.4,57.4,94,15.4,95.5,1
192,3,6.93,45.2,94,21.2,92.8,1
192,4,7.27,36.1,94,8.3,89.7,1
192,5,7.3,109.2,94,7.7,90.3,1
192,6,7.03,69.9,94,10,80,1
192,7,7.09,43.7,94,31.4,89.1,1
192,8,7.16,46.2,94,32.6,85.5,1
192,9,7.18,94.8,94,18.4,93.8,1
192,10,7.13,96.3,94,7.6,81.5,1
192,11,7.27,66.4,94,22.6,85.7,1.1
192,12,7.07,43.5,94,13.7,81.3,1.1
192,13,6.83,30.3,94,23.5,95.9,1.1
192,14,7.13,101.5,94,31.4,86.1,1.1
192,15,7.19,61.8,94,13.3,83.1,1.1
192,16,7.27,90,94,15.1,92.4,1.1
192,17,6.74,58.1,94,30.6,83.7,1.2
192,18,7.22,37.4,94,18.6,83.9,1.2
192,19,7.39,91.4,94,26.6,82.8,1.2
192,20,7.05,72.9,94,6.8,81.6,1.2
192,21,7.12,84.4,94,33.7,96.7,1.3
192,22,7.1,88.6,94,5.2,86.3,1.3
192,23,7.08,51.4,94,11.6,92.3,1.3
192,24,6.96,108.2,94,10.9,84.5,1.3
192,25,6.81,98.5,94,33.7,83.8,1.3
192,26,6.87,62.4,94,14.3,83.1,1.3
192,27,6.83,103.2,94,34.1,90.8,1.3
192,28,6.77,48.6,94,14.8,91.4,1.4
192,29,6.92,50.7,94,10.4,91,1.4
192,30,7.16,39.7,94,26.1,95.4,1.4
192,31,7.5,58.3,94,24.1,96.4,1.4
192,32,6.9,37.5,94,8.9,91.2,1.4
192,33,7.06,38.2,94,23.3,86.9,1.5
192,34,7.12,61.4,94,7.5,93.2,1.5
192,35,6.77,42.2,94,29.5,82.4,1.5
192,36,6.98,100.5,94,27.6,81.8,1.5
192,37,7.41,52.5,94,14.4,83.9,1.5
192,38,7.41,48.4,94,25.1,96.5,1.5
192,39,6.84,70.4,94,13.8,94.4,1.5
192,40,6.79,85.1,94,32.4,91.3,1.5
192,41,7.08,92.8,94,34,97.1,1.5
192,42,7.31,97.3,94,6.1,94.8,1.6
192,43,6.77,56.8,94,34.5,99,1.6
192,44,7.14,89.7,94,27.4,83.5,1.6
192,45,7.45,31.4,94,12.2,97.1,1.6
192,46,7.38,109.2,94,22.1,86,1.6
192,47,6.93,98.2,94,24.4,88.9,1.6
192,48,7.19,62.5,94,26.4,93.6,1.7
192,49,6.7,104.5,94,13,86.3,1.7
192,50,6.89,65,94,32.7,95.2,1.7
193,0,7.45,81.9,94,28,82.9,1.7
193,1,6.72,30.4,94,20.2,83,1.7
193,2,6.81,60.2,94,25.2,90,1.7
193,3,7.13,67.6,94,10,89.2,1.8
193,4,7.05,48.4,94,17.5,85.6,1.8
193,5,7.12,51.1,94,9.2,92.1,1.8
193,6,6.82,37.1,94,15.2,95.1,1.8
193,7,6.73,58.9,94,9.8,94.5,1.8
193,8,6.7,83.5,94,20.7,96.3,1.8
193,9,7.3,34.7,94,12.5,92.1,1.8
193,10,7.36,64.1,94,30.2,86.7,1.8
193,11,7.28,75.5,94,21.8,87.6,1.9
193,12,7.07,103.5,94,26.8,95.9,1.9
193,13,6.94,83.9,94,31.6,90.1,1.9
193,14,7.45,87,94,27.9,87.1,1.9
193,15,6.97,78.1,94,21.2,98.3,1.9
193,16,7.32,97.5,94,18.9,91.8,1.9
193,17,6.72,85.6,94,16.1,87.2,2
193,18,6.82,55.9,94,20.5,82.3,2
193,19,7.39,101.1,94,13.1,96.8,2
193,20,,,94,,,
193,21,,,94,,,
193,22,,,94,,,
193,23,,,94,,,
193,24,,,94,,,
193,25,7.5,45.7,95,22.7,89.8,0.2
193,26,6.9,78.2,95,17.7,95,0.3
193,27,7.15,71,95,13,98.3,0.3
193,28,7.19,61.4,95,32.8,85.1,0.3
193,29,7.42,87.6,95,20,92.6,0.4
193,30,6.75,30.4,95,21.5,97.4,0.4
193,31,6.8,96.7,95,15.4,80.8,0.4
193,32,7.32,56.3,95,25.4,80.4,0.4
193,33,6.8,99.6,95,7,90.3,0.4
193,34,7.09,91.8,95,10.3,96.7,0.4
193,35,7.09,61,95,25.8,94.4,0.5
193,36,7.31,71.2,95,23.2,85.3,0.5
193,37,7.49,42.3,95,22,98.7,0.5
193,38,7.36,85.5,95,18.6,90.3,0.5
193,39,7.29,76.6,95,21.4,97.7,0.6
193,40,6.93,52.4,95,22.6,83.8,0.6
193,41,7.24,94.5,95,26.7,82,0.6
193,42,7.46,34.8,95,7.7,93.1,0.6
193,43,7.47,48.5,95,14.1,84.5,0.6
193,44,7.47,56.8,95,9.3,93.4,0.7
193,45,7.1,62.9,95,22,93.6,0.7
193,46,7.18,32.9,95,30.9,90.4,0.7
193,47,6.76,43.8,95,5.1,86.5,0.7
193,48,7.34,102.2,95,33.3,91.8,0.8
193,49,7.03,102.5,95,7.9,98.8,0.8
193,50,6.77,38,95,23.5,93.4,0.8
194,0,6.82,30.9,95,30.5,93.1,0.9
194,1,7.49,48.5,95,27.4,84.6,0.9
194,2,7.24,86.3,95,10.6,93.3,0.9
194,3,7.34,89.3,95,22.8,88.9,0.9
194,4,7.42,104.4,95,6,98.7,0.9
194,5,7.22,64.8,95,7.9,80.2,0.9
194,6,7.42,60.4,95,14.6,86.7,1
194,7,6.82,83.3,95,12.3,81,1
194,8,6.85,65.3,95,8.7,95.7,1
194,9,7.18,40.9,95,8.7,91.6,1
194,10,6.85,66.1,95,23.8,81.6,1.1
194,11,7.46,88.8,95,18.2,97,1.1
194,12,6.75,82.6,95,23.2,91.8,1.1
194,13,7.5,105.6,95,19.2,96.4,1.2
194,14,7.26,91.4,95,5.2,98,1.2
194,15,7.03,47.5,95,14.4,92.4,1.2
194,16,6.94,91.5,95,24.9,87.8,1.2
194,17,7.38,39.1,95,28.3,80.5,1.2
194,18,7.14,40,95,27.6,96.4,1.2
194,19,6.89,62.4,95,27.6,85.9,1.2
194,20,7.27,63.4,95,22.1,96.3,1.2
194,21,7.37,62,95,23.1,96.6,1.2
194,22,7.18,60.3,95,17.1,98.8,1.3
194,23,7.15,84.4,95,21.8,86.6,1.3
194,24,7.39,35.5,95,19.5,88.6,1.3
194,25,7.15,44.1,95,6.5,80,1.3
194,26,7.16,104.7,95,10.1,85.9,1.3
194,27,7.07,66.5,95,23.5,85.4,1.4
194,28,6.72,94.2,95,12.5,93.5,1.4
194,29,6.91,59.9,95,21.8,95.1,1.4
194,30,7.34,101.2,95,6.3,82,1.4
194,31,6.77,94.8,95,11,80.1,1.4
194,32,7.13,73,95,26.1,95.7,1.4
194,33,7.35,73.7,95,34,95.2,1.4
194,34,7.09,52,95,6.2,90.6,1.5
194,35,7.09,90,95,7,84.7,1.5
194,36,6.9,58.4,95,10.6,92.9,1.5
194,37,6.73,68.2,95,26.8,93.9,1.5
194,38,7.07,70,95,19.1,93,1.5
194,39,7.28,57.9,95,33.9,88.3,1.5
194,40,6.95,79.2,95,23,89.2,1.5
194,41,7.36,88.5,95,32.8,86.2,1.6
194,42,7.1,88.6,95,24.1,87.4,1.6
194,43,6.94,68.3,95,5.9,91.7,1.6
194,44,7.03,107,95,29.2,85,1.6
194,45,7.39,99.8,95,31.5,89,1.6
194,46,6.88,68.4,95,26.4,97.4,1.6
194,47,6.91,76.3,95,25.5,80.9,1.7
194,48,7.44,106.1,95,6.1,81.1,1.8
194,49,7.26,72.8,95,8.9,98.1,1.8
194,50,7,86.9,95,31.2,83.7,1.8
195,0,6.75,70.7,95,32.8,83,1.8
195,1,7.36,108.2,95,28.8,89.6,1.8
195,2,7.09,46.3,95,30.8,90.9,1.8
195,3,6.97,89.5,95,8.1,87.8,1.8
195,4,6.79,45.3,95,13.4,93,1.9
195,5,7.16,67.9,95,32.6,81.9,1.9
195,6,7.11,64.8,95,16.6,91.2,1.9
195,7,7.14,43,95,12,86.1,1.9
195,8,6.82,35.5,95,21.2,96.7,2
195,9,6.78,86.7,95,11.2,95.4,2
195,10,,,95,,,
195,11,,,95,,,
195,12,6.97,92.4,96,19.1,89.3,0.2
195,13,7.03,49.1,96,34.2,88.2,0.2
195,14,6.81,46.1,96,31.8,91.5,0.2
195,15,7.23,98.5,96,15.8,88.9,0.2
195,16,6.8,51.7,96,24.5,82.7,0.2
195,17,7.08,92.1,96,32.6,94.2,0.2
195,18,6.82,69.7,96,17.1,94,0.3
195,19,7.35,31.5,96,13,89.6,0.3
195,20,6.74,99,96,14.5,91.2,0.3
195,21,7.27,109.9,96,30.8,95,0.3
195,22,7,55.7,96,27.8,84.1,0.3
195,23,6.86,76.1,96,19,90.9,0.3
195,24,7.23,89.1,96,21.8,92.4,0.4
195,25,7.1,43.6,96,31.9,84.9,0.4
195,26,6.83,94.3,96,29.1,92.8,0.4
195,27,6.86,85.7,96,15.7,86.9,0.4
195,28,7.24,48.1,96,5.5,85.3,0.4
195,29,7.3,38.3,96,6.1,82.7,0.4
195,30,7.43,71.4,96,14.3,98.5,0.4
195,31,7.1,103,96,16.9,81.4,0.4
195,32,6.78,55.8,96,8.1,96.2,0.4
195,33,6.95,89.9,96,24.3,83,0.5
195,34,6.82,39.2,96,20.3,94.9,0.5
195,35,6.9,43.3,96,29.5,95.4,0.5
195,36,7.17,63.1,96,21,98.8,0.5
195,37,6.82,64.1,96,16.5,81.5,0.5
195,38,6.96,91,96,10.9,82.2,0.5
195,39,6.77,84.8,96,17.4,81.9,0.5
195,40,7.26,70.4,96,24,85.2,0.6
195,41,6.81,58.9,96,25.4,95.9,0.6
195,42,7.19,81.9,96,17,87.8,0.6
195,43,7.26,58.7,96,34.3,95.8,0.6
195,44,7.22,39.4,96,26,94.7,0.6
195,45,7.09,40.2,96,7.2,97.1,0.6
195,46,7.35,51.3,96,19.1,97.7,0.6
195,47,6.92,53.3,96,18.7,97.1,0.7
195,48,7.2,71.5,96,10.1,86.2,0.7
195,49,7.02,40.3,96,5.5,81.2,0.7
195,50,6.89,44.2,96,9.6,83.5,0.7
196,0,7.15,87.1,96,24,95,0.7
196,1,7.38,45.5,96,11.4,93.7,0.7
196,2,7.32,61.3,96,15.3,91.5,0.8
196,3,7.29,65.1,96,30.4,93.3,0.8
196,4,7.48,41.1,96,30.7,90.2,0.9
196,5,7.38,107.6,96,8.7,88.6,0.9
196,6,6.98,61.5,96,33.4,98.4,0.9
196,7,7.16,42.1,96,8,87.4,0.9
196,8,6.91,71.7,96,35,92.4,0.9
196,9,6.76,88.3,96,10,80,0.9
196,10,7.38,91.9,96,34.3,82.7,0.9
196,11,7.26,58.8,96,24.1,84.4,1
196,12,7.26,62,96,12.8,91.5,1
196,13,6.76,99.3,96,30.8,94.3,1
196,14,6.72,73.3,96,23.5,90.7,1
196,15,7.05,80.8,96,23.7,82.9,1
196,16,7.13,32.6,96,14.6,90.3,1
196,17,7.49,39.9,96,21.5,85.8,1
196,18,6.92,87.9,96,8.7,98.4,1.1
196,19,6.92,67.3,96,16.3,94.6,1.1
196,20,7.06,107.5,96,10.1,83.6,1.1
196,21,7.39,34.4,96,34.3,91.7,1.1
196,22,6.73,48.7,96,11.1,94.8,1.1
196,23,6.91,47.4,96,7.4,81.9,1.2
196,24,7.45,30.9,96,17.2,89.8,1.2
196,25,6.89,109.7,96,7.7,93.8,1.2
196,26,7.4,57.2,96,17.5,91.6,1.2
196,27,7.2,89.3,96,14.5,98.1,1.2
196,28,7.42,107.2,96,6.2,86.6,1.2
196,29,6.73,109.3,96,21.1,81.4,1.2
196,30,7.05,70.7,96,12.4,81.5,1.2
196,31,7.17,36.3,96,5.2,95.5,1.2
196,32,7.16,47.6,96,32.7,90.4,1.3
196,33,6.77,63.1,96,19.2,91.5,1.3
196,34,6.86,105,96,5.9,95.3,1.3
196,35,7.27,90.8,96,9.7,97.4,1.3
196,36,7.47,47.3,96,18.7,82.3,1.3
196,37,7.03,54.7,96,14.6,84.1,1.3
196,38,7.2,96.4,96,35,83.8,1.3
196,39,6.74,56.7,96,14.8,96,1.3
196,40,7.2,56.6,96,21.4,95.9,1.4
196,41,6.86,71.7,96,12.2,81.8,1.4
196,42,7.36,75.3,96,7.7,87.2,1.4
196,43,7.43,104.7,96,5.1,83.6,1.4
196,44,7.25,87.3,96,31.1,96.6,1.4
196,45,7.24,75.5,96,9.5,87.4,1.4
196,46,6.79,88.3,96,21.4,95,1.5
196,47,6.75,88.1,96,7.2,87.1,1.5
196,48,7.11,35.3,96,26,89.2,1.5
196,49,7.25,31.4,96,13.8,82.7,1.6
196,50,7.41,81.1,96,24.7,87.2,1.6
197,0,6.72,43.3,96,32.6,92.4,1.6
197,1,7.19,57,96,16.4,80.4,1.6
197,2,7.17,64.7,96,21.6,95.7,1.6
197,3,7.35,74.9,96,28.8,98.7,1.7
197,4,7.34,50.9,96,9.6,85.3,1.7
197,5,7.02,80.9,96,5.5,98.8,1.7
197,6,7.47,49.5,96,22,98.6,1.7
197,7,7.25,45.1,96,9.4,92.8,1.7
197,8,7.49,79.9,96,34,80.5,1.7
197,9,7.33,58,96,6.5,98.3,1.7
197,10,6.76,48.1,96,6.6,86.2,1.8
197,11,7.22,39.9,96,8.8,84.4,1.8
197,12,6.72,99.8,96,33.2,80.5,1.8
197,13,7.23,93.3,96,5.1,80.3,1.8
197,14,7.38,108.2,96,5.6,82.2,1.8
197,15,6.84,47.3,96,13.5,90,1.8
197,16,7.04,46.8,96,31.6,97.8,1.8
197,17,6.88,33,96,34.1,84,1.9
197,18,6.89,72.7,96,19.5,88.2,1.9
197,19,7.48,33.9,96,23.5,86.1,1.9
197,20,7.34,92.1,96,9.2,81.6,1.9
197,21,7.11,44.3,96,13.6,83.5,1.9
197,22,7.23,91.1,96,33.1,92.3,1.9
197,23,6.88,83.3,96,33.1,90.9,1.9
197,24,6.89,49.1,97,31.2,98.1,0.2
197,25,6.72,107.1,97,13,86.5,0.2
197,26,7.38,33.9,97,11.1,94.2,0.2
197,27,7.3,38.7,97,22.9,98.1,0.2
197,28,6.99,56.8,97,5.1,92.8,0.3
197,29,7.15,59.5,97,16.3,94.8,0.3
197,30,6.9,79.1,97,29.9,96.9,0.3
197,31,7.32,94.6,97,33.8,87.5,0.4
197,32,7.33,108.8,97,6.8,95.5,0.4
197,33,7.38,59.4,97,33.5,87.6,0.4
197,34,7.22,106.6,97,27.5,82,0.4
197,35,6.72,38.9,97,19.5,95.2,0.5
197,36,7.17,55.9,97,14.8,82.6,0.5
197,37,7.42,45,97,10.1,89.4,0.5
197,38,6.83,93.6,97,15.6,92,0.5
197,39,7.26,106.1,97,8.9,94,0.5
197,40,7.07,72.4,97,19.1,87.8,0.5
197,41,7.46,66.5,97,23,96.8,0.6
197,42,7.14,107,97,16.9,94.3,0.6
197,43,6.8,36.7,97,30.8,94.3,0.6
197,44,7.32,79.1,97,33.7,95.9,0.6
197,45,6.91,108.1,97,13.1,87.4,0.7
197,46,6.77,101.9,97,14.3,87.3,0.7
197,47,6.85,36.4,97,26.2,91.2,0.7
197,48,7.26,75,97,32.8,80.8,0.7
197,49,6.85,39.4,97,25,90,0.7
197,50,7.33,107.3,97,7.2,98.7,0.7
198,0,7.03,81.6,97,27.4,84,0.7
198,1,7.46,35.3,97,7.8,84.3,0.7
198,2,7.2,108,97,10.6,96.5,0.7
198,3,7.49,80.4,97,14,90.1,0.8
198,4,7.15,74.9,97,29.3,86.1,0.8
198,5,7.4,33.6,97,25.3,86.5,0.8
198,6,6.87,85.6,97,16.8,87.9,0.8
198,7,7.41,53.1,97,30.7,85.2,0.8
198,8,7.03,106.8,97,13.9,97.8,0.8
198,9,7.18,33.2,97,15.8,97.8,0.8
198,10,7.49,105.4,97,8.7,81,0.9
198,11,6.73,62.1,97,20.7,95.5,0.9
198,12,7.28,78,97,29.8,90.1,0.9
198,13,7.37,38.8,97,6.9,87.6,0.9
198,14,6.74,42.6,97,8.1,92.1,1
198,15,7.2,53.2,97,25.1,85.3,1
198,16,7.4,93.1,97,8.7,80.7,1
198,17,6.8,40,97,7.3,89.7,1
198,18,7.11,69,97,32.5,96.7,1.1
198,19,7.3,31.4,97,34.9,86.6,1.1
198,20,7.14,43.8,97,14.7,97.6,1.1
198,21,6.88,105.4,97,15.9,86.9,1.1
198,22,7.43,100.1,97,29.6,84,1.1
198,23,6.79,80.1,97,28.7,98.7,1.2
198,24,6.97,89.6,97,34.4,94.6,1.2
198,25,6.95,62.3,97,15.9,94.7,1.2
198,26,7.1,41.2,97,23.3,91.2,1.2
198,27,7.13,35.6,97,31.6,80.8,1.2
198,28,6.93,32.2,97,7.9,87.8,1.2
198,29,7.02,58.4,97,15.6,93.4,1.2
198,30,6.89,50.8,97,19.7,84.6,1.2
198,31,6.93,109,97,27.3,87,1.3
198,32,6.73,94.5,97,24,91.9,1.3
198,33,6.84,108.5,97,16.4,82.2,1.3
198,34,7.43,69.7,97,20.6,86.9,1.3
198,35,7.07,91.3,97,9.7,96.2,1.3
198,36,7.16,79.2,97,21.6,85.4,1.3
198,37,7.49,34.2,97,32,94.7,1.3
198,38,6.91,93,97,23.6,93.9,1.3
198,39,7.5,95.1,97,23,92.7,1.3
198,40,7.01,48,97,11.5,98.3,1.4
198,41,7.41,42.1,97,6.4,98.2,1.4
198,42,7.29,59.6,97,22.5,87.1,1.4
198,43,6.74,105.9,97,30.6,97.2,1.4
198,44,7.35,65,97,29.2,86.5,1.4
198,45,6.73,41.1,97,9.2,94.4,1.5
198,46,6.79,47.9,97,13.7,86.9,1.5
198,47,7.43,47.5,97,21.1,91.4,1.6
198,48,7.42,88,97,34.2,93.6,1.6
198,49,7.17,82,97,31.3,96.3,1.6
198,50,6.86,55.7,97,10.2,92.8,1.6
199,0,6.91,44.3,97,29.1,93.6,1.7
199,1,7.22,97.3,97,24.5,88.3,1.7
199,2,6.93,57.4,97,19.6,96.6,1.7
199,3,7.42,45.5,97,15.9,86.4,1.7
199,4,6.87,100,97,26.2,88.1,1.7
199,5,6.98,32.9,97,25.1,86.5,1.7
199,6,6.99,74.5,97,20,82.8,1.7
199,7,7.3,50.5,97,19.3,80.6,1.8
199,8,7.08,44.1,97,21.7,81.5,1.8
199,9,7.18,53.4,97,25.1,96,1.8
199,10,7.01,109.9,97,27.3,84.1,1.8
199,11,7.18,87.5,97,10.9,87,1.9
199,12,6.77,84.2,97,19.8,83.5,1.9
199,13,6.95,87.4,97,15.7,96.5,1.9
199,14,7.04,48.2,97,6.8,98.4,1.9
199,15,7.33,101.5,97,7.7,81.3,1.9
199,16,7.13,76.8,97,19.3,85.2,1.9
199,17,6.97,32.9,97,11.9,82,1.9
199,18,7.05,65.8,97,27.1,82.8,2
199,19,7.14,36.8,97,7.7,87.3,2
199,20,7.46,85.4,97,28.2,90.4,2
199,21,,,97,,,
199,22,7.21,100.4,98,26.3,89.7,0.2
199,23,7.25,85.5,98,29.9,80.8,0.2
199,24,7.25,80.9,98,25.7,81.6,0.3
199,25,7.11,95.8,98,7.3,80.4,0.3
199,26,7.48,66,98,12.7,85.6,0.3
199,27,6.88,86.8,98,29.9,87.8,0.3
199,28,7.13,91.5,98,26.4,85.3,0.3
199,29,7.04,34.9,98,5.1,85.7,0.4
199,30,6.88,96.4,98,18.7,94.3,0.4
199,31,7.34,48,98,25.4,88.9,0.4
199,32,7.39,105.6,98,28.5,86.6,0.4
199,33,7.29,53.1,98,11.5,88.7,0.4
199,34,7.35,63.4,98,32.2,95.4,0.4
199,35,7.29,58.6,98,30.5,87,0.4
199,36,6.77,45.2,98,25.2,90.3,0.4
199,37,7.46,44.2,98,32.2,88.3,0.4
199,38,7.1,48.2,98,20.2,84.6,0.5
199,39,7.12,51.6,98,5.8,81.7,0.5
199,40,6.98,99,98,14.3,94,0.5
199,41,7.05,97.4,98,14.1,87.4,0.5
199,42,7.44,72.5,98,14.7,94.9,0.6
199,43,6.73,108.3,98,13.1,98,0.6
199,44,6.99,67.1,98,22.8,89.3,0.6
199,45,6.81,99.6,98,24.1,83.7,0.6
199,46,6.73,93.5,98,24.2,83.2,0.7
199,47,6.8,43.3,98,22.9,87.4,0.7
199,48,6.95,100.3,98,25.9,96.6,0.7
199,49,6.84,71,98,13,87.7,0.8
199,50,7.48,57.3,98,6.7,85.4,0.8
200,0,6.83,52.9,98,30.9,92.9,0.8
200,1,7.35,49.1,98,34.5,85.5,0.8
200,2,7.26,81.4,98,17.8,94.1,0.8
200,3,6.71,81.2,98,16.3,82.1,0.8
200,4,6.72,58.3,98,30.5,81.4,0.8
200,5,6.97,37.2,98,26.8,84.7,0.8
200,6,6.76,54.2,98,19,93.8,0.8
200,7,7.23,68,98,19.2,96.6,0.8
200,8,6.84,46.5,98,30.5,82.7,0.8
200,9,6.97,34,98,7.8,96.6,0.9
200,10,7.35,71.2,98,17.9,81.5,0.9
200,11,7.24,106.4,98,30.2,82.6,0.9
200,12,7.22,79,98,8.6,89.2,0.9
200,13,7.28,88.7,98,31.5,93.8,1
200,14,7.35,92.7,98,25.8,80.9,1
200,15,6.98,94.3,98,27.4,91.9,1
200,16,6.93,43.6,98,28,90.7,1
200,17,7.4,63.5,98,6.1,83,1
200,18,6.92,96.4,98,13.3,80.3,1
200,19,6.77,85.3,98,30.4,93.2,1.1
200,20,7.31,42.8,98,23,96.3,1.1
200,21,6.79,31.8,98,32.5,95.6,1.1
200,22,7.42,59,98,11,89,1.1
200,23,7.38,85.8,98,14.9,91.8,1.1
200,24,6.95,100.7,98,15.3,95.4,1.2
200,25,6.82,33.1,98,25.2,82.7,1.2
200,26,6.92,97.4,98,10.4,80.1,1.3
200,27,6.83,102.1,98,30.1,85.9,1.3
200,28,7.26,64,98,5.4,89.7,1.3
200,29,6.86,43,98,17.9,80.7,1.3
200,30,7.35,100.2,98,9.2,91.9,1.3
200,31,7.48,94.5,98,20.5,83.6,1.4
200,32,7.32,84.9,98,7.4,82.4,1.4
200,33,7.42,42.4,98,33.7,89.9,1.4
200,34,6.83,70,98,6.4,83.1,1.4
200,35,6.79,51.3,98,5.6,85,1.5
200,36,6.71,97.7,98,17,82.4,1.5
200,37,7.06,84.8,98,16,98.9,1.5
200,38,7.07,62.1,98,12.7,96.3,1.5
200,39,6.91,73.2,98,24.3,87.6,1.6
200,40,6.93,45,98,8.5,84.6,1.6
200,41,6.78,76.7,98,16.1,97.8,1.6
200,42,7.19,95.6,98,29.6,95.8,1.6
200,43,6.8,69.7,98,26.2,91.2,1.6
200,44,7.28,91.3,98,34.1,97.8,1.6
200,45,7.03,59.6,98,5.6,96.6,1.6
200,46,6.86,82,98,12.2,91.2,1.7
200,47,7.27,34.3,98,29.6,94.6,1.7
200,48,7.29,75.4,98,29.1,83.8,1.7
200,49,6.85,72.3,98,16.1,94.4,1.7
200,50,6.74,37.5,98,26.9,89.6,1.7
