Bioreactor,Day,pH,CO2,Cell_Density,Cell_Viability,Product_Titer
1,0,7.43,39.2,21.9,91.2,0.2
1,1,7.02,107.7,19.6,98.5,0.2
1,2,6.95,46.5,27.8,97.9,0.2
1,3,7.21,68,26.2,91.7,0.2
1,4,6.72,68.2,18.3,87.8,0.2
1,5,7.19,55.7,16.2,84.3,0.2
1,6,7.42,101.9,22.6,90,0.2
1,7,7.26,95.1,23.5,90.6,0.2
1,8,6.81,44.6,32.1,85.4,0.2
1,9,6.8,68,19.1,83.8,0.2
1,10,7.29,61.7,5.9,81.6,0.2
1,11,6.83,46.3,19.1,94.2,0.2
1,12,7.02,80.2,12.4,82.2,0.2
1,13,7.08,58.8,22.9,88.7,0.2
1,14,7.02,106.7,13.5,84.1,0.2
1,15,6.97,102.5,12.7,89.2,0.2
1,16,7.04,90.5,34.3,82.6,0.2
1,17,7.4,36.2,32.8,93.3,0.2
1,18,7.25,30.9,29.9,92.7,0.2
1,19,7.43,106.1,7.9,93.5,0.2
1,20,7.02,109.6,31.7,80,0.2
1,21,6.85,46,6.5,98.9,0.2
1,22,7.06,100.6,27.6,89.7,0.2
1,23,6.96,67.4,7.2,98.9,0.2
1,24,6.8,96.4,27.8,92.7,0.2
1,25,7.15,30.4,27.9,80.1,0.2
1,26,7.25,93.3,24.1,83.3,0.2
1,27,7.13,40.3,8.8,87.5,0.2
1,28,7,66.8,28.6,97,0.2
1,29,7.29,75.6,6.9,90,0.2
1,30,7.39,31.4,13.9,90.9,0.2
1,31,7.43,39.8,32.7,89.3,0.2
1,32,7.28,85.4,10.7,80.3,0.2
1,33,6.73,59.4,13.7,88.7,0.2
1,34,7.09,91.8,14,80.2,0.2
1,35,7.31,101.4,11.8,96.4,0.2
1,36,7.09,87.6,5.8,83.2,0.2
1,37,7.33,34.7,23.9,83.8,0.2
1,38,7.08,84.7,26.6,86.8,0.2
1,39,7.45,82.1,28.7,85.7,0.2
1,40,7.14,43.9,28.9,94.6,0.2
1,41,7,100.8,14.7,97.3,0.2
1,42,7.45,54.4,19.9,83.3,0.2
1,43,6.95,63.8,24.6,81.5,0.2
1,44,7.45,31.2,18.3,96.5,0.2
1,45,7.02,84.2,28.2,80.5,0.2
1,46,6.73,62.9,7.6,98.9,0.2
1,47,7.3,31,5.2,96.2,0.2
1,48,7.35,74.2,27.9,81.2,0.2
1,49,6.98,31.3,27.7,88.8,0.2
1,50,6.71,34.4,28.7,84.8,0.2
2,0,6.75,41.2,13.7,82.8,0.2
2,1,7.38,86.7,24.7,84,0.2
2,2,7.19,42.8,18.8,85.7,0.2
2,3,7.01,77.5,16.1,95.3,0.2
2,4,7.35,73.2,20.6,96.5,0.2
2,5,6.88,57.1,11.2,84.7,0.2
2,6,6.78,91.8,18.7,95,0.2
2,7,6.9,57.7,25.9,88.2,0.2
2,8,7.15,65.1,16.6,93.7,0.2
2,9,7.29,96.3,24.2,83.5,0.2
2,10,7.34,71,22,93.3,0.2
2,11,7.14,68.9,9.6,97.3,0.2
2,12,7.35,30.9,31.5,91.4,0.2
2,13,7.44,42.4,14.1,90.7,0.2
2,14,7.39,76.5,25.6,89,0.2
2,15,7.41,58.6,20.7,80.6,0.2
2,16,7.22,88.7,34.2,97.7,0.2
2,17,6.97,92.4,19.1,89.3,0.2
2,18,7.03,93.7,21.9,91.1,0.2
2,19,7.2,104,8.3,83.2,0.2
2,20,7.15,93.5,31.3,89.8,0.2
2,21,7.24,92.1,6.2,81.7,0.2
2,22,6.88,106.4,25,86.9,0.2
2,23,7.22,100.3,26,88.3,0.2
2,24,6.94,65.4,27.3,89.9,0.2
2,25,7.28,68.4,8.6,94.6,0.2
2,26,7.08,32.8,25.8,90,0.2
2,27,7.28,30.6,14.3,90.7,0.2
2,28,7.41,55.8,32.8,88.7,0.2
2,29,7.3,94.1,30.2,98.6,0.2
2,30,7.05,64.7,26.7,97.5,0.2
2,31,7.38,30.2,11,82.8,0.2
2,32,7.49,51.5,33.8,96.6,0.2
2,33,7.42,89.1,26.2,88,0.2
2,34,7.42,48.5,28.4,97.1,0.2
2,35,7.32,56,31,89.9,0.2
2,36,6.9,77.1,32.3,97.9,0.2
2,37,7.33,80.5,23.5,82.3,0.2
2,38,7.24,34.8,34.6,87.1,0.2
2,39,7.38,106.4,10.2,94.3,0.2
2,40,6.75,50.3,23,90.7,0.2
2,41,7.35,71,22.2,81,0.2
2,42,7.45,34.9,34,83.1,0.2
2,43,7.18,80,29.3,90.5,0.2
2,44,6.75,95.4,22.1,92,0.2
2,45,7.1,69.8,14.6,90.6,0.2
2,46,7.41,94.6,5.4,86.7,0.2
2,47,6.7,103.7,12.4,81.5,0.2
2,48,7.21,106.9,19.6,89.4,0.2
2,49,6.89,49.1,31.2,98.1,0.2
2,50,7.42,47.5,22.5,90.9,0.2
3,0,7.37,58.1,31.4,92.3,0.2
3,1,6.72,98.7,20,99,0.2
3,2,7.23,51,27.1,93,0.2
3,3,7.29,32.6,28.9,88.7,0.2
3,4,7.18,104.8,31.6,85,0.2
3,5,6.93,109.9,8.4,95.7,0.2
3,6,6.93,87.2,11.6,99,0.2
3,7,7.44,95.4,19.7,86.7,0.2
3,8,7.14,52.2,25.5,82.8,0.2
3,9,7.49,74.9,25.1,88.5,0.2
3,10,6.96,80,16.2,95.7,0.2
3,11,7.21,102.8,29.3,88.3,0.2
3,12,7.01,47,19.3,96.8,0.2
3,13,7.1,53.3,22.4,92.9,0.2
3,14,6.75,53.5,34.5,82.5,0.2
3,15,6.74,35.2,31.2,98.7,0.2
3,16,7.46,69.1,16.9,82.6,0.2
3,17,7.37,42.8,30.3,86.5,0.2
3,18,7.34,97,34.8,91.6,0.2
3,19,7.17,102.9,12.9,96.9,0.2
3,20,7.41,77.5,10.4,89.8,0.2
3,21,7.09,85,24.4,86.3,0.2
3,22,7.38,54.2,31.4,94.2,0.2
3,23,6.73,53.4,28.9,88.6,0.2
3,24,6.71,83.2,29.6,89.2,0.2
3,25,7.02,85.6,33.6,87.8,0.2
3,26,6.87,59.8,27.6,91.4,0.2
3,27,6.98,96.5,30.3,90,0.2
3,28,7.02,103,25.2,94.2,0.2
3,29,7.43,90.6,11.4,80.4,0.2
3,30,7.46,96.1,25.2,90,0.2
3,31,7.44,99.4,21.1,87.5,0.2
3,32,7.17,37.1,31.2,84.7,0.2
3,33,7.12,57.7,28.7,93.4,0.2
3,34,7.36,82.3,27.6,81.7,0.2
3,35,7.38,77.7,30.7,96,0.2
3,36,7.24,106.8,30.3,81.5,0.2
3,37,7.25,68.3,19.5,92.9,0.2
3,38,7.06,69.3,7.7,81.5,0.2
3,39,7.41,40.7,26.8,93.1,0.2
3,40,6.85,110,22.4,93.7,0.2
3,41,7.13,51.1,34.4,92.5,0.2
3,42,7.14,32.9,15.9,94.5,0.2
3,43,7.04,77.5,11.1,95.1,0.2
3,44,7.24,83,21.6,88.5,0.2
3,45,7.28,53,24.5,95.4,0.2
3,46,6.91,56.5,28.5,80.2,0.2
3,47,7.13,82.4,15.2,89.2,0.2
3,48,7,67.9,12.7,85.4,0.2
3,49,7.24,84.9,30.8,96.1,0.2
3,50,7.49,63.8,18.6,88.4,0.2
4,0,7.24,33.3,6.3,97.7,0.2
4,1,6.75,94,5.4,81.9,0.2
4,2,7.5,93.4,14.1,86.4,0.2
4,3,7.08,81.9,26,87.9,0.2
4,4,7.27,73.4,12.9,92,0.2
4,5,7.44,71.7,34.9,98.6,0.2
4,6,7.19,82.6,20.6,95.2,0.2
4,7,7.5,104.2,9.9,92.7,0.2
4,8,7.03,49.1,34.2,88.2,0.2
4,9,6.97,51.2,32.1,86.7,0.2
4,10,7.09,62.7,33.5,91.6,0.2
4,11,7.35,76.9,34.8,96.1,0.2
4,12,6.83,78.3,33.6,94.2,0.2
4,13,7.02,34.3,31.7,80.1,0.2
4,14,7.42,92.6,13.3,81.8,0.2
4,15,6.88,93.3,14.2,85.5,0.2
4,16,7.31,108.1,30.6,86.7,0.2
4,17,7.18,89.4,14.1,86,0.2
4,18,6.81,46.1,31.8,91.5,0.2
4,19,6.83,33,28.6,90.2,0.2
4,20,6.79,76.2,31.3,85,0.2
4,21,7.18,61.6,15.4,85.9,0.2
4,22,6.74,67.9,24.2,96.7,0.2
4,23,7.36,69.8,9.7,85.5,0.2
4,24,7.01,102.4,30.7,82.2,0.2
4,25,7.42,34.3,31.7,91.9,0.2
4,26,7.03,45.7,19.7,85.1,0.2
4,27,6.86,70.6,16.4,81.7,0.2
4,28,6.91,53.1,11.5,98.4,0.2
4,29,6.89,52.2,33,97.5,0.2
4,30,7.5,34.4,13.9,88.1,0.2
4,31,7.05,59.8,12.7,82.3,0.2
4,32,7.18,81.2,30.4,88.2,0.2
4,33,7.13,33,29.1,96.4,0.2
4,34,6.84,66.8,7.3,98.3,0.2
4,35,7.23,98.5,15.8,88.9,0.2
4,36,6.91,60.3,8.2,81,0.2
4,37,7.4,37.9,16.1,83.2,0.2
4,38,6.89,38.6,14.1,93.3,0.2
4,39,6.99,99.7,25.5,92,0.2
4,40,7.33,44,18.1,97.3,0.2
4,41,6.85,90.9,20.5,95,0.2
4,42,7.14,79.3,29.9,89.8,0.2
4,43,7.03,61.1,29.3,90.8,0.2
4,44,7.03,61.9,6.9,87.7,0.2
4,45,7.16,54.7,24,80.7,0.2
4,46,7.46,83.6,15.8,85.4,0.2
4,47,6.79,87.1,15.9,86.5,0.2
4,48,7.49,86.1,16,90.8,0.2
4,49,7.17,109.2,11.8,87.2,0.2
4,50,6.77,48.7,15.6,92,0.2
5,0,6.91,93.6,21.9,96.1,0.2
5,1,6.79,98.9,16.7,86.5,0.2
5,2,6.8,51.7,24.5,82.7,0.2
5,3,6.88,67.6,29.1,84.7,0.2
5,4,6.77,97.4,9,92.3,0.2
5,5,7.09,46.2,17,88.5,0.2
5,6,7.08,56.8,23.8,85.3,0.2
5,7,7.14,70.5,17.9,93.4,0.2
5,8,6.82,43.4,31,91,0.2
5,9,7.46,88,34.1,93.3,0.2
5,10,7.33,55.6,30.4,98.2,0.2
5,11,7.18,87.9,13.5,82.8,0.2
5,12,6.72,107.1,13,86.5,0.2
5,13,7.13,44.5,14.7,89.8,0.2
5,14,6.84,86.6,33.2,84.7,0.2
5,15,7.09,42.8,34.2,94.1,0.2
5,16,7.37,94.9,26,96,0.2
5,17,7.11,67.2,16.3,94.5,0.2
5,18,7.11,54,24.2,91.1,0.2
5,19,7.29,53.6,28.6,91.7,0.2
5,20,7.05,99,24.4,85.7,0.2
5,21,6.7,98.9,11,89.4,0.2
5,22,7.15,84.6,28.1,88,0.2
5,23,7.03,108.4,29.5,89.5,0.2
5,24,7.38,76.5,21.3,83.1,0.2
5,25,7.48,76.5,32.4,97.3,0.2
5,26,7.41,60,20.4,91.1,0.2
5,27,7.38,71.3,33.7,83.1,0.2
5,28,7.16,64.2,21.5,85.6,0.2
5,29,7.06,49.9,34.9,83.1,0.2
5,30,7.4,92.8,32,95.2,0.2
5,31,7.38,33.9,11.1,94.2,0.2
5,32,6.91,43.6,12.1,87.9,0.2
5,33,7.11,74.1,16.5,94.6,0.2
5,34,7.01,92.4,27.6,89.7,0.2
5,35,6.97,90,34.5,91.7,0.2
5,36,7.33,77.4,14.4,88.7,0.2
5,37,7.29,89.6,16.8,82.5,0.2
5,38,7.49,63.1,18.7,96.4,0.2
5,39,7.11,87.5,25.5,84.7,0.2
5,40,6.79,69.6,33.7,89.3,0.2
5,41,6.89,49.1,23.6,81.2,0.2
5,42,7.22,81.4,9,87.9,0.2
5,43,7.19,33.3,21.2,96.3,0.2
5,44,6.72,49.2,19.5,80.4,0.2
5,45,6.71,55.5,19.8,98.1,0.2
5,46,6.81,68.2,5.7,88.7,0.2
5,47,6.8,70.5,25.7,82.6,0.2
5,48,7.4,91.5,28.7,98.5,0.2
5,49,6.94,100.9,13.6,84.6,0.2
5,50,7.25,64.3,8.2,88.4,0.2
6,0,7.44,75.7,21.3,82.3,0.2
6,1,7.4,82,26.7,94.8,0.2
6,2,7.21,100.4,26.3,89.7,0.2
6,3,7.41,39.2,9.6,97.7,0.2
6,4,6.87,36.2,7.5,89.6,0.2
6,5,7.1,40.1,30.3,96.2,0.2
6,6,6.9,78.2,9.8,89.4,0.2
6,7,7.2,70,21.7,98,0.2
6,8,7.31,80.1,31.9,94.6,0.2
6,9,7.21,109.6,29.5,93.7,0.2
6,10,6.99,102.3,7.6,90.9,0.2
6,11,7.42,62.3,28.8,98.1,0.2
6,12,7.26,59.3,22.7,95.9,0.2
6,13,7.2,52.8,23,92.6,0.2
6,14,6.94,78.7,9.7,90.2,0.2
6,15,6.98,91.5,18.3,85.9,0.2
6,16,7.5,45.7,22.7,89.8,0.2
6,17,7.1,44.2,13.9,80.5,0.2
6,18,7.29,35.7,24.5,92.4,0.2
6,19,7.49,93.1,6.2,88.3,0.2
6,20,7.09,82.5,27.4,96.4,0.2
6,21,7.32,99.5,21.4,92.8,0.2
6,22,6.97,92.9,30,97.8,0.2
6,23,7.19,92.9,17.6,95.7,0.2
6,24,7.21,67.7,33.9,90.3,0.2
6,25,7.24,102.8,7.2,97.6,0.2
6,26,7.24,95.2,6.8,95,0.2
6,27,6.86,104.8,22.5,80.6,0.2
6,28,6.89,76.1,20.2,96.4,0.2
6,29,7.1,35.1,29.6,89,0.2
6,30,6.89,79.8,8,92.4,0.2
6,31,7,103,12.4,95.3,0.2
6,32,6.72,40.2,7.8,81.8,0.2
6,33,6.74,93.1,7.7,98.9,0.2
6,34,6.92,44.7,10.1,97.7,0.2
6,35,7.01,30.4,11,82.2,0.2
6,36,6.73,35.7,15.2,80.3,0.2
6,37,7.23,36.9,5,85.7,0.2
6,38,6.73,87.1,23.9,84.8,0.2
6,39,7.3,98.1,10,86.6,0.2
6,40,7.3,38.7,22.9,98.1,0.2
6,41,6.88,39.5,27.6,87.2,0.2
6,42,7.25,85.5,29.9,80.8,0.2
6,43,6.99,73.8,13.4,87.2,0.2
6,44,6.73,72.6,22.4,92.4,0.2
6,45,7.08,92.1,32.6,94.2,0.2
6,46,7.07,73.8,31.8,85.5,0.2
6,47,7.37,101,14.7,97.2,0.2
6,48,6.87,63.2,25.3,98.1,0.2
6,49,7.02,32.4,17.8,81.7,0.2
6,50,6.83,41,28.6,83.6,0.2
7,0,7.14,42.6,27.9,85.5,0.2
7,1,7.34,98.5,16.5,81.5,0.3
7,2,7.44,65,25.3,80.8,0.3
7,3,7.3,34.6,8.3,91.7,0.3
7,4,7.27,45.7,13.4,86.2,0.3
7,5,7.04,37.2,29.2,95.7,0.3
7,6,7.06,85.7,9.6,85.4,0.3
7,7,7.25,80.9,25.7,81.6,0.3
7,8,7,97.1,14.1,95.8,0.3
7,9,6.71,65.7,30.8,90.4,0.3
7,10,7.06,97.6,31.3,86.8,0.3
7,11,7.26,43.8,22.4,86.6,0.3
7,12,6.99,82.4,8.9,90.2,0.3
7,13,7.45,80.2,9.4,84.1,0.3
7,14,6.91,106.7,11.4,94,0.3
7,15,7.46,37.4,31.9,95.4,0.3
7,16,6.86,55.7,10.8,96.3,0.3
7,17,7.48,32.9,30.7,85.1,0.3
7,18,7.19,66.3,14.9,92.4,0.3
7,19,6.94,91.3,19.6,92.6,0.3
7,20,6.93,108.8,23.7,88.9,0.3
7,21,6.97,83.4,20.2,89.2,0.3
7,22,6.73,51.6,25.6,82.3,0.3
7,23,6.81,45.5,27.1,98.8,0.3
7,24,6.91,71.2,23.4,98.3,0.3
7,25,7.21,30.6,32.7,80.7,0.3
7,26,7.11,106.8,24.9,81.2,0.3
7,27,7.43,72,28.2,88.7,0.3
7,28,6.82,39.4,16.7,84.6,0.3
7,29,7.04,82,12.5,87.6,0.3
7,30,7.21,65.9,11.3,86.9,0.3
7,31,6.97,48.8,8.3,97.6,0.3
7,32,7.34,65.9,22.9,89.5,0.3
7,33,7.15,71.3,7.6,85.6,0.3
7,34,7.3,71.8,26.5,91.9,0.3
7,35,7.06,31.1,5.1,94.1,0.3
7,36,7.09,61.4,12.9,87.5,0.3
7,37,7.5,32.8,25.6,87.5,0.3
7,38,6.83,60,30.7,82.4,0.3
7,39,6.9,78.2,17.7,95,0.3
7,40,7.25,109,20.8,88.6,0.3
7,41,7.3,47.3,26.4,95,0.3
7,42,6.87,41.5,30.4,94,0.3
7,43,6.73,62.5,25.6,85.5,0.3
7,44,7.29,80.5,26.2,98.2,0.3
7,45,7.35,39,22.1,95.9,0.3
7,46,6.93,72.2,31.9,91.9,0.3
7,47,6.98,30.3,6.2,91.6,0.3
7,48,7.29,30.4,31.9,95.8,0.3
7,49,6.77,84.6,33,95.1,0.3
7,50,7.15,71,13,98.3,0.3
8,0,6.82,38.2,15.1,98.9,0.3
8,1,6.86,77.3,32.7,89.2,0.3
8,2,7.04,66.9,7.7,85.5,0.3
8,3,7.39,75.5,23.4,83.7,0.3
8,4,7,75.2,21.7,95.3,0.3
8,5,6.82,30.8,33,80.5,0.3
8,6,7.16,67.9,25.7,98.3,0.3
8,7,7.28,42.8,13.7,89.1,0.3
8,8,6.78,74.6,9.4,88.5,0.3
8,9,6.75,88.4,22.5,94.3,0.3
8,10,7.08,54.9,34.4,88.1,0.3
8,11,6.97,66.8,32.9,81.7,0.3
8,12,6.83,88.8,7.9,91.7,0.3
8,13,7.28,98.9,18.6,80.8,0.3
8,14,7.49,61.1,21.4,91.9,0.3
8,15,7.13,104.2,9.5,85.6,0.3
8,16,6.73,56.8,6.2,80.3,0.3
8,17,7.02,33.4,9.4,90,0.3
8,18,7.45,81.3,8.2,87.6,0.3
8,19,7.09,98.2,9.2,87.3,0.3
8,20,6.88,91.4,11.2,85,0.3
8,21,7.4,36.4,31.3,97.3,0.3
8,22,6.92,39,19.3,84.5,0.3
8,23,7.16,63.4,8.8,85.9,0.3
8,24,7.15,73.3,12.7,88.7,0.3
8,25,6.96,35.5,24,87,0.3
8,26,7.1,80.1,27.6,94.4,0.3
8,27,7.5,105.8,31.4,82.3,0.3
8,28,6.87,74.2,15.3,92.7,0.3
8,29,7.31,36.6,10.9,93.1,0.3
8,30,7.3,77.4,30.7,86.4,0.3
8,31,6.85,51.2,31.8,85.3,0.3
8,32,6.99,56.8,5.1,92.8,0.3
8,33,6.97,77.5,12.7,86.2,0.3
8,34,7.01,41.7,27.9,84.4,0.3
8,35,6.74,106.2,16.9,80.4,0.3
8,36,7.12,99.6,28,94.3,0.3
8,37,7.04,100.5,7.9,89.9,0.3
8,38,6.94,85.4,11.3,82.7,0.3
8,39,7.06,84.2,6.5,82.4,0.3
8,40,7.11,95.8,7.3,80.4,0.3
8,41,6.88,55.8,21.9,82.4,0.3
8,42,7.09,59.8,7.9,95.8,0.3
8,43,7.26,54.5,11.2,87.7,0.3
8,44,6.88,95.6,21.5,88.4,0.3
8,45,7.16,60.6,9.9,92.5,0.3
8,46,6.83,64.9,11.4,89.9,0.3
8,47,7.29,81.1,5,81,0.3
8,48,7.25,95.4,7.1,95,0.3
8,49,6.76,33.5,18.3,93.7,0.3
8,50,7.16,97.1,34.4,81.6,0.3
9,0,6.94,92.1,16.9,93.9,0.3
9,1,7.18,30.3,5.9,82.7,0.3
9,2,7.29,59,20.1,97.5,0.3
9,3,7.08,90.9,9.8,98.6,0.3
9,4,6.98,82,24.7,93.7,0.3
9,5,7.47,52.1,16.4,98.9,0.3
9,6,7.34,100.8,25.9,91.6,0.3
9,7,7.05,64.8,7.4,87,0.3
9,8,6.9,109.2,9.2,85.5,0.3
9,9,7.13,92.8,13.9,98.1,0.3
9,10,7.46,61.4,32.5,99,0.3
9,11,6.71,59.2,20.4,89.9,0.3
9,12,7.19,63.9,18.3,98.6,0.3
9,13,7.46,46.3,26,98.6,0.3
9,14,6.85,52.9,31,86.1,0.3
9,15,7.04,96.8,14.1,97,0.3
9,16,6.7,90.3,23.7,83,0.3
9,17,7.26,50.6,15.4,96.9,0.3
9,18,6.79,34.4,14.5,87,0.3
9,19,7.15,97.1,33.5,82.3,0.3
9,20,7.08,55.2,16,95.7,0.3
9,21,6.78,66.5,31.5,94.8,0.3
9,22,7.17,83.2,23.7,80.9,0.3
9,23,6.94,49.6,10.4,87.3,0.3
9,24,6.96,37.5,14.6,92.5,0.3
9,25,7.26,101.4,32.4,80.2,0.3
9,26,7.33,40.5,18.3,97.5,0.3
9,27,7.45,101.1,23.1,94.6,0.3
9,28,7.44,31.8,5.4,89.8,0.3
9,29,6.75,64.3,26.7,88.3,0.3
9,30,7.05,33.2,11.9,82.5,0.3
9,31,7.07,63.3,30.1,88.3,0.3
9,32,6.83,94.5,27.1,83.6,0.3
9,33,7.22,40.2,17.9,91,0.3
9,34,6.99,45.4,30,87.8,0.3
9,35,7.17,54.4,31.9,85,0.3
9,36,7.09,87.3,7.9,90.6,0.3
9,37,6.72,109.4,19.9,86.5,0.3
9,38,7.44,50.6,12.3,98.1,0.3
9,39,6.89,108.3,15.6,84.8,0.3
9,40,7.39,109.5,24.2,94.5,0.3
9,41,7.45,43.7,31.6,82.2,0.3
9,42,6.94,97.2,27,84.8,0.3
9,43,7.16,58.1,10.1,83,0.3
9,44,6.9,109.3,27.1,97.6,0.3
9,45,7.1,88.7,23.4,83.9,0.3
9,46,6.99,68.6,13.1,85.8,0.3
9,47,7.31,68.5,6.3,95.1,0.3
9,48,6.94,51.2,10.4,95.5,0.3
9,49,7.19,56.7,5.8,95.8,0.3
9,50,7.02,69,25.5,90.6,0.3
10,0,7.09,109,21.3,96.5,0.3
10,1,6.86,33.6,6.9,97.9,0.3
10,2,7.1,100.2,24.8,92.8,0.3
10,3,7.5,97.1,29.6,82.4,0.3
10,4,7.05,69.2,18,97.7,0.3
10,5,7.1,33.5,8.6,92,0.3
10,6,6.99,35.4,29.9,83.9,0.3
10,7,6.9,59.4,27.9,93.4,0.3
10,8,6.86,40.8,20.5,87.9,0.3
10,9,6.86,78.1,15.4,83.6,0.3
10,10,7.25,32.9,27.4,90.8,0.3
10,11,7.19,35.4,34.5,88.6,0.3
10,12,7.31,37.1,30.1,82.6,0.3
10,13,7.13,83,29.7,94.7,0.3
10,14,7.39,43.8,29.5,95.2,0.3
10,15,6.79,53.3,28,89.1,0.3
10,16,7.36,65.4,16.4,96.8,0.3
10,17,6.89,106.3,15.4,94.7,0.3
10,18,7.33,41,5.6,94.4,0.3
10,19,6.95,52.7,7,89.6,0.3
10,20,7.22,33.6,23.1,96.3,0.3
10,21,6.76,79.3,32.1,81.7,0.3
10,22,7.44,52.8,6.1,92.2,0.3
10,23,7.04,41.8,27.5,82.3,0.3
10,24,7.34,54.7,9,91.2,0.3
10,25,7.41,104.8,17.6,89.4,0.3
10,26,7.25,69.6,27.2,83,0.3
10,27,6.83,48.4,23.9,93.4,0.3
10,28,6.9,81.4,32.9,81.4,0.3
10,29,7.15,48.8,33.2,89,0.3
10,30,7.16,76.1,11.4,94,0.3
10,31,7.06,37.7,7,92.5,0.3
10,32,7.08,66.9,6.2,86.5,0.3
10,33,7.06,82.9,24,88.9,0.3
10,34,7.28,34.8,11.3,90.9,0.3
10,35,7.1,45.5,14.2,84.6,0.3
10,36,7.38,59.7,29.6,87,0.3
10,37,7.13,52.6,21.4,87.7,0.3
10,38,6.95,91.8,13.8,86.4,0.3
10,39,7.04,83.2,33,86.7,0.3
10,40,7.42,63.9,20.5,83.3,0.3
10,41,6.79,33.2,34.3,87.5,0.3
10,42,6.97,68.3,30.4,89.1,0.3
10,43,7.06,70.6,25.8,94.3,0.3
10,44,7.48,66,12.7,85.6,0.3
10,45,7.06,47,31.8,80.8,0.3
10,46,6.81,32.1,20.3,82.6,0.3
10,47,7.07,36.1,23.6,86.6,0.3
10,48,7.02,64.5,15.6,83.6,0.3
10,49,6.82,69.7,17.1,94,0.3
10,50,7.23,101.8,21.9,90.7,0.3
11,0,7.42,94.2,17.5,90.7,0.3
11,1,6.92,82.5,29.9,89.7,0.3
11,2,7.39,85.9,18.7,88.3,0.3
11,3,7.14,91.8,6.2,81.5,0.3
11,4,7.18,100.9,26.7,98.4,0.3
11,5,7.24,53.2,13.4,92.4,0.3
11,6,7.01,96.9,9.3,86.2,0.3
11,7,7.2,78.4,21.7,92.5,0.3
11,8,7.1,90.3,11.1,96.5,0.3
11,9,6.92,90.1,9.8,91.3,0.3
11,10,6.76,97.5,13.7,90.1,0.3
11,11,7.49,67,11.8,83.1,0.3
11,12,6.82,44.4,6,98.4,0.3
11,13,6.87,104.3,21.4,95.6,0.3
11,14,7.48,91.7,32.3,97.8,0.3
11,15,7.2,53.3,32.5,93.2,0.3
11,16,6.96,50.3,9.9,81.1,0.3
11,17,7.28,51.7,16.5,85.6,0.3
11,18,7.04,36.9,18.4,89.5,0.3
11,19,7.18,78.7,32.2,98.7,0.3
11,20,7.22,94.6,18.7,86.3,0.3
11,21,6.85,30.1,17.3,93.7,0.3
11,22,7.04,108,13.8,88.3,0.3
11,23,7.03,98.4,14.7,94.2,0.3
11,24,6.87,30.2,18.3,92.2,0.3
11,25,7.29,41.6,17.3,88.1,0.3
11,26,7.15,59.5,16.3,94.8,0.3
11,27,7.49,51,19.2,89.1,0.3
11,28,6.95,69.3,30.8,90,0.3
11,29,7.41,107.9,33,86.7,0.3
11,30,6.71,70.5,6,93.9,0.3
11,31,6.95,95.4,23.6,86.8,0.3
11,32,7.44,57.2,5.4,80.5,0.3
11,33,7.13,41.4,20.5,86.7,0.3
11,34,6.92,109.6,10.9,97.8,0.3
11,35,7.46,53.6,33.3,82.3,0.3
11,36,7.42,100.3,23.2,90.6,0.3
11,37,6.88,50,22.3,91.3,0.3
11,38,7.08,66.9,14.5,91.4,0.3
11,39,7.3,89.7,20.1,93.9,0.3
11,40,6.73,46.5,31.4,93.3,0.3
11,41,7.09,99.6,23.9,82.4,0.3
11,42,7.16,81.1,21.6,87.1,0.3
11,43,7.38,47,10.4,85.2,0.3
11,44,6.77,53,9.1,98.4,0.3
11,45,6.96,48.5,11.7,98,0.3
11,46,6.73,43.3,30.1,84.7,0.3
11,47,6.96,62.7,32.9,87.5,0.3
11,48,7.33,37.4,24.3,84,0.3
11,49,6.74,57.9,33,86.2,0.3
11,50,6.84,80.9,19,81.9,0.3
12,0,7.03,99.5,7.4,88.5,0.3
12,1,7.32,74.2,5.8,98.8,0.3
12,2,7.39,73.6,27.9,89.6,0.3
12,3,7.48,61.8,6.4,97.4,0.3
12,4,6.89,61.4,27.4,93.9,0.3
12,5,7.38,45.8,33.5,90.1,0.3
12,6,7.14,68.6,28,88.5,0.3
12,7,7.26,49.7,28.4,93.9,0.3
12,8,7.09,49.3,14.2,86.1,0.3
12,9,6.93,82.5,7.6,87.5,0.3
12,10,6.95,76.2,22.2,95.1,0.3
12,11,6.92,34.6,23.2,85,0.3
12,12,6.77,31.3,13,92.2,0.3
12,13,6.89,105,8.7,83.8,0.3
12,14,7.06,60.3,16.5,92.8,0.3
12,15,7.42,63.8,7.7,86.1,0.3
12,16,7.17,35.3,28.6,88.2,0.3
12,17,7.11,74.9,10.7,97.7,0.3
12,18,7.34,99.9,20.2,89.1,0.3
12,19,7.35,99.5,13.5,92.2,0.3
12,20,7.28,66.8,24.1,89.5,0.3
12,21,6.86,77,5.3,86,0.3
12,22,7.31,90,8.5,91.5,0.3
12,23,7.2,74.7,8.9,89.3,0.3
12,24,7.4,54.8,13.8,94.8,0.3
12,25,6.73,98.6,25.4,93.3,0.3
12,26,7.32,74,6.5,91.6,0.3
12,27,7.05,31.3,21.7,92.3,0.3
12,28,6.98,93.1,31.2,80.4,0.3
12,29,7.32,58.4,22.1,82.4,0.3
12,30,7.14,34,32.2,88,0.3
12,31,7.36,77,27.7,89.3,0.3
12,32,7.48,103.7,16.3,91.2,0.3
12,33,7.22,83.9,5.3,98.9,0.3
12,34,6.94,64.9,23.3,87,0.3
12,35,6.77,93.3,6.3,87.5,0.3
12,36,7.39,65.3,22,90.3,0.3
12,37,6.97,60.8,19.2,81,0.3
12,38,7.46,44.7,12.6,82.5,0.3
12,39,6.82,62.2,16.5,87.3,0.3
12,40,6.76,101.8,32.7,83.9,0.3
12,41,6.94,58.3,20.9,85,0.3
12,42,6.88,64.1,34.8,87.7,0.3
12,43,6.97,40.7,28.6,93.3,0.3
12,44,7.43,104.7,16.7,93.2,0.3
12,45,7.03,84.3,14.2,95.7,0.3
12,46,7.47,62.3,34.9,94.5,0.3
12,47,7.49,48.9,33,96,0.3
12,48,6.76,79.1,30.1,92.7,0.3
12,49,6.73,34.5,11.5,85.5,0.3
12,50,7.39,82.1,20.8,87,0.3
13,0,6.97,54.4,13.7,88.2,0.3
13,1,7.04,50.9,32.1,96.9,0.3
13,2,7.45,85.6,31.8,82.6,0.3
13,3,7.37,54.9,21,98.6,0.3
13,4,6.84,72.9,18.9,82.5,0.3
13,5,6.91,93.2,24.9,86.7,0.3
13,6,7.02,90.6,15.9,82.1,0.3
13,7,7.41,104.3,34.6,88.3,0.3
13,8,7.06,86.7,26,90.7,0.3
13,9,6.94,62.1,20.6,97.9,0.3
13,10,7.41,52.5,24,86.2,0.3
13,11,7.29,75.8,27.2,98.7,0.3
13,12,7.18,39.3,25.9,95.3,0.3
13,13,7.38,54.5,18.2,95.2,0.3
13,14,6.77,32.5,11.3,92.5,0.3
13,15,6.77,44.1,21.7,97.4,0.3
13,16,7.39,91.7,20.9,81.8,0.3
13,17,7.44,101.7,8.8,88.2,0.3
13,18,6.86,34.2,34.4,82,0.3
13,19,6.84,34.7,17.8,95.4,0.3
13,20,7.35,31.5,13,89.6,0.3
13,21,6.9,79.1,29.9,96.9,0.3
13,22,6.97,50.1,29.7,86.9,0.3
13,23,6.88,74,10,91.7,0.3
13,24,6.74,99,14.5,91.2,0.3
13,25,7.32,108.2,14.3,96.1,0.3
13,26,7.13,104.8,21.8,89.9,0.3
13,27,6.78,36.5,14.4,93.2,0.3
13,28,7.1,48.6,15.1,80.2,0.3
13,29,6.91,38.2,21.7,93.7,0.3
13,30,7.39,93.8,13.6,90.4,0.3
13,31,7.4,33.5,29.7,97.4,0.3
13,32,7.15,71.8,6,83.9,0.3
13,33,7.25,106.2,21.9,94.3,0.3
13,34,6.92,96.5,23.2,95.3,0.3
13,35,7.38,69.4,31.8,98.6,0.3
13,36,7.27,109.9,30.8,95,0.3
13,37,6.84,107.2,9.6,87.1,0.3
13,38,7.19,84.5,15.6,94.1,0.3
13,39,7.45,86.3,22.1,80.2,0.3
13,40,6.96,53.4,5.8,87.4,0.3
13,41,7.24,36.3,26.9,84.9,0.3
13,42,6.88,83.8,27.2,95.8,0.3
13,43,7.49,39.2,11.9,91.7,0.3
13,44,7.1,85.3,20.8,87.9,0.3
13,45,7.29,62,19.9,89.2,0.3
13,46,6.88,72.5,5.7,89.7,0.3
13,47,7.43,31.4,7.8,93.9,0.3
13,48,6.97,54.4,13.4,94.5,0.3
13,49,7.29,70.4,20.5,90.7,0.3
13,50,7.49,89.1,29,86,0.3
14,0,6.83,75.5,7,84.3,0.3
14,1,7.47,84,24.2,89.3,0.3
14,2,7.48,104.5,10.6,83.6,0.3
14,3,7.47,65.3,31.5,86.6,0.3
14,4,7.2,94.6,12.8,97.5,0.3
14,5,6.71,106.5,7.3,86.1,0.3
14,6,7.34,107.3,6.3,93.1,0.3
14,7,7.12,102.1,19.4,87.3,0.3
14,8,7.01,49,20.7,87.2,0.3
14,9,7.11,92.8,23.5,85.8,0.3
14,10,7.33,82.7,32.1,86.3,0.3
14,11,7.44,109,15.6,96.2,0.3
14,12,6.73,31.1,21.6,87.2,0.3
14,13,7.07,47,15.9,82.3,0.3
14,14,6.91,78.6,33.9,97.4,0.3
14,15,7.18,60.5,7.8,85.7,0.3
14,16,7.13,108.3,6.9,90.9,0.3
14,17,6.87,51.6,27.2,91,0.3
14,18,7.47,107.4,16.2,84.8,0.3
14,19,6.95,39.5,28.4,98.7,0.3
14,20,7.34,45,23.8,83.3,0.3
14,21,7.41,47.7,25.1,82.5,0.3
14,22,7.4,71.5,21.8,84.8,0.3
14,23,7.47,86.1,20.3,94.2,0.3
14,24,7.23,76.4,20.5,91.8,0.3
14,25,6.86,34.9,27.2,85.4,0.3
14,26,7.1,62.1,25.5,98.2,0.3
14,27,6.82,32.3,30,91.8,0.3
14,28,7.06,63.8,32.9,96.1,0.3
14,29,7.05,75.8,12.5,90.4,0.3
14,30,7.45,70.3,18,98.7,0.3
14,31,7,72,26.1,83.6,0.3
14,32,6.88,107.7,26,92.6,0.3
14,33,7.44,102.9,34.9,93.6,0.3
14,34,6.79,38.8,17.2,91.7,0.3
14,35,6.7,83.4,28.1,93,0.3
14,36,6.91,39.4,22.7,94.1,0.3
14,37,6.93,105.4,5.8,81.8,0.3
14,38,6.91,51.9,7.1,86.9,0.3
14,39,7.09,46.6,32.1,85.9,0.3
14,40,7.3,30.7,17.5,93.5,0.3
14,41,6.78,90,8.9,90.4,0.3
14,42,7.36,42.8,11.2,90.7,0.3
14,43,6.77,62.8,31.9,83,0.3
14,44,6.93,53.9,14.6,95,0.3
14,45,7.24,75.7,29.2,92.5,0.3
14,46,7.49,101.6,33,96.1,0.3
14,47,7.18,81.1,6.7,98.2,0.3
14,48,7,95.4,33.1,95.1,0.3
14,49,6.77,98.4,16.4,83.3,0.3
14,50,7.34,100.2,27.6,88.7,0.3
15,0,7.38,109.2,19.2,94.8,0.3
15,1,7.43,59.6,34.5,80.7,0.3
15,2,7.21,73.8,7.7,97.4,0.3
15,3,7.41,53.7,26,90.8,0.3
15,4,6.94,57.3,24.8,98,0.3
15,5,7.18,52.3,9.6,94.7,0.3
15,6,7.44,36,27.3,94,0.3
15,7,7.42,52.6,20.8,82.8,0.3
15,8,6.99,51.3,16.8,86.1,0.3
15,9,7.42,86.3,26.1,82.8,0.3
15,10,7.17,34.2,19.8,80.8,0.3
15,11,7.46,43.9,13.2,95.6,0.3
15,12,6.83,103.5,26.7,81.4,0.3
15,13,6.99,88,26.9,80.3,0.3
15,14,7.45,108.7,19,80.3,0.3
15,15,6.84,83.5,33.2,98.3,0.3
15,16,7.26,33.9,21.1,85.2,0.3
15,17,6.86,97.4,12,82.1,0.3
15,18,7.43,80.6,26.4,90.4,0.3
15,19,7.04,87.2,10.4,83.7,0.3
15,20,7.37,105.2,17.6,82.5,0.3
15,21,6.74,91.3,21.7,96.4,0.3
15,22,6.91,73.9,19.3,82.8,0.3
15,23,7.41,36.8,31.1,96.4,0.3
15,24,6.88,89.6,16.3,98.4,0.3
15,25,7.49,77.9,20.2,95.8,0.3
15,26,6.77,99.9,16.8,80.7,0.3
15,27,6.74,97.5,24.3,91.4,0.3
15,28,7,55.7,27.8,84.1,0.3
15,29,7.46,100.1,29.4,81,0.3
15,30,6.76,64,11,98.4,0.3
15,31,6.87,107.5,21.5,97.2,0.3
15,32,6.84,40.2,30.8,97.5,0.3
15,33,6.86,66.8,29.3,85.2,0.3
15,34,6.96,52.3,13.4,81.2,0.3
15,35,6.91,58,30.1,84.8,0.3
15,36,6.95,31.3,19.6,87.7,0.3
15,37,6.77,45.3,24.7,88.8,0.3
15,38,6.85,51.5,29.6,83,0.3
15,39,7.3,57.4,20.4,83.6,0.3
15,40,7.19,37.8,19.3,87.7,0.3
15,41,7.46,87.9,21.3,97.5,0.3
15,42,6.73,104.4,14.9,84.3,0.3
15,43,7.35,34.2,18.7,96.5,0.3
15,44,7,99.5,16.8,82.7,0.3
15,45,6.75,50.2,25.2,95,0.3
15,46,7.47,50.7,10,93.2,0.3
15,47,6.71,70,28.3,92.5,0.3
15,48,6.95,75.4,17.2,88.3,0.3
15,49,7.45,77.6,9.1,90.1,0.3
15,50,7.47,39.5,19.8,94.5,0.3
16,0,7.06,105.3,17.9,87.3,0.3
16,1,7.47,50.7,22,88.2,0.3
16,2,6.89,92.6,31,90.5,0.3
16,3,7.19,42.9,18.7,80,0.3
16,4,6.97,95.9,12.4,94.5,0.3
16,5,7.41,38.1,34.9,96.6,0.3
16,6,6.88,57.8,5.6,81.4,0.3
16,7,6.71,63,16.1,96.5,0.3
16,8,7.27,74.8,30.5,97.6,0.3
16,9,7.29,102.6,23.2,82.4,0.3
16,10,6.81,40.4,34.6,95.9,0.3
16,11,6.78,94,18.7,97,0.3
16,12,7.34,44.6,32.8,96.7,0.3
16,13,7.48,64.4,6.9,85.8,0.3
16,14,7.16,66.2,21.3,90.2,0.3
16,15,6.94,77.6,23.9,80.8,0.3
16,16,6.98,65,8.5,96.3,0.3
16,17,7.33,45.7,30.3,86.9,0.3
16,18,6.95,107.4,30.7,88,0.3
16,19,7.28,69.1,32.7,97.9,0.3
16,20,7.23,76.1,7,86.7,0.3
16,21,7.07,35.8,27.4,97.7,0.3
16,22,7.05,76.8,5.8,84,0.3
16,23,6.86,85.8,25.2,84.1,0.3
16,24,7.13,40.6,25.4,83.4,0.3
16,25,6.74,94.7,19,90.3,0.3
16,26,7.4,38.2,17.8,80.4,0.3
16,27,6.99,58.3,20,90,0.3
16,28,7.49,59.6,17.2,88.7,0.3
16,29,7.31,87.1,22,92.5,0.3
16,30,7.07,54,7.5,87.2,0.3
16,31,6.97,78,11.6,91.1,0.3
16,32,7.08,76.9,33.2,92.4,0.3
16,33,7.33,55.6,25.8,85.4,0.3
16,34,7.48,104.7,25.5,82.9,0.3
16,35,6.7,79.4,26.6,84.5,0.3
16,36,7.33,104.1,25.9,86,0.3
16,37,7.29,75.3,7.1,87.6,0.3
16,38,7.34,78.6,33.5,81.8,0.3
16,39,7.27,30.7,18.3,85.2,0.3
16,40,6.9,39.7,20.3,97.2,0.3
16,41,6.88,51.7,29,83.5,0.3
16,42,6.91,63.9,10.3,87.4,0.3
16,43,6.98,43.9,15.4,83.7,0.3
16,44,7.28,39.8,7.5,87.6,0.3
16,45,7.43,72.9,19.3,82.8,0.3
16,46,6.76,104.2,25.4,96.8,0.3
16,47,6.88,86.8,29.9,87.8,0.3
16,48,7.5,83.4,27.3,91.7,0.3
16,49,6.86,76.1,19,90.9,0.3
16,50,7.14,70.2,12.3,93.7,0.3
17,0,6.93,84.7,13.8,80.3,0.3
17,1,6.82,50.2,22.3,82.3,0.3
17,2,7.36,106.7,5,88.8,0.3
17,3,7.02,98.9,33.1,95.1,0.3
17,4,6.71,105.9,27.8,88.6,0.3
17,5,7.23,52.1,15.9,83.2,0.3
17,6,7.24,106.5,20.3,87.8,0.3
17,7,7.28,103.7,18.6,95.8,0.3
17,8,6.79,33.5,21.5,89.6,0.3
17,9,6.82,60.5,12.4,83.3,0.3
17,10,7.41,102.1,30.9,86.6,0.3
17,11,6.76,35.7,18.5,94.7,0.3
17,12,6.71,43.9,17.8,91.2,0.3
17,13,6.72,65.7,9.7,97.5,0.3
17,14,7,99.7,6.2,92.4,0.3
17,15,7.32,106.5,24.3,83.4,0.3
17,16,7.23,67.3,9.2,90.4,0.3
17,17,7.34,50.5,14.6,93.2,0.3
17,18,7.42,55.7,21.9,91.5,0.3
17,19,7.14,54,11,90.9,0.3
17,20,7.39,42.5,6.6,96,0.3
17,21,6.71,77.1,19.3,87.2,0.3
17,22,7.01,32.1,15.5,86.3,0.3
17,23,6.95,107.1,6.4,87,0.3
17,24,7.1,85.2,33.4,83.8,0.3
17,25,7.49,46.5,34,82.3,0.3
17,26,7.44,63.8,29.3,92.9,0.3
17,27,7.31,45.8,31.8,95.7,0.3
17,28,6.8,77.2,32.2,83.9,0.3
17,29,7.07,64.6,34.6,90.1,0.3
17,30,6.96,53.7,19.3,82.3,0.3
17,31,7.22,78.5,10.3,94,0.3
17,32,6.87,87.6,26.2,92.6,0.3
17,33,7.13,91.5,26.4,85.3,0.3
17,34,7.32,42.8,18.8,84.5,0.3
17,35,7.43,49.2,22.6,95.8,0.3
17,36,7.39,36.8,21.3,82.1,0.3
17,37,7.28,74.3,6.2,96.1,0.3
17,38,7.4,80.4,28.7,94.5,0.3
17,39,7.25,78.1,15.3,90.8,0.3
17,40,7.29,107.5,31.6,89.9,0.3
17,41,7.01,48.7,12.4,83.4,0.3
17,42,7.41,95.7,12.6,95.8,0.3
17,43,6.74,102.4,21.1,98.9,0.3
17,44,7.31,49.8,21.4,98,0.3
17,45,7.34,41.7,16.4,93.5,0.3
17,46,6.81,95.3,34.1,85.6,0.3
17,47,7.14,104.7,21.1,88.8,0.3
17,48,7.2,67.5,15.8,89.9,0.3
17,49,6.83,95,7.9,82.7,0.3
17,50,7.43,85.9,24.8,85.1,0.3
18,0,7.38,94.7,28.4,88.1,0.3
18,1,6.97,89.7,16.8,96.3,0.3
18,2,7.05,98.4,31.8,82.7,0.3
18,3,6.8,74.5,28.4,95.6,0.3
18,4,7.31,41,11.6,85.8,0.3
18,5,7.1,64.6,16.7,88.8,0.3
18,6,7.19,61.4,32.8,85.1,0.3
18,7,7.41,49,9.3,90.6,0.3
18,8,7.18,73,31.1,83.5,0.3
18,9,7.49,72,27.9,82.4,0.3
18,10,7.33,89.5,26.8,95.9,0.3
18,11,7.38,95.5,26.8,85.4,0.3
18,12,7.5,86.3,22.9,89.5,0.3
18,13,7.29,62.4,19.9,88.6,0.3
18,14,7.06,94.3,24.2,97.4,0.3
18,15,7.47,87.6,18.3,81.2,0.4
18,16,7.24,106.6,30.5,86.8,0.4
18,17,7.38,104.7,31,98.1,0.4
18,18,7.11,81.8,19.5,82.9,0.4
18,19,6.76,41.6,7.6,81.8,0.4
18,20,7.05,100.6,21,93.4,0.4
18,21,6.82,104.4,6.4,81.7,0.4
18,22,6.9,90.6,11.4,91.2,0.4
18,23,7.19,45.7,16.6,89,0.4
18,24,6.84,71,23.7,83.6,0.4
18,25,7.27,79.5,16.3,81.5,0.4
18,26,6.91,35.4,5.9,96.8,0.4
18,27,7.18,93.2,22.1,89.1,0.4
18,28,7.31,45.6,15.2,85.5,0.4
18,29,7.46,40.3,33.7,85.9,0.4
18,30,7.19,109.1,27,92,0.4
18,31,6.83,104,20.4,96.6,0.4
18,32,6.9,92,9.4,87.8,0.4
18,33,6.92,98.4,29.1,80.6,0.4
18,34,7.03,96,22.1,93.9,0.4
18,35,7.19,75.5,27.2,98.1,0.4
18,36,6.73,34.1,25.4,93.2,0.4
18,37,7.33,41.1,12.3,81.9,0.4
18,38,7.16,31,14.3,93.5,0.4
18,39,6.78,65.4,27,87.8,0.4
18,40,6.75,93.6,27,80.6,0.4
18,41,7.23,89.1,21.8,92.4,0.4
18,42,7.25,54.8,20.6,81.4,0.4
18,43,7.3,105,34.6,96.6,0.4
18,44,7.4,42.9,13.7,94.4,0.4
18,45,7.49,96.2,32.2,86.8,0.4
18,46,7.02,38.1,14.6,82.2,0.4
18,47,6.84,52.1,29.5,82.9,0.4
18,48,6.89,56.2,20.1,82.2,0.4
18,49,6.79,46,9.3,87.6,0.4
18,50,6.81,98.7,5.3,85.2,0.4
19,0,6.96,98.4,29.3,89.5,0.4
19,1,7.1,39.3,6.3,97.5,0.4
19,2,7.04,92.3,13.3,83.4,0.4
19,3,6.83,50.4,14.2,92.2,0.4
19,4,7.08,56.1,6,85,0.4
19,5,7.42,98.5,33.5,88,0.4
19,6,6.88,43.4,26,89.7,0.4
19,7,7.26,65.4,7.4,98.4,0.4
19,8,6.9,75.4,25,89.4,0.4
19,9,7.11,66.8,9.3,90.1,0.4
19,10,7.1,106.9,11.4,93.7,0.4
19,11,7.03,92.4,15.1,93.2,0.4
19,12,6.96,71.7,17.9,84.1,0.4
19,13,7.08,95.3,23,81.4,0.4
19,14,6.8,91.3,5.1,88.4,0.4
19,15,6.73,99.6,15.9,93.2,0.4
19,16,6.79,91.7,30.2,92.9,0.4
19,17,7.07,102,18.7,96.4,0.4
19,18,7.29,58.3,16.5,94.2,0.4
19,19,6.77,44.7,14.2,96.9,0.4
19,20,6.86,74,7.3,87.8,0.4
19,21,6.98,106.1,34.5,81,0.4
19,22,7.3,86.3,9.1,92.6,0.4
19,23,6.84,47,26,86.5,0.4
19,24,6.78,60.1,13.6,80.7,0.4
19,25,7.12,64.5,8.1,80.7,0.4
19,26,6.98,61.5,19.4,82.7,0.4
19,27,6.88,98.9,32.3,86.9,0.4
19,28,7.01,84.2,25.1,82,0.4
19,29,7.48,71.9,11.8,89.3,0.4
19,30,6.92,64.4,8.7,86.7,0.4
19,31,6.79,50.2,27.3,81.6,0.4
19,32,7.03,94.5,8.6,89.4,0.4
19,33,6.96,97.2,23.1,80.6,0.4
19,34,7.32,94.6,33.8,87.5,0.4
19,35,6.84,104.9,32.7,95.7,0.4
19,36,6.9,35.9,20.2,86.9,0.4
19,37,7.37,101.4,9.4,87.3,0.4
19,38,6.82,39.6,17.6,85.8,0.4
19,39,7.35,31.7,33.7,88.6,0.4
19,40,6.74,39.8,26.1,91.7,0.4
19,41,7.47,68.7,11.3,89.8,0.4
19,42,6.87,68.9,23.5,95,0.4
19,43,7.49,87.9,17.2,80.2,0.4
19,44,7.15,40.6,9.5,88.7,0.4
19,45,7.45,44.5,17.1,82.9,0.4
19,46,7.39,53.2,21.4,98.2,0.4
19,47,7.37,79.7,20.3,86.7,0.4
19,48,7.24,58.4,6.6,82.9,0.4
19,49,7.16,68.7,17,93.6,0.4
19,50,6.89,86.1,30.4,88.1,0.4
20,0,7.04,34.9,5.1,85.7,0.4
20,1,7.37,105.6,9.4,88,0.4
20,2,6.75,92.1,20.5,97,0.4
20,3,7.37,68.5,24.2,86,0.4
20,4,7.1,59.8,6,94.5,0.4
20,5,6.72,54.5,22.3,82.4,0.4
20,6,7.09,52.6,8.7,86.5,0.4
20,7,7.47,93.2,20.1,91,0.4
20,8,6.91,62.7,20.9,95.3,0.4
20,9,6.89,62.9,31.1,91.4,0.4
20,10,6.73,50.4,12.6,90.6,0.4
20,11,6.98,75.1,12.5,85.1,0.4
20,12,6.91,65,15.5,81.1,0.4
20,13,7.24,93.3,25.7,90.6,0.4
20,14,7.1,43.6,31.9,84.9,0.4
20,15,7,96.4,10,96.9,0.4
20,16,6.95,69.2,24.5,86,0.4
20,17,7.06,31.3,9.5,98,0.4
20,18,7.38,36.2,15.6,90.8,0.4
20,19,7.12,65.3,20.4,97.6,0.4
20,20,7.1,106.2,18.2,90.4,0.4
20,21,6.86,50.5,16.2,80.6,0.4
20,22,7.37,53.5,11.6,96.4,0.4
20,23,7.21,93.4,33.4,80.7,0.4
20,24,6.92,99.1,23.1,85.1,0.4
20,25,7.16,80.1,22.5,91.5,0.4
20,26,6.83,59.7,33.3,90.9,0.4
20,27,7.4,96.5,31,95.1,0.4
20,28,6.73,54.5,16.6,94.7,0.4
20,29,7.44,101.9,20.4,89.7,0.4
20,30,7.09,64.3,29.9,82.4,0.4
20,31,7.48,93.5,6.1,81.6,0.4
20,32,6.83,43.5,23.9,97,0.4
20,33,7.44,95.5,25.7,91.5,0.4
20,34,7.21,34.7,17.3,89.3,0.4
20,35,6.89,38.6,26.6,92.1,0.4
20,36,6.71,105.1,18.9,94.8,0.4
20,37,6.81,75.1,14.9,92.6,0.4
20,38,7.48,104.5,19.6,87.2,0.4
20,39,7.33,53.4,14.8,94.4,0.4
20,40,7.2,67.2,32.1,81.3,0.4
20,41,7.1,71.1,14.9,96.7,0.4
20,42,7.02,39.5,33.9,94.1,0.4
20,43,7.24,101.5,24,98.7,0.4
20,44,7.18,79.1,23.9,80.5,0.4
20,45,6.92,84,5.2,88.7,0.4
20,46,7.2,101.1,25.4,93.5,0.4
20,47,7.24,101.3,15.1,97.3,0.4
20,48,7.22,83.4,13.7,91,0.4
20,49,6.86,91.3,12.3,88.8,0.4
20,50,6.96,47,27.9,90.7,0.4
21,0,7.34,74.4,8.8,92.2,0.4
21,1,7.01,80.5,15,93.9,0.4
21,2,7.06,49.1,5.7,83.3,0.4
21,3,7.18,56.5,22,97.7,0.4
21,4,7.32,94.1,34.9,88.5,0.4
21,5,7.02,34.7,24.9,96,0.4
21,6,6.93,83.5,18.4,97.9,0.4
21,7,7.16,108.4,15.3,89.6,0.4
21,8,7.44,45.3,30.5,84.2,0.4
21,9,7.27,78.1,14.5,87.3,0.4
21,10,7.41,86,17.6,95.1,0.4
21,11,7,98.4,24.5,84.8,0.4
21,12,7.31,105.8,25.8,85.8,0.4
21,13,6.71,97.4,26.7,98.2,0.4
21,14,6.97,41.4,27.4,98.7,0.4
21,15,7.27,45.9,15.5,89.8,0.4
21,16,6.91,63.8,28,87.4,0.4
21,17,6.78,60.4,9.2,97,0.4
21,18,6.79,58.7,33.8,96.4,0.4
21,19,7.36,68,12.6,84.5,0.4
21,20,7.33,84.4,25.8,90.2,0.4
21,21,6.91,90.3,23.5,85.8,0.4
21,22,7.29,54.1,21,80.9,0.4
21,23,6.81,51.3,30.7,93.3,0.4
21,24,6.99,66.3,30.7,81.5,0.4
21,25,7.44,45,24.6,93.7,0.4
21,26,7.42,55.9,34.5,88.7,0.4
21,27,7.41,97.6,12.4,95.5,0.4
21,28,7.39,39.5,12.1,83.2,0.4
21,29,6.98,103.1,7.4,91.2,0.4
21,30,7.09,108.3,13.1,93.9,0.4
21,31,6.9,77,13.7,89.4,0.4
21,32,7.34,58.1,21.2,97.4,0.4
21,33,7.49,46.5,15.6,86.6,0.4
21,34,6.76,40.5,13,98.3,0.4
21,35,7.41,77.9,23.9,96.7,0.4
21,36,6.8,59.1,6.6,87.6,0.4
21,37,7.26,71.8,14.6,80,0.4
21,38,7.1,101.8,6.4,89.1,0.4
21,39,6.83,90.5,13.3,81.3,0.4
21,40,6.78,89,11.2,91.4,0.4
21,41,6.85,90.1,6.4,88.7,0.4
21,42,7.42,61.6,32.7,87.8,0.4
21,43,7.05,31.4,18.5,98,0.4
21,44,7.43,74.7,9.8,85.8,0.4
21,45,6.75,58.6,19.9,95.2,0.4
21,46,7.01,68.2,32.6,84.7,0.4
21,47,7.03,47.8,31.1,80.2,0.4
21,48,6.91,68.4,21.2,92.2,0.4
21,49,7.29,83.5,9.7,94.2,0.4
21,50,7.3,41.2,27.2,97.7,0.4
22,0,7.24,107.8,5.3,85.1,0.4
22,1,6.72,79.1,14.1,90.2,0.4
22,2,7.04,47.2,10.3,82.6,0.4
22,3,7.19,86.2,6.2,88.1,0.4
22,4,7.43,62.9,17.7,87.5,0.4
22,5,6.92,59.3,28.4,80.6,0.4
22,6,6.83,94.3,29.1,92.8,0.4
22,7,7,86.3,18.3,86,0.4
22,8,7.06,97.9,18.3,85,0.4
22,9,6.92,66.2,12.2,94.7,0.4
22,10,7.08,92,17.9,88.2,0.4
22,11,6.72,69.1,34.1,88,0.4
22,12,7.23,43,19.2,83.7,0.4
22,13,6.86,85.7,15.7,86.9,0.4
22,14,7.1,42.9,32.3,85.6,0.4
22,15,6.94,110,21.5,95.4,0.4
22,16,7.27,85.2,17.7,97.7,0.4
22,17,7.38,34.2,27.9,80.2,0.4
22,18,7.26,43.3,19.3,89.6,0.4
22,19,7.26,75.3,16.5,82.3,0.4
22,20,6.79,95.8,34.7,83.4,0.4
22,21,7.31,57.7,27.5,85.2,0.4
22,22,7.07,55.6,27.6,93.8,0.4
22,23,7.5,86.3,8,85,0.4
22,24,7.28,108.6,29.3,83.7,0.4
22,25,6.79,43,14.7,92.2,0.4
22,26,6.73,49.3,23.8,85.2,0.4
22,27,6.78,33.8,30.1,89.2,0.4
22,28,7.48,79.5,27.3,96.7,0.4
22,29,7.49,59.8,29.4,99,0.4
22,30,7.25,35.4,10.3,80.8,0.4
22,31,7.28,32.4,5.3,92.1,0.4
22,32,7.38,75.4,27.1,80,0.4
22,33,7.38,98.7,16,81.1,0.4
22,34,6.94,90.2,25.7,83.5,0.4
22,35,7.39,30.1,25.8,97.7,0.4
22,36,7.15,84.8,10.2,86.9,0.4
22,37,6.9,66.7,22.1,82.4,0.4
22,38,6.88,96.6,23.6,92,0.4
22,39,6.73,70.4,13.2,93.9,0.4
22,40,6.89,34.5,18.8,81.8,0.4
22,41,7.08,87.2,25.8,86.7,0.4
22,42,6.73,91,20.6,81.5,0.4
22,43,7.01,59.5,30.4,82.6,0.4
22,44,7.18,51.8,25.9,98.9,0.4
22,45,7.1,78.8,31.3,85.9,0.4
22,46,7.04,48.1,10.7,83.1,0.4
22,47,7.33,40.8,29.9,83.8,0.4
22,48,6.73,33.6,18.7,97.3,0.4
22,49,6.98,64.5,25.1,98.9,0.4
22,50,6.82,100.9,14.6,85.6,0.4
23,0,7,46.1,33,86.4,0.4
23,1,6.87,48.3,11.1,96.5,0.4
23,2,7.24,104.3,16.8,98.1,0.4
23,3,6.89,30.7,22.4,90.2,0.4
23,4,6.89,32.2,13.9,97.4,0.4
23,5,6.81,40.1,18.7,92.3,0.4
23,6,7.28,45.1,11.8,88.1,0.4
23,7,7.34,34.3,10.2,96.7,0.4
23,8,7.3,100.7,19.6,93.4,0.4
23,9,6.83,75.3,6.4,96.7,0.4
23,10,6.82,76.6,15.1,97,0.4
23,11,6.75,34.2,32.1,83.8,0.4
23,12,7.46,72.2,7.1,92.7,0.4
23,13,7.36,45,15,89.5,0.4
23,14,7.07,84.5,29.6,96.2,0.4
23,15,7.12,83,17.4,96,0.4
23,16,7.49,78.7,6.7,90.1,0.4
23,17,7.36,48.8,28.1,93.5,0.4
23,18,6.87,71.2,22.2,80.4,0.4
23,19,7.47,72.6,14.3,95.1,0.4
23,20,7.09,50,6.7,94.2,0.4
23,21,7.32,34.1,13.6,98.1,0.4
23,22,7.02,85.8,24.6,81.5,0.4
23,23,7.14,92.8,17.6,93,0.4
23,24,7.25,87.1,29,85.8,0.4
23,25,6.91,74.3,33.7,89.6,0.4
23,26,7,62.5,18,97.1,0.4
23,27,6.97,46.1,8.3,95.5,0.4
23,28,7.24,36,8.3,98.6,0.4
23,29,7.23,103.8,22.7,85.3,0.4
23,30,6.88,32.1,8.8,80.6,0.4
23,31,7.12,42.3,25.6,87.9,0.4
23,32,6.8,60.5,15.5,97.2,0.4
23,33,7.47,107,10.9,80.1,0.4
23,34,7.16,61.6,15.1,98.4,0.4
23,35,6.78,109.9,32.4,81.6,0.4
23,36,7.42,57.4,25.7,82,0.4
23,37,7.4,105,27.7,83.1,0.4
23,38,6.88,96.4,18.7,94.3,0.4
23,39,7.37,50.1,26.2,86.7,0.4
23,40,7.41,88.6,7.6,81.9,0.4
23,41,7.1,32.6,11.1,83.8,0.4
23,42,7.2,73.4,30.1,83.1,0.4
23,43,6.71,66,12,80.7,0.4
23,44,7.09,103.2,34.1,80.7,0.4
23,45,7.34,54.3,20.2,81.4,0.4
23,46,7.16,94,21.3,92.7,0.4
23,47,6.76,74.1,12.1,96.5,0.4
23,48,7.4,36.9,6.8,88.9,0.4
23,49,7.33,41.3,26.7,91.1,0.4
23,50,7.29,106.4,9.1,94.5,0.4
24,0,7.19,108.3,6,91.1,0.4
24,1,7.17,54.5,31.1,91.9,0.4
24,2,7.34,48,25.4,88.9,0.4
24,3,7.04,91.7,26.9,89.5,0.4
24,4,7.31,32.4,28.5,95.1,0.4
24,5,7.41,90.7,31.2,97.3,0.4
24,6,7.43,58.8,32.6,85.1,0.4
24,7,7.28,100.4,10.3,94.4,0.4
24,8,6.99,31.6,34,92.7,0.4
24,9,7.03,102,11.1,81.2,0.4
24,10,7.22,53.5,32.7,89.1,0.4
24,11,6.88,78.5,20.6,80.4,0.4
24,12,7.4,104.6,26.2,84.5,0.4
24,13,6.85,106.2,25.8,96.9,0.4
24,14,7.37,75.5,11.3,92.9,0.4
24,15,7.21,88.2,8.3,86.1,0.4
24,16,7.37,98.6,12.6,85.5,0.4
24,17,6.99,33.7,8.4,91.9,0.4
24,18,7.14,46.3,12.6,83.2,0.4
24,19,7.24,95,28.8,85.9,0.4
24,20,7.03,37.4,15.2,97.6,0.4
24,21,7,52.1,30.3,82.7,0.4
24,22,7.37,89.7,16.8,80.4,0.4
24,23,6.7,51.8,17.6,93.8,0.4
24,24,6.71,38.6,20.4,88.4,0.4
24,25,6.95,95.9,15.7,91.7,0.4
24,26,7.12,42.2,33.5,82.8,0.4
24,27,6.87,80.9,6.5,97.2,0.4
24,28,6.94,93.2,32,95.7,0.4
24,29,6.94,108.5,8,88.4,0.4
24,30,7.2,34.6,25.9,90.7,0.4
24,31,6.88,55.4,31,90.9,0.4
24,32,7.18,82.1,27.2,88.5,0.4
24,33,7.23,49.1,18.5,85.5,0.4
24,34,6.88,45.9,21,98.4,0.4
24,35,7.26,32.4,30.1,86.6,0.4
24,36,7.14,65.8,12.9,94.9,0.4
24,37,7.27,67.2,13.2,96.3,0.4
24,38,7.5,103.8,24.1,98.3,0.4
24,39,6.71,31.7,7.8,84.5,0.4
24,40,7.11,76,12,83.7,0.4
24,41,7.39,50.4,33.1,92.2,0.4
24,42,6.83,61.6,6.8,88.9,0.4
24,43,7.39,105.6,28.5,86.6,0.4
24,44,7.13,57.2,11.2,92.1,0.4
24,45,7.47,47,13.5,98,0.4
24,46,7.26,60,16.5,86.5,0.4
24,47,7.27,55.7,28.8,93.3,0.4
24,48,7.13,35.2,32.6,91.1,0.4
24,49,7.19,103.3,16.8,84.6,0.4
24,50,7.44,107.2,16.3,93.9,0.4
25,0,6.8,38.5,26.8,86.3,0.4
25,1,7.43,54.6,8.5,84.8,0.4
25,2,7.42,87.6,20,92.6,0.4
25,3,7.34,93.5,23.1,89.7,0.4
25,4,7.3,55.8,21.3,81,0.4
25,5,6.9,108.2,25.8,83.9,0.4
25,6,6.74,76.4,20.8,84.5,0.4
25,7,7.08,102.7,27,89.4,0.4
25,8,7.41,74.3,10,81.4,0.4
25,9,7.35,52.3,17.6,83.6,0.4
25,10,7.38,59.2,23.9,98.3,0.4
25,11,7.38,73.5,7.2,83.8,0.4
25,12,7.13,100.9,13.7,97.4,0.4
25,13,7.16,110,24.2,94.1,0.4
25,14,7.25,92.8,29.8,86.8,0.4
25,15,7.45,35.9,30.1,90.5,0.4
25,16,7.35,34.9,6.9,89.1,0.4
25,17,6.77,55.3,20,96.7,0.4
25,18,7.02,31.1,19.6,86.6,0.4
25,19,6.78,76.5,21.7,88.4,0.4
25,20,6.93,47.6,27.1,93.2,0.4
25,21,6.73,104.5,21.9,97.8,0.4
25,22,7.25,31.8,7.8,84.5,0.4
25,23,7.46,108.3,24,86.1,0.4
25,24,7.48,96.6,9.6,80.4,0.4
25,25,7.36,45.7,26.3,90.1,0.4
25,26,7.25,89.9,11,97.4,0.4
25,27,6.77,33.3,32.9,89.2,0.4
25,28,7.43,109,19.3,94,0.4
25,29,7.34,30.7,5.8,86.4,0.4
25,30,7.3,33.3,29.6,88.6,0.4
25,31,7.13,83.2,29.6,81.6,0.4
25,32,6.7,50.1,28.3,88.2,0.4
25,33,7.24,48.1,5.5,85.3,0.4
25,34,7.4,108.8,15.2,98.1,0.4
25,35,7.05,83.6,33.7,83.7,0.4
25,36,7.24,39.5,11.3,93.5,0.4
25,37,6.95,78.8,34.7,84.4,0.4
25,38,6.87,77,22.8,98.7,0.4
25,39,7.23,38.2,33.1,95.8,0.4
25,40,7.41,33.9,10.1,84.9,0.4
25,41,6.97,84.2,22.5,92.8,0.4
25,42,7.29,86.1,12.6,85.4,0.4
25,43,7.17,66.5,16.7,96.2,0.4
25,44,6.82,62.2,21.4,80.9,0.4
25,45,6.94,53.5,6.9,84.5,0.4
25,46,7.16,106.1,31.3,89.4,0.4
25,47,6.95,93.9,19.7,94.1,0.4
25,48,7.25,104.6,16.4,82.8,0.4
25,49,7.44,85.5,32.1,92.9,0.4
25,50,7.47,106.4,13.7,85.6,0.4
26,0,7.34,64.9,6.2,86.1,0.4
26,1,7.1,88.1,7.5,95.8,0.4
26,2,7.32,51.5,19.5,90.3,0.4
26,3,7.45,99,15.9,95,0.4
26,4,7,76,13.6,93.5,0.4
26,5,6.71,105.9,12,96.9,0.4
26,6,6.74,83.1,30.9,81.6,0.4
26,7,6.91,72.9,29,82.7,0.4
26,8,7.43,106.1,19.4,82.6,0.4
26,9,7.23,33.1,26.4,85.8,0.4
26,10,6.81,67.2,10.7,87.5,0.4
26,11,7.01,63.3,20.2,93.6,0.4
26,12,6.82,98.4,29.8,94.3,0.4
26,13,7.07,57.1,19.6,81.5,0.4
26,14,7.13,32,13.9,81,0.4
26,15,7.09,105,24.3,96.1,0.4
26,16,6.83,55.3,28.1,92.6,0.4
26,17,7.31,107.7,24.5,93.4,0.4
26,18,7.33,108.8,6.8,95.5,0.4
26,19,7.17,66.7,23.8,98,0.4
26,20,6.8,55.7,30.3,83.4,0.4
26,21,7.19,61.6,16.5,84.1,0.4
26,22,6.96,89.4,34.7,84.3,0.4
26,23,7.34,57.1,18.7,93.8,0.4
26,24,7.35,79.8,11.2,97.4,0.4
26,25,7.44,89.9,17.6,93.2,0.4
26,26,6.88,49.7,16.9,88.8,0.4
26,27,7.15,101.5,10,85.9,0.4
26,28,7.19,41.9,15.5,97,0.4
26,29,7.39,90.8,8.3,98,0.4
26,30,7.37,66.7,15.1,92.3,0.4
26,31,7.22,75.2,5.3,82.1,0.4
26,32,7.06,44.7,33.3,84.2,0.4
26,33,6.75,35.6,28.7,86.8,0.4
26,34,7.49,80.9,14.2,90.1,0.4
26,35,7.15,57.8,19,93.6,0.4
26,36,7.5,32.2,25.8,83.1,0.4
26,37,7.05,81.9,14.8,92.5,0.4
26,38,7.2,44.6,25.2,87.2,0.4
26,39,6.86,72.6,8.1,89.4,0.4
26,40,7.44,65,28.4,87.7,0.4
26,41,6.89,41.5,16.6,82.7,0.4
26,42,6.74,106.4,7.2,91.4,0.4
26,43,7.15,91.3,15.9,80.3,0.4
26,44,7.43,105.6,20.2,82.1,0.4
26,45,6.77,102.3,15.6,92.8,0.4
26,46,6.82,62.1,10.4,98.4,0.4
26,47,7.06,51.8,10.2,90.6,0.4
26,48,6.85,51.9,25.6,95.6,0.4
26,49,7.35,74.9,25.2,87.7,0.4
26,50,7.29,53.1,11.5,88.7,0.4
27,0,7.28,67.5,13.3,87,0.4
27,1,7.34,75.7,17.6,86,0.4
27,2,6.76,98.9,20.5,97.4,0.4
27,3,7.26,101,11.2,86.9,0.4
27,4,7.19,107.6,22.4,89.5,0.4
27,5,7,35.4,19.6,85.8,0.4
27,6,7.27,68.7,29.4,85.9,0.4
27,7,7,39.8,28.1,81.8,0.4
27,8,6.82,96.6,27.7,88.9,0.4
27,9,7.19,34.1,27.8,82.5,0.4
27,10,6.71,76.8,5.6,92.6,0.4
27,11,7.34,56,34,81.5,0.4
27,12,6.72,79.2,13.2,97.2,0.4
27,13,6.97,66.8,10.4,84.7,0.4
27,14,6.76,103.4,22.4,90.3,0.4
27,15,6.95,67,23.4,87.4,0.4
27,16,6.92,31.3,8.1,89.6,0.4
27,17,7.22,101.2,34.9,86.5,0.4
27,18,7.41,88.1,16.6,85.9,0.4
27,19,6.75,30.4,21.5,97.4,0.4
27,20,6.8,96.7,15.4,80.8,0.4
27,21,7,34.9,27.9,87.7,0.4
27,22,7.45,104.1,18.1,83.6,0.4
27,23,7.05,106.6,25.2,86.9,0.4
27,24,6.95,54.1,12.6,95.3,0.4
27,25,7.15,45.5,32,94.8,0.4
27,26,7.07,39.5,22.1,81.3,0.4
27,27,7.46,72.7,6.3,81.4,0.4
27,28,6.7,48,19.8,91.1,0.4
27,29,7.48,38.4,28.4,97,0.4
27,30,6.89,98.7,25.2,95,0.4
27,31,6.94,69.6,30.9,80.3,0.4
27,32,7.14,90.5,19.3,93.9,0.4
27,33,7.25,84.2,26.2,85.8,0.4
27,34,6.94,62.9,23,85.4,0.4
27,35,7.33,100.5,27.6,87.1,0.4
27,36,6.74,58,15.6,84.4,0.4
27,37,7.19,109.5,27.1,84.9,0.4
27,38,7.1,90,30.3,81.5,0.4
27,39,6.72,97.2,23.2,80.7,0.4
27,40,7.06,44.9,11.2,80.9,0.4
27,41,7.25,50.1,26.7,83.7,0.4
27,42,7.3,38.3,6.1,82.7,0.4
27,43,7.16,36.3,32,90.8,0.4
27,44,7.26,106,10.7,93.6,0.4
27,45,7.22,77.1,32.2,88.4,0.4
27,46,7.39,95.4,34.6,80.3,0.4
27,47,7.32,52.8,22.5,85.7,0.4
27,48,6.73,39.1,16.2,84.3,0.4
27,49,6.79,59.3,27.6,93.6,0.4
27,50,6.9,66.2,15.7,88.7,0.4
28,0,7.36,44.6,21.8,87.9,0.4
28,1,7.07,73.4,14.7,86.5,0.4
28,2,6.96,30.5,27.4,95.6,0.4
28,3,7.39,75.1,21.7,80.6,0.4
28,4,6.84,55,33.5,96.7,0.4
28,5,7.43,48.5,32.1,80.3,0.4
28,6,7.35,63.4,32.2,95.4,0.4
28,7,6.98,96.2,34,82.2,0.4
28,8,7.34,99.3,8.9,97,0.4
28,9,7.18,97,26.5,85.7,0.4
28,10,7.28,90.7,24.4,84.6,0.4
28,11,7.32,56.3,25.4,80.4,0.4
28,12,6.95,72.1,23.7,84.8,0.4
28,13,6.81,63.9,27.9,96,0.4
28,14,6.76,81.2,21.5,84.9,0.4
28,15,6.99,58.1,12.6,93.4,0.4
28,16,7.28,58.5,19.2,89.3,0.4
28,17,7.31,105.8,19.8,89,0.4
28,18,7.29,58.6,30.5,87,0.4
28,19,7.38,59.4,33.5,87.6,0.4
28,20,6.76,69.5,21.3,97.1,0.4
28,21,6.7,73.6,10.9,92.4,0.4
28,22,7.06,53.9,30.7,94.1,0.4
28,23,7.02,105,27.4,84,0.4
28,24,7.22,106.6,27.5,82,0.4
28,25,6.85,51.1,32.9,81.2,0.4
28,26,6.84,69.3,25.4,95.8,0.4
28,27,7.04,101.1,25.5,92.4,0.4
28,28,7.01,103.7,21.6,94.9,0.4
28,29,6.9,103,8.3,88,0.4
28,30,7.4,73.9,28.2,97.7,0.4
28,31,7.27,61.2,10.5,98.8,0.4
28,32,7.44,72.2,8.3,87.1,0.4
28,33,6.8,105.8,28.3,97.3,0.4
28,34,6.84,58,21.2,86.4,0.4
28,35,7.41,55.5,24.5,95,0.4
28,36,7.43,71.4,14.3,98.5,0.4
28,37,6.81,90.2,23,86.6,0.4
28,38,7.05,88.9,10.5,91.3,0.4
28,39,6.86,53.3,15.5,81.1,0.4
28,40,7.25,36.9,33.5,86.6,0.4
28,41,7.37,64,28.5,93.1,0.4
28,42,6.83,45.7,16.1,81,0.4
28,43,6.72,52.6,21,83.7,0.4
28,44,7.45,86.1,13.9,93.6,0.4
28,45,7.47,32.8,21.1,90.7,0.4
28,46,7.24,80.5,23.4,80.2,0.4
28,47,6.97,34.4,14.3,95.2,0.4
28,48,6.83,83,22.7,90.4,0.4
28,49,7.07,60.4,14.5,83.2,0.4
28,50,7.39,43.5,28.9,84.2,0.4
29,0,7.29,86.6,29.4,94.2,0.4
29,1,7.22,33,14.8,98.5,0.4
29,2,7.09,95.1,28.7,92.6,0.4
29,3,7.42,89.8,27.4,98.5,0.4
29,4,6.81,83.7,22.7,88.7,0.4
29,5,7.16,81.8,34.5,89.6,0.4
29,6,7.3,62.3,25.5,89.1,0.4
29,7,7.49,46.1,11.7,80.6,0.4
29,8,6.74,47.6,17.1,89.3,0.4
29,9,7.29,106.8,26.2,96.5,0.4
29,10,7.35,58.3,22,95.2,0.4
29,11,6.77,45.2,25.2,90.3,0.4
29,12,7.1,103,16.9,81.4,0.4
29,13,7.45,75.2,8.6,88.1,0.4
29,14,7.06,83.9,25.5,89.8,0.4
29,15,7.43,43,17.3,95.9,0.4
29,16,6.94,86.2,28.3,95.1,0.4
29,17,7.46,44.2,32.2,88.3,0.4
29,18,7.08,36.2,19.3,85.7,0.4
29,19,7.13,74.3,20.4,80.3,0.4
29,20,6.77,59.4,17.1,98.3,0.4
29,21,7.06,34.5,13.1,85.1,0.4
29,22,7.34,103.3,32,86.6,0.4
29,23,7.37,45.3,14.1,95.8,0.4
29,24,6.76,35.7,19.1,97.7,0.4
29,25,6.8,99.6,7,90.3,0.4
29,26,6.78,55.8,8.1,96.2,0.4
29,27,7.42,94.9,17.9,97.3,0.4
29,28,7.48,45.8,10.6,80.3,0.4
29,29,6.97,50.9,32.5,89.2,0.4
29,30,7.37,77.9,31.8,86.8,0.4
29,31,7.37,62.6,5.5,88.2,0.4
29,32,7.24,48.8,29.7,98.5,0.4
29,33,7.48,63,27.1,83.2,0.4
29,34,6.81,91.6,19.6,93.6,0.4
29,35,6.86,91.7,6.1,88.2,0.4
29,36,7.12,86.9,12.5,90.7,0.4
29,37,7.12,49.6,21.1,89.1,0.4
29,38,6.71,91.7,18.9,90,0.4
29,39,7.09,91.8,10.3,96.7,0.4
29,40,7.46,97,16.4,97.8,0.4
29,41,7.22,107,16.6,83.8,0.4
29,42,7.08,73.6,13.8,85.8,0.4
29,43,7.09,87.6,5.8,89.3,0.4
29,44,7.37,101.3,33.4,90.3,0.4
29,45,6.79,48.1,32.5,88.6,0.4
29,46,7.29,104.9,22.9,98.2,0.4
29,47,7.07,103.6,9.4,86.8,0.4
29,48,7.22,72.1,33.9,81.7,0.4
29,49,7,93.1,6.6,84.5,0.5
29,50,7.13,76,11.5,90.5,0.5
30,0,6.98,73.4,20.9,92.4,0.5
30,1,7.32,56.8,29.9,81.3,0.5
30,2,7.19,65.7,6.1,85.3,0.5
30,3,7.06,45.6,23.6,83.9,0.5
30,4,6.93,60.1,20.6,96,0.5
30,5,6.86,93.3,23.7,84.4,0.5
30,6,7.33,94,23.2,95.8,0.5
30,7,6.72,100.6,11.9,91.9,0.5
30,8,7.21,66.4,10.6,94.9,0.5
30,9,7.4,78.3,18.3,89.7,0.5
30,10,7.3,30.6,5.3,87.5,0.5
30,11,6.84,63.2,28.7,95.7,0.5
30,12,7.15,106.6,27.8,92.1,0.5
30,13,6.72,38.9,19.5,95.2,0.5
30,14,6.89,32.3,14.4,83.1,0.5
30,15,6.79,43.6,7.3,83.3,0.5
30,16,6.77,93.1,16,92.9,0.5
30,17,7.08,109.4,27.8,87.6,0.5
30,18,7.45,43.9,29.4,87,0.5
30,19,6.8,42.4,28.6,93.1,0.5
30,20,7.5,102,11.1,81.6,0.5
30,21,7.14,93,34.8,88.8,0.5
30,22,7.41,82.1,25.9,89.4,0.5
30,23,6.99,104.2,23.9,94.3,0.5
30,24,7.02,60.6,8.6,86.1,0.5
30,25,7.41,59.9,24.2,96.7,0.5
30,26,6.87,91.9,17.9,91,0.5
30,27,7.1,78.2,12,89.2,0.5
30,28,7.23,77.1,30.1,83.2,0.5
30,29,6.74,85.6,23.7,81.7,0.5
30,30,7.09,48.9,10.6,87.1,0.5
30,31,7.09,101.5,33.6,90.2,0.5
30,32,7.21,51.9,10.1,80.8,0.5
30,33,7.14,48.7,8.7,93.6,0.5
30,34,6.99,102.4,30.7,98.4,0.5
30,35,7.24,79,13.2,81.9,0.5
30,36,7.43,79.4,15.2,85.5,0.5
30,37,6.79,33,14.4,83.4,0.5
30,38,6.99,98.9,33,97.7,0.5
30,39,6.72,44.2,27.5,85.4,0.5
30,40,7.05,98.2,34.5,92.1,0.5
30,41,6.82,59.5,25.5,95.9,0.5
30,42,6.79,38.2,21.1,94.4,0.5
30,43,7.24,71.4,31.6,98.8,0.5
30,44,6.95,48.8,28.5,84.6,0.5
30,45,6.87,53.3,13.2,94.8,0.5
30,46,6.99,49.8,20.3,87.7,0.5
30,47,6.82,75.8,10.9,83.9,0.5
30,48,7.15,41.3,25.7,94.7,0.5
30,49,6.89,52.9,31.2,80.7,0.5
30,50,7.38,79.5,20.4,83.6,0.5
31,0,6.79,101.1,27.1,88.7,0.5
31,1,7.02,66,16.5,86.2,0.5
31,2,6.78,65.2,10.6,82.2,0.5
31,3,7.19,99.3,10.5,84.6,0.5
31,4,6.74,77.6,25.8,86.4,0.5
31,5,6.78,79,31.7,90,0.5
31,6,6.7,75.6,13.8,80.9,0.5
31,7,7.42,35.7,9.4,83.6,0.5
31,8,7.45,69.1,18.4,91.5,0.5
31,9,6.82,32.4,26,94.2,0.5
31,10,7.16,39.8,29.8,83.3,0.5
31,11,7.28,66.3,29.2,81.9,0.5
31,12,7.11,50.7,7.9,80,0.5
31,13,6.92,54.1,9,94,0.5
31,14,7.31,79,5.6,80.9,0.5
31,15,6.99,72.1,21.6,88.3,0.5
31,16,7.01,94.5,17.9,89.2,0.5
31,17,7.49,37.9,11.4,85.3,0.5
31,18,7.34,48,32.8,86.7,0.5
31,19,7.1,48.2,20.2,84.6,0.5
31,20,6.83,74.7,33.1,85.7,0.5
31,21,7.42,104.4,30.6,84,0.5
31,22,6.86,99.1,24.3,89.7,0.5
31,23,7.41,87.2,21.8,97.4,0.5
31,24,7.13,84.1,32.5,82,0.5
31,25,6.79,83.9,20.4,96.2,0.5
31,26,7.36,55.3,19.1,86.8,0.5
31,27,7.22,48.9,5.3,88.1,0.5
31,28,7.28,86.7,5.6,98.6,0.5
31,29,7.47,73.4,11.2,88,0.5
31,30,7.15,84.5,19.2,89.9,0.5
31,31,6.86,43.7,21.8,86.3,0.5
31,32,7.37,49,14.3,94.4,0.5
31,33,6.9,108.6,22.6,89.3,0.5
31,34,7.09,74.3,17.1,97,0.5
31,35,7.46,95.3,28.2,96,0.5
31,36,6.7,88.2,29,96.5,0.5
31,37,7.24,73.8,14.4,96.3,0.5
31,38,6.88,42.9,27.6,91,0.5
31,39,6.78,35.6,9.9,83.7,0.5
31,40,7.12,51.6,5.8,81.7,0.5
31,41,7.16,72.6,11.1,85.3,0.5
31,42,7.43,37,8.9,94.1,0.5
31,43,6.99,34.6,5.1,99,0.5
31,44,7.14,91,32.6,80,0.5
31,45,7.17,31.1,17.6,86.2,0.5
31,46,7.38,57.6,7.9,90.4,0.5
31,47,7.19,76.5,31.9,92.5,0.5
31,48,7.24,42.8,6.3,90.5,0.5
31,49,6.74,99.1,8.2,80.7,0.5
31,50,7.44,79.7,28.2,86.9,0.5
32,0,6.98,91.1,5.6,91,0.5
32,1,7.27,109.4,34.1,80.2,0.5
32,2,7.32,91.4,17.2,81.2,0.5
32,3,7.09,85.7,18.5,95.9,0.5
32,4,7.17,55.9,14.8,82.6,0.5
32,5,7.18,54,13.1,87.4,0.5
32,6,6.9,97.4,6.9,96.7,0.5
32,7,7.21,85.7,26,90.7,0.5
32,8,6.72,33.3,20.9,80.5,0.5
32,9,6.95,89.9,24.3,83,0.5
32,10,7.36,57.6,26.8,94.8,0.5
32,11,6.74,50.7,20.2,81.9,0.5
32,12,7,69.2,31.4,86.1,0.5
32,13,6.9,103.8,24.5,87.3,0.5
32,14,7.42,43.1,11.3,97.2,0.5
32,15,6.85,33.9,8.4,80.3,0.5
32,16,7.4,105.6,18.9,84.8,0.5
32,17,7.35,101.5,5.2,94.6,0.5
32,18,6.98,46,25,85.6,0.5
32,19,7.19,48,31,98.3,0.5
32,20,7.39,100.6,21.4,93.9,0.5
32,21,7.23,85.9,26.8,85.9,0.5
32,22,6.82,39.2,20.3,94.9,0.5
32,23,7.33,80,6.7,98.2,0.5
32,24,7.44,67.4,28.2,82.8,0.5
32,25,7.09,61,25.8,94.4,0.5
32,26,7.05,107.6,17.1,81.5,0.5
32,27,7.41,74.6,34.3,81.1,0.5
32,28,7.3,54,18.7,83.3,0.5
32,29,7.25,78.1,30.9,91.8,0.5
32,30,6.98,94.2,23,90,0.5
32,31,6.89,94.2,5.9,97.9,0.5
32,32,7.33,82.6,15.2,90.5,0.5
32,33,6.82,49.9,8.8,93.2,0.5
32,34,7.06,88.6,5.5,88.2,0.5
32,35,7.2,96,6.1,84.1,0.5
32,36,7.19,56,27.4,95.1,0.5
32,37,7.21,102.4,22.7,92.9,0.5
32,38,6.96,48.7,16.7,84.1,0.5
32,39,6.87,77.7,22.3,90.1,0.5
32,40,7.36,78.4,11.5,92.2,0.5
32,41,7.29,43.1,27.9,94,0.5
32,42,7.1,37.3,24.8,94.4,0.5
32,43,6.81,42.2,27,83.5,0.5
32,44,6.91,58.9,16.2,82.7,0.5
32,45,7.16,85.1,11.5,90.8,0.5
32,46,7,87.5,11.4,92.1,0.5
32,47,7.14,77.5,21.6,85.2,0.5
32,48,7.4,31,14,95.3,0.5
32,49,7.37,80.6,16.3,96.3,0.5
32,50,6.79,88,28.1,86.2,0.5
33,0,7.42,45,10.1,89.4,0.5
33,1,7.31,69.1,34.1,89.1,0.5
33,2,7.36,39.1,13.1,97.2,0.5
33,3,6.99,35.5,32.7,91.3,0.5
33,4,7.11,103.8,15.4,92.3,0.5
33,5,7.22,65.6,31.8,80.9,0.5
33,6,6.92,52.1,20.5,98.1,0.5
33,7,7.1,105.1,21.2,99,0.5
33,8,7.35,93.4,6.2,88.9,0.5
33,9,7.3,55.3,32.8,94.1,0.5
33,10,6.78,72.8,31.4,89.9,0.5
33,11,6.87,67.6,7.1,92.3,0.5
33,12,6.81,45.4,13.1,90.5,0.5
33,13,6.8,37.8,18.3,85.7,0.5
33,14,6.71,76.6,14,89.7,0.5
33,15,7.46,55.8,7.7,81.6,0.5
33,16,7.31,109.8,25,85.1,0.5
33,17,7.3,77.6,17.5,83.3,0.5
33,18,7.26,79.7,20,95.5,0.5
33,19,6.96,94.7,7.8,81.6,0.5
33,20,6.75,97.2,18.5,84.3,0.5
33,21,6.76,87.5,21.9,87.7,0.5
33,22,7.13,90.3,31.9,95.8,0.5
33,23,6.84,54.8,32.1,97.7,0.5
33,24,7.35,59.6,30.2,97.6,0.5
33,25,7.19,106.8,14.1,82,0.5
33,26,7.16,79.5,11.8,97.2,0.5
33,27,7.31,71.2,23.2,85.3,0.5
33,28,7.07,55,31.8,90,0.5
33,29,7.04,99.4,5.4,97.5,0.5
33,30,7.36,85,31.1,90.2,0.5
33,31,7.29,76.3,30.2,82.2,0.5
33,32,7.33,86.7,12,89.6,0.5
33,33,6.99,87.8,30.3,95.2,0.5
33,34,7.31,97,17.7,96.2,0.5
33,35,6.83,54.9,7.4,98.3,0.5
33,36,7.38,103.1,8.6,89.9,0.5
33,37,6.79,59.5,23.5,87.2,0.5
33,38,6.84,109.6,7.8,95,0.5
33,39,7.19,90.7,30,98.1,0.5
33,40,6.77,98.2,8.9,82.4,0.5
33,41,6.81,104,7.9,88.7,0.5
33,42,7.23,34.4,10.3,90.6,0.5
33,43,7.48,99.6,7,82.1,0.5
33,44,7.31,75,26.7,83.2,0.5
33,45,6.81,39.1,28.8,94.1,0.5
33,46,7.05,100.6,12.2,90.3,0.5
33,47,6.9,43.3,29.5,95.4,0.5
33,48,6.96,42.3,5.1,86.3,0.5
33,49,7.5,103.4,20.2,96.1,0.5
33,50,7.08,30.2,14.6,83.2,0.5
34,0,6.95,85.6,18.3,81.9,0.5
34,1,7.35,80.8,12.2,94,0.5
34,2,6.81,75.7,22.3,93.8,0.5
34,3,7.32,48,19.9,91.5,0.5
34,4,6.9,69.8,12.9,98.4,0.5
34,5,6.93,44.7,16,90.2,0.5
34,6,7.15,39,25.5,86.3,0.5
34,7,7.26,59.2,26.3,81,0.5
34,8,7.17,37.8,24.2,95.5,0.5
34,9,6.86,68.1,8.4,85.9,0.5
34,10,6.87,77.7,32.1,94.1,0.5
34,11,7.26,74.9,9.7,86.6,0.5
34,12,7,52.6,25.2,86.7,0.5
34,13,6.82,51.2,34.3,97.8,0.5
34,14,6.85,59,25.4,80.2,0.5
34,15,6.82,108.9,22.9,81.1,0.5
34,16,7.03,45.4,7.3,85.7,0.5
34,17,7.17,63.1,21,98.8,0.5
34,18,7.08,49.9,5.3,86.9,0.5
34,19,7.17,54,6.9,90.9,0.5
34,20,7.49,42.7,18.3,88.6,0.5
34,21,6.85,66.9,22.7,92.3,0.5
34,22,6.93,103.9,24,95.4,0.5
34,23,7.27,105.6,12.5,97.4,0.5
34,24,7.3,105.5,28.2,84.8,0.5
34,25,7.06,35.9,33.3,89.9,0.5
34,26,7.12,69.6,33.4,83.2,0.5
34,27,6.87,45.2,6.8,98.1,0.5
34,28,7.46,41.7,23.3,91.4,0.5
34,29,7.12,88.4,33.2,84.9,0.5
34,30,7.08,77.3,23.8,82.8,0.5
34,31,7.07,40.9,24.9,93,0.5
34,32,7.04,89.2,13.7,87.2,0.5
34,33,7.21,106.7,27.4,81.6,0.5
34,34,6.85,109.1,18.9,86.1,0.5
34,35,6.89,83.6,6.9,90,0.5
34,36,6.96,36.3,6.1,80.7,0.5
34,37,7.06,85.1,22.5,83.1,0.5
34,38,7.03,87.3,12.4,97.2,0.5
34,39,7.2,67.2,6.6,84.5,0.5
34,40,7.49,69.5,19,87.1,0.5
34,41,7.29,76.5,6.6,89.8,0.5
34,42,7.49,42.3,22,98.7,0.5
34,43,7.39,99.5,15.1,80.3,0.5
34,44,7.04,84.6,13.6,89.8,0.5
34,45,6.84,47.1,6.5,86.3,0.5
34,46,6.81,89.7,34.3,95.7,0.5
34,47,6.82,81,24.9,82.7,0.5
34,48,7.24,38,17.4,93.1,0.5
34,49,7.39,32.7,13.8,88.4,0.5
34,50,7.38,103.8,25.5,84.2,0.5
35,0,7.02,90.1,21.9,84.2,0.5
35,1,7.18,99.4,6.5,91.9,0.5
35,2,7.24,35.2,33.8,93,0.5
35,3,7.12,35.1,23.3,82.4,0.5
35,4,7.04,84.6,6.4,81.7,0.5
35,5,7.43,61.9,27.3,87.6,0.5
35,6,7.43,41.2,9.9,84,0.5
35,7,7.33,39.1,10.7,98.9,0.5
35,8,6.9,86,10.6,96.1,0.5
35,9,6.78,39.6,33.2,88.9,0.5
35,10,6.84,85.4,34.6,92.5,0.5
35,11,7.13,80.8,14.5,80.6,0.5
35,12,6.82,92.2,18.5,93.7,0.5
35,13,7.07,66.6,20.7,97.6,0.5
35,14,7.47,30.6,24.6,94.6,0.5
35,15,7.47,77.1,33.9,96.1,0.5
35,16,7.07,100.6,19.9,91.8,0.5
35,17,6.88,60.9,18.6,86.1,0.5
35,18,7.13,90,34.2,86.6,0.5
35,19,6.85,30.1,26.9,80.5,0.5
35,20,6.81,60.4,34.9,94.8,0.5
35,21,6.77,46.5,13,95.7,0.5
35,22,7.47,56.5,20.6,98.6,0.5
35,23,7.3,74.6,11.3,90.6,0.5
35,24,7.23,48.2,32.6,94.8,0.5
35,25,6.94,68.4,24.7,85.1,0.5
35,26,6.98,99,14.3,94,0.5
35,27,7.02,70.3,9.4,94.5,0.5
35,28,7.48,108.1,12.4,85.1,0.5
35,29,7.39,98.3,11.7,97.7,0.5
35,30,7,63.9,8.5,96.2,0.5
35,31,7.36,38,24.9,84.9,0.5
35,32,7.1,100.2,16.3,93.6,0.5
35,33,7.2,44.9,24.8,88.4,0.5
35,34,7.18,100.7,20,87,0.5
35,35,7.23,48.2,26.9,98.1,0.5
35,36,7.24,94.9,10.3,81.7,0.5
35,37,6.87,69.2,15,81.5,0.5
35,38,6.83,90.5,8.8,83.6,0.5
35,39,6.8,40.1,20,91.8,0.5
35,40,6.98,41.1,26.4,93.6,0.5
35,41,7.1,46.2,9.3,91.2,0.5
35,42,6.82,40.4,14.3,82.8,0.5
35,43,6.88,47.9,16.5,97.8,0.5
35,44,6.81,92.1,30.7,96.2,0.5
35,45,6.98,103.8,21.7,91,0.5
35,46,6.98,59.2,29.2,94.8,0.5
35,47,7.07,37.6,32.6,87.7,0.5
35,48,6.75,81.2,33.2,82.9,0.5
35,49,6.87,53.7,32.5,93.4,0.5
35,50,6.92,101.6,28.4,83.3,0.5
36,0,6.85,40.5,32,84.3,0.5
36,1,6.82,64.1,16.5,81.5,0.5
36,2,6.87,84.2,7.4,91.9,0.5
36,3,6.86,54.2,29.6,94.2,0.5
36,4,6.96,80.2,16.2,98.6,0.5
36,5,7.06,39.6,14.6,83.3,0.5
36,6,7.18,84.8,10.1,92.6,0.5
36,7,7.1,30.1,31.8,81,0.5
36,8,7.45,99.4,15.5,88.4,0.5
36,9,7.48,36.6,31.9,90.5,0.5
36,10,6.74,79.1,9,94.3,0.5
36,11,7.31,31,26.4,80.5,0.5
36,12,7.11,48.9,15,88.7,0.5
36,13,7.09,37.9,28.2,88,0.5
36,14,7.32,103.2,27.4,81.6,0.5
36,15,7.29,37.9,32.7,84.4,0.5
36,16,6.84,44.2,8.6,84.8,0.5
36,17,7.07,97.9,8.5,87.6,0.5
36,18,6.71,98.3,34.8,98.9,0.5
36,19,7.27,87.9,14.8,98.4,0.5
36,20,7.39,109.8,19.8,85.7,0.5
36,21,6.76,59.1,12.3,94.7,0.5
36,22,7.44,73.9,16.2,93.5,0.5
36,23,6.96,71.6,28.5,87.4,0.5
36,24,6.92,62,13.2,94.3,0.5
36,25,6.78,63.7,19,99,0.5
36,26,7.47,62.5,16.2,95.5,0.5
36,27,7.28,79.3,30.1,87.4,0.5
36,28,7.39,81.7,25.1,92.9,0.5
36,29,6.71,30.2,31.9,96.8,0.5
36,30,6.75,90.7,17.5,85.3,0.5
36,31,7.22,93.9,7.3,85.4,0.5
36,32,7.34,82,15.2,86.9,0.5
36,33,7.17,49.6,19.9,97.6,0.5
36,34,7,40.5,29,93,0.5
36,35,6.88,45.6,31.7,97.2,0.5
36,36,7.33,90.2,18,81.7,0.5
36,37,6.84,76.9,19.1,95.7,0.5
36,38,6.71,73.6,18.8,86.7,0.5
36,39,6.86,86.6,26.7,87.3,0.5
36,40,7.16,75.1,25.5,87,0.5
36,41,6.85,67.6,22.7,84.6,0.5
36,42,7.46,104.5,17.4,83.9,0.5
36,43,6.95,84.6,16.4,89.1,0.5
36,44,6.83,93.6,15.6,92,0.5
36,45,7.33,40.1,24.6,90.7,0.5
36,46,7.02,65.4,27.3,80,0.5
36,47,6.98,65,22.9,96.8,0.5
36,48,6.81,97.3,33.9,92.5,0.5
36,49,7.24,91,29.4,93.1,0.5
36,50,6.72,77.9,7.8,94.9,0.5
37,0,7.21,43.2,29.6,86.1,0.5
37,1,7.28,92.1,33.2,89.6,0.5
37,2,7.33,42.9,31.4,94.9,0.5
37,3,7.06,57.1,31.2,89.9,0.5
37,4,7.4,51.5,14.1,83.6,0.5
37,5,6.79,56.1,20.1,96.5,0.5
37,6,6.74,83.4,28.9,80.7,0.5
37,7,7.21,80.8,34.6,89.8,0.5
37,8,7.32,105.1,30.7,95.7,0.5
37,9,7.2,106.1,5.1,84.1,0.5
37,10,7.43,77.4,25.3,90,0.5
37,11,6.71,86.6,25.6,90.2,0.5
37,12,7.05,35.7,16.2,93.2,0.5
37,13,7.01,85.1,33.1,88.2,0.5
37,14,7.31,106.8,23.1,91.4,0.5
37,15,6.96,109.9,24.4,90.8,0.5
37,16,7.13,102.5,34,91.9,0.5
37,17,7.22,34.7,15.3,81.3,0.5
37,18,6.81,47.7,34.4,89.4,0.5
37,19,7.03,30.2,15.4,83.3,0.5
37,20,6.96,61.2,18.2,83.5,0.5
37,21,7.06,75.7,20.7,92.6,0.5
37,22,7.17,77.6,17,81.9,0.5
37,23,7.01,47.1,9.8,93.2,0.5
37,24,6.78,43.5,28,88,0.5
37,25,7.1,44,5.9,87.9,0.5
37,26,6.96,91,10.9,82.2,0.5
37,27,7.07,64.6,13.6,90.6,0.5
37,28,7.1,74.2,19.1,80.8,0.5
37,29,6.88,48.6,29.6,98.2,0.5
37,30,7.11,98.1,7.8,96,0.5
37,31,6.92,105.9,23.8,84.3,0.5
37,32,6.79,75.8,22.7,82.1,0.5
37,33,7.29,34.2,14.2,98.2,0.5
37,34,6.92,92.1,33.6,83.2,0.5
37,35,7.15,74.2,31,94,0.5
37,36,7.48,86.8,27,88.2,0.5
37,37,7.11,72.7,31.9,83.1,0.5
37,38,6.93,76,21.2,92,0.5
37,39,7.06,78.9,5.6,96.8,0.5
37,40,6.9,91.6,15.7,91.1,0.5
37,41,7.34,33.1,20.2,96.3,0.5
37,42,7.23,77.6,11.5,94.1,0.5
37,43,7.16,109.4,5.8,85.9,0.5
37,44,7.18,64.1,31.5,97.3,0.5
37,45,6.95,57.6,13.8,94.8,0.5
37,46,6.81,72.8,13.5,82.6,0.5
37,47,7.33,92,25,85.8,0.5
37,48,7.17,89.5,17,89,0.5
37,49,7.23,32.7,10.9,96.3,0.5
37,50,7.37,69.5,17.3,95.1,0.5
38,0,7.06,90.2,21.8,89.7,0.5
38,1,7.18,93.1,29.2,96.3,0.5
38,2,7.26,74.2,32.1,82.5,0.5
38,3,6.7,63.4,24.6,96,0.5
38,4,7.05,97.4,14.1,87.4,0.5
38,5,7.2,76.1,14,92.6,0.5
38,6,6.82,59.8,24.5,95.5,0.5
38,7,7.33,103.3,5.9,83.7,0.5
38,8,7.47,77.1,8.4,81.4,0.5
38,9,6.95,69.5,7.8,81.8,0.5
38,10,7.06,60.2,24.8,86.5,0.5
38,11,7.37,91.3,32,83.4,0.5
38,12,7.26,106.1,8.9,94,0.5
38,13,6.86,71.7,10.3,93.3,0.5
38,14,6.79,36.4,28.7,95,0.5
38,15,7.33,40.4,19,82.3,0.5
38,16,6.72,103.8,20.4,88.9,0.5
38,17,7.34,34.9,23,90.4,0.5
38,18,7.49,92.8,10.7,87.7,0.5
38,19,7.43,35.7,17.1,93.4,0.5
38,20,7.48,50.2,16.8,84.3,0.5
38,21,7.02,65.9,16.3,91,0.5
38,22,6.94,49.1,15.2,81.1,0.5
38,23,7.27,106,25.1,88.1,0.5
38,24,7.21,63.5,23.4,82.1,0.5
38,25,6.89,42.8,19.1,87.9,0.5
38,26,7.07,101.8,32.7,94.9,0.5
38,27,6.95,33.1,28.2,88,0.5
38,28,7.35,102.6,21.4,82.5,0.5
38,29,7.49,94.2,20.2,90.9,0.5
38,30,6.86,57.7,12.2,85.9,0.5
38,31,6.94,34.1,29.8,80.8,0.5
38,32,6.81,88.9,34.1,89.4,0.5
38,33,7.46,49.2,17.4,93.8,0.5
38,34,7,102.1,16,82.1,0.5
38,35,6.87,48.6,21.9,97.9,0.5
38,36,7.45,45.8,15.1,90.1,0.5
38,37,7.17,30.7,17.2,84.5,0.5
38,38,7.29,40.1,12.5,86.3,0.5
38,39,7.38,97.5,9.2,97.4,0.5
38,40,7.44,38.3,20,82.2,0.5
38,41,7.37,44.8,28,96.5,0.5
38,42,6.96,75.5,16,91.5,0.5
38,43,7.08,80.1,10.8,85,0.5
38,44,7.3,99.2,20.1,85.3,0.5
38,45,6.94,57.6,18.3,94.4,0.5
38,46,7.31,90.5,18,96.2,0.5
38,47,7.5,46.1,12,80.5,0.5
38,48,7.36,85.5,18.6,90.3,0.5
38,49,6.89,96,5.7,96.4,0.5
38,50,7.24,55.6,34.9,97.3,0.5
39,0,7.38,41.3,18.8,95.4,0.5
39,1,7.44,50.8,8.2,94.1,0.5
39,2,6.86,42,20.7,90.3,0.5
39,3,6.81,94,12.2,98.1,0.5
39,4,7.15,32.6,13.9,88.4,0.5
39,5,7.38,106.8,15.9,84.3,0.5
39,6,6.98,71.1,17.2,81.2,0.5
39,7,7.35,97.9,7,89.5,0.5
39,8,7.17,48,19,96.6,0.5
39,9,6.97,36.9,34.7,93.7,0.5
39,10,6.94,64,26.3,94.1,0.5
39,11,6.91,48,32.5,98.2,0.5
39,12,7.44,37.4,33.3,91.8,0.5
39,13,6.98,102.5,22,83.2,0.5
39,14,6.98,46,7.7,84.2,0.5
39,15,6.97,42.1,25.4,87.1,0.5
39,16,7.1,53.2,19.9,86.7,0.5
39,17,6.81,80.1,21.6,98.8,0.5
39,18,6.77,100,22.4,98.4,0.5
39,19,7,40,19.5,85.1,0.5
39,20,7.33,52.4,26.6,81.4,0.5
39,21,7,69.9,24.8,89.8,0.5
39,22,7.46,57,27.5,91.1,0.5
39,23,7.34,86.5,31.2,89.9,0.5
39,24,6.73,106.8,29.4,88.6,0.5
39,25,6.82,80.7,30.5,97.6,0.5
39,26,7.3,59.4,28,94.6,0.5
39,27,7.34,101.4,34.8,97.9,0.5
39,28,7.31,51.4,16,88.7,0.5
39,29,6.77,84.8,17.4,81.9,0.5
39,30,7.1,71.1,8.7,95.7,0.5
39,31,7.24,97,10.7,83.7,0.5
39,32,7.22,43.5,13.3,81.7,0.5
39,33,7.27,44.7,26.7,97.4,0.5
39,34,7.13,93.1,6.4,88.1,0.5
39,35,6.97,57.4,20.1,88.3,0.5
39,36,7.07,37.5,29.7,95.9,0.5
39,37,7.37,100.8,21,86.3,0.5
39,38,6.75,96.9,24.3,90,0.5
39,39,7.13,79.9,20.3,94,0.5
39,40,7.22,91.8,8.6,82.7,0.5
39,41,7.41,34.4,27.8,80.2,0.5
39,42,7.43,98.6,10.7,81.7,0.5
39,43,6.72,49.7,27.4,98.6,0.5
39,44,7.05,63.9,11.2,89.3,0.5
39,45,7.46,90.4,20.8,97.7,0.5
39,46,6.87,42.7,28.5,92.9,0.5
39,47,7.4,88.9,21.9,92.3,0.5
39,48,6.92,71.2,16.1,93.8,0.5
39,49,7.33,98.6,30.2,97.3,0.5
39,50,7.34,37.1,13.7,89.1,0.5
40,0,6.91,33,25.7,94.3,0.5
40,1,7.06,63.4,16.1,92.7,0.5
40,2,7.32,101.7,7.1,95.1,0.5
40,3,7.34,52.6,27,93.1,0.5
40,4,7.07,72.4,19.1,87.8,0.5
40,5,7.26,109.6,19,94.3,0.5
40,6,7.12,37,18.4,91.1,0.5
40,7,6.81,34.7,26.6,80.1,0.5
40,8,6.94,95.8,34.7,83.5,0.5
40,9,7.32,34.2,11.6,95.7,0.5
40,10,6.78,62.6,14.4,93.3,0.6
40,11,6.95,105.7,25.3,94.6,0.6
40,12,7.36,66.8,6.3,91.4,0.6
40,13,7.19,64,13.1,83.6,0.6
40,14,6.73,76.2,9,94.7,0.6
40,15,7.5,43,9.5,82.9,0.6
40,16,7.22,84.7,12.1,94.2,0.6
40,17,7.49,95.3,32.4,97,0.6
40,18,6.97,53.2,14.2,87.6,0.6
40,19,6.78,71,22.9,93.4,0.6
40,20,7.06,89.5,25.1,83.7,0.6
40,21,7.45,70.1,16.1,94.7,0.6
40,22,7.29,78.4,21.5,94.2,0.6
40,23,6.84,34.3,30.4,89.1,0.6
40,24,7.46,81.5,9.4,80.8,0.6
40,25,6.77,42.9,18.9,84.5,0.6
40,26,7.02,34.2,21.7,97.9,0.6
40,27,6.77,86,31.7,98.8,0.6
40,28,6.71,32.4,8.9,93.4,0.6
40,29,7.4,37.8,16.4,84.6,0.6
40,30,7.22,55.8,27.2,93,0.6
40,31,6.72,78.5,12.3,84.3,0.6
40,32,7.44,52.8,20.5,84.7,0.6
40,33,7.44,72.5,14.7,94.9,0.6
40,34,6.8,83.9,10.3,98.3,0.6
40,35,6.94,48,13.4,86.7,0.6
40,36,7.22,60.7,32.9,81.1,0.6
40,37,6.77,44.2,9.3,87.3,0.6
40,38,7.4,49.3,12,85.9,0.6
40,39,7.17,61.9,34.5,82.1,0.6
40,40,7.28,87.8,23,81.8,0.6
40,41,7.06,45,33.7,95.5,0.6
40,42,7.29,84.4,17.1,83.3,0.6
40,43,7.29,76.6,21.4,97.7,0.6
40,44,7.39,53.2,11,94.9,0.6
40,45,7.19,48.3,22.9,97.8,0.6
40,46,7.37,90.4,13.7,94.6,0.6
40,47,6.96,96.5,21.9,81.3,0.6
40,48,6.91,104.6,26.2,91.4,0.6
40,49,7.46,78.2,28.4,95.2,0.6
40,50,7.5,57.8,31.8,94.5,0.6
41,0,6.96,39.6,27.8,82.3,0.6
41,1,6.96,77.5,19,82.5,0.6
41,2,7.4,31.2,34.8,85,0.6
41,3,6.78,61.5,10.4,89.8,0.6
41,4,7.33,69,19.5,91,0.6
41,5,7.29,53.9,8.4,88.8,0.6
41,6,6.75,90.4,14,93.2,0.6
41,7,6.79,44.8,30.1,85.5,0.6
41,8,6.99,45.6,18.5,80.5,0.6
41,9,6.96,45.2,19.9,85.4,0.6
41,10,7.35,69.7,9.8,80.7,0.6
41,11,7.16,95.4,7.6,88.7,0.6
41,12,7.13,54.4,9.2,88.3,0.6
41,13,6.86,75.6,8.7,96.6,0.6
41,14,6.73,103.7,27.5,92.3,0.6
41,15,7.06,49.7,14,80.1,0.6
41,16,6.81,65.1,33,84.8,0.6
41,17,6.73,89.9,21.1,90.2,0.6
41,18,7,85.8,28.2,85.5,0.6
41,19,7.04,69.9,5.5,95.9,0.6
41,20,6.9,60.5,14.6,98.7,0.6
41,21,7.24,57,7,98.6,0.6
41,22,7.29,31.9,6.7,80.8,0.6
41,23,6.87,94.5,31.5,80.1,0.6
41,24,7.27,105.8,7.9,85.2,0.6
41,25,7.37,80.4,19.6,90.3,0.6
41,26,7.48,37.7,32.9,98.1,0.6
41,27,6.92,88.3,10.7,92.5,0.6
41,28,7.14,54.8,25.9,84.2,0.6
41,29,7.33,46.1,10.5,94.7,0.6
41,30,7.02,66.8,26.1,95.8,0.6
41,31,7.36,94.9,25.8,94.2,0.6
41,32,7.1,94.9,12.4,97.6,0.6
41,33,7.07,93.2,24.4,88.7,0.6
41,34,7.12,37,18.2,86.3,0.6
41,35,7.46,77.3,25.7,86.8,0.6
41,36,6.9,34.9,23.5,87.2,0.6
41,37,6.94,105.5,11,97.9,0.6
41,38,6.95,86.5,10.1,89.9,0.6
41,39,7.27,99.7,9.9,84.1,0.6
41,40,6.96,92.9,14.9,97.4,0.6
41,41,6.8,64.9,16.6,96.3,0.6
41,42,7.42,49.4,34.8,97.3,0.6
41,43,7.27,106.2,17.8,98.7,0.6
41,44,6.87,97.6,23.3,91.2,0.6
41,45,7.42,99.5,13.5,98.8,0.6
41,46,6.98,96.3,21.1,94.7,0.6
41,47,6.83,89.5,25.9,87.6,0.6
41,48,7.4,30.3,20.2,88.9,0.6
41,49,6.88,56.1,32.6,81.3,0.6
41,50,6.9,55.1,12,83.6,0.6
42,0,7.48,30.9,23,91.9,0.6
42,1,7,67.1,14.7,82.4,0.6
42,2,7.44,80.8,24.4,81.3,0.6
42,3,6.85,33.2,17.2,94.5,0.6
42,4,7.01,41,29.5,81.7,0.6
42,5,7.46,66.1,18.7,96.9,0.6
42,6,6.73,52.6,11,95.3,0.6
42,7,6.93,106.8,26.5,97.7,0.6
42,8,7.04,64,22.6,82.7,0.6
42,9,7.34,39.7,20.4,85.3,0.6
42,10,7.38,78,20.6,96.9,0.6
42,11,7.37,35.5,26,94.2,0.6
42,12,7.12,49.9,14,95.6,0.6
42,13,7.43,77.8,17.9,89.7,0.6
42,14,6.98,51.9,33.9,89.1,0.6
42,15,6.93,67.6,11.8,86.7,0.6
42,16,7.24,76.5,30.3,94.7,0.6
42,17,7.13,34.8,27,82.7,0.6
42,18,6.91,47.8,14.9,88.3,0.6
42,19,6.83,61.6,25.9,80.5,0.6
42,20,6.71,49.1,19.5,85.5,0.6
42,21,6.95,50.6,15.3,88.2,0.6
42,22,7.09,53.5,31.2,84.2,0.6
42,23,6.81,105.7,27.1,96.5,0.6
42,24,6.87,92.6,18.4,94.4,0.6
42,25,6.93,52.4,22.6,83.8,0.6
42,26,6.76,69.3,23.6,88.9,0.6
42,27,7.42,88,19.7,82.3,0.6
42,28,7.33,80.6,32.9,82.7,0.6
42,29,7.19,48.5,31.8,85.9,0.6
42,30,7.08,100.9,33.4,80.9,0.6
42,31,7.38,91.1,20.4,93.3,0.6
42,32,7.47,108.7,20.2,84.6,0.6
42,33,6.87,77.5,34.8,82.4,0.6
42,34,7.19,78.4,19.8,81.5,0.6
42,35,7.49,77.6,27.5,87,0.6
42,36,6.9,90.2,7,85.5,0.6
42,37,7.24,94.5,26.7,82,0.6
42,38,7.06,98.8,15.7,84.8,0.6
42,39,7.26,70.4,24,85.2,0.6
42,40,6.75,70.5,10.7,92.9,0.6
42,41,6.82,36.2,31.6,92.7,0.6
42,42,7.29,98.4,24.5,96.9,0.6
42,43,6.91,81.3,16.1,95.5,0.6
42,44,6.96,100.6,18.1,98.2,0.6
42,45,7.42,68.3,27.5,94.1,0.6
42,46,6.78,82.9,30.2,92.2,0.6
42,47,7.48,48.5,19,95.4,0.6
42,48,6.77,81.9,11.8,94.2,0.6
42,49,7.29,79.8,25.7,94,0.6
42,50,7,96.3,27.4,90.7,0.6
43,0,6.81,58.9,25.4,95.9,0.6
43,1,7.48,61.9,27.8,89.5,0.6
43,2,6.73,108.3,13.1,98,0.6
43,3,6.93,77.6,16.1,86.8,0.6
43,4,7.18,61.9,20.2,90.2,0.6
43,5,7.03,98.3,26.4,97.6,0.6
43,6,7.4,56.9,14.4,92.4,0.6
43,7,6.88,79.3,19.2,96.4,0.6
43,8,7.28,74.6,19.4,87.7,0.6
43,9,7.37,36.6,32,97.7,0.6
43,10,6.82,103.8,20.8,80.2,0.6
43,11,7,104.8,33.1,95.7,0.6
43,12,6.91,36.4,9.5,97.2,0.6
43,13,7.12,83.5,31.1,86.3,0.6
43,14,6.7,104.2,12,97.6,0.6
43,15,6.97,93.8,24.8,94.9,0.6
43,16,7.42,47.7,24,87.8,0.6
43,17,7.16,64,18.9,96.2,0.6
43,18,7.42,62.9,21.3,93.6,0.6
43,19,7.21,83.9,31.5,92.4,0.6
43,20,6.8,44.6,18.1,95.7,0.6
43,21,7.16,99.2,27.8,81.4,0.6
43,22,6.97,33.8,25.3,95.6,0.6
43,23,7.22,38.9,15.9,94.2,0.6
43,24,7.19,71.7,21.5,85.3,0.6
43,25,7.45,67.2,12,90.2,0.6
43,26,6.94,108.6,34.8,90.8,0.6
43,27,7.12,43,35,82.5,0.6
43,28,7.46,40.6,8.7,93.3,0.6
43,29,7.22,103.9,31.4,88.8,0.6
43,30,6.76,62,33.4,90.6,0.6
43,31,6.96,58.6,26.9,81.7,0.6
43,32,7.3,43.4,23,84.7,0.6
43,33,6.72,36.2,19.4,81.5,0.6
43,34,6.7,85,13.2,86.4,0.6
43,35,6.73,47.1,27.6,98.3,0.6
43,36,6.86,60.5,16,87.5,0.6
43,37,7.21,75.6,22.9,85,0.6
43,38,7.16,94.8,30.5,92.2,0.6
43,39,6.85,32.7,32.3,93.9,0.6
43,40,6.72,67.4,10.3,97.8,0.6
43,41,6.73,90.9,13.4,85.2,0.6
43,42,7.25,90,34.2,85.6,0.6
43,43,7.34,82.9,21.2,96.5,0.6
43,44,7.4,31.6,20.4,88.7,0.6
43,45,7.1,40.9,17.9,96.7,0.6
43,46,7.03,80.7,30.2,93.4,0.6
43,47,6.74,106.7,29.6,97.4,0.6
43,48,7.21,31.7,29.3,90,0.6
43,49,7.42,94.9,34,91.9,0.6
43,50,6.71,77.1,29.5,94.7,0.6
44,0,6.98,57.6,18.8,97.7,0.6
44,1,7.11,36.6,30.4,98.1,0.6
44,2,6.81,104.3,29.4,88.8,0.6
44,3,6.89,68.7,11.2,80.4,0.6
44,4,7.48,48,25.2,81.3,0.6
44,5,7.46,91,19.1,90.2,0.6
44,6,7.41,40.2,24.4,98.3,0.6
44,7,6.78,79.9,19,89.2,0.6
44,8,6.93,70.2,15.2,80.4,0.6
44,9,7.24,50.8,19.6,93.6,0.6
44,10,6.97,41.6,11.1,83.8,0.6
44,11,7.19,81.9,17,87.8,0.6
44,12,7.03,79.5,13.6,85.6,0.6
44,13,7.16,30.4,31.3,87.5,0.6
44,14,7.07,98.2,28.7,95.8,0.6
44,15,7.08,83.2,20.2,80.1,0.6
44,16,6.84,34.2,22.4,87.8,0.6
44,17,6.83,90.5,33.4,92.7,0.6
44,18,6.85,105,26.3,80.4,0.6
44,19,6.78,103.1,19.2,84.3,0.6
44,20,7.25,66.1,35,89.5,0.6
44,21,7.35,39.1,9.3,90.6,0.6
44,22,7.36,38,13.1,91.7,0.6
44,23,7.34,31.4,11.1,85.6,0.6
44,24,6.83,88.5,15.3,91,0.6
44,25,6.94,96.1,9,93.3,0.6
44,26,7.1,102.1,31.3,94,0.6
44,27,6.92,106.3,27.8,92.5,0.6
44,28,7.44,90.2,27,81,0.6
44,29,7.42,93.2,25,84.7,0.6
44,30,6.87,105.2,17.9,83.1,0.6
44,31,7.13,40.1,24.6,97,0.6
44,32,6.84,30.6,21.6,82.5,0.6
44,33,7.44,84.6,15.1,98,0.6
44,34,7.5,50,12.3,83.7,0.6
44,35,7.46,86.9,8.8,84,0.6
44,36,6.75,39.9,18.2,96.2,0.6
44,37,6.98,60.5,5.7,81.4,0.6
44,38,6.77,66.9,17.9,80.3,0.6
44,39,7.41,66.7,19.4,83.2,0.6
44,40,7.46,66.5,23,96.8,0.6
44,41,6.79,43.5,10.1,85.4,0.6
44,42,6.96,93.7,27.2,86.1,0.6
44,43,7.39,67.9,14.9,82.5,0.6
44,44,6.88,97.4,34,82,0.6
44,45,6.81,103.3,17.3,96.9,0.6
44,46,7.21,71.2,10.5,81.1,0.6
44,47,7.46,30.2,29,91.3,0.6
44,48,7.15,67.4,18.4,94.7,0.6
44,49,7.16,100.9,8,90.1,0.6
44,50,6.78,99.4,5.3,96.4,0.6
45,0,7.35,34.6,16,82.5,0.6
45,1,7.04,68.6,8.3,83.2,0.6
45,2,6.71,52.1,29.3,81.3,0.6
45,3,6.79,43.2,13.5,84.1,0.6
45,4,6.81,103.5,12.6,92.9,0.6
45,5,6.85,47,23.3,81.8,0.6
45,6,7.15,94.4,21,93.9,0.6
45,7,6.88,108.8,31.7,96.4,0.6
45,8,6.73,76.5,7.1,91.9,0.6
45,9,7.24,98.4,34.5,96.3,0.6
45,10,6.92,95.4,15.6,90.2,0.6
45,11,7.13,36.7,13.9,88.5,0.6
45,12,6.71,107.5,6.5,80.6,0.6
45,13,7.24,65.5,12.6,93.7,0.6
45,14,7.06,68.2,16.7,98.4,0.6
45,15,6.93,76.2,18.6,98.5,0.6
45,16,7.24,51.6,13.7,91.2,0.6
45,17,6.75,36.6,14.2,88.5,0.6
45,18,7.36,64.7,31.4,90.3,0.6
45,19,6.76,37.9,21.6,90.3,0.6
45,20,7.29,38.6,17.9,81.9,0.6
45,21,7.42,82.6,25.7,86.9,0.6
45,22,7.15,63.5,27.9,80.1,0.6
45,23,7.33,40.8,6.2,81.2,0.6
45,24,6.82,52.1,9.8,91.3,0.6
45,25,7.33,101.1,11,93.6,0.6
45,26,7.35,89,10.2,92.4,0.6
45,27,6.93,84.8,15.4,96.9,0.6
45,28,7.07,63,25,89.8,0.6
45,29,7.45,85.2,18.1,85.3,0.6
45,30,7.11,101.9,6.3,91.8,0.6
45,31,7.39,57.3,6.1,80.6,0.6
45,32,7.4,81.2,11.7,80.8,0.6
45,33,7.39,55.6,22.9,95.9,0.6
45,34,7.11,88.2,11.1,90.4,0.6
45,35,6.99,98,10.1,95.7,0.6
45,36,6.97,54,22.9,98.2,0.6
45,37,6.98,78.3,33.2,80.8,0.6
45,38,7.17,88.9,8.5,94.8,0.6
45,39,6.74,104.3,33,97.5,0.6
45,40,7.5,73.6,7.5,90.6,0.6
45,41,7.49,44.8,17.6,94.5,0.6
45,42,7.43,92.8,19.5,99,0.6
45,43,6.88,43.7,14.2,89.6,0.6
45,44,6.71,67.1,21.1,81.2,0.6
45,45,7.2,46.4,18.2,81.4,0.6
45,46,7.38,46.6,18.7,83,0.6
45,47,7.21,85.3,13.8,81.4,0.6
45,48,7.4,69.1,8,93.6,0.6
45,49,7.05,58.8,34.5,84.3,0.6
45,50,7.18,93.2,13.8,89.4,0.6
46,0,6.76,48.5,6.4,98.1,0.6
46,1,7.09,59.7,21,82.8,0.6
46,2,7.19,47,9.8,86.9,0.6
46,3,7.24,66.5,21.4,83.5,0.6
46,4,6.93,41.5,31.9,81.3,0.6
46,5,7.06,42,30.9,97.8,0.6
46,6,7.48,77.3,21.8,93.5,0.6
46,7,7.1,48.9,5.1,93.4,0.6
46,8,6.98,45.6,6.6,82.5,0.6
46,9,7.3,86.8,17.4,88.8,0.6
46,10,7.4,100.4,17.2,90.6,0.6
46,11,7.4,108.1,32.3,96.8,0.6
46,12,6.9,49.3,21.5,93.7,0.6
46,13,7.29,65.5,16.1,97,0.6
46,14,7.11,104.4,34.3,90.2,0.6
46,15,7.11,51.7,26.1,95.3,0.6
46,16,6.81,64.6,15.3,88.7,0.6
46,17,7.05,79,7.6,85.7,0.6
46,18,7.47,105.4,19.3,91.7,0.6
46,19,7.25,47.6,30.4,97.5,0.6
46,20,7.48,63.3,34.1,85.1,0.6
46,21,6.89,67.4,28.4,92.3,0.6
46,22,6.97,79.2,13.7,96.5,0.6
46,23,7.15,85.2,23.8,93.5,0.6
46,24,6.74,100.4,12.9,88.6,0.6
46,25,6.87,94.6,6.2,84,0.6
46,26,7.21,78.8,12.2,94.9,0.6
46,27,6.91,56.8,17.1,81.9,0.6
46,28,7.47,79.8,14.9,80.9,0.6
46,29,7.45,51.8,32.1,84,0.6
46,30,7.27,57.8,27.7,82.1,0.6
46,31,7.11,30.1,16.6,84.5,0.6
46,32,7.35,49.7,31.8,86.9,0.6
46,33,7.02,59.2,21.7,95.1,0.6
46,34,7.13,102.2,30.2,81.2,0.6
46,35,7.36,100.1,6.8,84.5,0.6
46,36,7.36,82.3,6.9,82.5,0.6
46,37,7.46,59.5,33.9,84.1,0.6
46,38,6.99,40.6,8.7,94.9,0.6
46,39,6.89,68.1,12.7,95.2,0.6
46,40,7.12,99.7,21.5,80.2,0.6
46,41,7.45,70.3,22.3,87.7,0.6
46,42,7.47,74.2,18.7,89.7,0.6
46,43,6.95,38.8,28.7,90.9,0.6
46,44,7.38,83.1,19,84.6,0.6
46,45,7.19,61.1,34,88.3,0.6
46,46,7.25,89.2,22.8,84.1,0.6
46,47,7.38,109.5,15.8,92.8,0.6
46,48,6.88,104.3,18.4,96.8,0.6
46,49,6.81,58.2,11,88.8,0.6
46,50,7.16,67.8,22.8,92.8,0.6
47,0,7.17,104.7,29.5,83.9,0.6
47,1,7.16,69,33.5,87.2,0.6
47,2,7.02,37.1,14.2,83.7,0.6
47,3,6.97,109,13.7,82.9,0.6
47,4,7.11,50.8,11.3,88.4,0.6
47,5,7.42,79.4,6.4,86.4,0.6
47,6,7.35,46.1,34.5,85,0.6
47,7,6.99,45.1,14.3,87.2,0.6
47,8,7.29,54.1,8.6,87.4,0.6
47,9,6.96,84.8,9.8,86.1,0.6
47,10,7.03,46.9,18.7,94.8,0.6
47,11,6.87,34.7,12,93.7,0.6
47,12,7.43,44.5,14.8,82.9,0.6
47,13,6.71,84.2,21.1,93.1,0.6
47,14,6.88,67,24,80.9,0.6
47,15,7.48,103.7,24.1,81.8,0.6
47,16,6.96,104.5,27.8,91.4,0.6
47,17,7.15,47.2,27.2,94.3,0.6
47,18,7.02,91.4,34.2,86.1,0.6
47,19,7.46,34.8,7.7,93.1,0.6
47,20,6.96,31.8,32.6,91.8,0.6
47,21,7.27,53.9,5.6,95.4,0.6
47,22,6.82,34.6,28.3,95.1,0.6
47,23,7.14,95.5,6.9,94.1,0.6
47,24,7.34,43.9,24.2,84.1,0.6
47,25,7.07,35.4,9.6,86.9,0.6
47,26,7.21,80.3,12.4,93,0.6
47,27,7.4,58.3,30.2,89.8,0.6
47,28,7.13,102.8,32.8,86.1,0.6
47,29,6.82,44.1,24.8,98.8,0.6
47,30,6.72,38.3,14.9,95.7,0.6
47,31,6.87,51.2,20,98,0.6
47,32,7.24,86.7,13.7,93.5,0.6
47,33,7.49,104.3,9.3,96.8,0.6
47,34,7.02,58,22.2,96.5,0.6
47,35,7.44,73.3,20.2,92,0.6
47,36,6.79,82.1,20.9,95.6,0.6
47,37,6.81,58.9,26.2,94.9,0.6
47,38,6.93,68.1,16,90.5,0.6
47,39,7.06,41.7,17.5,92.5,0.6
47,40,6.83,54.1,16.5,88.5,0.6
47,41,6.8,109.4,29.7,96.1,0.6
47,42,7.48,41.8,19,84.2,0.6
47,43,7.47,100.1,30.2,80.2,0.6
47,44,7.36,70.1,18.9,92.1,0.6
47,45,7.26,58.7,34.3,95.8,0.6
47,46,6.91,60.8,10.8,98.1,0.6
47,47,6.95,77,15.4,98.4,0.6
47,48,6.71,100.1,19.9,86,0.6
47,49,7.1,102,31.7,92.4,0.6
47,50,6.96,53.3,20.6,95.6,0.6
48,0,6.72,38.6,24.8,96.3,0.6
48,1,6.73,42.8,35,91.9,0.6
48,2,7.42,108.1,18.1,83.3,0.6
48,3,6.79,82.6,11.8,90.2,0.6
48,4,7.27,86.3,17.8,80.8,0.6
48,5,6.71,69.7,30.1,95.8,0.6
48,6,7.42,88.7,26.9,81.2,0.6
48,7,6.81,105.1,19,83.3,0.6
48,8,6.84,101.7,30.2,87.5,0.6
48,9,7.2,97.3,23,90.6,0.6
48,10,7.44,98.6,7.1,91.8,0.6
48,11,6.98,42.7,27.6,89.5,0.6
48,12,7.16,44.6,16.9,88.8,0.6
48,13,7.49,46.4,10,92.8,0.6
48,14,7.22,39.4,26,94.7,0.6
48,15,6.77,102.2,33.7,83.2,0.6
48,16,6.77,106.2,17.5,96.5,0.6
48,17,6.73,50.7,9.5,81.8,0.6
48,18,6.79,68.1,15.4,88.1,0.6
48,19,7.46,39,22.1,92,0.6
48,20,7.22,75.4,17.3,89.9,0.6
48,21,6.91,37.5,22.2,82.4,0.6
48,22,6.72,47.1,21.8,86.6,0.6
48,23,7.15,70.4,31.9,86.2,0.6
48,24,6.88,53.3,10.3,80.4,0.6
48,25,7.24,39.6,22.5,91.4,0.6
48,26,7.19,39.3,18,92,0.6
48,27,7.42,48.4,28.9,85.9,0.6
48,28,7.47,92,25.2,91,0.6
48,29,6.89,97.9,26.2,90,0.6
48,30,6.96,102.2,28.1,82.9,0.6
48,31,6.75,50,17.1,80.2,0.6
48,32,7.33,63.8,15.8,83.7,0.6
48,33,6.84,94.4,22.3,82,0.6
48,34,7.11,56,9.3,91.6,0.6
48,35,7.47,48.5,14.1,84.5,0.6
48,36,6.84,57.1,9.5,81.3,0.6
48,37,7.34,37.2,21.1,83.9,0.6
48,38,6.82,104.8,6.9,91.5,0.6
48,39,7.33,96.3,16,92,0.6
48,40,7.01,102.5,20.7,85.2,0.6
48,41,7.14,107,16.9,94.3,0.6
48,42,7.09,40.2,7.2,97.1,0.6
48,43,6.89,50.3,17.5,84,0.6
48,44,7.05,106.9,7.2,83.8,0.6
48,45,7.2,55.1,13.2,92.1,0.6
48,46,6.8,36.7,30.8,94.3,0.6
48,47,7.4,77.3,12,95.5,0.6
48,48,7.36,71.9,22.8,82.7,0.6
48,49,7.04,32.5,20.9,84.4,0.6
48,50,7.42,40.1,18.6,83.1,0.6
49,0,7.24,74.9,5.4,85.2,0.6
49,1,7.04,91.3,12.6,88.1,0.6
49,2,7.25,103.5,5.8,80.1,0.6
49,3,6.7,53.7,19.5,87.7,0.6
49,4,6.92,65.3,28,82.2,0.6
49,5,6.92,56.8,29.2,98.9,0.6
49,6,7.04,91,27.5,89.6,0.6
49,7,6.8,86.3,23.4,84.6,0.6
49,8,6.78,47.9,23.1,97.1,0.6
49,9,7.46,36.4,9.6,85.4,0.6
49,10,6.87,51.6,9.2,80.8,0.6
49,11,6.91,45.4,31.2,82.1,0.6
49,12,7.14,69.3,27.3,90.7,0.6
49,13,7.15,47.1,21.2,92.1,0.6
49,14,6.92,42,6.9,91.9,0.6
49,15,7.15,97,20.9,95.9,0.6
49,16,7.43,78,12,89.7,0.6
49,17,6.99,67.1,22.8,89.3,0.6
49,18,7.45,48.9,6.4,88,0.6
49,19,7.3,59.5,8.1,92.7,0.6
49,20,6.7,59.3,20.9,85.5,0.6
49,21,7.39,107.8,9.2,88.4,0.6
49,22,7.03,32.5,21.7,96.6,0.6
49,23,7.47,65.1,32.6,81.4,0.6
49,24,6.93,47.3,27.3,87.3,0.6
49,25,7.09,90.1,12.6,81.5,0.6
49,26,7.14,108.8,27.6,88.9,0.6
49,27,6.82,91.1,27.8,89.3,0.6
49,28,7.21,81.1,5.3,94.9,0.6
49,29,6.87,65.6,24.7,98.8,0.6
49,30,7.18,109.4,19.2,86.4,0.6
49,31,6.93,45.3,30.9,80.3,0.6
49,32,6.91,108,9,86.9,0.6
49,33,7.46,46.5,16,90.7,0.6
49,34,7.07,44.8,5.5,94.2,0.6
49,35,6.93,52.5,20.6,87.4,0.6
49,36,7.28,74.9,21.8,90,0.6
49,37,6.84,47.7,32.9,86.7,0.6
49,38,7.32,59.3,32.7,81.8,0.6
49,39,6.79,39.1,18.2,91.4,0.6
49,40,7.27,35.1,30.8,83.9,0.6
49,41,6.81,56.6,14.8,92.8,0.6
49,42,7.04,99.8,23.8,86.6,0.6
49,43,7.11,70,29.7,89.4,0.6
49,44,7.09,60.9,12.3,98.1,0.6
49,45,6.97,102.1,19.5,87.1,0.6
49,46,6.98,105.1,18.5,83.2,0.6
49,47,7.1,99.3,17,90.7,0.6
49,48,7.29,36,16.7,85.1,0.6
49,49,7.38,32.9,24.4,82,0.6
49,50,7.32,99.7,16.4,81.5,0.6
50,0,7,86.8,5.5,85,0.6
50,1,7.33,98.9,19.1,87.5,0.6
50,2,6.87,78.9,9.5,84.2,0.6
50,3,6.82,73.9,34.6,92.6,0.6
50,4,7.11,96,19.5,98.1,0.6
50,5,6.82,63.9,27.7,89.7,0.6
50,6,7.03,33.9,31.2,92.7,0.6
50,7,7.1,38.1,19.8,97.8,0.6
50,8,6.92,107.6,26.5,81.9,0.6
50,9,7.09,103.8,19.1,82.9,0.6
50,10,7.34,86.8,11.7,90.9,0.6
50,11,7.05,76.7,26.8,91.8,0.6
50,12,6.74,94.8,15.3,90.9,0.6
50,13,7.28,75.5,24.3,80.1,0.6
50,14,6.71,84.1,9.1,80.3,0.6
50,15,7.45,109.3,14.1,85.2,0.6
50,16,6.94,31.4,23.9,98.6,0.6
50,17,7.5,84.3,32.3,88.2,0.6
50,18,7.25,105.5,18.7,85.2,0.6
50,19,7.13,102.4,5.5,83.1,0.6
50,20,6.75,44,8,86.4,0.6
50,21,6.77,49.3,25.7,92.3,0.6
50,22,6.85,75,33.4,96.5,0.6
50,23,7.04,46.2,11.5,86.4,0.6
50,24,7.4,84.6,29.6,84,0.6
50,25,7.49,75.8,24.5,98.5,0.6
50,26,7.09,47.3,13.6,85.6,0.6
50,27,7.25,32.8,26.6,81.6,0.6
50,28,7.14,73,27.2,82.8,0.6
50,29,7.41,106.4,12.6,81.5,0.6
50,30,6.91,39.5,26.4,90.3,0.6
50,31,7.33,105.3,25.8,94.4,0.6
50,32,6.88,68.6,21.9,85.2,0.6
50,33,7.43,61.1,34.6,84.7,0.6
50,34,7.27,89.2,19.1,98.4,0.6
50,35,7.34,42.8,16.4,82.4,0.6
50,36,7.23,46.5,16.7,90.5,0.6
50,37,7.17,100.8,28.4,94.3,0.6
50,38,7.14,40.1,16.8,89.4,0.6
50,39,7.44,96.6,9.7,91.3,0.6
50,40,6.83,88.7,8.4,92,0.6
50,41,7.2,57.3,13.8,85.2,0.6
50,42,7.44,33.5,21.9,88.5,0.6
50,43,7.22,55.8,8.8,89.2,0.6
50,44,7.23,42,16.3,81.6,0.6
50,45,7.26,85.7,30.3,87.4,0.6
50,46,7.47,81.2,19.6,82.2,0.6
50,47,6.78,92.9,26.6,81.1,0.6
50,48,7.23,68.9,26.1,86.6,0.6
50,49,7.28,31.7,6.7,83.6,0.6
50,50,7.19,65.3,19.8,87.8,0.6
51,0,6.98,71.9,13.9,97.6,0.6
51,1,7.38,105.6,27,83.3,0.6
51,2,7.18,69.6,32.6,94.4,0.6
51,3,6.9,91.7,34.7,86.9,0.6
51,4,7.09,100.5,26.5,89.7,0.6
51,5,7.32,102,26.3,83.5,0.6
51,6,7.06,45.2,13.4,91,0.6
51,7,7.42,49.6,10.4,82.3,0.6
51,8,7.44,107.9,18.5,88.9,0.6
51,9,6.87,79.9,29.1,80.5,0.6
51,10,6.75,102.8,24.5,94.7,0.6
51,11,7.08,49.5,14.9,94.9,0.6
51,12,7.35,104.4,14.6,82.5,0.6
51,13,6.88,62,30.7,96.4,0.6
51,14,7.45,78.4,18.7,94.8,0.6
51,15,6.8,99.3,13.9,90.6,0.6
51,16,6.97,37.8,24.3,87.4,0.6
51,17,7.05,53.9,16.1,81.3,0.6
51,18,7.49,41.9,11.3,95.2,0.6
51,19,7.42,102.3,34.8,90.8,0.6
51,20,7,32,17.6,80.6,0.6
51,21,7.03,83.5,7,83.2,0.6
51,22,6.85,55.2,9.7,94,0.6
51,23,7.07,56.7,31.2,90.2,0.6
51,24,7.35,47.3,13.7,98.9,0.6
51,25,7.3,69.8,5.6,98.4,0.6
51,26,6.98,54.5,33.8,94.6,0.6
51,27,6.96,33.4,29,94.4,0.6
51,28,7.49,78.8,8.8,80.9,0.6
51,29,6.84,42.3,34.6,96,0.6
51,30,6.71,107.2,34.3,88.2,0.6
51,31,7.19,40.4,22.7,80,0.6
51,32,7.28,67.7,22.3,84.4,0.6
51,33,6.84,42.9,11.4,86,0.6
51,34,7.43,94.5,5.9,85.2,0.6
51,35,7.13,56.4,19.2,85.3,0.6
51,36,7.02,73.3,28.7,93.5,0.6
51,37,6.83,42.7,22.7,85.9,0.6
51,38,7,54.6,7.1,90.3,0.6
51,39,6.74,80.5,8.3,82.6,0.6
51,40,7.39,69.2,19.3,83.9,0.6
51,41,7.01,44.4,25.8,98.9,0.6
51,42,7.41,45.3,15.7,95.3,0.6
51,43,7.27,106.3,18.5,98.1,0.6
51,44,7.49,57.3,16.1,81.5,0.6
51,45,7.22,60.9,8.5,88.1,0.6
51,46,7.21,91.9,16.1,88.2,0.6
51,47,6.82,43.2,16.3,98.1,0.6
51,48,6.81,99.6,24.1,83.7,0.6
51,49,7.25,72.1,14.2,95,0.6
51,50,7.12,49.4,22.7,88.7,0.6
52,0,7.32,105,25.2,84.8,0.6
52,1,6.79,30.2,9.3,82.4,0.6
52,2,7.32,79.1,33.7,95.9,0.6
52,3,6.95,30.6,8.3,83.4,0.6
52,4,7.42,33.8,27.8,94,0.6
52,5,7.22,30.9,25.1,94.3,0.6
52,6,7.5,49.6,15.5,84.3,0.6
52,7,7.19,51,11.1,82.1,0.6
52,8,6.78,57,14,93.8,0.6
52,9,7.12,97.9,16.1,86.2,0.6
52,10,7.5,81.7,21.4,87.8,0.6
52,11,7.41,104.3,30.5,84.8,0.6
52,12,6.83,45.3,13.6,91.8,0.6
52,13,7.32,99.6,32.1,93.5,0.6
52,14,7.35,51.3,19.1,97.7,0.6
52,15,6.93,62.1,14,82.4,0.6
52,16,7.16,36.9,14.5,84.9,0.6
52,17,6.83,77.6,6.6,87.7,0.6
52,18,7.39,46.6,31.1,80.7,0.6
52,19,6.9,100.1,14.7,90.1,0.6
52,20,7.16,73.4,32,96.1,0.6
52,21,7.15,50.9,32.7,95.8,0.6
52,22,6.71,60,34.4,84.9,0.6
52,23,6.83,79.3,21.6,94.3,0.6
52,24,6.95,77.5,6.4,93.4,0.6
52,25,7.46,82.8,6.9,92.3,0.6
52,26,6.75,60.7,28.4,88.1,0.6
52,27,6.77,100.8,29.1,92,0.6
52,28,7.34,83.6,26,84.7,0.6
52,29,7.12,102.2,21,95.6,0.6
52,30,6.98,67.3,30.5,90.5,0.6
52,31,7.12,85.4,28,84.9,0.7
52,32,7.4,82.4,26.7,94.1,0.7
52,33,6.72,61.4,12,80.1,0.7
52,34,7.46,63.6,24,92.8,0.7
52,35,7.43,73.2,24.9,89.8,0.7
52,36,7.21,30.3,33,83.5,0.7
52,37,7.3,64.3,27.8,81.4,0.7
52,38,6.77,35.6,29.5,90.8,0.7
52,39,7.45,76,16.1,97.2,0.7
52,40,7.22,57.9,13.1,93.3,0.7
52,41,7.38,72,31.5,90.9,0.7
52,42,7.46,100.4,28.4,98.7,0.7
52,43,6.73,93.5,24.2,83.2,0.7
52,44,6.71,38.8,8.7,91.8,0.7
52,45,6.86,90.4,22.4,96.5,0.7
52,46,7.17,83.1,15.9,92.2,0.7
52,47,7.06,46.9,13.9,87.9,0.7
52,48,6.77,66.5,17,83.8,0.7
52,49,7.5,48.9,15.9,85.7,0.7
52,50,7.09,65.9,17.1,84.4,0.7
53,0,7.36,63.7,17,85.7,0.7
53,1,7.13,38.1,21.9,96.9,0.7
53,2,6.83,88.4,11.6,93.9,0.7
53,3,6.92,39.8,10.3,97.9,0.7
53,4,7.39,47.8,19.5,80.4,0.7
53,5,6.98,65.2,27.1,97.6,0.7
53,6,7.22,50.3,29.7,89,0.7
53,7,6.73,40.8,11.4,80.3,0.7
53,8,7.35,83.8,22.1,82.6,0.7
53,9,6.72,46,7.7,93.6,0.7
53,10,7.41,57.9,27.5,86.7,0.7
53,11,7.34,81.1,10.3,81.2,0.7
53,12,7.26,85.7,28,91.9,0.7
53,13,7.32,92,23.6,94.2,0.7
53,14,7.29,50,25.1,89.6,0.7
53,15,7.11,56.3,12.5,91.2,0.7
53,16,7.28,34.6,17.7,93.1,0.7
53,17,7.01,63.5,9.3,95.1,0.7
53,18,7.31,70.8,14.6,82,0.7
53,19,7.38,40.7,25.4,90.4,0.7
53,20,6.8,54.8,8.5,82.5,0.7
53,21,7.42,65.8,9.6,95,0.7
53,22,7.43,58.9,5.4,96.8,0.7
53,23,7.27,89,32.7,93.7,0.7
53,24,6.88,57,25.5,82.7,0.7
53,25,7.27,70.2,21.4,93,0.7
53,26,7.11,66.6,23.1,93.9,0.7
53,27,6.75,59.4,23.6,96.4,0.7
53,28,7.23,108.1,18.6,92.2,0.7
53,29,7.05,31.8,25.7,93.8,0.7
53,30,7.29,39.2,33,92.1,0.7
53,31,6.77,79.6,21.9,93.8,0.7
53,32,6.79,31.5,28.7,80,0.7
53,33,7.37,32.9,15.3,96.9,0.7
53,34,6.91,68.6,30,91.9,0.7
53,35,6.99,105.1,33.9,88.7,0.7
53,36,7.47,56.8,9.3,93.4,0.7
53,37,6.92,53.3,18.7,97.1,0.7
53,38,6.7,58.7,15,98.8,0.7
53,39,7.4,35.3,31.1,80.9,0.7
53,40,7.42,44.4,22.4,96.6,0.7
53,41,7.35,34.1,6.1,80.1,0.7
53,42,7.28,101.8,10.5,84.2,0.7
53,43,7.19,87.4,31.3,85.2,0.7
53,44,7.23,98.9,11.3,84.7,0.7
53,45,7.23,42.2,25.6,98,0.7
53,46,7.48,108.1,26.7,89.2,0.7
53,47,6.97,34.5,23.9,93,0.7
53,48,7.31,43.3,28.7,95.8,0.7
53,49,7.36,45.8,20.9,81,0.7
53,50,7.29,54,20.8,87.4,0.7
54,0,7.18,55.6,33.7,94.8,0.7
54,1,7.4,57,29.5,89.2,0.7
54,2,7.09,101.1,20.7,87.4,0.7
54,3,6.84,91.3,26.6,89.4,0.7
54,4,7.18,84.4,14.6,93.2,0.7
54,5,7.41,44,31.6,88.4,0.7
54,6,7.24,87.1,5.7,85.8,0.7
54,7,6.77,43.5,30.9,90.5,0.7
54,8,7.17,49.1,18,83,0.7
54,9,7.24,44.6,13.3,81.2,0.7
54,10,7.14,48.2,30.6,97.6,0.7
54,11,7.48,99.6,24.2,93.7,0.7
54,12,7.4,94.4,14.1,81.4,0.7
54,13,7.02,34.9,6.8,80.3,0.7
54,14,7.26,73.9,10.8,96.9,0.7
54,15,6.82,50.8,11.5,94.3,0.7
54,16,6.76,90.1,27.2,97.5,0.7
54,17,7.4,35.2,21.6,83.2,0.7
54,18,7.33,63.7,10.2,94.7,0.7
54,19,7.12,75.7,30.9,92.4,0.7
54,20,7.06,100.3,21.8,81.2,0.7
54,21,6.94,54.3,20.3,92.2,0.7
54,22,7.42,101,29.8,95,0.7
54,23,7.01,87.2,33.6,97.2,0.7
54,24,7.35,56.1,14.8,90.4,0.7
54,25,6.79,46.8,27.4,94.2,0.7
54,26,7.3,107.9,16.7,91.7,0.7
54,27,7.45,32.7,13.1,88.5,0.7
54,28,7.45,73.7,7.3,86.3,0.7
54,29,7.14,48,20.5,94.7,0.7
54,30,6.91,108.1,13.1,87.4,0.7
54,31,6.85,76.2,10.7,89.2,0.7
54,32,6.82,64.7,9,81.8,0.7
54,33,7.43,75.2,24.5,89.6,0.7
54,34,7.29,66.9,19,95.3,0.7
54,35,7.08,60.3,5.4,85.3,0.7
54,36,7,100.7,26.1,84.6,0.7
54,37,7.1,108.4,16.5,97.7,0.7
54,38,7.2,38.3,18.5,85.4,0.7
54,39,7.44,74.5,18.7,96,0.7
54,40,7.45,32.6,20.3,92.4,0.7
54,41,7.41,47.5,17.9,96.8,0.7
54,42,6.83,85.2,12.2,86.2,0.7
54,43,6.91,40.3,20.2,90.1,0.7
54,44,7.29,91.9,24.1,90.2,0.7
54,45,6.8,51.9,27.2,83.9,0.7
54,46,7.49,95.8,32.8,80.1,0.7
54,47,7.35,43.6,33.3,87.7,0.7
54,48,7.35,32.1,16.3,89.9,0.7
54,49,6.88,84.7,17.8,85.6,0.7
54,50,7.09,42.4,11.9,91.6,0.7
55,0,7.33,33,31.5,88.9,0.7
55,1,6.92,107.6,34,85.6,0.7
55,2,7.36,108.2,14.9,91.5,0.7
55,3,7.31,109.9,7.3,86.6,0.7
55,4,6.88,33.7,12.9,82.2,0.7
55,5,6.84,78.3,26.1,92.7,0.7
55,6,6.9,106.6,19.1,85.4,0.7
55,7,7.23,85.9,33.6,92.4,0.7
55,8,6.99,51.1,19,90.8,0.7
55,9,6.75,39.7,26.7,82.9,0.7
55,10,6.95,77,29.2,92.6,0.7
55,11,6.73,96.4,30.3,90,0.7
55,12,6.97,44.6,28.8,93.7,0.7
55,13,6.77,104.7,34.5,83.6,0.7
55,14,6.98,102.2,5,88,0.7
55,15,7.09,49.7,12.2,93.4,0.7
55,16,6.78,54.1,7.2,87.3,0.7
55,17,7.04,33.1,26.7,81.2,0.7
55,18,6.73,31,14.7,85.5,0.7
55,19,6.89,33.2,8.2,91.3,0.7
55,20,7.41,99.8,19.2,81.6,0.7
55,21,7.15,56.5,24.1,92.5,0.7
55,22,6.99,66.1,25.1,97.5,0.7
55,23,7.07,46.7,11.2,81.3,0.7
55,24,7.11,106.2,29.2,96.1,0.7
55,25,6.72,106.5,21.4,84.3,0.7
55,26,7.48,30.1,20.2,97.3,0.7
55,27,6.91,89.3,30.5,93.1,0.7
55,28,6.77,101.9,14.3,87.3,0.7
55,29,6.85,36.4,26.2,91.2,0.7
55,30,7.43,35.9,33.7,81.8,0.7
55,31,7.43,36.3,35,92.7,0.7
55,32,7.27,82.2,11.1,98.5,0.7
55,33,7.21,37.8,5.1,80.2,0.7
55,34,7.32,68.3,32.2,91.1,0.7
55,35,7.2,73.1,30.1,92.9,0.7
55,36,7.15,92.7,5.9,85.8,0.7
55,37,7.36,47.1,15.3,95,0.7
55,38,7.32,32.4,29.5,81,0.7
55,39,6.81,104.3,21.6,85.2,0.7
55,40,7.2,74.5,18.6,85.6,0.7
55,41,6.8,94.4,29.4,94.2,0.7
55,42,6.95,42.6,12.6,89.4,0.7
55,43,7.17,92.4,13.4,92.1,0.7
55,44,7.23,69.5,13.4,80.9,0.7
55,45,6.79,33.9,14.5,80.4,0.7
55,46,7.49,51.2,14,97.5,0.7
55,47,7.06,48,15.9,81.2,0.7
55,48,7.17,89.6,30.2,90.1,0.7
55,49,7.19,53.5,33.7,94.3,0.7
55,50,6.85,35.2,32.5,94.2,0.7
56,0,7.4,96.7,19.4,84.2,0.7
56,1,7.35,40.3,15,82.2,0.7
56,2,7.5,61.4,9.9,94,0.7
56,3,6.72,60.3,24.1,94.7,0.7
56,4,6.71,64.6,13.7,84.7,0.7
56,5,6.71,45.1,34.8,83,0.7
56,6,7.48,96.1,7.6,97,0.7
56,7,7.3,74,25.1,84.5,0.7
56,8,6.79,33.3,29,91.4,0.7
56,9,7.23,59,30.2,85.9,0.7
56,10,7.03,57.7,34.4,83.4,0.7
56,11,7.15,74.7,34,93.3,0.7
56,12,6.84,96.9,28.1,88.1,0.7
56,13,6.87,58.7,9.3,81.2,0.7
56,14,6.85,57.8,29.4,98.2,0.7
56,15,7.17,77.9,11.4,92.4,0.7
56,16,6.89,47.6,31.2,81.8,0.7
56,17,7.4,32.5,28.8,98.2,0.7
56,18,7.05,56.1,19.2,91.4,0.7
56,19,6.84,61.1,24.3,95.5,0.7
56,20,7.11,77.4,22.7,93.7,0.7
56,21,7.4,97.1,17.9,82,0.7
56,22,7.28,86.8,8.3,87.2,0.7
56,23,6.87,101.6,18.2,90.4,0.7
56,24,7.22,57.2,14.6,90.1,0.7
56,25,7.39,74.7,6.7,91.2,0.7
56,26,7.14,105.8,9.3,81.3,0.7
56,27,6.85,42.7,29.8,91,0.7
56,28,6.88,67.3,18.2,96.5,0.7
56,29,7.11,66.8,27,87.5,0.7
56,30,6.87,90.3,28.4,87.8,0.7
56,31,6.82,96.4,20,86.8,0.7
56,32,6.96,32.5,18.7,96.9,0.7
56,33,7.34,47.3,14.8,89.7,0.7
56,34,7.23,34.2,31.7,86.4,0.7
56,35,7.36,89.1,16.9,91.9,0.7
56,36,6.86,62.4,8.6,80.1,0.7
56,37,6.9,57.9,17.6,96.7,0.7
56,38,6.83,43.4,8.7,86.5,0.7
56,39,7.03,81.6,13.7,86.2,0.7
56,40,6.86,73,32.9,89.6,0.7
56,41,7.43,58.4,20.5,98.1,0.7
56,42,7.44,35.8,10.2,92.1,0.7
56,43,6.92,39.4,17.3,92.2,0.7
56,44,6.79,79,33.9,92.2,0.7
56,45,7.31,63.4,23.6,89.6,0.7
56,46,7.04,92.7,23.4,84.6,0.7
56,47,6.99,45.2,13,82.7,0.7
56,48,6.7,95.9,29.9,87.8,0.7
56,49,7.05,62.8,7.4,86.3,0.7
56,50,6.97,66,16.7,83.6,0.7
57,0,7.29,91.3,17,94.5,0.7
57,1,6.73,84.3,30.3,87.6,0.7
57,2,7.33,55.2,24.1,87,0.7
57,3,6.83,89.7,20.3,80.3,0.7
57,4,6.91,101.9,29.1,87.4,0.7
57,5,7.44,46.8,29.8,81.4,0.7
57,6,7.47,101,21.8,80.1,0.7
57,7,7.26,75,32.8,80.8,0.7
57,8,6.92,80.6,27.9,91.7,0.7
57,9,7.15,103.8,6,88.8,0.7
57,10,7.22,58,15.5,95.7,0.7
57,11,6.74,41.6,34.6,98.5,0.7
57,12,6.84,43.4,26.3,87.6,0.7
57,13,7.25,42.4,18.3,90.5,0.7
57,14,7.1,63,10,84.3,0.7
57,15,7.37,56.2,28.1,93.3,0.7
57,16,7.41,54.4,18.2,88.9,0.7
57,17,7.24,31.5,10.4,86.4,0.7
57,18,7.42,104.5,30,97.7,0.7
57,19,7.32,57.7,10.2,94.7,0.7
57,20,6.85,39.4,25,90,0.7
57,21,7.01,93,19.5,87.1,0.7
57,22,6.81,73.8,34.4,89.6,0.7
57,23,7.39,51.1,25.8,96.6,0.7
57,24,7.38,93.8,34.9,86.1,0.7
57,25,6.81,39.1,27,94.7,0.7
57,26,7.13,91.8,7.5,86.9,0.7
57,27,7.34,32.4,21.2,84.8,0.7
57,28,7.13,80.1,21.8,85.9,0.7
57,29,7.2,57.8,13.1,84.3,0.7
57,30,6.98,34.2,29.4,87.8,0.7
57,31,7.04,94.6,19.4,86.4,0.7
57,32,7.25,68.7,14.5,82.1,0.7
57,33,7.16,85.8,9.6,87.6,0.7
57,34,6.91,89.8,22,83,0.7
57,35,6.84,76.9,19.9,83.1,0.7
57,36,7.17,69.6,25.6,80.2,0.7
57,37,7.17,108.4,23.3,83.4,0.7
57,38,7.48,56,21.3,91.8,0.7
57,39,7.33,79.3,5.2,82.8,0.7
57,40,6.74,106.3,8.5,98.7,0.7
57,41,6.81,98.9,13,80.3,0.7
57,42,7,47.8,12.1,93,0.7
57,43,6.79,89.8,12.6,96.7,0.7
57,44,7.12,92,31.9,95.1,0.7
57,45,6.95,32.5,32.7,92.9,0.7
57,46,7.3,79.9,21.1,89.2,0.7
57,47,6.81,46.8,33.4,83.4,0.7
57,48,7.47,80.4,20.6,92.1,0.7
57,49,7.28,109.1,33.5,95.8,0.7
57,50,7.26,96.6,16.1,94.9,0.7
58,0,7.2,87.7,29.6,93.6,0.7
58,1,7.16,75.2,33.1,81,0.7
58,2,7.19,67.3,30.8,90.7,0.7
58,3,7.22,82.2,10.7,87.8,0.7
58,4,7.06,40.9,19.5,85.8,0.7
58,5,6.92,101.6,11.4,89.5,0.7
58,6,7,90.5,21.6,98.3,0.7
58,7,7.14,72.7,8.1,90.8,0.7
58,8,7.18,38.5,31.4,86.7,0.7
58,9,7.15,73.8,14.7,89.4,0.7
58,10,7.2,87,24.1,88.6,0.7
58,11,6.75,35.6,29.3,90.8,0.7
58,12,6.89,51,13.2,93.6,0.7
58,13,7.21,53,22.8,95.8,0.7
58,14,7.16,95.8,9.6,85.9,0.7
58,15,7.11,51.7,33.6,93.5,0.7
58,16,7.49,86,10.6,86.8,0.7
58,17,6.93,85.2,34.7,94.8,0.7
58,18,7.31,30.3,8.5,94.8,0.7
58,19,6.99,82.9,6.9,80.8,0.7
58,20,6.96,91.1,13.1,80.7,0.7
58,21,6.75,103.8,8.1,93.1,0.7
58,22,7.12,32.4,5.5,97.1,0.7
58,23,6.73,56,26.3,83.1,0.7
58,24,6.9,38.7,15.7,86.1,0.7
58,25,7.31,99.4,18.8,96.2,0.7
58,26,7.23,49.8,14.4,83.6,0.7
58,27,6.85,57.1,30.3,81.3,0.7
58,28,7.28,34.9,33.4,96.2,0.7
58,29,7.26,74.6,33.3,83.8,0.7
58,30,7.39,82.8,19.8,83.8,0.7
58,31,6.91,33.1,25.7,91,0.7
58,32,7.25,57.7,34.9,96.1,0.7
58,33,7.41,100.1,29.6,97.1,0.7
58,34,7.05,103.5,22.1,83.4,0.7
58,35,7.32,83.5,21.8,94.4,0.7
58,36,7.17,36,28.7,92.9,0.7
58,37,7.28,51.6,28.2,98.4,0.7
58,38,6.81,72.2,17.8,95.2,0.7
58,39,7.02,108,25.6,91.4,0.7
58,40,6.81,94.2,19.1,85,0.7
58,41,7.16,58.5,31,90.7,0.7
58,42,7.11,70.7,29.2,89,0.7
58,43,6.84,48.4,13.7,95.3,0.7
58,44,6.77,43.5,32.5,96.9,0.7
58,45,7,109.4,5.7,91.5,0.7
58,46,6.86,89,6.1,95.4,0.7
58,47,6.76,102.1,28.9,82.4,0.7
58,48,6.85,37.2,9.7,95,0.7
58,49,6.87,70.5,23.5,94.1,0.7
58,50,7.01,96.5,18.8,95.2,0.7
59,0,7.39,58.9,13.4,90,0.7
59,1,7.04,57.8,12.6,87.9,0.7
59,2,6.89,56.2,5.3,81.4,0.7
59,3,6.74,38,11.7,96.9,0.7
59,4,7.39,34.5,15,90.7,0.7
59,5,7.48,59.8,26.8,86.9,0.7
59,6,6.71,94.1,14.1,97.3,0.7
59,7,6.96,55.5,29.5,85.9,0.7
59,8,7.18,69.3,15.3,88.2,0.7
59,9,7.04,48.8,8.4,97.6,0.7
59,10,7.34,58.5,11.6,84.4,0.7
59,11,6.93,47.6,10.6,87,0.7
59,12,7.22,82.9,20.3,92.4,0.7
59,13,6.75,89,29.9,96.1,0.7
59,14,6.95,70.7,27.8,82.4,0.7
59,15,7.28,100.9,24.3,86,0.7
59,16,6.74,52.2,33.4,92,0.7
59,17,7.08,88.4,6.8,94.9,0.7
59,18,6.99,35.8,23.2,86.9,0.7
59,19,7.48,50.8,33.7,82.9,0.7
59,20,6.83,74,12.4,84.1,0.7
59,21,7.33,107.3,7.2,98.7,0.7
59,22,6.93,56.4,15.1,81.6,0.7
59,23,6.86,72.1,31.4,96.8,0.7
59,24,6.88,70.4,27.1,90.9,0.7
59,25,6.98,100.7,14.2,85.7,0.7
59,26,6.85,77.8,29,82.9,0.7
59,27,7.17,84.8,7.7,97.1,0.7
59,28,7.42,53.9,7.1,94.6,0.7
59,29,7.27,105.2,30.1,98,0.7
59,30,6.91,59,32.8,98.3,0.7
59,31,6.74,65.2,18.5,94.3,0.7
59,32,6.92,69.2,28.9,93.2,0.7
59,33,6.92,39.6,15.9,92.6,0.7
59,34,7.19,74.3,22.6,86.9,0.7
59,35,7.42,104.4,17.5,94.8,0.7
59,36,7.3,44.2,31.8,84,0.7
59,37,7.13,77.2,25.6,83.9,0.7
59,38,7.02,55.8,22.8,95.2,0.7
59,39,7,53.4,27.7,85.3,0.7
59,40,7.43,34.9,23.4,83.4,0.7
59,41,7.26,39.4,5.1,81.7,0.7
59,42,6.94,36.1,24.8,98.9,0.7
59,43,6.8,33.6,34.2,90.3,0.7
59,44,7.44,97.2,6.5,80.6,0.7
59,45,6.88,104.9,15.6,94.7,0.7
59,46,6.9,56.2,31.5,84.6,0.7
59,47,6.86,84,15,96,0.7
59,48,7.46,50.2,16.8,98.1,0.7
59,49,7.47,55.2,26.2,87.1,0.7
59,50,6.7,43.4,30.1,94.2,0.7
60,0,7.23,34.6,18.9,80.8,0.7
60,1,7.48,41.5,28.4,80.6,0.7
60,2,7.21,106.1,32.1,98.2,0.7
60,3,7.46,34,28.6,93.4,0.7
60,4,7.01,99.1,18.2,94.3,0.7
60,5,7.28,100,23.4,89.3,0.7
60,6,7.2,71.5,10.1,86.2,0.7
60,7,7.17,108.2,9,94.3,0.7
60,8,7.15,75.5,17.4,82.7,0.7
60,9,6.94,63.5,30,85.2,0.7
60,10,6.95,30.2,22.1,92.6,0.7
60,11,7.49,41.4,31.7,95.1,0.7
60,12,7.47,41.2,23.1,87.4,0.7
60,13,7.05,108.9,8.9,91.9,0.7
60,14,7.16,88.8,20.5,85,0.7
60,15,7.09,104.2,15.2,93.6,0.7
60,16,6.81,35,9.1,96.1,0.7
60,17,6.74,47.2,16.6,91.1,0.7
60,18,7.17,62,18.6,80.2,0.7
60,19,7.21,109.9,10,90.5,0.7
60,20,7.21,91,33.1,83.9,0.7
60,21,7.44,96.9,20.9,95.4,0.7
60,22,6.89,53.4,17.1,88.4,0.7
60,23,7.01,91.2,18.3,80.4,0.7
60,24,6.81,86.8,25.2,92.5,0.7
60,25,6.71,82.1,26.3,86.1,0.7
60,26,7.09,69.8,24.3,97.4,0.7
60,27,7.02,87.2,14.9,88.1,0.7
60,28,7.16,57.9,26.5,90.7,0.7
60,29,7.21,105.1,17.1,85.1,0.7
60,30,7.44,76.3,21.4,91.8,0.7
60,31,6.81,109.4,10.1,80.7,0.7
60,32,7.18,45.3,7.7,94.3,0.7
60,33,6.8,40.4,20.5,92.3,0.7
60,34,7.23,87.9,20.4,83.3,0.7
60,35,7.09,33.6,31.1,91.9,0.7
60,36,7.1,62.9,22,93.6,0.7
60,37,7.06,80.1,13.2,86.4,0.7
60,38,7.01,89,16.4,86.1,0.7
60,39,7.03,54.1,27.5,88.4,0.7
60,40,6.78,99.7,33,94.2,0.7
60,41,6.74,47.2,32.1,97.4,0.7
60,42,7.42,67.2,24.5,94,0.7
60,43,6.71,87.7,15.8,96,0.7
60,44,6.8,105.4,7.6,86,0.7
60,45,7.4,31.4,11,81.5,0.7
60,46,7.03,81.6,27.4,84,0.7
60,47,6.82,80.7,11.2,93.6,0.7
60,48,7.46,36.7,28.5,82.8,0.7
60,49,7.41,34.4,17,92.8,0.7
60,50,6.8,43.3,22.9,87.4,0.7
61,0,7.49,91.7,34.1,88,0.7
61,1,7.06,97.1,16,90,0.7
61,2,7.3,70.7,24.8,95.3,0.7
61,3,6.91,92.7,14.1,97.2,0.7
61,4,7.47,85.7,28.8,92.5,0.7
61,5,7.34,99.5,23.3,80.3,0.7
61,6,7.03,81.9,31.4,96.8,0.7
61,7,6.87,32.5,16.4,87,0.7
61,8,6.79,68.2,29.6,98.8,0.7
61,9,7.18,61.6,15.2,81.8,0.7
61,10,7.02,40.3,5.5,81.2,0.7
61,11,7,78.6,14.5,83.7,0.7
61,12,7.49,81,24.4,89,0.7
61,13,7.38,32,8.8,90.7,0.7
61,14,7.13,66.3,29.4,85.3,0.7
61,15,6.97,58.4,11.9,87.1,0.7
61,16,7.14,67.5,25.5,82.6,0.7
61,17,7.03,64.3,31.3,94.9,0.7
61,18,7.5,102.4,11.2,85.3,0.7
61,19,7.36,67.1,6.1,84.8,0.7
61,20,7.45,72,16.6,85.1,0.7
61,21,6.86,58.3,26.7,90,0.7
61,22,7.17,42.2,34,98.5,0.7
61,23,6.84,66.5,15.8,88.9,0.7
61,24,6.97,90,22.2,91.5,0.7
61,25,6.85,87.2,26.7,94.8,0.7
61,26,6.81,108.6,19.6,80.6,0.7
61,27,6.85,49.4,9.7,84.4,0.7
61,28,7.25,72.4,6.5,90.4,0.7
61,29,6.89,44.2,9.6,83.5,0.7
61,30,7.3,46.1,26.6,91.9,0.7
61,31,6.88,57.7,9.7,81.1,0.7
61,32,6.85,90.5,35,89.5,0.7
61,33,7.39,74,24.6,93.4,0.7
61,34,7.14,30,21.2,85,0.7
61,35,6.72,79.9,21.8,90.5,0.7
61,36,7.31,82.9,25.3,82.4,0.7
61,37,7.31,45.7,12,87.1,0.7
61,38,6.82,32,11.3,97.1,0.7
61,39,6.78,77,18.2,96.6,0.7
61,40,7.16,78.6,10.7,88.3,0.7
61,41,7.27,73.5,21.6,93.4,0.7
61,42,6.76,98.6,7.2,88,0.7
61,43,7.11,44.8,32.4,93.5,0.7
61,44,6.96,82.2,28.6,81.8,0.7
61,45,7.08,40.6,15.3,88.6,0.7
61,46,7.09,86.7,20.5,93.5,0.7
61,47,7.15,87.1,24,95,0.7
61,48,7.38,45.5,11.4,93.7,0.7
61,49,7.18,32.9,30.9,90.4,0.7
61,50,6.95,100.3,25.9,96.6,0.7
62,0,7.04,88.8,10.6,83.1,0.7
62,1,6.79,35.6,24.9,82.2,0.7
62,2,7.07,47.4,19.9,81.5,0.7
62,3,7,94.1,28.9,90.4,0.7
62,4,6.85,107.1,34.7,81.9,0.7
62,5,6.96,102.4,12.2,93.7,0.7
62,6,7.14,44,28.9,82.9,0.7
62,7,7.24,38.1,13.5,89.1,0.7
62,8,7.42,88.7,12,86.3,0.7
62,9,7.45,57.3,9.4,93.6,0.7
62,10,7.13,106.6,31.6,80.2,0.7
62,11,7.26,67.1,24,94.5,0.7
62,12,6.71,83.7,30.8,95.5,0.7
62,13,7.04,96.9,7.9,89.3,0.7
62,14,7.04,74.4,25.9,92.6,0.7
62,15,7.13,77.3,34.8,92.5,0.7
62,16,6.89,78.6,25.1,85,0.7
62,17,7.21,71,6.8,91.1,0.7
62,18,7.44,61,25.4,82.4,0.7
62,19,7.21,93.7,17.8,91.4,0.7
62,20,6.97,78.9,13.1,91.5,0.7
62,21,6.8,101.1,17.5,84.9,0.7
62,22,6.94,84.8,23,86.5,0.7
62,23,7.32,89.7,30.7,97.2,0.7
62,24,6.8,69.8,22.7,97.8,0.7
62,25,6.81,57.8,28.3,82.5,0.7
62,26,6.76,43.8,5.1,86.5,0.7
62,27,7.01,95.9,5.3,88.9,0.7
62,28,7.01,84.7,24.1,91.3,0.7
62,29,6.85,95.7,21.2,82.1,0.7
62,30,6.76,30.7,27,98.7,0.7
62,31,6.72,103.5,11.6,94.9,0.7
62,32,7.46,35.3,7.8,84.3,0.7
62,33,7.48,32.4,5.7,88.7,0.7
62,34,7.12,46,34.7,91.8,0.7
62,35,7.15,102.6,11.1,84.8,0.7
62,36,7.2,108,10.6,96.5,0.7
62,37,6.83,40.8,30.6,90.2,0.7
62,38,7.33,90.5,26,98,0.8
62,39,6.71,51.3,22.6,96.3,0.8
62,40,6.74,102.6,34.4,89.1,0.8
62,41,7.18,33,5.6,82.2,0.8
62,42,6.85,47.7,34.2,94.2,0.8
62,43,6.75,80,25,93.3,0.8
62,44,7.38,64.7,28.1,92.7,0.8
62,45,6.75,69.7,29.1,92.7,0.8
62,46,7.26,72.7,28.3,84,0.8
62,47,6.84,71,13,87.7,0.8
62,48,6.91,87.1,19.8,82.5,0.8
62,49,6.77,109.7,31.7,80.9,0.8
62,50,7.34,82.9,12.5,85.1,0.8
63,0,6.86,93.5,24.1,93,0.8
63,1,7.32,61.3,15.3,91.5,0.8
63,2,6.81,34.6,11,94.2,0.8
63,3,7.35,58.8,27.3,90.6,0.8
63,4,6.83,94.9,19.7,87.9,0.8
63,5,7.04,33.4,25.5,95.4,0.8
63,6,7.01,40,15.5,82.4,0.8
63,7,7.18,32.3,5.9,95.3,0.8
63,8,7.34,53.4,23.6,81.5,0.8
63,9,7.42,77.9,31.9,93.6,0.8
63,10,7.09,92.6,25.9,85.9,0.8
63,11,7.19,99.7,27.8,82.5,0.8
63,12,7.25,81.1,33.4,90,0.8
63,13,6.72,35.6,30.8,88.5,0.8
63,14,6.98,64.5,10.2,87.1,0.8
63,15,7.02,40.1,14.4,97.2,0.8
63,16,7.03,94.1,6.4,82,0.8
63,17,6.81,100.5,13.5,84.4,0.8
63,18,6.83,35,29,83.1,0.8
63,19,7.02,50.4,31.5,97,0.8
63,20,7.36,92.7,29.2,80.6,0.8
63,21,7.17,98.6,7,81.2,0.8
63,22,7.21,84.3,19.5,98.5,0.8
63,23,7.29,34.4,14.8,83.7,0.8
63,24,6.99,49.7,34.9,80.8,0.8
63,25,6.85,92.1,33.7,83.1,0.8
63,26,7.37,71.4,15,92.2,0.8
63,27,7.47,107.6,5.6,80.8,0.8
63,28,7.06,51.3,6.3,89.4,0.8
63,29,6.99,74.3,11.8,85.3,0.8
63,30,7.13,32.6,34,93.8,0.8
63,31,7.01,74.1,11.5,80.3,0.8
63,32,7.11,36.6,24.2,95.2,0.8
63,33,6.71,76.8,7.8,94.4,0.8
63,34,6.83,59,10.7,91.3,0.8
63,35,7.08,73.5,34,82.7,0.8
63,36,7.36,81.7,15.2,92.2,0.8
63,37,6.87,106.4,26.3,94.9,0.8
63,38,6.92,109.5,31.5,93.4,0.8
63,39,7.09,54.5,10.2,93.3,0.8
63,40,7.29,65.1,30.4,93.3,0.8
63,41,6.79,84,21.5,85,0.8
63,42,7.49,80.4,14,90.1,0.8
63,43,7.33,87.4,32.5,96.1,0.8
63,44,7.45,69,33.7,98.9,0.8
63,45,7.32,74.3,30.9,93.2,0.8
63,46,6.8,100.8,31.8,87.3,0.8
63,47,7.25,94.5,27.9,98.3,0.8
63,48,7.46,33.9,10.4,88.6,0.8
63,49,6.74,102.4,25.4,93.9,0.8
63,50,7.15,74.9,29.3,86.1,0.8
64,0,7.48,59.3,31.7,82.3,0.8
64,1,7.09,71.2,14.2,98.5,0.8
64,2,7.22,52.5,5.2,86.6,0.8
64,3,6.72,63.8,8.8,99,0.8
64,4,7.1,84.4,21.3,95.4,0.8
64,5,7.07,59.6,12.6,81.5,0.8
64,6,7.45,43.5,13.5,97.5,0.8
64,7,7,68.3,5.9,97.3,0.8
64,8,7.45,52,18.9,87.9,0.8
64,9,7.03,95.8,18.6,89.2,0.8
64,10,7.41,53.8,22.9,93.9,0.8
64,11,7.25,80.9,23.1,83.7,0.8
64,12,7.36,54.2,11.6,80.8,0.8
64,13,7.19,59.6,6.2,86.6,0.8
64,14,6.9,89.6,14.3,91.1,0.8
64,15,6.96,39.7,14.2,88.7,0.8
64,16,7.39,42.2,19.7,92.2,0.8
64,17,7.29,62,25.1,88.9,0.8
64,18,7.08,38.3,24.3,85.9,0.8
64,19,7.44,104.2,22,96.3,0.8
64,20,7.32,68.3,20.9,83.7,0.8
64,21,6.85,42.1,28,93.4,0.8
64,22,6.98,33.4,19.5,82.4,0.8
64,23,7.07,107.7,16.9,97.8,0.8
64,24,7.03,40.9,25.5,80.7,0.8
64,25,7.34,99.9,8.1,86.5,0.8
64,26,7.01,102.7,30,98.5,0.8
64,27,7.04,86.3,21.4,97.2,0.8
64,28,7.12,92.3,18.8,90,0.8
64,29,7.09,84.4,16.1,82.2,0.8
64,30,7.16,87.5,19.1,85.5,0.8
64,31,7.38,96.4,9.1,82.1,0.8
64,32,7.22,95.1,31.4,97.5,0.8
64,33,7.05,68.9,28.7,83.1,0.8
64,34,6.74,51.6,19,84,0.8
64,35,7.5,93.8,15.6,92.5,0.8
64,36,7.47,50.4,8.2,88.1,0.8
64,37,7.13,52.9,9.7,95.3,0.8
64,38,7.32,66.6,5,89.7,0.8
64,39,6.77,69.5,14.1,84.4,0.8
64,40,7.36,66.3,32.7,86.6,0.8
64,41,7.4,93.2,6.4,94.9,0.8
64,42,7.47,86.6,31.9,86.3,0.8
64,43,7.18,86,11.2,81.9,0.8
64,44,7.2,34.9,29.7,87.8,0.8
64,45,7.34,102.2,33.3,91.8,0.8
64,46,7.11,62.5,8.1,92.9,0.8
64,47,6.7,44.2,31.7,88.6,0.8
64,48,7.37,41.7,8.8,90.9,0.8
64,49,6.94,79.2,10.6,94.6,0.8
64,50,7.03,68,30.6,92.7,0.8
65,0,7.14,47,33.2,85.8,0.8
65,1,7.33,67.7,6.9,98.8,0.8
65,2,6.93,95.7,6.7,80.7,0.8
65,3,6.72,62.7,16.8,80.8,0.8
65,4,6.75,95,31.8,96,0.8
65,5,7.26,98.4,7.2,80.1,0.8
65,6,7.32,83,20.4,86.2,0.8
65,7,7.18,100.5,17.2,81.9,0.8
65,8,7.23,93.9,34.3,87.9,0.8
65,9,7.29,72.4,18.7,87.9,0.8
65,10,6.75,39.9,8.1,85,0.8
65,11,6.89,59.9,29.1,86.7,0.8
65,12,6.8,70.6,5.3,90.1,0.8
65,13,7.35,40,16.8,82.2,0.8
65,14,7.07,31,9.3,93.8,0.8
65,15,7.19,90.2,28.2,96.4,0.8
65,16,7.32,80.4,32.5,81.4,0.8
65,17,7.48,57.3,6.7,85.4,0.8
65,18,7.31,62.1,8.8,88.5,0.8
65,19,6.93,45.2,16.4,95.2,0.8
65,20,7.02,106.2,5.2,88.1,0.8
65,21,6.89,30.8,14.2,87.8,0.8
65,22,6.74,81.8,26.6,96.7,0.8
65,23,7.22,99.4,21.3,89.1,0.8
65,24,7.18,89.6,34.2,91,0.8
65,25,6.93,90.1,34.4,94.5,0.8
65,26,7.45,68.6,22.3,89.2,0.8
65,27,7.16,35.1,15.6,84.9,0.8
65,28,7.04,56.7,32.5,98.4,0.8
65,29,7,41.3,26.1,88.4,0.8
65,30,7.1,70,29.2,82.8,0.8
65,31,7.02,34.9,23.2,90.8,0.8
65,32,6.86,85.7,34.9,80.5,0.8
65,33,6.79,38.8,26.8,85.3,0.8
65,34,6.81,84.2,14,85.6,0.8
65,35,7.27,103.5,18.5,93.5,0.8
65,36,7.08,58.8,27.3,85.8,0.8
65,37,7.02,54.2,29.6,89.5,0.8
65,38,7.22,88.5,14.6,92.1,0.8
65,39,6.83,52.9,30.9,92.9,0.8
65,40,7.42,58.9,22,80.1,0.8
65,41,6.92,84.3,34.3,81,0.8
65,42,7.28,97.7,25.4,90,0.8
65,43,6.74,40.5,28.3,80.4,0.8
65,44,7.02,62,11.8,92.3,0.8
65,45,7.2,83.3,32.6,84.3,0.8
65,46,7.06,40.4,7.8,80.1,0.8
65,47,6.84,87.7,21.3,93.5,0.8
65,48,7.35,70.6,28.3,88.2,0.8
65,49,6.91,98.7,11.8,80.4,0.8
65,50,7.14,39.9,34.1,94.3,0.8
66,0,7.11,43.2,33.9,94.4,0.8
66,1,7.42,104.5,26.9,84.5,0.8
66,2,7.31,65.7,16,92.1,0.8
66,3,7.04,39.2,31,84.5,0.8
66,4,6.79,54.6,24,87.1,0.8
66,5,7.36,32.8,16.3,80.6,0.8
66,6,7.07,65.1,9.2,94.5,0.8
66,7,6.8,32.2,19.4,80.4,0.8
66,8,7.2,109.5,7.1,81,0.8
66,9,6.96,40.5,34.5,92.4,0.8
66,10,7.45,44.7,29,97.5,0.8
66,11,7.16,109.6,6.9,88.5,0.8
66,12,7.05,85.7,8,89.8,0.8
66,13,7.48,100.1,14.4,81.1,0.8
66,14,7.35,49.1,34.5,85.5,0.8
66,15,6.75,51.8,25.4,90.5,0.8
66,16,7.4,33.6,25.3,86.5,0.8
66,17,6.87,67.1,22.7,94.2,0.8
66,18,7.01,92.5,21,89.2,0.8
66,19,7.46,100.3,8.8,92.4,0.8
66,20,7.25,73.6,11.3,83.1,0.8
66,21,7.26,81.4,17.8,94.1,0.8
66,22,6.82,45,34.3,85.6,0.8
66,23,7.12,57.7,25.7,98,0.8
66,24,7.03,102.5,7.9,98.8,0.8
66,25,6.8,105.7,19.8,94.3,0.8
66,26,6.97,63.5,6.8,97.3,0.8
66,27,6.82,54.6,31.4,93.4,0.8
66,28,7.22,65.9,31.9,96.3,0.8
66,29,7.31,109.9,21.4,89,0.8
66,30,6.99,99.8,31,91.4,0.8
66,31,6.91,42.4,28.9,89.2,0.8
66,32,6.86,78.6,5.9,97.4,0.8
66,33,7.34,64.4,10,90,0.8
66,34,6.71,60.2,12.8,98.8,0.8
66,35,6.91,75.7,19.9,97.3,0.8
66,36,7.36,57,18.8,92.1,0.8
66,37,7.02,37.7,23.2,89.7,0.8
66,38,6.94,67.7,33.4,81.3,0.8
66,39,6.92,38.8,14.1,97.2,0.8
66,40,7.12,39.4,23.2,83.8,0.8
66,41,6.93,41.8,34.6,94.3,0.8
66,42,6.96,36.6,21,88.3,0.8
66,43,7.22,44.1,11.2,87.1,0.8
66,44,7.47,77.9,18.5,89.8,0.8
66,45,6.74,43.4,25.4,94.3,0.8
66,46,7,65.5,21.7,96.7,0.8
66,47,7.14,46.7,14.4,98.2,0.8
66,48,6.89,51.2,25.1,94.6,0.8
66,49,6.89,49.3,23.6,93.3,0.8
66,50,7.1,51,15.4,80.2,0.8
67,0,7.01,46.3,8,82.2,0.8
67,1,7.12,108.2,21.6,85.5,0.8
67,2,6.72,43.4,22.2,90.2,0.8
67,3,6.75,52,12,88.9,0.8
67,4,7.05,57.6,5.3,89.6,0.8
67,5,7.13,102.8,28.4,83.1,0.8
67,6,6.84,100,11.2,81.8,0.8
67,7,7.33,99.6,7.4,84.4,0.8
67,8,6.89,53,15.4,89.3,0.8
67,9,6.98,94.8,5.6,95.4,0.8
67,10,7.1,72.9,25.8,97.4,0.8
67,11,6.79,107.9,34.9,83.8,0.8
67,12,7.46,30.2,16.2,92.5,0.8
67,13,6.77,61.7,25.9,98.6,0.8
67,14,6.76,52.1,24.3,95.7,0.8
67,15,7.44,46.6,32.8,88.5,0.8
67,16,6.83,85.6,21.6,90.7,0.8
67,17,6.86,38.6,21.5,84.7,0.8
67,18,7,74.5,25.4,91.9,0.8
67,19,6.89,83.4,29.4,89.9,0.8
67,20,7.03,108.8,33.2,97.9,0.8
67,21,7.18,94.5,30.2,84.4,0.8
67,22,7.2,50.5,29.6,93.2,0.8
67,23,6.9,54.5,28.7,96.7,0.8
67,24,7.07,34.2,25.3,86.1,0.8
67,25,6.72,33.8,19.8,84.4,0.8
67,26,7.3,87.5,17.1,97.5,0.8
67,27,7.09,35.6,20.3,92.4,0.8
67,28,6.86,49.6,8.4,82.8,0.8
67,29,6.84,106,35,91.4,0.8
67,30,6.83,78.7,23.7,86.9,0.8
67,31,7.26,102.7,26.3,93.7,0.8
67,32,7.13,62.7,15.5,91,0.8
67,33,6.99,34.6,30.3,91.4,0.8
67,34,7.01,35.7,7.9,82.5,0.8
67,35,6.84,38.5,6.2,82.1,0.8
67,36,6.89,61,9.8,94,0.8
67,37,6.85,72.4,31.2,87.2,0.8
67,38,7.13,52.6,32.4,85,0.8
67,39,7.06,40.4,14.8,98.9,0.8
67,40,7.5,99.2,23.4,91.9,0.8
67,41,6.87,48.1,14.1,82.6,0.8
67,42,6.89,31.7,30.8,96.5,0.8
67,43,6.83,102.4,8.4,86.5,0.8
67,44,7.36,62.8,16,85.3,0.8
67,45,6.74,73.5,14.7,82.6,0.8
67,46,7.14,64.3,25.8,81.8,0.8
67,47,7.19,104.3,33.4,84.7,0.8
67,48,7.32,83.8,31.9,91.5,0.8
67,49,7.08,35.5,9.4,86.7,0.8
67,50,6.89,48.7,28.8,83,0.8
68,0,6.71,35.1,7.6,87.5,0.8
68,1,7.35,92.6,24.6,95.5,0.8
68,2,7.12,62.7,8.9,98.7,0.8
68,3,6.71,44.2,7.1,88.6,0.8
68,4,7.34,103.2,9.2,94.2,0.8
68,5,7.19,86.2,13.8,83.8,0.8
68,6,6.88,69,7.3,82.8,0.8
68,7,7.19,106.9,7.6,90.1,0.8
68,8,7.09,102.3,7.5,92.6,0.8
68,9,7.24,58.9,14,81.2,0.8
68,10,7.31,104.8,33.7,81.3,0.8
68,11,7.09,66.6,31,81.9,0.8
68,12,7.23,90.4,18.7,97.8,0.8
68,13,7.48,69.4,8.9,94.6,0.8
68,14,7.39,48.9,31.8,84.1,0.8
68,15,7.18,35.8,29,88.9,0.8
68,16,7.18,66.5,11.1,93.9,0.8
68,17,6.71,81.2,16.3,82.1,0.8
68,18,6.86,71,33.8,82.5,0.8
68,19,6.76,108.3,5.6,90.7,0.8
68,20,7.28,56.6,13.2,84,0.8
68,21,7.01,99.9,31.2,93.8,0.8
68,22,6.87,85.6,16.8,87.9,0.8
68,23,7.03,68.3,33.8,98.6,0.8
68,24,6.83,95.3,19.2,80.2,0.8
68,25,7.06,65,5.4,90.1,0.8
68,26,7.3,96.5,11.1,96,0.8
68,27,6.83,42.9,31.5,85,0.8
68,28,7.41,51.6,11.5,91.7,0.8
68,29,7.46,39.5,25.9,91.2,0.8
68,30,7.48,46.7,13.5,96,0.8
68,31,7.41,53.1,30.7,85.2,0.8
68,32,6.77,100,14.5,84.2,0.8
68,33,7.45,53.5,25.7,82.4,0.8
68,34,6.81,50.8,10.5,84.2,0.8
68,35,7.31,106.8,22.8,92.6,0.8
68,36,6.79,53.2,33.9,85.3,0.8
68,37,7.32,81.1,28.8,90.8,0.8
68,38,7.42,39.4,19.2,95.8,0.8
68,39,6.75,67.8,8.1,88.1,0.8
68,40,7.4,51.3,33.8,90,0.8
68,41,6.98,99.4,10.1,89.4,0.8
68,42,6.71,69.7,6.2,80,0.8
68,43,7.22,91.2,10,81,0.8
68,44,6.96,108.7,32.1,94.5,0.8
68,45,7.05,71.2,26.1,80.5,0.8
68,46,7.24,67.5,6.3,83.3,0.8
68,47,7.32,84.1,19.4,98.9,0.8
68,48,7.38,103.8,28.2,90.3,0.8
68,49,6.91,53.3,30.7,96,0.8
68,50,6.77,91.9,33.3,87.3,0.8
69,0,7,75.9,28,92.6,0.8
69,1,7.25,49,22.3,92.5,0.8
69,2,6.95,53,5.2,85.4,0.8
69,3,6.75,84.6,5.1,89.7,0.8
69,4,7.42,51.7,30.5,80.9,0.8
69,5,6.71,78.3,19.9,93.6,0.8
69,6,7.13,100.5,16.3,98.1,0.8
69,7,6.9,36,20.3,86.9,0.8
69,8,7.11,33.8,22.4,86.7,0.8
69,9,7.5,55.4,11.1,82.2,0.8
69,10,7.08,49.9,23,96.7,0.8
69,11,7.03,106.8,13.9,97.8,0.8
69,12,6.99,69.5,26.9,84.4,0.8
69,13,7.12,75.8,34.4,89.9,0.8
69,14,7.49,94.6,10.2,88.1,0.8
69,15,6.84,55.2,28.8,85.2,0.8
69,16,6.79,101.3,23.8,90.3,0.8
69,17,6.8,95.4,23.8,82.8,0.8
69,18,6.72,58.3,30.5,81.4,0.8
69,19,7.11,105.2,16.9,96.9,0.8
69,20,7.23,40.1,30.7,90.6,0.8
69,21,7.21,62.7,6.3,92.7,0.8
69,22,7.28,37,32.5,98.8,0.8
69,23,7.17,70.7,21.2,98.3,0.8
69,24,7.03,93,22.9,94.8,0.8
69,25,7.12,83.1,19.2,83.7,0.8
69,26,7,72.7,15.4,93,0.8
69,27,7.05,108.1,24.8,85.9,0.8
69,28,6.73,67.9,14.3,88.1,0.8
69,29,6.84,104.1,18.7,85.9,0.8
69,30,7.28,80.8,29.9,87.4,0.8
69,31,7.32,31.7,13.8,87.4,0.8
69,32,6.9,61.5,16.6,90.5,0.8
69,33,7.13,109.8,5,83.2,0.8
69,34,7.13,59.3,28.1,88.8,0.8
69,35,7.05,60.1,21.4,93.8,0.8
69,36,7.07,53.8,9.2,95.8,0.8
69,37,7.13,89.9,8.9,95.1,0.8
69,38,7.3,50.9,10.8,94.4,0.8
69,39,6.81,91.6,16.5,86.6,0.8
69,40,7.37,59.3,7,94.2,0.8
69,41,6.88,109.1,16.6,85.1,0.8
69,42,7.04,56.1,32.9,86.2,0.8
69,43,7.06,66,18.1,95.2,0.8
69,44,6.99,63.9,14.2,92.1,0.8
69,45,7.12,105.8,10.9,81.5,0.8
69,46,7.01,99.3,21,87.9,0.8
69,47,7.17,54.6,25.1,89.7,0.8
69,48,6.93,39.1,21.6,90,0.8
69,49,7.18,33.2,15.8,97.8,0.8
69,50,7,94.6,20.6,87.7,0.8
70,0,6.78,63.4,25.4,87,0.8
70,1,7.1,47,17.5,92.7,0.8
70,2,7.26,83.5,18.3,93.3,0.8
70,3,6.84,71.5,8.1,90.2,0.8
70,4,6.99,80.4,24.2,80.4,0.8
70,5,7.11,45.9,12.3,95.2,0.8
70,6,7.16,82.6,26.9,92.6,0.8
70,7,7.15,37.9,20.6,97.1,0.8
70,8,6.89,84.8,8.2,86.4,0.8
70,9,6.76,107.4,19.5,98.2,0.8
70,10,7.18,43.2,18.2,81.1,0.8
70,11,6.7,87.9,16.8,85.4,0.8
70,12,7.46,41,20.1,96.6,0.8
70,13,7.06,64.6,13.9,96.1,0.8
70,14,6.77,38,23.5,93.4,0.8
70,15,7.27,94.4,25.7,84.9,0.8
70,16,7.36,35.2,12.2,84.3,0.8
70,17,7.14,61.7,19.7,92.6,0.8
70,18,7.34,102.5,29.3,96.1,0.8
70,19,7.43,57.7,22.9,93.6,0.8
70,20,7.1,75.8,8.2,81.7,0.8
70,21,7.41,43.7,18.1,89.7,0.8
70,22,6.87,45.1,28.2,96.3,0.8
70,23,7.01,49.6,34.5,97.6,0.8
70,24,6.97,37.2,26.8,84.7,0.8
70,25,6.92,44,28.4,90.6,0.8
70,26,6.86,58.5,25.6,91.7,0.8
70,27,6.85,79.2,17.1,94,0.8
70,28,6.8,30.7,11.2,93.6,0.8
70,29,7.18,69.3,7.3,98.6,0.8
70,30,7.3,71.7,34.8,91.7,0.8
70,31,6.73,108.8,22.1,96.8,0.8
70,32,6.86,47.2,30.1,95.7,0.8
70,33,7.34,58.5,22.7,95.1,0.8
70,34,6.76,54.2,19,93.8,0.8
70,35,7.02,109.9,6.6,98.1,0.8
70,36,7.15,99.9,19.2,97.6,0.8
70,37,7.31,43.9,12,81.2,0.8
70,38,7.45,66.2,29.3,86.2,0.8
70,39,6.72,39,30.7,84.2,0.8
70,40,7.29,39.8,33.1,97.7,0.8
70,41,7.06,46.7,25.1,80.6,0.8
70,42,7.02,57,28.6,85.5,0.8
70,43,6.89,77.9,32.6,85.9,0.8
70,44,7.17,105.9,31.1,80.3,0.8
70,45,7.1,61.6,25.1,83.2,0.8
70,46,7.26,77.9,13.4,93.5,0.8
70,47,7.06,61.4,10.6,84.9,0.8
70,48,7.26,102.7,7.6,98,0.8
70,49,7.34,84.8,24.9,87,0.8
70,50,7.05,109.8,27.4,96.1,0.8
71,0,6.82,73.7,31.1,98.7,0.8
71,1,7.25,80.8,11.5,93.7,0.8
71,2,7.39,31.3,5.8,97.6,0.8
71,3,7.42,69.2,11.2,82.4,0.8
71,4,7.15,101.2,29.6,94.4,0.8
71,5,6.78,100,32.3,96,0.8
71,6,7.05,109.4,16,89.8,0.8
71,7,7.38,98.7,32.6,90.1,0.8
71,8,6.91,79.4,14.9,80.2,0.8
71,9,7.11,44.3,33.1,91.9,0.8
71,10,6.9,89,5.6,89.5,0.8
71,11,7.21,102.2,9.5,82,0.8
71,12,6.98,45.1,7.2,95,0.8
71,13,6.95,41.2,10.2,94.3,0.8
71,14,6.94,81,7.6,83.6,0.8
71,15,6.71,68.2,26.4,82.8,0.8
71,16,6.98,100.6,9.2,80.2,0.8
71,17,7,36.7,23.6,92.7,0.8
71,18,7.41,42.8,20.1,94.6,0.8
71,19,7.03,31,9.1,82.4,0.8
71,20,6.75,57.7,26.5,85,0.8
71,21,6.94,89.1,17.4,92.4,0.8
71,22,7.3,105.7,22.7,85.7,0.8
71,23,7.01,54.5,19.4,84.3,0.8
71,24,7.14,100.2,18.3,82.4,0.8
71,25,6.98,94.8,7.9,94.6,0.8
71,26,6.93,85.6,30.3,91,0.8
71,27,7.33,85.4,8,95.3,0.8
71,28,6.94,103.7,20.4,97.4,0.8
71,29,7.31,35.7,33.5,80.6,0.8
71,30,7.11,91.4,7.1,87.3,0.8
71,31,7.35,106.6,32.6,83.6,0.8
71,32,7.43,76.9,14.3,84.9,0.8
71,33,7.13,107.7,18.7,86.2,0.8
71,34,6.86,46.7,15.4,82,0.8
71,35,7.16,46.1,32.4,92.2,0.8
71,36,7.26,41.6,34.2,91.2,0.8
71,37,6.71,62.2,10.7,90.8,0.8
71,38,7.09,41.2,22.4,94.2,0.8
71,39,6.76,60.3,13.1,88.9,0.8
71,40,6.86,63.5,13.8,97.8,0.8
71,41,7.22,95.7,26.1,97.9,0.8
71,42,6.92,75.6,10.8,87.9,0.8
71,43,7.27,89.2,8.2,87.6,0.8
71,44,7.06,38.6,27.5,87.3,0.8
71,45,6.84,102.6,5.3,89.8,0.8
71,46,6.74,86.5,8.3,90.4,0.8
71,47,6.91,53.3,31.3,85.5,0.8
71,48,7.01,34.6,5.8,89.2,0.8
71,49,7.46,51.6,28.9,90.8,0.8
71,50,7.09,39.6,19.5,92.8,0.8
72,0,6.96,96.5,11.2,98,0.8
72,1,7.06,96.3,28.1,88.2,0.8
72,2,6.76,65.5,15.2,98.9,0.8
72,3,7.28,71.8,17.6,93.1,0.8
72,4,6.83,90.4,9.1,91.7,0.8
72,5,7.5,81.6,21,83.9,0.8
72,6,7.35,67.5,18.8,86.1,0.8
72,7,7.31,105.8,14.5,83,0.8
72,8,7.19,38.6,7,90.8,0.8
72,9,7.41,85.9,6.2,94.9,0.8
72,10,6.9,57.5,11.1,84.7,0.8
72,11,7.12,61.3,13.7,98,0.8
72,12,6.72,108.5,35,81.7,0.8
72,13,7.47,59,5,91.3,0.8
72,14,7,107.8,16.5,94,0.8
72,15,7.07,48.3,9.9,89.3,0.8
72,16,7.17,57.9,20.3,86.7,0.8
72,17,7.42,31.4,12.5,80.2,0.8
72,18,7.33,37.9,8.9,97.9,0.8
72,19,6.86,42.8,27,90.3,0.8
72,20,7.32,32.4,16.8,83.1,0.8
72,21,6.88,81.2,18.4,85.2,0.8
72,22,7.49,100.5,21.6,92.1,0.8
72,23,7.19,98.6,23.5,80.1,0.8
72,24,7.06,39.6,12.2,90.9,0.8
72,25,7.43,84.1,13,83.2,0.8
72,26,7.02,79.6,6.5,91.5,0.8
72,27,7.24,81.8,27.9,90.7,0.8
72,28,6.82,43.7,19.7,97.1,0.8
72,29,7.43,42.3,18.8,91,0.8
72,30,7.23,48.3,29,96.2,0.8
72,31,6.89,57.2,34.8,87.6,0.8
72,32,6.71,36.7,31.1,86.7,0.8
72,33,7.36,86.2,22.8,87.3,0.8
72,34,7.2,77.2,19.8,89.5,0.8
72,35,7.36,77.2,11.8,80.6,0.8
72,36,6.78,85.7,23.3,80,0.8
72,37,7.07,97.9,29.1,91.7,0.8
72,38,7.05,36.3,32.5,94.2,0.8
72,39,7.33,105.3,24.2,97.8,0.8
72,40,7.45,93.9,10.3,87.7,0.8
72,41,6.94,67.6,28,80.3,0.8
72,42,7.31,85.1,11.6,97,0.8
72,43,6.75,87.8,5.7,96.1,0.8
72,44,7.29,73.8,24.3,94.2,0.8
72,45,6.95,99,18,85.8,0.8
72,46,7.25,52.4,29.8,84.5,0.8
72,47,6.77,93.1,11.3,84.5,0.8
72,48,7.26,92.6,14.4,95.5,0.8
72,49,7.48,102.8,14.5,80.5,0.8
72,50,7.4,46.7,15.9,84.4,0.8
73,0,7.44,74,27.9,84.6,0.8
73,1,7.28,33.6,22.3,88.7,0.8
73,2,7.01,65.9,16,80.2,0.8
73,3,7.3,40,25.8,84.9,0.8
73,4,7.09,72.1,23.5,91.2,0.8
73,5,7.39,98.6,10.4,84.4,0.8
73,6,7.19,56.9,12.5,89.6,0.8
73,7,6.74,83.5,26.5,86.5,0.8
73,8,6.72,36.3,15.7,87.9,0.8
73,9,6.98,68.5,21.1,84,0.8
73,10,7.38,30.8,6.4,84.9,0.8
73,11,7.03,51.7,32.9,94,0.8
73,12,7.07,54,18.3,86.2,0.8
73,13,7.19,92.8,23.1,92.4,0.8
73,14,7.45,95.9,32,86,0.8
73,15,7.23,68,19.2,96.6,0.8
73,16,6.84,46.5,30.5,82.7,0.8
73,17,7.18,63.2,6.1,80.2,0.9
73,18,6.9,78.7,27,85.4,0.9
73,19,7.18,67.5,11.8,85.8,0.9
73,20,7.41,59.8,5.3,85.3,0.9
73,21,7.07,36,9.7,80.5,0.9
73,22,6.88,80.2,14.1,86.9,0.9
73,23,7.19,81.1,22.4,81.5,0.9
73,24,7.45,105.4,14.1,96.8,0.9
73,25,7.09,107.4,6.2,88.7,0.9
73,26,6.73,51.1,32,95.6,0.9
73,27,6.99,37.1,13.1,92.9,0.9
73,28,6.78,41.9,15.8,89.6,0.9
73,29,6.9,86.7,32.5,88.9,0.9
73,30,7.48,33.9,27.8,98.9,0.9
73,31,7.24,42.5,19.6,98.3,0.9
73,32,7.41,32.8,9.4,93.1,0.9
73,33,6.76,48.7,23.4,82.7,0.9
73,34,6.93,87.8,19.9,89.1,0.9
73,35,7.15,48.7,24.8,87.4,0.9
73,36,6.99,66.6,28.1,85.3,0.9
73,37,6.86,59.1,25.6,95.7,0.9
73,38,6.99,83.9,18.4,89.7,0.9
73,39,7.44,62.3,18.5,88.4,0.9
73,40,7.08,32.5,13.4,87.8,0.9
73,41,7.23,47.5,32.7,94.1,0.9
73,42,7.14,86.4,18,90.5,0.9
73,43,6.92,35.7,16.6,96,0.9
73,44,6.78,65,6.4,92.4,0.9
73,45,6.8,106,9.1,81.1,0.9
73,46,6.74,36.2,9.6,90,0.9
73,47,7.49,80.8,14.5,82,0.9
73,48,7.19,92.2,10.2,90,0.9
73,49,7.44,86.5,21,85.6,0.9
73,50,7.25,44,8.8,96.3,0.9
74,0,7.35,93.6,21.3,90.3,0.9
74,1,7.35,35.8,9.4,86.9,0.9
74,2,6.75,68.9,29.9,89.7,0.9
74,3,7.11,89.2,18.3,96.9,0.9
74,4,6.77,95.5,11.2,82,0.9
74,5,6.73,106.4,25.6,94.9,0.9
74,6,6.84,38.8,30.6,88,0.9
74,7,7,96.6,33.8,91,0.9
74,8,7.14,50.6,35,92,0.9
74,9,7.29,92.1,20.3,96.1,0.9
74,10,6.71,48.5,12.7,81.7,0.9
74,11,7.43,88.7,5.7,91.1,0.9
74,12,7.17,75.3,28.1,95.8,0.9
74,13,7.14,50.2,9,96.9,0.9
74,14,6.98,81.9,32.9,92.4,0.9
74,15,6.92,98.5,16.7,94.5,0.9
74,16,6.78,36.2,32.8,97.4,0.9
74,17,7.3,35,8.5,93.1,0.9
74,18,7.46,48,33.6,94.2,0.9
74,19,7.48,83.5,31.4,92.8,0.9
74,20,7.31,99.8,12.2,91.1,0.9
74,21,6.77,104.2,12.6,83,0.9
74,22,7.12,34.2,31.7,82.9,0.9
74,23,7.29,99.2,10.7,98.8,0.9
74,24,7.1,89.2,34.7,92.9,0.9
74,25,7.36,84.4,34.7,91.1,0.9
74,26,7.25,42,29.9,97.1,0.9
74,27,6.79,96.2,32.1,97.6,0.9
74,28,7.35,78.1,34.2,87.9,0.9
74,29,7.23,109.2,14.4,93.1,0.9
74,30,6.93,62.3,12.4,93.5,0.9
74,31,6.92,64.9,14.7,94.6,0.9
74,32,7.48,41.1,30.7,90.2,0.9
74,33,6.76,99.5,14.5,95.4,0.9
74,34,7.06,54,5.6,84.6,0.9
74,35,7.41,39,24.1,88.2,0.9
74,36,7.28,95.2,18.2,85.3,0.9
74,37,6.88,36.1,8.4,94.1,0.9
74,38,7.03,86,26,87.6,0.9
74,39,7.31,57,28.2,83.4,0.9
74,40,7.49,62,24.7,89.9,0.9
74,41,7.11,65.5,12.8,98.7,0.9
74,42,6.77,98.6,15.4,95,0.9
74,43,6.7,88.4,11.4,86.5,0.9
74,44,7.3,101.8,17.3,93.4,0.9
74,45,7.26,68.6,16.8,86.6,0.9
74,46,7.02,105.7,8.4,94.7,0.9
74,47,6.86,34.8,32.1,93.1,0.9
74,48,7.24,52,7.5,93.8,0.9
74,49,7.31,43.4,30.4,88.8,0.9
74,50,7.12,54,24.5,86,0.9
75,0,7.22,102.2,19.9,88.9,0.9
75,1,6.83,64.6,8.8,96.9,0.9
75,2,7.37,63.6,19.9,95.1,0.9
75,3,7.03,87.8,29.3,93.7,0.9
75,4,6.95,39.7,17.6,81.4,0.9
75,5,6.86,64.7,10.2,95.6,0.9
75,6,7.1,75.3,33.4,91.9,0.9
75,7,6.84,107.1,7.6,89.6,0.9
75,8,7.18,45,24.5,90.9,0.9
75,9,6.93,66.4,34,95.8,0.9
75,10,7.41,70.8,13.7,86.9,0.9
75,11,7.42,74.7,32.1,84.2,0.9
75,12,7.16,42.4,28.9,80.4,0.9
75,13,7.41,75.8,15.4,84.1,0.9
75,14,7.17,42.2,8.2,81.9,0.9
75,15,7.48,61.5,16.2,86.4,0.9
75,16,7.39,74.2,32.6,81.5,0.9
75,17,6.88,68.6,7.2,91.7,0.9
75,18,7.08,79.5,30,92.5,0.9
75,19,7.47,98.2,10.3,86.9,0.9
75,20,7.38,107.6,8.7,88.6,0.9
75,21,7.37,37.6,20.6,92.6,0.9
75,22,7.31,85.3,6.2,94.6,0.9
75,23,7.05,91,16.9,88.5,0.9
75,24,7.16,38,10.4,89.2,0.9
75,25,6.82,52,32.2,94.6,0.9
75,26,7.18,101,11.8,98.6,0.9
75,27,6.91,99.7,19.4,86.9,0.9
75,28,6.76,70.3,32.1,81.6,0.9
75,29,6.98,87.8,34.8,81.2,0.9
75,30,6.81,78.5,21.8,97.3,0.9
75,31,6.85,50.9,27.3,89.8,0.9
75,32,7.4,80.1,21.8,81.9,0.9
75,33,6.93,78.6,23,85.7,0.9
75,34,6.98,34.5,27.9,94.2,0.9
75,35,7.24,51.1,11.9,83.6,0.9
75,36,6.78,39.2,26,85.6,0.9
75,37,7.14,69.1,8.7,80.1,0.9
75,38,6.91,77,6.1,93.6,0.9
75,39,6.76,104.8,11.2,90.9,0.9
75,40,6.95,88.2,22.5,84.2,0.9
75,41,7.27,59.8,19,95.7,0.9
75,42,6.74,40,21.8,92.6,0.9
75,43,7.33,103.9,25.2,94.2,0.9
75,44,7.5,51.2,8.9,81.9,0.9
75,45,7.21,87.4,6.6,80.7,0.9
75,46,7.45,38.6,15.9,84.3,0.9
75,47,7.4,102.8,14.4,88,0.9
75,48,6.96,77.5,9.7,99,0.9
75,49,7.28,52,31.7,95.7,0.9
75,50,6.74,89.7,19.1,87.9,0.9
76,0,6.75,52.8,32.9,93.4,0.9
76,1,6.84,56.2,22.4,97.4,0.9
76,2,7.33,89.2,27.7,81.3,0.9
76,3,7.33,94.2,33.1,93.2,0.9
76,4,7.07,60.5,15.9,88.5,0.9
76,5,7.37,31.4,28,96.4,0.9
76,6,7.38,75,12.9,96.4,0.9
76,7,6.88,79.9,27.8,81.3,0.9
76,8,6.75,45.4,19.9,97.8,0.9
76,9,6.83,74.6,23.6,96.8,0.9
76,10,6.77,96.7,7.6,87.8,0.9
76,11,7.1,92.4,5.4,85.1,0.9
76,12,7.5,58.1,10.3,91.1,0.9
76,13,6.95,62.6,33.1,95.2,0.9
76,14,6.88,53.2,11.5,87.4,0.9
76,15,7.42,53.9,28.4,87.8,0.9
76,16,7.16,78.6,21.2,83.5,0.9
76,17,7.37,107,18.8,91.9,0.9
76,18,7.04,31.9,28.3,80.8,0.9
76,19,6.83,100.6,21.2,80.7,0.9
76,20,6.79,52.2,15.8,88.3,0.9
76,21,7.1,51.1,20.6,80.6,0.9
76,22,7.4,68.6,14.7,92.8,0.9
76,23,7.34,79.6,17.5,83.8,0.9
76,24,6.87,70.8,34.4,82,0.9
76,25,7.43,105.3,19,94.9,0.9
76,26,6.98,61.5,33.4,98.4,0.9
76,27,6.92,79.7,34.7,84.9,0.9
76,28,7.19,56.4,5.4,83,0.9
76,29,6.92,72.9,17.6,83.9,0.9
76,30,6.76,88.7,14.1,84.2,0.9
76,31,6.81,48.1,29.6,82.3,0.9
76,32,6.87,60.7,31.4,82.3,0.9
76,33,7.03,83.6,18,84.1,0.9
76,34,7.48,56.4,31.2,81.4,0.9
76,35,6.95,68.1,12.1,94.2,0.9
76,36,7.19,88.1,18.3,83.2,0.9
76,37,6.93,33.5,6.1,91.4,0.9
76,38,7.38,82.2,9.3,86.9,0.9
76,39,6.88,94.5,6.4,87.6,0.9
76,40,7.16,61.9,10.5,81,0.9
76,41,7.21,93.8,26.6,86.1,0.9
76,42,6.92,56.7,26.1,81.6,0.9
76,43,6.89,55.8,27.8,95,0.9
76,44,6.92,67.9,31.3,88.5,0.9
76,45,7.16,42.1,8,87.4,0.9
76,46,7.04,90.8,20.7,93.4,0.9
76,47,7.35,64.7,23,81.4,0.9
76,48,7.08,30.6,32.8,97.7,0.9
76,49,6.79,63.9,19.6,80.1,0.9
76,50,7.42,84,13.4,91,0.9
77,0,6.81,94.9,5.5,87,0.9
77,1,7.37,68.5,21.8,94.3,0.9
77,2,7.14,92.7,9.6,81.4,0.9
77,3,7.42,60.4,9.3,93.5,0.9
77,4,7.11,56.2,35,91.5,0.9
77,5,7.33,76,27.2,88.1,0.9
77,6,7.17,105.2,24.2,90.2,0.9
77,7,6.8,81.9,26.3,90.3,0.9
77,8,7.35,70.6,8.1,84.7,0.9
77,9,7.1,73.8,14.1,98,0.9
77,10,6.88,58.2,23.2,91.4,0.9
77,11,6.88,87.1,33.7,82.8,0.9
77,12,7.14,61.5,11.3,92,0.9
77,13,6.85,34.1,15.7,92.7,0.9
77,14,7.1,93.3,23.9,91.2,0.9
77,15,7.07,39.6,21.2,91.3,0.9
77,16,7.14,60.1,10.1,93.1,0.9
77,17,6.95,102.7,21.5,86.9,0.9
77,18,6.88,103.2,20,89,0.9
77,19,7.22,38.9,17.3,98.7,0.9
77,20,6.91,43.6,6.4,85.9,0.9
77,21,6.94,71,13.9,84.5,0.9
77,22,6.72,106,19.5,89.2,0.9
77,23,6.93,49.2,9.5,98.5,0.9
77,24,6.88,57.8,33.3,90.4,0.9
77,25,7.32,84.6,30.3,86.1,0.9
77,26,7.21,82.9,10.1,95.1,0.9
77,27,7.35,54,24,90.5,0.9
77,28,7.03,98.7,17.5,82.6,0.9
77,29,7.32,64.3,22,91.7,0.9
77,30,6.93,52.8,33.8,82.1,0.9
77,31,7.01,42,12.6,94.5,0.9
77,32,7.14,71.5,12.3,83.4,0.9
77,33,7.18,86.5,12.2,80.9,0.9
77,34,6.83,40,10.3,80.4,0.9
77,35,7.37,105.2,32.8,97.6,0.9
77,36,6.73,81.4,11.3,97.2,0.9
77,37,6.89,95.6,22.3,90.1,0.9
77,38,7.28,98.3,21.9,94.9,0.9
77,39,7.49,78.6,19.5,87.5,0.9
77,40,7.16,109.5,29.5,85.1,0.9
77,41,7.36,100.2,32.2,84.3,0.9
77,42,6.9,52.2,18.4,80.6,0.9
77,43,6.84,30.6,31.2,82.5,0.9
77,44,7.35,56.5,33.5,84.6,0.9
77,45,6.73,94.8,5.4,86.1,0.9
77,46,6.97,34,7.8,96.6,0.9
77,47,6.87,56.7,31.9,98.3,0.9
77,48,7.07,52.7,33,98.4,0.9
77,49,7,36.1,22.8,85,0.9
77,50,6.91,86.3,17.2,84.9,0.9
78,0,7.2,88.2,25.5,93.8,0.9
78,1,7.05,48.4,10,89,0.9
78,2,7.08,96.2,8.2,91.8,0.9
78,3,7.12,61.2,10.8,87.3,0.9
78,4,7.13,38.6,13.1,92,0.9
78,5,6.84,77.6,21,85.6,0.9
78,6,7.35,71.2,17.9,81.5,0.9
78,7,7.08,102.1,13,82.7,0.9
78,8,7.28,90.1,27.9,93.5,0.9
78,9,6.9,73.8,14.4,83.9,0.9
78,10,7.29,106.2,31.9,90.9,0.9
78,11,7.42,62.7,22.2,86.9,0.9
78,12,6.83,36,18.3,88.9,0.9
78,13,7.08,96.6,18.1,86.8,0.9
78,14,6.85,86.3,25.3,88.1,0.9
78,15,7.35,103.3,16.7,93.2,0.9
78,16,6.71,64.6,29,91.6,0.9
78,17,7.02,31.9,29.1,84.7,0.9
78,18,7.11,67.9,30.8,98.1,0.9
78,19,7.13,107.1,9.2,87.5,0.9
78,20,6.86,60.5,11.3,84.5,0.9
78,21,7.06,99.9,13,86.3,0.9
78,22,7.36,43.6,5.7,98.8,0.9
78,23,7.45,50.2,21,98.9,0.9
78,24,7.23,96.6,31.5,97.8,0.9
78,25,7.44,49.2,16.5,95.2,0.9
78,26,7.15,86.9,6.1,97.7,0.9
78,27,6.74,40.2,25.2,98.8,0.9
78,28,6.85,94.1,32.6,81.5,0.9
78,29,6.79,52.3,30.2,97.1,0.9
78,30,7.29,101,20.6,87.1,0.9
78,31,7.21,60.3,33.2,91.1,0.9
78,32,7.48,94,31.1,93.4,0.9
78,33,7.4,42.2,10.1,97.5,0.9
78,34,7.36,51.6,25.5,93.4,0.9
78,35,7.33,98.6,26.5,94.3,0.9
78,36,6.94,43.6,15.8,80,0.9
78,37,7.36,47,29,80.4,0.9
78,38,6.9,60.4,9.9,97.1,0.9
78,39,7.32,66.1,17.5,91.3,0.9
78,40,6.74,86.3,7.1,95.3,0.9
78,41,6.82,33.7,31.9,80.8,0.9
78,42,6.94,109.4,31.3,87.2,0.9
78,43,7.43,45.9,23.1,94,0.9
78,44,7.16,52.6,29,85,0.9
78,45,7.28,42.5,10.5,97.8,0.9
78,46,7.18,43.9,15.3,87.3,0.9
78,47,7.37,49.8,34.1,98.9,0.9
78,48,7.29,70.5,5.7,80.5,0.9
78,49,6.74,43.7,22.8,84.3,0.9
78,50,7.06,109.1,33.8,84.5,0.9
79,0,7.4,79.9,5.5,87.2,0.9
79,1,6.93,83,11.1,80.1,0.9
79,2,7.12,109.2,34.3,83.5,0.9
79,3,7,82.7,6.3,93.7,0.9
79,4,7.34,69.7,27.2,88,0.9
79,5,7.14,39.3,8.5,89.9,0.9
79,6,6.94,54.8,20.8,80.2,0.9
79,7,6.87,109,16.2,82.2,0.9
79,8,7.28,45.5,7.9,96.2,0.9
79,9,7.12,75.8,29.5,92.3,0.9
79,10,7.32,65.5,7.1,92.9,0.9
79,11,7.2,62.3,31,93.7,0.9
79,12,7.03,106.6,13.2,88.7,0.9
79,13,7.04,81,11,87.7,0.9
79,14,7.1,62.1,20.9,80.9,0.9
79,15,7.49,105.4,8.7,81,0.9
79,16,6.72,109.2,23.1,97.2,0.9
79,17,7.09,35.3,16.4,89,0.9
79,18,6.76,70.9,27.9,97.2,0.9
79,19,7.45,87.4,8.1,88.2,0.9
79,20,7.04,70.3,19.1,84.7,0.9
79,21,6.91,71.7,35,92.4,0.9
79,22,6.77,88.5,16.7,80.1,0.9
79,23,6.94,43.2,33.6,87,0.9
79,24,6.86,50.7,19.7,95.3,0.9
79,25,7.16,72.8,7.2,96.7,0.9
79,26,7.18,76.5,9.9,83.5,0.9
79,27,7.42,62.5,27.6,96.6,0.9
79,28,7.3,103.8,22.6,87.9,0.9
79,29,6.74,46.3,26,88.9,0.9
79,30,7.24,43.9,12.9,87.1,0.9
79,31,7.3,43.4,18.6,93.6,0.9
79,32,6.73,85.2,34.2,95.7,0.9
79,33,7.41,101.7,15.5,95,0.9
79,34,7.11,40,25.7,93.6,0.9
79,35,7.34,92.2,29.3,92.5,0.9
79,36,7.23,110,11.9,98,0.9
79,37,7.1,44.3,24.3,84.5,0.9
79,38,6.98,103.8,23.1,88.8,0.9
79,39,6.98,83.2,22.2,84.1,0.9
79,40,6.9,71.9,16.6,95.8,0.9
79,41,6.98,98.9,29.5,85.4,0.9
79,42,6.73,62.1,20.7,95.5,0.9
79,43,7.28,107.5,14.9,82.4,0.9
79,44,6.84,38.6,32.9,95.5,0.9
79,45,7.33,40.6,22.6,91,0.9
79,46,7.23,85.7,19.6,93.2,0.9
79,47,6.82,35.3,28.1,82.2,0.9
79,48,7.34,43.4,18.5,86.4,0.9
79,49,7.12,48.8,15.4,94.1,0.9
79,50,6.97,44.8,23.8,88.9,0.9
80,0,7,100.5,16.3,81.3,0.9
80,1,6.87,62.2,18.8,98.1,0.9
80,2,7.24,106.4,30.2,82.6,0.9
80,3,7.06,61.9,5.8,96.7,0.9
80,4,7.28,78,29.8,90.1,0.9
80,5,7.07,36.3,26.3,94,0.9
80,6,7.02,55.8,19.8,96.8,0.9
80,7,7.26,69.6,5.2,95.6,0.9
80,8,6.88,99.9,9.9,90,0.9
80,9,7.43,49.5,23.1,91.3,0.9
80,10,7,100.7,27.1,96.8,0.9
80,11,7.47,59.5,24.2,91.5,0.9
80,12,6.77,38.7,24.6,96.9,0.9
80,13,7.22,108.2,10,88.5,0.9
80,14,7.03,100.3,10.8,84.2,0.9
80,15,7.37,91.8,6.4,93.6,0.9
80,16,7.22,86.8,10.1,81.7,0.9
80,17,7.22,40.3,34.5,89.5,0.9
80,18,7.5,49.5,25.3,83,0.9
80,19,7.1,91.9,31.6,82.2,0.9
80,20,7.11,59,14,98.6,0.9
80,21,6.95,54.7,18.6,82.1,0.9
80,22,7.14,80.5,13.6,94.6,0.9
80,23,7.37,38.8,6.9,87.6,0.9
80,24,6.96,90.7,15.7,97.7,0.9
80,25,7.28,90.2,31.2,97.6,0.9
80,26,7.32,42.1,22,97,0.9
80,27,7.25,87.3,33.9,87.8,0.9
80,28,6.73,38.2,25.8,85.5,0.9
80,29,7,46.8,27.5,85,0.9
80,30,7.12,52.3,31.3,98.3,0.9
80,31,7.11,38,11.3,93.2,0.9
80,32,6.81,54.9,22.5,96.5,0.9
80,33,6.75,108.9,22.2,83.6,0.9
80,34,7.46,97.3,14.6,90.3,0.9
80,35,7.43,36.3,15.7,90.9,0.9
80,36,6.78,33.2,8.7,88,0.9
80,37,7.42,44.8,5.6,83.4,0.9
80,38,6.96,55.9,7.1,96.7,0.9
80,39,6.72,97.7,21,91.6,0.9
80,40,7.26,89.7,21,86.4,0.9
80,41,6.96,74.8,33.1,85.4,0.9
80,42,7.01,95.9,29.3,89.7,0.9
80,43,6.83,35,10.3,84.1,0.9
80,44,7.29,72.5,8.5,87.9,0.9
80,45,6.76,88.3,10,80,0.9
80,46,6.75,70.1,31.1,90.6,0.9
80,47,7.46,108,19.2,96.6,0.9
80,48,7.41,76.6,14.6,81.2,0.9
80,49,7.37,61.5,27.9,80.2,0.9
80,50,7,82.6,18.4,87.8,0.9
81,0,6.93,50.8,10.6,89.2,0.9
81,1,7.28,63.5,22.3,96.6,0.9
81,2,6.93,65.3,14.3,84.4,0.9
81,3,6.89,53.6,24.5,91.2,0.9
81,4,6.77,47.3,22.9,90.9,0.9
81,5,6.84,100,19.7,93.6,0.9
81,6,7.26,95.2,17.9,86.2,0.9
81,7,7.05,42.5,24.1,91.3,0.9
81,8,7.38,59.9,30.1,82.3,0.9
81,9,6.93,61.5,19.5,81.8,0.9
81,10,7.42,106.2,19,83.2,0.9
81,11,7.37,100.2,6.1,90.3,0.9
81,12,7.12,39.8,7.4,82.4,0.9
81,13,6.79,47.8,17.4,82.9,0.9
81,14,7.01,84.3,15.4,88.2,0.9
81,15,7.07,71,19.9,85.9,0.9
81,16,7.18,104.1,8.1,91.2,0.9
81,17,7.49,57.7,27.4,89,0.9
81,18,7.23,100,21.9,91.3,0.9
81,19,7.3,72.7,15.9,90.8,0.9
81,20,6.94,80.3,28.6,92.4,0.9
81,21,6.95,103.9,8.8,89.5,0.9
81,22,6.89,85.2,16.3,97.3,0.9
81,23,6.74,104.2,7,97.9,0.9
81,24,7.46,70.7,18.6,84.8,0.9
81,25,7.29,76.8,32,83.6,0.9
81,26,7.13,30.1,16.4,94.2,0.9
81,27,7.41,100.7,31.3,97.3,0.9
81,28,7.44,54.1,12.4,92.2,0.9
81,29,7.33,65.1,18.8,95.5,0.9
81,30,7.46,98.2,6.8,95.7,0.9
81,31,6.71,74.6,27.4,91.2,0.9
81,32,7.35,82.2,31.5,96.1,0.9
81,33,6.75,58.1,15.1,98.5,0.9
81,34,7.32,48,21.6,86,0.9
81,35,6.82,60.5,28.1,93.5,0.9
81,36,6.74,32.4,31.2,86.1,0.9
81,37,7.29,46,19.2,97.4,0.9
81,38,7.21,80.7,6.6,81.1,0.9
81,39,6.9,64.6,33.5,90.1,0.9
81,40,7.17,101.8,10.1,82.8,0.9
81,41,7.05,72.4,16.8,93.7,0.9
81,42,7.43,103.8,5.6,87.1,0.9
81,43,6.94,88.8,29.8,94.1,0.9
81,44,6.94,44.2,22.6,91.9,0.9
81,45,7.47,76,17.7,92.1,0.9
81,46,6.83,104.1,8.8,96.5,0.9
81,47,6.8,90.6,24.3,84,0.9
81,48,7.18,99.6,33.8,83.5,0.9
81,49,6.82,30.9,30.5,93.1,0.9
81,50,7.25,30.3,28.3,94.1,0.9
82,0,6.78,71.7,28.6,90.3,0.9
82,1,7.48,33.9,18.8,92,0.9
82,2,6.78,93,11.4,83,0.9
82,3,7.36,95.4,12.1,91.2,0.9
82,4,7.33,51.5,11.1,82.4,0.9
82,5,7.48,86,13.9,97.4,0.9
82,6,7.35,104.5,6.3,82.3,0.9
82,7,7.14,41.3,14.3,90.3,0.9
82,8,7.39,32.5,9.3,91.4,0.9
82,9,7.35,38,7.4,87.8,0.9
82,10,7.49,74.5,15.3,85.2,0.9
82,11,7.21,81.2,24.6,88.6,0.9
82,12,6.81,47.1,22,85.7,0.9
82,13,7.15,47,33.7,97.7,0.9
82,14,7.41,76.5,13.9,96.4,0.9
82,15,7.14,77,10.6,95.8,0.9
82,16,6.89,86.2,15,80.8,0.9
82,17,7.07,89.2,7.8,84,0.9
82,18,7.36,58.5,32.9,85.1,0.9
82,19,7.31,37.8,24.5,80.7,0.9
82,20,6.84,67,9.1,80.8,0.9
82,21,7.1,75.2,5.7,95.3,0.9
82,22,6.74,36.6,32.4,94.8,0.9
82,23,7.12,80.5,9.2,83,0.9
82,24,6.92,57.9,23.5,88.4,0.9
82,25,7.13,40.8,25.3,84.5,0.9
82,26,6.75,41.8,11.1,81.3,0.9
82,27,6.84,41,13.4,82.6,0.9
82,28,7.21,96.8,7.8,90.7,0.9
82,29,6.81,33.7,8.7,89.5,0.9
82,30,6.75,66.7,7.1,80,0.9
82,31,6.94,103.9,13.2,87,0.9
82,32,6.82,67.3,28.9,97.3,0.9
82,33,7.25,58.6,22.8,86.6,0.9
82,34,6.8,82.3,21.1,92.7,0.9
82,35,6.8,101.4,18,87.5,0.9
82,36,7.36,37.4,23.7,88.8,0.9
82,37,7.44,82.6,19.2,98.9,0.9
82,38,7.22,76.2,28.4,96.4,0.9
82,39,7.23,89.7,13.8,95.7,0.9
82,40,7.22,79,8.6,89.2,0.9
82,41,7.21,65.2,6.5,90.1,0.9
82,42,6.71,59.3,19.1,97.6,0.9
82,43,6.85,54.9,14.2,88.3,0.9
82,44,7.38,96.1,18.4,96.6,0.9
82,45,6.79,104.2,18.3,81.4,0.9
82,46,6.81,73.3,21.2,95.6,0.9
82,47,7.2,62.4,16.8,91.3,0.9
82,48,7.47,49.2,19.3,97.3,0.9
82,49,7.3,78.7,12.8,80.5,0.9
82,50,6.88,59.4,15.5,91.5,0.9
83,0,7.49,48.5,27.4,84.6,0.9
83,1,7.06,55.5,30.3,85.6,0.9
83,2,7.2,68.5,30.8,88.9,0.9
83,3,7.2,102.7,20.8,97.3,0.9
83,4,6.91,90.5,9.8,98,0.9
83,5,7.32,40.2,12.2,96.8,0.9
83,6,6.84,103.9,32.7,84.9,0.9
83,7,7.34,41.5,20.1,88,0.9
83,8,6.94,38.6,11.2,89.8,0.9
83,9,7.24,86.3,10.6,93.3,0.9
83,10,7.19,93.2,6.3,90.8,0.9
83,11,7.08,46.3,9.4,83.9,0.9
83,12,6.73,101.6,16,88.9,0.9
83,13,7.28,30.4,20.6,80.4,0.9
83,14,7.23,98.7,6.2,96.2,0.9
83,15,7.31,95.3,26.3,81.5,0.9
83,16,7.49,99.8,26.9,88.7,0.9
83,17,6.74,96.3,8,86.6,0.9
83,18,7.34,89.3,22.8,88.9,0.9
83,19,6.81,79.8,5.1,96.8,0.9
83,20,7.22,64.2,8.5,93.3,0.9
83,21,7.2,92.3,11.3,86.1,0.9
83,22,6.94,51,13.8,96.5,0.9
83,23,7.25,34,19.4,89.2,0.9
83,24,7.32,95.4,6,85.9,0.9
83,25,7.24,39.4,30.1,85.1,0.9
83,26,6.9,36,20.3,87.6,0.9
83,27,7.24,66.7,13.9,85.5,0.9
83,28,6.82,65.4,6.8,81.1,0.9
83,29,7.42,104.4,6,98.7,0.9
83,30,7.43,36.7,16.9,87.7,0.9
83,31,6.78,97.3,9.9,90.3,0.9
83,32,6.79,103.3,32.2,89.8,0.9
83,33,7.06,109.3,7.6,85.4,0.9
83,34,7.42,90.1,23,93.9,0.9
83,35,6.91,41.2,33.9,86.2,0.9
83,36,7,94.5,10.1,98.7,0.9
83,37,6.73,46.6,25.4,85.4,0.9
83,38,7.28,93.8,17.3,89.3,0.9
83,39,7.32,95.9,27,93.5,0.9
83,40,6.84,91.6,23.4,92.8,0.9
83,41,7.01,77.2,27.6,82,0.9
83,42,7.2,97.3,31.5,84.1,0.9
83,43,6.82,99,17.7,98.7,0.9
83,44,6.77,104.5,32.3,82.1,0.9
83,45,7.17,78.8,7.9,86,0.9
83,46,7.47,32.8,19.3,84.7,0.9
83,47,6.73,32.1,17.1,93.1,0.9
83,48,7.22,103.5,22.2,97.2,0.9
83,49,6.97,32.9,11.5,91.6,0.9
83,50,7.05,101.3,26.4,94.6,0.9
84,0,7.26,96.2,29.2,97.5,0.9
84,1,6.73,99.5,21,94.8,0.9
84,2,7.5,56.4,16.3,90.3,0.9
84,3,7.31,98,22.5,89.5,0.9
84,4,7.06,39.8,18.9,98.8,0.9
84,5,7.28,77.5,15.2,88.7,0.9
84,6,7.4,72.6,17.4,88.2,0.9
84,7,7.2,39,34.3,94.5,0.9
84,8,6.93,56.2,14.1,98,0.9
84,9,6.97,109.5,16.1,97.8,0.9
84,10,6.98,43.9,14.9,81,0.9
84,11,7.09,72.9,32.3,86.1,0.9
84,12,6.78,88.1,13.3,81.8,0.9
84,13,7.42,84.7,22.9,82.7,0.9
84,14,7.49,97.3,11.9,94.8,0.9
84,15,6.92,59.4,13.8,87.7,0.9
84,16,6.76,88.5,32,92.9,0.9
84,17,7.22,64.8,7.9,80.2,0.9
84,18,7.32,72.8,12.3,90.8,0.9
84,19,7.41,84.2,13.2,94.7,0.9
84,20,6.83,42.3,29.7,87.7,0.9
84,21,7.32,54.5,10.9,95.7,0.9
84,22,7.42,65.5,17.1,83.6,0.9
84,23,7.21,74.7,30.2,80.8,0.9
84,24,7.37,102.1,30.4,86.1,0.9
84,25,7.08,45.2,29.4,90.1,0.9
84,26,6.88,83.8,28.2,91.5,0.9
84,27,7.08,93.2,14.4,84.4,0.9
84,28,7.36,62.7,20.3,80.7,0.9
84,29,6.9,92.4,15.8,82.4,0.9
84,30,7.22,87.3,29.8,85.4,0.9
84,31,7.33,48.3,26.2,80,0.9
84,32,6.99,73.5,29.8,82.7,0.9
84,33,7.27,47.8,23.5,92.2,0.9
84,34,6.75,55,18.4,95.4,0.9
84,35,6.88,33.5,23.2,84.7,0.9
84,36,7.38,91.9,34.3,82.7,0.9
84,37,7.01,75.6,7,95.5,0.9
84,38,6.82,70.8,16.8,81.7,0.9
84,39,7.28,37.4,22.2,88.1,0.9
84,40,6.94,58.9,27.7,88.5,0.9
84,41,7.39,80.3,11.8,88.2,0.9
84,42,6.75,91.4,25.5,96.9,0.9
84,43,6.93,59.6,29.8,94.8,0.9
84,44,7.01,100,26.3,89.8,0.9
84,45,7.18,73.4,11.1,82.2,1
84,46,7.15,99.1,28,98.5,1
84,47,6.96,77.6,13.4,88.8,1
84,48,7.4,73.4,11.1,85.4,1
84,49,7.24,59.7,26.4,85.6,1
84,50,6.75,40.6,22.9,80,1
85,0,7.48,72.6,33.5,87.6,1
85,1,7.3,90.3,21.3,84.8,1
85,2,7,84.5,6.1,98.4,1
85,3,6.85,75.1,7.9,96.9,1
85,4,7.11,33.4,23.5,95.5,1
85,5,7.45,38.9,19.7,84.5,1
85,6,6.78,40.4,11.1,95.2,1
85,7,7.15,58.3,11,91.9,1
85,8,6.83,33.8,9,83.9,1
85,9,7.09,70.7,33.1,92.6,1
85,10,7.47,52.2,8.1,87.9,1
85,11,7.09,91.1,5.4,80.1,1
85,12,7.29,39.9,23.9,81.5,1
85,13,7.27,68.5,33.2,89.5,1
85,14,7.49,109.9,21.8,87.3,1
85,15,7.38,89.7,34.6,97.4,1
85,16,6.83,96.8,13.1,94.5,1
85,17,7.4,83.8,10.7,82.5,1
85,18,6.99,96.9,10.8,82.5,1
85,19,6.91,62,28.5,82.1,1
85,20,7.16,49.3,17.4,84.7,1
85,21,7.39,106.8,21.7,91.9,1
85,22,7.44,61.4,8.2,82.3,1
85,23,6.96,82.3,29.9,92,1
85,24,7.48,39.7,12.8,86.8,1
85,25,7.45,91.3,32.8,96.6,1
85,26,6.79,44.3,28.5,98.4,1
85,27,7.42,60.4,14.6,86.7,1
85,28,7.42,103.9,21.2,83.3,1
85,29,7.02,62.2,7.5,97.4,1
85,30,6.88,55.4,14.7,90.3,1
85,31,7.23,100.9,22.4,84.3,1
85,32,6.97,79.5,31.9,82.5,1
85,33,7.26,58.8,24.1,84.4,1
85,34,7.27,75.8,11,85.4,1
85,35,7.28,88.7,31.5,93.8,1
85,36,7.3,106.1,23,85.6,1
85,37,7.29,53,8.6,98,1
85,38,7.07,54.6,7,93.5,1
85,39,6.74,42.6,8.1,92.1,1
85,40,6.88,78.4,32.1,98.5,1
85,41,7.26,62,12.8,91.5,1
85,42,6.81,69.7,27.6,96.9,1
85,43,6.95,55.5,5,94.3,1
85,44,7.31,52.3,32,95,1
85,45,7.3,48,23.4,90.6,1
85,46,7.29,32.8,13.2,81.9,1
85,47,7.49,40.8,14.8,88.8,1
85,48,7.29,88.6,5.6,98.8,1
85,49,7.48,39.4,31.2,90.7,1
85,50,6.81,106.7,13.3,83.4,1
86,0,6.97,87.5,26.9,90.8,1
86,1,6.76,99.3,30.8,94.3,1
86,2,7.49,93.7,14.2,89.9,1
86,3,7.37,81.6,20.9,90.2,1
86,4,7.39,105.4,18,90.4,1
86,5,6.73,99.4,14.9,98.3,1
86,6,7.38,78.7,5.2,82.1,1
86,7,7.25,100.8,7.3,81.1,1
86,8,7.05,39.8,14.4,87.8,1
86,9,7.2,63,32.8,81.4,1
86,10,6.94,71.5,17.6,88.1,1
86,11,6.95,66.9,18.2,88.4,1
86,12,7.14,88.2,27.2,97.4,1
86,13,7.14,39.2,16.7,87.5,1
86,14,6.91,81.8,23.5,88.5,1
86,15,7.09,58.3,32.5,94,1
86,16,6.98,45.6,9.2,97.6,1
86,17,7.35,92.7,25.8,80.9,1
86,18,6.83,105.7,18.2,90.6,1
86,19,6.72,105.7,10.9,81.6,1
86,20,7.06,39.5,13.5,95.8,1
86,21,6.98,106.3,29.8,93.3,1
86,22,7.01,67.6,29.7,89.1,1
86,23,7.08,41.2,29.3,98.1,1
86,24,7.5,31,26.1,90.7,1
86,25,6.8,83,21.9,84,1
86,26,7,63.3,20.5,98.6,1
86,27,7.13,55.5,7.4,81.5,1
86,28,6.75,90.8,25.8,93,1
86,29,7.01,54.7,7.7,88.7,1
86,30,6.91,68.7,11.8,85.6,1
86,31,7.49,75.8,32,80.2,1
86,32,6.92,107.9,17,87.1,1
86,33,7.38,93.6,26.2,92.4,1
86,34,7.04,34.7,31.8,90.5,1
86,35,7.21,31.7,13.9,93.6,1
86,36,7.25,91.6,10.9,86.4,1
86,37,6.92,103.5,22.2,89.6,1
86,38,7.4,57.4,15.4,95.5,1
86,39,7.29,95,19.7,97.2,1
86,40,6.76,105.3,5.9,85.4,1
86,41,7.1,96.4,15.7,81.2,1
86,42,7.36,60.1,25,97,1
86,43,7.45,54.7,16.2,83.6,1
86,44,7.27,40.2,15.5,90.7,1
86,45,7.17,56.4,34,92.6,1
86,46,7.32,92.2,21.9,80.2,1
86,47,7.34,91.2,5.8,91.8,1
86,48,6.86,58,33.4,91.6,1
86,49,7.39,75.5,34.6,82.3,1
86,50,6.99,79.9,34.7,87.8,1
87,0,7.35,80.7,32.3,97.4,1
87,1,7.17,87.7,29.7,89.6,1
87,2,6.77,49.4,14.2,87.9,1
87,3,6.88,61.7,32.3,97.2,1
87,4,7.11,33.6,8.7,92.1,1
87,5,7.43,69.1,15.5,87.1,1
87,6,7.19,73.8,11.3,91.6,1
87,7,7.35,50.4,16.8,97.8,1
87,8,6.76,43.7,24.7,83.1,1
87,9,7.47,93,16.4,80.9,1
87,10,6.98,101,20.8,97.2,1
87,11,6.75,36.2,30.8,88.3,1
87,12,6.81,41.4,24.7,93.2,1
87,13,7.18,59.7,7.9,87.5,1
87,14,7.27,43.8,26.1,84.8,1
87,15,7.45,44.4,32.4,89.8,1
87,16,7.14,92.4,18.4,82.6,1
87,17,6.86,52.4,25.7,85.8,1
87,18,6.93,45.2,21.2,92.8,1
87,19,6.85,85.7,24.5,98.3,1
87,20,7.11,99.1,13.7,86,1
87,21,7.27,35.3,5.7,98.2,1
87,22,7.01,34.1,15.4,84.3,1
87,23,6.9,66.4,7.3,90.7,1
87,24,6.7,87.2,23,90.9,1
87,25,6.75,75.9,17.6,92.8,1
87,26,6.87,98.1,32,84.7,1
87,27,6.71,37.4,30.4,86,1
87,28,7.2,64,17.5,88.1,1
87,29,7.45,54,21.5,83,1
87,30,7.39,68.9,29.5,96.6,1
87,31,7.14,31.6,15.8,86.5,1
87,32,7.35,75.2,11.7,94,1
87,33,7.27,36.1,8.3,89.7,1
87,34,7.16,94.6,21.1,85.2,1
87,35,6.78,51.7,11.6,87.6,1
87,36,7.11,60.2,30.6,93.5,1
87,37,7.33,99.4,8.1,93.2,1
87,38,6.71,103.3,8.4,87.3,1
87,39,7.2,53.2,25.1,85.3,1
87,40,7.35,90.7,28.5,81,1
87,41,6.75,34.9,8.6,92.2,1
87,42,7.23,75.5,28.7,89.4,1
87,43,7.14,84.5,30.4,93.5,1
87,44,6.88,50.8,27.2,96.2,1
87,45,7.21,93,13.2,82.4,1
87,46,7.24,34.3,32.7,88.7,1
87,47,7.18,40.2,33.4,97.4,1
87,48,7.24,41.9,24.8,84,1
87,49,6.84,47.1,27.5,81.3,1
87,50,6.91,30,21.5,86.7,1
88,0,7.04,87.8,29.6,82,1
88,1,7.16,75.2,29.5,95.2,1
88,2,7.39,31.6,5.8,92.2,1
88,3,6.77,40.5,24.7,82.6,1
88,4,7.44,93.5,31.9,85.3,1
88,5,6.75,74.8,34.3,81.6,1
88,6,7.28,51,28.5,82.9,1
88,7,7.18,56.7,11.9,90.3,1
88,8,7.44,98.1,18,95.3,1
88,9,7.42,96.2,7.5,80.6,1
88,10,6.91,96.1,14.8,85,1
88,11,6.99,50.3,5.3,90.8,1
88,12,7.27,102.3,31.7,81.4,1
88,13,7.26,83.3,25.2,93.6,1
88,14,6.9,91,27.8,93.1,1
88,15,6.89,74.9,5.3,96.9,1
88,16,6.85,32,33.6,90.9,1
88,17,6.83,32.6,23.3,84.3,1
88,18,7.33,109.1,26.8,89.6,1
88,19,7.11,43.6,24.9,84.1,1
88,20,7.3,98.5,29.8,85.5,1
88,21,7.48,86.3,34.3,89,1
88,22,7.34,87.6,27.5,84.9,1
88,23,7.21,51.3,21.2,95.5,1
88,24,6.87,62.6,5.7,87.3,1
88,25,7.18,53.8,8.4,90.1,1
88,26,7.3,47.4,22.7,93.8,1
88,27,7,51.8,24,87.6,1
88,28,7.24,44.2,13.8,95.1,1
88,29,7.47,48.6,32.4,90.3,1
88,30,7.06,75.8,5.5,83.2,1
88,31,7.49,45.5,13.3,83.4,1
88,32,7.32,90.4,15.9,96.8,1
88,33,6.83,67.6,30.5,98.3,1
88,34,7.3,57.4,32.8,84.1,1
88,35,7.43,108.8,10,98.1,1
88,36,7.31,97.6,15.2,89.4,1
88,37,7.04,99.1,21.1,92.3,1
88,38,6.71,106.9,34.7,87,1
88,39,6.73,78.3,33.6,83.9,1
88,40,6.74,56.4,11.7,98.2,1
88,41,7.38,52.5,34.6,88.9,1
88,42,6.81,61.3,9.7,90,1
88,43,7.21,40.2,15.8,84.2,1
88,44,6.76,97,23.9,84.6,1
88,45,7.19,101.5,22.1,97.6,1
88,46,6.71,89.2,7.2,88.1,1
88,47,7.11,48.3,34.4,90.4,1
88,48,6.78,31.7,34.8,98.2,1
88,49,7.26,93.4,21.6,87.5,1
88,50,6.73,104.9,28.9,95.1,1
89,0,6.83,49.9,18.7,88.6,1
89,1,7.25,72.9,27.1,98.6,1
89,2,6.94,66.7,20.9,81.7,1
89,3,7.32,39.5,32.8,83.8,1
89,4,7.47,68.3,10.5,83.2,1
89,5,7.47,40.9,29,89.8,1
89,6,7.21,54.8,34.7,84.6,1
89,7,7,39.4,11.9,93.3,1
89,8,7.46,60.6,29.4,88.9,1
89,9,7.34,62.1,32.4,91.2,1
89,10,6.84,32,19.9,86.5,1
89,11,6.75,68.8,6.6,93.8,1
89,12,7.24,72.4,8,90.1,1
89,13,6.81,59.1,6.9,90.3,1
89,14,6.82,83.3,12.3,81,1
89,15,7.46,94.2,12.6,95.4,1
89,16,7.36,62.2,20.3,96.6,1
89,17,6.8,51.7,25.6,93.3,1
89,18,7.29,108.7,31.5,82.8,1
89,19,7.27,52.1,9.9,85.1,1
89,20,6.92,81,12.5,90.4,1
89,21,7.39,34.8,7.7,81.9,1
89,22,7.48,45.1,19.5,89.3,1
89,23,7.46,65.3,29.9,89.4,1
89,24,7.46,52,20.7,83.8,1
89,25,6.71,76.4,32.5,98.5,1
89,26,7,56.1,31.1,85.1,1
89,27,6.78,99.2,22.9,92.4,1
89,28,6.71,67,13.1,89.7,1
89,29,7.44,49.9,7.7,94.6,1
89,30,7.16,39.9,18.8,82,1
89,31,7.13,76.8,5.3,98.3,1
89,32,6.94,91.8,19.1,88.5,1
89,33,7.35,39,13.8,92.7,1
89,34,7.06,81.7,32,82.7,1
89,35,7.48,64.4,8.9,87.6,1
89,36,6.74,69.9,20,96.7,1
89,37,6.73,84.4,30.7,96.3,1
89,38,7.36,82.4,10.4,90.9,1
89,39,7.13,76.5,20.9,83.9,1
89,40,7.4,39.2,20.9,89.1,1
89,41,7.3,57.1,15.9,87.3,1
89,42,7.24,51,14.5,97.5,1
89,43,6.89,62.9,28.9,97.7,1
89,44,7.19,72.3,20.4,82.1,1
89,45,6.97,81,25.5,84.9,1
89,46,7.35,41.6,29.8,92.1,1
89,47,6.72,73.3,23.5,90.7,1
89,48,7.4,42.5,20.6,91.7,1
89,49,6.97,107.9,16.5,96.4,1
89,50,7.13,103.9,18.9,95.6,1
90,0,6.91,68,8.6,89.6,1
90,1,7.1,33.3,24.4,83.4,1
90,2,7.08,84.9,14.2,86.2,1
90,3,7.43,74.3,6.7,96,1
90,4,7.14,54.8,8.2,88.6,1
90,5,7.03,76.7,10.9,91.6,1
90,6,7.37,106.7,27.8,81.6,1
90,7,7.39,50,5.4,97.1,1
90,8,6.95,40.2,32.3,94.4,1
90,9,7.08,30.1,32.4,94.3,1
90,10,7.07,34.7,13.8,84.6,1
90,11,7.21,88.5,32,82.9,1
90,12,7.29,67.6,28.1,85.3,1
90,13,6.79,101.1,12.8,80.8,1
90,14,7.32,103.7,9.1,91.5,1
90,15,7.14,107.3,29.2,88.5,1
90,16,7.18,83,27.5,87,1
90,17,6.77,98.1,18.7,85.3,1
90,18,6.75,30.7,34.8,93.1,1
90,19,7.44,39.6,18.4,83.3,1
90,20,7.2,66.2,14,87.8,1
90,21,6.72,37.6,25.7,91.9,1
90,22,7.3,95.6,32.9,92.7,1
90,23,6.75,52.3,32.8,80.9,1
90,24,7.08,77.7,34.2,90.3,1
90,25,7.23,55.5,33.2,85.6,1
90,26,7.28,92.4,28.9,87,1
90,27,7.34,30.2,19.9,82.9,1
90,28,6.82,100.1,21.1,83.9,1
90,29,7,35.9,25.7,91.1,1
90,30,7.11,91.6,21.5,82.3,1
90,31,7.07,38.4,17.3,94.7,1
90,32,7.33,76.8,28.2,93.1,1
90,33,7.05,80.8,23.7,82.9,1
90,34,7.45,108.4,20.3,87.1,1
90,35,6.91,42.3,25.7,93.5,1
90,36,6.78,92.7,16.3,97,1
90,37,7.41,64,30.8,92.2,1
90,38,7.3,109.2,7.7,90.3,1
90,39,6.79,68.7,7.4,84.8,1
90,40,7.47,52,28.9,90.1,1
90,41,6.78,75,30.7,89.5,1
90,42,6.85,65.3,8.7,95.7,1
90,43,7.06,65.4,25.4,95.6,1
90,44,7.23,47.2,9.3,87.6,1
90,45,7.23,48,12.7,81.7,1
90,46,6.71,86.4,22.7,85.5,1
90,47,6.81,95.6,11.9,91.8,1
90,48,7.22,95,32.1,91.4,1
90,49,6.77,30.2,14,84.1,1
90,50,7.23,73,5.8,86.8,1
91,0,6.89,98.4,32.3,81.2,1
91,1,7.09,61,30.5,95.9,1
91,2,6.79,82.2,25.6,81.8,1
91,3,7.42,77.1,13.2,86,1
91,4,7.13,32.6,14.6,90.3,1
91,5,6.86,39.8,7.7,98.4,1
91,6,6.73,51.1,22,87.1,1
91,7,7.02,101.7,20.7,98.8,1
91,8,7.07,56,26.7,81.1,1
91,9,7.06,89,11.4,95.2,1
91,10,6.97,54.5,12.8,80.7,1
91,11,6.83,97.7,27.8,82.2,1
91,12,7.12,33.3,13.5,80.8,1
91,13,7.45,63.6,33.6,83.4,1
91,14,7.05,75.5,24.2,83,1
91,15,6.9,79.4,21,81.4,1
91,16,7.03,69.9,10,80,1
91,17,7.4,92.4,7.4,82,1
91,18,7.09,43.7,31.4,89.1,1
91,19,7.05,107.2,14.5,86.9,1
91,20,6.89,106.2,29.7,90.4,1
91,21,7.06,84.6,16.7,94.8,1
91,22,6.88,45.1,17.5,84.3,1
91,23,6.99,103.7,5.6,95.9,1
91,24,6.85,109.4,5.7,83.7,1
91,25,7.06,96.4,29.2,96.4,1
91,26,7.37,76.6,15.5,95.7,1
91,27,7.03,84.6,24.7,87.8,1
91,28,6.73,53.7,9.6,91.8,1
91,29,7.04,109.7,26.8,87.9,1
91,30,7.03,82.3,20,80.3,1
91,31,7.09,39.1,30.1,97.9,1
91,32,7.27,36.8,10.1,96.3,1
91,33,7.43,109.7,23.9,88.1,1
91,34,6.82,74.5,32.2,93.5,1
91,35,7.1,36.7,25.3,80.1,1
91,36,7.05,41.1,14.7,96.8,1
91,37,6.94,107.3,34.1,89.4,1
91,38,7.48,46.8,19.3,97.5,1
91,39,7.23,99.6,34.8,84.2,1
91,40,7.16,46.2,32.6,85.5,1
91,41,7.3,71.8,23.4,86.7,1
91,42,7.11,96.8,6.1,93.8,1
91,43,7.12,71.5,24.7,84.8,1
91,44,7.11,47,9.2,97.5,1
91,45,6.76,78.2,30.6,84.8,1
91,46,7.21,56.7,34.9,81.6,1
91,47,6.89,33.3,20.6,94.7,1
91,48,6.84,63.1,20.6,81.6,1
91,49,6.92,75.8,24.4,94.7,1
91,50,7.29,62.8,13.6,89.5,1
92,0,7.11,79.4,19.4,98.3,1
92,1,7.1,69.7,8.3,91.3,1
92,2,7.15,89.3,23.6,80.7,1
92,3,6.99,34.8,33,88.6,1
92,4,7.11,71.4,26.9,95.7,1
92,5,7.24,104.3,12.4,95.8,1
92,6,6.95,100.2,22.6,94.2,1
92,7,6.8,68.9,30.7,80.4,1
92,8,7.19,108.9,18.7,93.6,1
92,9,6.95,81.7,30.9,93.5,1
92,10,7.49,98.3,14.2,96.6,1
92,11,7.35,79.8,27.3,84.8,1
92,12,7.22,49.3,26.3,88.9,1
92,13,6.85,84.1,30.1,86.8,1
92,14,7.48,37.8,21.4,98.2,1
92,15,7.4,74.6,33,95.1,1
92,16,6.89,97.5,6.9,96.8,1
92,17,7.49,92.1,26.5,95.9,1
92,18,6.7,104.7,6.1,89.9,1
92,19,7.22,30.8,28.6,98.1,1
92,20,7.42,45.2,5.7,86.5,1
92,21,7.47,46.7,30.5,91.4,1
92,22,6.84,45.1,32.2,83.2,1
92,23,7.28,88.9,20.4,92.9,1
92,24,6.87,88.3,34.9,93.6,1
92,25,6.91,80.5,5.7,80.9,1
92,26,6.74,45.3,17.7,81.3,1
92,27,7.39,70.9,18.5,80.6,1
92,28,6.98,52.7,8.9,83.6,1
92,29,6.95,70.9,32.7,87,1
92,30,7.17,63.5,30.1,86.8,1
92,31,6.98,94.3,27.4,91.9,1
92,32,6.88,109.3,6,81.5,1
92,33,6.87,58.1,24,93.2,1
92,34,6.71,94.8,15,88.2,1
92,35,7.32,56.9,8.2,98.8,1
92,36,7.01,75.3,14.6,87.3,1
92,37,6.92,54.5,14.5,97.2,1
92,38,6.93,75.3,17.7,80.6,1
92,39,7.33,45.9,7.5,85.4,1
92,40,7.02,61.9,28.3,97.7,1
92,41,6.98,85.9,12.3,82.6,1
92,42,7.43,33.8,17.1,94.9,1
92,43,6.88,102.5,28.6,95.3,1
92,44,6.91,57.4,33.5,81.3,1
92,45,6.79,87.9,32.5,87,1
92,46,7.36,96,12.1,91.3,1
92,47,7.47,53.1,18.5,90.8,1
92,48,7.24,53,14.6,90.6,1
92,49,7.39,47.5,17.9,89.3,1
92,50,7.14,66.8,11,94.7,1
93,0,7.42,78.1,24.9,97.9,1
93,1,7.05,54.2,27.9,96.8,1
93,2,7.21,107.4,10,92.1,1
93,3,7.41,102,17.2,94.2,1
93,4,7.34,107.3,27.6,98.1,1
93,5,7.22,48,30,89.4,1
93,6,7.24,49.2,5.6,93.7,1
93,7,6.84,104.7,28,98.2,1
93,8,6.73,73.4,29.1,85.4,1
93,9,7.14,94.9,27.7,84,1
93,10,7.05,97.8,8.8,93.9,1
93,11,7.18,54.5,7.5,95.1,1
93,12,6.91,42.8,23,88.3,1
93,13,7.41,59.5,7.7,91.7,1
93,14,7.07,52.8,11.7,87.8,1
93,15,7.49,39.9,21.5,85.8,1
93,16,7.07,52,30.2,93.5,1
93,17,6.87,75.9,15,86.9,1
93,18,7.39,30.8,25.4,95.3,1
93,19,7.41,95.6,10.9,92.4,1
93,20,7.13,106.1,22.8,85.2,1
93,21,7,71,6.3,90.1,1
93,22,6.81,102.1,6.4,90.4,1
93,23,7.36,38.2,17,92.3,1
93,24,7.3,69.9,31.9,92.3,1
93,25,7.03,78.1,27.6,85.3,1
93,26,6.95,68.3,28.8,81.8,1
93,27,7.06,30.5,8.6,81.7,1
93,28,7.08,36.1,14.2,96.8,1
93,29,7.05,56.7,14.1,86.4,1
93,30,6.74,52.3,15.5,85.6,1
93,31,6.93,43.6,28,90.7,1
93,32,7.46,34,22,96.8,1
93,33,7.07,85.8,6.2,83,1
93,34,7.47,99.9,11.8,95.2,1
93,35,7.13,39.7,6,81,1
93,36,7.18,94.8,18.4,93.8,1
93,37,7.47,81.3,13.6,80.1,1
93,38,7.1,71,18.2,99,1
93,39,7.29,41,13.2,88.9,1
93,40,6.87,77.2,8.5,91.8,1
93,41,7.1,89.1,17,94.7,1
93,42,7.21,66.8,12.6,81.4,1
93,43,6.98,98.3,7.1,80.5,1
93,44,6.8,73.6,22.1,87.6,1
93,45,6.74,109,14.4,84.7,1
93,46,7.21,69.7,14.2,90.3,1
93,47,7.4,63.5,6.1,83,1
93,48,6.99,94.6,21.4,85.5,1
93,49,7,109.2,26.8,92.6,1
93,50,6.83,101.8,32,81.2,1
94,0,7.09,76.7,26.7,97.7,1
94,1,7.16,64.4,20.6,91.1,1
94,2,7.28,77.9,20.3,89.6,1
94,3,7.38,48.4,29.4,91.5,1
94,4,7.06,96.8,9,94.3,1
94,5,7,91.6,15.5,97.3,1
94,6,7.48,76.8,34,91,1
94,7,7.36,105.3,6.1,96.8,1
94,8,7.03,44.4,34.5,81.2,1
94,9,6.85,109.8,29.2,96.6,1
94,10,6.95,49.9,7.9,93.7,1
94,11,6.76,48.7,8.2,94.1,1
94,12,6.93,33,11.7,84.9,1
94,13,7.1,46.9,6.2,98.8,1
94,14,7.23,77.8,8.2,94.3,1
94,15,7.48,100.4,7.8,94.5,1
94,16,7.33,58.2,17.3,82.8,1
94,17,6.78,81.2,11.7,89.1,1
94,18,6.93,68.7,11.4,89.8,1
94,19,7.34,81.9,25.2,94.2,1
94,20,7.32,40.9,10.3,93.4,1
94,21,6.71,77,6.1,97,1
94,22,6.79,56.4,22.4,98.3,1
94,23,7.13,38.3,30.7,95.5,1
94,24,7.34,58.3,20.3,97.1,1
94,25,6.88,84,17.5,80.5,1
94,26,7.34,37.5,14.5,96.1,1
94,27,7.47,79.5,30.4,98.8,1
94,28,7.31,102.1,7.6,95.6,1
94,29,7.15,76.1,11.4,81.7,1
94,30,6.93,80.1,24.3,94.2,1
94,31,7.2,37.4,8.2,89.2,1
94,32,6.98,91.5,28.9,84.4,1
94,33,7.42,41.3,13.3,82.6,1
94,34,7.03,41.4,10.8,82.2,1
94,35,7.37,80.4,28.9,93.1,1
94,36,6.8,66.4,5.5,85.1,1
94,37,7.39,67.8,31.9,85.1,1
94,38,6.92,96.4,13.3,80.3,1
94,39,6.91,37.6,23.9,85.9,1
94,40,7.45,31.7,11.2,81.6,1
94,41,6.82,69.1,20.3,95.8,1
94,42,7.42,41.7,34.3,98,1
94,43,7.22,69.1,31,84.1,1
94,44,6.91,32.6,20,87.5,1
94,45,7.18,40.9,8.7,91.6,1
94,46,7.06,63.5,18.8,90.8,1
94,47,6.94,87.4,20.5,96.3,1
94,48,7.4,93.1,8.7,80.7,1
94,49,7.03,101.1,17.5,85.5,1
94,50,7.1,92.1,7.1,91.4,1
95,0,7.31,45.5,34.3,90.2,1
95,1,6.85,79.5,9,87,1
95,2,7.34,32.1,26.5,85.8,1
95,3,7.12,100.5,19.9,97.3,1
95,4,6.92,38.7,23.1,81.2,1
95,5,6.94,59.3,14.5,92.9,1
95,6,6.88,82.6,11.7,86.2,1
95,7,7.06,66.1,34.8,83.5,1
95,8,6.71,30.8,26.6,98.9,1
95,9,7.45,73,12.7,82.1,1
95,10,6.92,80.7,11.3,88,1
95,11,7.25,39.2,5.9,93.9,1
95,12,6.96,50.4,16.1,86.8,1
95,13,6.94,98.6,32.4,97.8,1
95,14,7.17,43.2,28.7,84,1
95,15,7.23,31.6,14,80.4,1
95,16,7.12,31.7,20.6,83.2,1
95,17,7.42,104.7,32.1,83.3,1
95,18,6.77,48.4,31.2,93.7,1
95,19,6.8,40,7.3,89.7,1
95,20,7.21,58.3,7.6,94.9,1
95,21,7.18,47.5,20,90.9,1
95,22,7.14,83.7,8.5,93,1
95,23,7.38,73.4,18.7,84.9,1
95,24,6.77,90.7,18,94.4,1
95,25,7.47,96.9,27,98.9,1
95,26,7.47,95.6,30.4,96.5,1
95,27,6.94,35.9,33.8,97,1
95,28,7.38,62.7,32.3,83.3,1
95,29,7.08,80.7,26.2,88.4,1
95,30,7.16,69,12,96.6,1
95,31,7.13,96.3,7.6,81.5,1
95,32,7,60.8,22.1,94,1
95,33,6.76,64.4,15,98.6,1
95,34,7.25,95.8,18.5,90.2,1
95,35,7.37,94.5,29.1,83,1
95,36,7.4,105.7,12.7,85.6,1
95,37,7.19,72.2,26.3,93.8,1.1
95,38,7.03,107.7,8.6,91,1.1
95,39,7.2,76.1,26.3,87.7,1.1
95,40,7.03,101.1,25.5,95.3,1.1
95,41,7.45,62.7,25.5,91,1.1
95,42,7.32,74.7,23,97.6,1.1
95,43,7.16,59.2,14.1,88.2,1.1
95,44,7.41,61.6,9.8,82.8,1.1
95,45,7.2,61.1,30.1,94.6,1.1
95,46,7.33,103.5,17.8,96.6,1.1
95,47,7.18,91.6,5.1,98.7,1.1
95,48,7.3,72.7,15.9,89.5,1.1
95,49,7.02,66.6,5.1,81.8,1.1
95,50,7.34,33.3,21.4,90.7,1.1
96,0,6.73,45.8,23.6,88.1,1.1
96,1,6.81,97.8,6.5,98.2,1.1
96,2,7.03,88.1,27.7,92.6,1.1
96,3,6.96,71,34.2,95.1,1.1
96,4,6.96,96.1,30.7,90.8,1.1
96,5,6.91,40.8,7.3,81.1,1.1
96,6,7.33,64.6,31.7,81.3,1.1
96,7,6.98,71.2,26.8,91.3,1.1
96,8,7.37,55,31.5,91.1,1.1
96,9,7.21,77.7,9,82.1,1.1
96,10,6.85,103.5,9.7,94.5,1.1
96,11,7.27,79.5,29.2,82.4,1.1
96,12,6.85,108.5,32,85.3,1.1
96,13,6.81,93.9,13.5,92.3,1.1
96,14,7,77.3,6.7,94.5,1.1
96,15,7.02,44.2,15.1,87.4,1.1
96,16,6.98,67.6,22.2,81.1,1.1
96,17,6.89,46.3,9.7,82.4,1.1
96,18,7.26,67.9,31.5,96.9,1.1
96,19,6.71,92.6,22.3,94.8,1.1
96,20,7,32.1,34.7,81.1,1.1
96,21,7.3,55,10.1,86,1.1
96,22,7.45,72.5,28.9,93.9,1.1
96,23,7.31,41.3,32.5,95.2,1.1
96,24,7.27,30.3,5.9,94.4,1.1
96,25,7,105.9,24.8,90.4,1.1
96,26,6.81,107.4,30.2,80.1,1.1
96,27,7.08,67.8,23.3,93.1,1.1
96,28,6.71,88.1,25.3,96,1.1
96,29,7.13,43.4,26.9,84.1,1.1
96,30,7.08,32.6,8.7,88.7,1.1
96,31,7.35,60.7,21.4,93.2,1.1
96,32,7.27,66.4,22.6,85.7,1.1
96,33,7.28,44.1,21.2,82.9,1.1
96,34,7.38,108.2,24.4,96,1.1
96,35,7,74.1,30.4,97.3,1.1
96,36,7.42,38.4,28.4,90.3,1.1
96,37,7.41,109.1,34.5,82.3,1.1
96,38,6.83,92.1,13,80.3,1.1
96,39,6.9,35.6,10.6,85.2,1.1
96,40,6.84,54.9,21.7,86.4,1.1
96,41,6.92,70.4,30,92.7,1.1
96,42,7.2,57.8,7.2,86.8,1.1
96,43,7.47,108.8,32.8,81.3,1.1
96,44,7.36,93.7,10.7,93.5,1.1
96,45,6.98,38.1,16.2,96.5,1.1
96,46,7.25,104.4,9.4,95.2,1.1
96,47,7.43,36.9,15.2,92,1.1
96,48,7.49,55.6,15.8,89.3,1.1
96,49,6.76,62.1,12.7,96.4,1.1
96,50,7.28,84.5,28.8,88.6,1.1
97,0,7.37,107,10.4,85.9,1.1
97,1,7.26,89.8,5.5,85.5,1.1
97,2,7.49,96.1,6.5,81,1.1
97,3,7.16,37.2,34.7,82.9,1.1
97,4,6.71,38,13.4,85.8,1.1
97,5,7.31,97.5,31.2,81.7,1.1
97,6,7.34,93.5,28,96.7,1.1
97,7,7.07,43.5,13.7,81.3,1.1
97,8,7.41,90.2,22,92.1,1.1
97,9,6.85,106.7,19.4,86.1,1.1
97,10,6.78,93.1,18.2,88.6,1.1
97,11,7.49,71,27.9,82.4,1.1
97,12,7.48,108.8,9.3,90,1.1
97,13,6.85,48.4,14.6,83.2,1.1
97,14,6.79,61.9,22.2,84.6,1.1
97,15,7.18,38.3,6.6,95.4,1.1
97,16,6.84,96.8,22.1,83.1,1.1
97,17,7.08,65.7,27.3,81.8,1.1
97,18,7.3,52.9,31.2,98.3,1.1
97,19,7.11,69,32.5,96.7,1.1
97,20,7.05,72.4,7.1,98.6,1.1
97,21,7.29,62.7,18.9,94.9,1.1
97,22,7.26,90.9,21.5,86,1.1
97,23,7.41,31,11.2,96.4,1.1
97,24,6.86,47.6,8.8,96.5,1.1
97,25,7.26,107.5,34.9,81.1,1.1
97,26,7.18,54.1,18.8,84.2,1.1
97,27,6.81,51.5,29.4,96.9,1.1
97,28,6.96,42.8,15.4,83.1,1.1
97,29,7.32,98,6.5,98.6,1.1
97,30,6.84,76.8,25.5,98.2,1.1
97,31,7.04,65.4,31.5,85.4,1.1
97,32,7.36,99.8,26.4,93.2,1.1
97,33,7.02,102.1,25.2,98.7,1.1
97,34,7.2,85.5,29,91.5,1.1
97,35,7.49,89.5,30,92.7,1.1
97,36,7.37,32.2,17.4,90.8,1.1
97,37,6.82,77.7,24.2,84.7,1.1
97,38,6.72,77.2,30.3,81.7,1.1
97,39,6.98,109.9,8.1,95,1.1
97,40,7.06,108.5,21.5,89,1.1
97,41,7.34,92.7,23.6,81.2,1.1
97,42,7.46,99.3,32.7,96.6,1.1
97,43,6.85,34.1,34.7,84.5,1.1
97,44,7,90.5,22.9,84.1,1.1
97,45,7.32,98.4,22.2,98.2,1.1
97,46,7.3,37.7,11.4,83.1,1.1
97,47,6.92,87.9,8.7,98.4,1.1
97,48,6.84,51.8,21.8,93.2,1.1
97,49,6.93,71.5,33.5,98.3,1.1
97,50,6.7,65.5,16.7,85.3,1.1
98,0,7.36,42.2,16.1,90.9,1.1
98,1,7.42,88.3,29.9,97.5,1.1
98,2,6.7,67.5,5.5,80.5,1.1
98,3,7.04,67.7,25.8,90.9,1.1
98,4,6.92,35.8,14.7,83.7,1.1
98,5,6.73,94.8,15,95.7,1.1
98,6,7.29,46,16.1,85.2,1.1
98,7,6.83,30.9,10.6,81.1,1.1
98,8,7.09,99.1,17.7,90.9,1.1
98,9,7.18,51.9,5.1,95.4,1.1
98,10,6.82,39.3,20.3,95.8,1.1
98,11,7.46,46.9,31.7,89.2,1.1
98,12,6.74,42,22.1,80.5,1.1
98,13,6.73,95.2,28,91.6,1.1
98,14,7.34,105.2,8.8,89.6,1.1
98,15,7.14,88.2,7.5,87.7,1.1
98,16,7.12,45.7,21.8,88.7,1.1
98,17,6.74,43.8,33.6,90.7,1.1
98,18,7,62.4,7.7,93.2,1.1
98,19,6.98,48,23.8,87.9,1.1
98,20,6.77,85.3,30.4,93.2,1.1
98,21,6.84,74.3,32.5,89.8,1.1
98,22,6.71,96.6,24.5,83.6,1.1
98,23,7.11,67.2,5.1,86.8,1.1
98,24,7.14,99.3,28.7,96.9,1.1
98,25,7.46,33.1,5.7,97.9,1.1
98,26,7.34,82.9,13.2,97.3,1.1
98,27,7.38,31,21.3,88.9,1.1
98,28,7.02,45.8,14,92.1,1.1
98,29,6.94,35.5,31.7,95.3,1.1
98,30,7.16,83.8,13.3,95,1.1
98,31,7.38,55.9,25.6,94.9,1.1
98,32,7.02,58.1,17.5,95.2,1.1
98,33,7.08,52,10.3,90.4,1.1
98,34,7.15,82.9,16.9,98.2,1.1
98,35,7.16,38.2,12.2,89.2,1.1
98,36,6.85,66.1,23.8,81.6,1.1
98,37,7.04,89.3,13,85.4,1.1
98,38,6.73,35.7,25.5,89.6,1.1
98,39,7.26,54.8,19.4,84.2,1.1
98,40,7.26,54.9,15.3,96.8,1.1
98,41,6.82,54.1,18.2,90.9,1.1
98,42,7.04,97.2,28,83.9,1.1
98,43,7.25,35.8,7.9,98.3,1.1
98,44,7.46,31.2,23.2,98.5,1.1
98,45,6.91,61.3,22.9,93.3,1.1
98,46,7.22,41.1,8.5,93.1,1.1
98,47,6.93,84.3,27,93,1.1
98,48,7.22,85.2,31.8,95.1,1.1
98,49,7.16,58.5,33.7,97.9,1.1
98,50,6.72,85.9,13.3,96.2,1.1
99,0,7.13,94.8,22.8,96.7,1.1
99,1,6.89,108.7,19.7,82.6,1.1
99,2,7.19,35.5,10.6,93.2,1.1
99,3,6.99,80.5,8.4,82,1.1
99,4,6.92,97.3,17.6,87.2,1.1
99,5,7.22,73,20.9,89,1.1
99,6,6.92,67.3,16.3,94.6,1.1
99,7,7.44,51.2,8,90.8,1.1
99,8,6.92,54.2,15.4,82.5,1.1
99,9,6.84,94.2,17,89.5,1.1
99,10,6.81,94.7,17.5,90.1,1.1
99,11,7.48,49.3,24.6,89.5,1.1
99,12,6.82,96.6,18.4,90.4,1.1
99,13,6.73,85.9,30.4,91.1,1.1
99,14,6.84,86.7,16.8,85,1.1
99,15,7.05,52.1,16.7,91.7,1.1
99,16,7.15,48.7,31.5,88.8,1.1
99,17,6.96,104.5,16.6,98.3,1.1
99,18,6.94,67.4,19.5,95.4,1.1
99,19,6.78,104.9,30.3,85.7,1.1
99,20,7,99.8,13.2,90.8,1.1
99,21,6.73,97.5,5.4,93.3,1.1
99,22,7.11,89.1,12.7,84.3,1.1
99,23,6.89,108.1,24.3,92.6,1.1
99,24,7.49,82,12.4,90.8,1.1
99,25,6.88,88.4,6.3,88.2,1.1
99,26,7.32,90.7,19.3,90.4,1.1
99,27,6.72,50.2,26,92.8,1.1
99,28,7.21,68.9,20.8,83.6,1.1
99,29,7.34,78,14.6,95.1,1.1
99,30,7.03,108.8,9,83.8,1.1
99,31,7.44,79.6,16.1,86,1.1
99,32,7.03,51.7,26.7,83,1.1
99,33,7.22,63.9,16.2,97.7,1.1
99,34,6.77,101.4,21.1,87.9,1.1
99,35,7.5,92.4,15,83.7,1.1
99,36,7.05,41.5,18.2,94.6,1.1
99,37,7.15,31.5,25.4,87.9,1.1
99,38,7.3,31.4,34.9,86.6,1.1
99,39,6.89,106.8,34.4,86.1,1.1
99,40,7.31,42.8,23,96.3,1.1
99,41,6.78,52.1,12.4,84,1.1
99,42,6.72,79.8,24.4,95.7,1.1
99,43,6.97,32.8,24.5,84.6,1.1
99,44,7.35,46.8,29,98.4,1.1
99,45,7.29,83.8,23.5,82.3,1.1
99,46,7.03,44.4,19.9,96.5,1.1
99,47,7.36,74.3,21.8,85.4,1.1
99,48,7.15,98,8,85.2,1.1
99,49,7.49,108.2,17.9,83.4,1.1
99,50,6.87,46.7,34.5,82,1.1
100,0,7.08,75.2,33.8,90.6,1.1
100,1,6.86,99.5,31.3,87.3,1.1
100,2,7.29,38.2,9.3,92.8,1.1
100,3,6.77,52.7,15.6,83.1,1.1
100,4,6.78,106.4,33,90.4,1.1
100,5,6.78,60.2,33.1,94.2,1.1
100,6,6.89,89.9,11,89,1.1
100,7,7,89.7,16.7,85.3,1.1
100,8,7.01,65.1,17.5,81.8,1.1
100,9,6.82,30.2,33,88.4,1.1
100,10,7.19,71.6,24.1,85.2,1.1
100,11,6.78,52.7,6.1,92,1.1
100,12,6.98,50,17.5,92.7,1.1
100,13,7.17,41.8,7.9,93.3,1.1
100,14,6.73,99.1,15.5,97.5,1.1
100,15,7.48,64.2,21.3,90,1.1
100,16,7.28,82.5,29.1,88.2,1.1
100,17,7.19,73.1,5.4,88.7,1.1
100,18,7.34,52.6,24.4,85.4,1.1
100,19,7.27,95.7,12.8,89.6,1.1
100,20,7.23,109.1,7.7,91.8,1.1
100,21,6.88,89.5,24.4,98.9,1.1
100,22,7.02,72.7,16.8,96.2,1.1
100,23,7.27,39.6,9.7,81.5,1.1
100,24,6.95,48.8,25.5,95.2,1.1
100,25,7.38,54.7,26.5,82.6,1.1
100,26,6.93,91.8,8.5,96,1.1
100,27,6.76,78.4,8.3,80.2,1.1
100,28,7.34,76.2,29,81.9,1.1
100,29,7.13,56.5,27.4,92.4,1.1
100,30,7,107.1,34.5,90.1,1.1
100,31,7.42,102.5,30.7,97.4,1.1
100,32,6.78,39.7,14.8,83.4,1.1
100,33,6.87,43.5,19.9,81.8,1.1
100,34,7.22,104,15.5,82.6,1.1
100,35,7.31,37.3,12.1,92.9,1.1
100,36,7.24,97.7,8.7,94.5,1.1
100,37,7.35,107.8,30.3,95.5,1.1
100,38,6.77,69.8,31.3,97.8,1.1
100,39,7.15,101,27.6,85.4,1.1
100,40,7.35,87.9,6.2,90.4,1.1
100,41,7.15,56.7,16.6,81.9,1.1
100,42,6.98,43.8,16.8,82.5,1.1
100,43,7.06,107.5,10.1,83.6,1.1
100,44,7.5,46.8,6,98.6,1.1
100,45,7.42,61.2,5.4,92.5,1.1
100,46,7.17,42.3,32.3,88,1.1
100,47,7.49,46.6,12.8,88.8,1.1
100,48,6.79,31.8,32.5,95.6,1.1
100,49,6.81,56.8,18.2,91.7,1.1
100,50,7.46,56,13.8,95.3,1.1
101,0,6.92,45.4,34.4,83.7,1.1
101,1,7.34,54.6,25.1,82.3,1.1
101,2,6.74,65.8,17.2,91,1.1
101,3,6.85,71.1,21.9,82.1,1.1
101,4,7.11,54.6,17.7,95.9,1.1
101,5,7.46,86.9,7.9,87.3,1.1
101,6,6.78,63.7,25.3,95.7,1.1
101,7,6.92,32.5,17.1,96.9,1.1
101,8,7.01,69.6,33.1,86.6,1.1
101,9,6.91,36.2,15.3,93.8,1.1
101,10,6.85,39.2,15.2,90.5,1.1
101,11,6.72,98.1,33.1,84.3,1.1
101,12,7.14,43.8,14.7,97.6,1.1
101,13,7.03,73.2,19.5,97.7,1.1
101,14,6.98,69.6,11,90.8,1.1
101,15,7.24,100.5,18.4,90.3,1.1
101,16,7.14,54.8,24.4,88.5,1.1
101,17,6.73,103.9,28.2,89.5,1.1
101,18,6.89,59.5,23.3,86.3,1.1
101,19,7.49,89.3,27.6,90.2,1.1
101,20,7.21,103.7,18.4,85.1,1.1
101,21,7.36,95.7,24.3,87.3,1.1
101,22,6.74,109.1,30.7,93.1,1.1
101,23,6.87,90.4,30.7,88.3,1.1
101,24,7.18,39.2,13.2,90.6,1.1
101,25,6.96,31.9,25.6,91.2,1.1
101,26,7.12,45.9,16.6,96.7,1.1
101,27,7.4,68.5,24.1,87.7,1.1
101,28,7.19,103.2,5.2,92.2,1.1
101,29,6.74,75.9,24.6,80.2,1.1
101,30,6.74,100.5,30.7,88.9,1.1
101,31,6.91,56.8,23.7,89.6,1.1
101,32,6.73,39.2,16.9,96.4,1.1
101,33,7.31,101.7,27.1,96.3,1.1
101,34,7.12,105.9,17.2,85.5,1.1
101,35,7.27,45.7,17.6,82.5,1.1
101,36,6.75,64.8,28.1,97.3,1.1
101,37,6.93,30.8,13.1,92.6,1.1
101,38,7.39,34.4,34.3,91.7,1.1
101,39,7.33,32.7,24.6,87.4,1.1
101,40,7.09,67,25.4,90.7,1.1
101,41,7.21,93.2,7.9,87.8,1.1
101,42,7.14,60.1,24.6,98.3,1.1
101,43,7.29,51.6,19.8,94.9,1.1
101,44,6.85,57,6.1,84.3,1.1
101,45,6.76,101.6,33.3,83.7,1.1
101,46,7.3,74.4,13.5,80,1.1
101,47,7.05,79.5,20.3,98.7,1.1
101,48,6.88,45.1,15.1,89.5,1.1
101,49,7.35,65,22.9,87.7,1.1
101,50,7.03,52.4,16.8,87.5,1.1
102,0,7.05,38.8,32.1,96.2,1.1
102,1,6.88,105.4,15.9,86.9,1.1
102,2,7.39,68.2,19.8,92.7,1.1
102,3,6.95,35.3,15.9,98.2,1.1
102,4,6.71,85.8,26.4,85,1.1
102,5,6.71,49,19,98,1.1
102,6,6.94,58.3,8.1,92.9,1.1
102,7,6.74,65.5,21,91.6,1.1
102,8,7.29,66.1,18.3,82.7,1.1
102,9,7.45,75.1,18.6,91.2,1.1
102,10,7.02,40.6,22.8,80.1,1.1
102,11,7.33,33.2,30.9,80.3,1.1
102,12,7.46,88.8,18.2,97,1.1
102,13,7.27,102.3,9.5,81.1,1.1
102,14,7.01,45.8,34,86.7,1.1
102,15,7.37,67.4,12.3,83.1,1.1
102,16,6.78,83.6,20.2,93,1.1
102,17,7.12,54.8,15.1,96.3,1.1
102,18,7.3,78.5,19.4,83.9,1.1
102,19,7.24,46.5,7.9,92.6,1.1
102,20,7.42,36.6,26.2,80.3,1.1
102,21,7.11,76.5,27.7,88,1.1
102,22,6.85,56.2,5.9,91.7,1.1
102,23,6.92,32.8,7.5,80.6,1.1
102,24,7.16,61.2,9.9,82.7,1.1
102,25,7.43,93.8,13.8,92,1.1
102,26,6.7,76.7,11.7,80.8,1.1
102,27,7.23,45.2,8.2,98.9,1.1
102,28,7.31,94.2,10.4,81.8,1.1
102,29,7.39,89.9,10.6,87.2,1.1
102,30,7.2,105.9,14.9,95.1,1.1
102,31,6.84,102.5,31.5,83.8,1.1
102,32,7.34,42.9,21.7,87.6,1.1
102,33,7.04,76.1,22.6,96.6,1.1
102,34,7.01,62.4,25.4,86.3,1.1
102,35,7.29,108.1,13,83.7,1.1
102,36,7.13,68.9,13.7,91.1,1.1
102,37,7.07,103.4,28.5,89.7,1.1
102,38,7.02,49.8,23.7,98.3,1.1
102,39,6.94,36.9,28.8,92.1,1.1
102,40,7.17,98.3,26,81.6,1.1
102,41,6.76,99,20.1,80.8,1.1
102,42,7.31,63.1,15.9,87.5,1.1
102,43,7.18,69.1,26.5,94.6,1.1
102,44,6.8,85.8,30,90,1.1
102,45,7.3,80.9,9.3,81.9,1.1
102,46,6.73,53.4,34.5,83.7,1.1
102,47,6.81,82,19.6,94.7,1.1
102,48,7.08,57.4,27.1,93.5,1.1
102,49,7.36,87.7,18.9,86.8,1.1
102,50,7.4,42.9,19.6,87.2,1.1
103,0,7.21,101.2,17.8,97,1.1
103,1,7.42,58,33.5,94.3,1.1
103,2,7.26,41,26.9,92.9,1.1
103,3,7.29,42.4,22.7,91.1,1.1
103,4,6.96,67.9,28,84.9,1.1
103,5,7.31,76.1,26,97.2,1.1
103,6,7.28,109.9,7.8,86.8,1.1
103,7,6.72,66.7,33.3,89.8,1.1
103,8,7.18,106.8,25.9,89.4,1.1
103,9,6.88,32.4,31.8,85.5,1.1
103,10,7.44,66.7,8.3,95.7,1.1
103,11,6.9,67.6,29.3,81.9,1.1
103,12,7.38,57.7,8.8,91.3,1.1
103,13,7.24,78.6,34.5,91.1,1.1
103,14,7.06,80.8,23.7,86.9,1.1
103,15,7.24,95.8,21.6,95.8,1.1
103,16,6.79,64.8,21.8,80.7,1.1
103,17,7.47,41.9,15.8,83.6,1.1
103,18,6.97,65.2,13.2,84.2,1.1
103,19,6.91,60.4,15.5,95.3,1.1
103,20,7.41,51.8,29.2,98.1,1.1
103,21,7.41,58,18.1,85.5,1.1
103,22,6.75,50,34.2,94.6,1.1
103,23,7.22,66.1,18.4,90.8,1.1
103,24,7.33,63.6,24.4,93.3,1.1
103,25,7.42,106.9,13.3,80.4,1.1
103,26,6.73,51,10.3,84.8,1.1
103,27,7.26,77.2,14,86.9,1.1
103,28,7.17,93.9,27.3,95.7,1.1
103,29,6.82,54,24.9,83.8,1.1
103,30,7.15,85.4,18,95.7,1.1
103,31,6.87,70.1,34.6,80.6,1.1
103,32,7.12,59.6,17.5,97.3,1.1
103,33,7.41,37.7,9.6,81.1,1.1
103,34,7.33,48.2,32.7,98.3,1.1
103,35,6.96,32.1,28.5,83.4,1.1
103,36,6.72,32.7,21.6,88.9,1.1
103,37,7.14,74.9,32.3,96.3,1.1
103,38,6.74,100,9.1,89.9,1.1
103,39,6.83,30.3,23.5,95.9,1.1
103,40,6.74,89.6,10.2,83.5,1.1
103,41,6.76,35.1,16.3,94.4,1.1
103,42,6.98,37.9,6.3,94.5,1.1
103,43,6.76,55.4,21.9,83.6,1.1
103,44,7.48,44.6,30.7,81,1.1
103,45,7.32,91.3,26.7,85.4,1.1
103,46,7.02,109.6,25.5,86.5,1.1
103,47,7.34,80.2,25.2,84.7,1.1
103,48,7.03,39.5,21.1,80,1.1
103,49,6.98,88.1,13.6,80.4,1.1
103,50,7.09,50.3,20.2,88.5,1.1
104,0,6.85,67.6,8.8,89.6,1.1
104,1,7.35,86.9,20,84.4,1.1
104,2,7.21,92.6,33.7,92.6,1.1
104,3,7.4,82.3,9,87.2,1.1
104,4,6.94,35.4,7.1,84.9,1.1
104,5,7.46,95.2,31.2,98.9,1.1
104,6,6.94,56.4,29.5,80,1.1
104,7,6.85,72.7,23.1,95.8,1.1
104,8,6.96,61.6,26.2,90.2,1.1
104,9,7.26,81.3,32.6,95.5,1.1
104,10,6.8,64.7,8.4,94.1,1.1
104,11,6.85,95.9,18.9,82.8,1.1
104,12,6.84,34.3,18.4,93.2,1.1
104,13,6.76,76.3,19.5,82.4,1.1
104,14,7.31,78.1,33.7,83.1,1.1
104,15,7.39,105.1,23.8,86.1,1.1
104,16,7.49,65.2,7.4,81.4,1.1
104,17,7.14,34.8,20.6,81,1.1
104,18,6.85,70.9,26.5,84.2,1.1
104,19,7.14,56.9,12.4,89.1,1.1
104,20,6.78,42.3,18.7,84.9,1.1
104,21,6.71,96.4,9.9,91.4,1.1
104,22,7.13,101.5,31.4,86.1,1.1
104,23,6.75,51.5,8.7,93.7,1.1
104,24,7.32,30.4,12.7,95.2,1.1
104,25,7.41,54.5,34.4,83,1.1
104,26,6.98,63.9,6.3,82.1,1.1
104,27,7.31,48.7,32.4,95,1.1
104,28,7.06,102,26.2,81.3,1.1
104,29,7.32,103.6,16.7,94.1,1.1
104,30,7.34,65.7,31.4,84.9,1.1
104,31,7.12,46.4,5.8,95.1,1.1
104,32,7.16,88.3,34.6,82.5,1.1
104,33,7.19,34.8,32.2,85.2,1.1
104,34,6.87,61.9,10.6,93.7,1.1
104,35,7.15,92.5,19.1,94.1,1.1
104,36,6.86,60.4,16.6,84.3,1.1
104,37,7.3,45.2,31.7,98.6,1.1
104,38,7.04,88.3,16.7,92.7,1.1
104,39,7.49,58,12.3,92.3,1.1
104,40,7.47,42.6,11,93.3,1.1
104,41,7.19,74.6,23.1,80.4,1.1
104,42,7.35,62.2,19.7,90.1,1.1
104,43,7.36,70.2,6.5,83.6,1.1
104,44,7.5,49.9,24.9,89.4,1.1
104,45,6.78,32.7,12.9,82.5,1.1
104,46,7.37,94.9,27.2,83.5,1.1
104,47,7.1,47,12.2,86.2,1.1
104,48,6.93,90.3,27.2,88.5,1.1
104,49,7.02,63.2,13.5,81.4,1.1
104,50,7.32,53.2,9,85.5,1.1
105,0,7.08,42.6,14.1,97.9,1.1
105,1,7.28,77.5,32.8,96.5,1.1
105,2,7.26,102.6,9.2,97.9,1.1
105,3,6.95,77.9,20.2,85.3,1.1
105,4,6.95,67.6,21.5,98.5,1.1
105,5,6.84,62.9,14.2,86.4,1.1
105,6,7.11,99.3,23.2,83.8,1.1
105,7,7.42,40.4,15.2,86.2,1.1
105,8,7.35,79.7,9.6,99,1.1
105,9,6.8,85.3,19.9,86,1.1
105,10,7.26,66.4,14.9,87.2,1.1
105,11,7.42,59,11,89,1.1
105,12,7.18,93.6,12.7,89,1.1
105,13,7.35,45.8,27.6,92.2,1.1
105,14,6.87,67.6,16.2,94,1.1
105,15,7.34,82.3,20.7,91.2,1.1
105,16,7.33,92,6.1,90,1.1
105,17,7.48,71.2,12.3,82.7,1.1
105,18,7.28,55.5,19.1,91.2,1.1
105,19,6.79,77.3,6.7,87.9,1.1
105,20,7.35,98.5,15.1,80.6,1.1
105,21,7.02,88.2,32.6,85.9,1.1
105,22,7.47,108.5,17.7,86.1,1.1
105,23,7.22,57.6,8.6,84.6,1.1
105,24,6.86,97,29.3,96.9,1.1
105,25,7.49,95.7,10.8,90.8,1.1
105,26,7.43,100.1,29.6,84,1.1
105,27,6.72,55.5,29.2,89.8,1.1
105,28,7.12,83.8,10,96.2,1.1
105,29,7.41,99.8,12.2,81,1.1
105,30,6.92,103.3,31.1,90.8,1.1
105,31,7.15,86.8,18.2,80.6,1.1
105,32,7.06,41.3,25.3,81.2,1.1
105,33,7.44,95.1,22.2,93.3,1.1
105,34,6.94,106.1,7.9,88.5,1.1
105,35,6.75,51,6.9,93.4,1.1
105,36,7.37,36.5,22.6,90.8,1.1
105,37,6.96,65.4,25.1,81.4,1.1
105,38,7.19,61.8,13.3,83.1,1.1
105,39,7.26,82.5,29.5,95.9,1.1
105,40,7.35,76.5,24.3,96.4,1.1
105,41,7.17,95.3,9.4,94.8,1.1
105,42,7.38,85.8,14.9,91.8,1.1
105,43,6.89,39.4,34.2,89.7,1.1
105,44,7.13,63.6,32.3,81.9,1.1
105,45,6.73,48.7,11.1,94.8,1.1
105,46,6.75,82.6,23.2,91.8,1.1
105,47,6.76,100.5,11.8,80.5,1.1
105,48,6.88,93.1,10.4,97.2,1.1
105,49,6.97,94.1,25.6,86.7,1.1
105,50,7.19,79.5,28.8,98,1.1
106,0,7.28,44.9,28.1,89,1.1
106,1,6.78,30.6,24.4,96.5,1.1
106,2,7.2,33.4,26,83.9,1.1
106,3,6.75,36.5,16.5,86.5,1.1
106,4,7.47,109.6,31,90.4,1.1
106,5,7.19,47.7,20.2,88.8,1.1
106,6,6.79,68.2,9.4,93.6,1.1
106,7,7.27,90,15.1,92.4,1.1
106,8,6.78,55.8,33.9,89.4,1.1
106,9,7.07,51.1,9.4,95.9,1.1
106,10,7.03,59.7,34.9,82.6,1.1
106,11,7.04,54.8,5.5,96.8,1.1
106,12,6.79,107.6,15.3,89.7,1.1
106,13,7.3,51.9,27.7,96.1,1.1
106,14,7.22,38.6,22.6,80.4,1.1
106,15,6.79,82.5,28.6,86.1,1.1
106,16,6.76,54,20.3,87,1.1
106,17,7.31,65.2,25.4,93.1,1.1
106,18,7.31,33.1,22.6,85.8,1.1
106,19,7.05,103.5,34.9,86.3,1.1
106,20,6.75,36.6,26.9,86.3,1.1
106,21,7.2,80.7,11.1,95.5,1.1
106,22,6.98,53.2,23.1,94.8,1.1
106,23,6.72,58.4,13,91.2,1.1
106,24,7.23,44.5,10,95.9,1.1
106,25,7.17,43.8,5.8,87.3,1.1
106,26,7.48,44.3,21.1,92.2,1.1
106,27,7.3,90.1,6.7,83.2,1.1
106,28,7.31,46.5,15.4,80.1,1.1
106,29,7.14,32.3,9.9,82.6,1.1
106,30,7.09,90.9,27.1,81.6,1.1
106,31,7.5,98.7,20.4,83.1,1.1
106,32,7.44,63.6,34.6,92.7,1.1
106,33,6.94,44.9,10.5,95,1.1
106,34,7.18,53.5,13.2,82,1.1
106,35,7.32,44.5,26,97,1.1
106,36,7.48,77.4,20.9,93,1.1
106,37,7.14,80.4,26.6,87.4,1.1
106,38,6.95,37.8,22.9,84.6,1.1
106,39,7.05,42.9,27.6,92.1,1.1
106,40,7.02,44.7,23.4,81.8,1.1
106,41,7.36,52.4,31,83.1,1.1
106,42,6.72,51.2,7.9,98,1.1
106,43,7.5,105.6,19.2,96.4,1.2
106,44,6.79,53.3,25.9,80.8,1.2
106,45,7.24,34.8,12.6,97.4,1.2
106,46,7.4,75.5,14.6,84.9,1.2
106,47,7.47,32.1,28.8,84,1.2
106,48,7.4,61,34.8,86.6,1.2
106,49,6.82,61.6,5.3,98.9,1.2
106,50,7.13,105.5,13.6,96.1,1.2
107,0,6.86,67.9,18.5,93.7,1.2
107,1,6.9,91.6,5.7,91.2,1.2
107,2,7.28,41.6,22.4,90.9,1.2
107,3,6.79,80.1,28.7,98.7,1.2
107,4,7.29,66.2,23.2,88.7,1.2
107,5,7.06,37.2,7,95.9,1.2
107,6,7.02,79,8.3,96.1,1.2
107,7,6.92,103.3,23.5,90.5,1.2
107,8,7.23,50.3,11.4,89.5,1.2
107,9,7.25,106.6,30.7,93.8,1.2
107,10,6.95,61.4,16.9,94.9,1.2
107,11,6.85,88.6,22.2,97.1,1.2
107,12,6.74,58.1,30.6,83.7,1.2
107,13,6.73,33.1,31.9,90.5,1.2
107,14,7.5,35.1,18.4,96.5,1.2
107,15,7.05,74.1,23.8,89,1.2
107,16,7.06,105.8,16.4,86.2,1.2
107,17,7.08,41.8,7.4,95.1,1.2
107,18,6.97,40.5,18.7,88.6,1.2
107,19,7.31,100.6,21.2,88.4,1.2
107,20,6.81,66.8,6.4,89.1,1.2
107,21,7.17,60.6,20.6,84.2,1.2
107,22,6.78,95.9,18.5,83.5,1.2
107,23,6.76,66.2,25.9,96.7,1.2
107,24,7.22,37.4,18.6,83.9,1.2
107,25,6.72,53.2,13.8,98.3,1.2
107,26,7.13,60.5,8.6,90.3,1.2
107,27,6.87,39,9.3,95.1,1.2
107,28,6.9,68,19.4,89.5,1.2
107,29,7.12,70.1,32,82,1.2
107,30,7.24,31.5,29.9,93.9,1.2
107,31,6.95,100.7,15.3,95.4,1.2
107,32,7.26,73.9,10.3,83.6,1.2
107,33,7.49,85,18.8,96.7,1.2
107,34,7.4,41.3,13.4,85,1.2
107,35,7.01,82.5,24.2,95.8,1.2
107,36,7.33,102.4,25.7,80.2,1.2
107,37,7.41,87.4,7.2,81,1.2
107,38,6.91,47.4,7.4,81.9,1.2
107,39,6.72,57.8,27.4,84.8,1.2
107,40,7.32,42.4,26.4,80.2,1.2
107,41,7.25,78.7,33.8,85.1,1.2
107,42,7.29,53.7,6.9,89.5,1.2
107,43,6.99,69.5,9.1,95.3,1.2
107,44,6.8,107.7,28.2,96.9,1.2
107,45,7.07,66.9,11,92,1.2
107,46,6.71,64.9,16.2,82.5,1.2
107,47,7.2,56.3,11.5,86.7,1.2
107,48,6.79,95.8,18.1,96.6,1.2
107,49,7.13,32.6,7.2,81.8,1.2
107,50,7.23,96.2,10,87.4,1.2
108,0,6.75,35.4,32.4,80.4,1.2
108,1,7.36,55.4,7.6,88.9,1.2
108,2,7.09,44.8,31.7,90.4,1.2
108,3,6.71,94.5,32.4,94.9,1.2
108,4,7.11,38.7,23.6,92,1.2
108,5,7.37,96.1,23.9,96.7,1.2
108,6,6.79,88.3,5.1,92,1.2
108,7,7.04,108.3,8.5,96.3,1.2
108,8,7.33,108.1,19,87.5,1.2
108,9,7.45,30.9,17.2,89.8,1.2
108,10,6.97,76.2,8.5,94,1.2
108,11,6.82,77,27.3,90.1,1.2
108,12,7.16,102.3,23.2,96.4,1.2
108,13,6.92,73.1,27.3,97.4,1.2
108,14,7.39,32.2,13.6,98.8,1.2
108,15,7.24,108.1,29.1,83.2,1.2
108,16,6.73,105.3,21.4,87.1,1.2
108,17,6.85,42,7.3,95.3,1.2
108,18,6.97,99,6.2,92.1,1.2
108,19,7.46,81,22,81.6,1.2
108,20,6.81,36.5,20.3,91.4,1.2
108,21,7.39,34.9,15.2,81.1,1.2
108,22,7.18,99,25.8,98.3,1.2
108,23,6.89,109.7,7.7,93.8,1.2
108,24,7.04,69.1,15.7,90.3,1.2
108,25,6.74,89.4,21.8,83.5,1.2
108,26,7.14,105.8,14.3,98.5,1.2
108,27,6.79,81.3,27.3,96.3,1.2
108,28,7,80.5,29.1,96.7,1.2
108,29,6.78,98.4,26.2,83,1.2
108,30,7.45,53,8.2,95.6,1.2
108,31,7.48,57.1,7,89.7,1.2
108,32,7.28,103.9,28.7,96.7,1.2
108,33,7.24,72.7,10.3,80.1,1.2
108,34,7.26,40,5.1,95.7,1.2
108,35,7.15,59.6,16.6,98.8,1.2
108,36,6.9,60.4,20.2,98.3,1.2
108,37,7,75.3,8.8,91.2,1.2
108,38,7.17,75.2,31.5,94.5,1.2
108,39,7.24,94.3,16.7,84.3,1.2
108,40,6.74,65.4,16.2,98,1.2
108,41,6.73,47.8,33.8,84,1.2
108,42,6.74,68.6,34.6,88.6,1.2
108,43,7.13,96,25.2,83,1.2
108,44,7.04,38.4,14.3,89.5,1.2
108,45,7.4,57.2,17.5,91.6,1.2
108,46,7.3,65.6,34.9,95.9,1.2
108,47,6.99,54.2,22.9,83,1.2
108,48,6.78,82.4,9.9,89.9,1.2
108,49,7.22,32.9,11.2,80.7,1.2
108,50,6.89,80.6,31.3,85.2,1.2
109,0,7.05,98.4,19.2,92.5,1.2
109,1,7.48,96.3,9.4,92,1.2
109,2,6.72,56.8,11.4,82.2,1.2
109,3,7.26,41,24.3,87.2,1.2
109,4,7.34,59.6,34.4,94.4,1.2
109,5,6.98,48,24.2,96.4,1.2
109,6,7,50.1,16.9,81.3,1.2
109,7,7.03,47.2,19.3,98.3,1.2
109,8,6.97,89.6,34.4,94.6,1.2
109,9,7.14,105.2,28.7,94.7,1.2
109,10,7.07,65.2,17,94.7,1.2
109,11,6.8,32.3,13.2,96.4,1.2
109,12,7.11,51.1,16.8,85,1.2
109,13,7.45,54.9,23.6,90,1.2
109,14,7.27,62.4,30.9,85.2,1.2
109,15,7.26,91.4,5.2,98,1.2
109,16,7.23,91,13.1,98.4,1.2
109,17,7.03,47.5,14.4,92.4,1.2
109,18,6.93,40.9,13.7,90.5,1.2
109,19,7.02,51.9,23.4,84.4,1.2
109,20,7.44,39,17.9,89,1.2
109,21,6.83,67.2,9.8,93.9,1.2
109,22,6.82,62.2,27,80.8,1.2
109,23,7.36,109.4,28.1,85.4,1.2
109,24,7.2,45.1,14.5,89.6,1.2
109,25,7.16,79.7,11.9,87.6,1.2
109,26,7.13,108.9,11.3,98.5,1.2
109,27,6.8,89,24.7,96.1,1.2
109,28,6.94,91.5,24.9,87.8,1.2
109,29,7.03,104.1,10.8,86.6,1.2
109,30,7.12,42,13.3,96.1,1.2
109,31,7.35,33,25.5,83.2,1.2
109,32,7.29,108,25.6,83.1,1.2
109,33,6.84,69.3,7.9,82.1,1.2
109,34,7.11,96.9,17.9,84.2,1.2
109,35,7.06,34.2,17.6,89.6,1.2
109,36,7.48,82.2,34.4,88,1.2
109,37,7.35,78.1,30.3,93.8,1.2
109,38,6.94,97.8,23.6,80.7,1.2
109,39,6.8,53.3,22.7,96.2,1.2
109,40,7.49,93.7,9.5,96.8,1.2
109,41,7.3,105.5,6.2,93.9,1.2
109,42,6.94,60.4,16.2,81.4,1.2
109,43,7.07,31,17.6,92.2,1.2
109,44,7.31,54.6,19.5,82.9,1.2
109,45,6.99,107.3,10.3,84.4,1.2
109,46,6.72,84.3,25.4,85.7,1.2
109,47,7.04,91,10.8,82.9,1.2
109,48,7.38,67.2,5.6,82,1.2
109,49,7.18,106.5,20.6,93,1.2
109,50,7.47,88.7,6.5,80.2,1.2
110,0,6.9,59.5,7.2,89.9,1.2
110,1,7.39,31.7,26,83,1.2
110,2,7.01,73,23,92.2,1.2
110,3,7.36,86.9,7.7,83.1,1.2
110,4,7.42,93.9,27.3,81.1,1.2
110,5,6.98,35.6,8.5,92.9,1.2
110,6,7.09,88.4,18.6,95.9,1.2
110,7,7.4,67.6,33.5,82.2,1.2
110,8,7.32,104.9,18,85.1,1.2
110,9,6.72,63.6,13.7,88.1,1.2
110,10,6.98,90.9,13.2,90.3,1.2
110,11,7.39,91.4,26.6,82.8,1.2
110,12,6.9,91,27.1,93.8,1.2
110,13,6.95,73.5,16.2,85.8,1.2
110,14,6.79,102.5,11,81.4,1.2
110,15,7.38,63.9,12.9,81.9,1.2
110,16,7.41,66.1,20.5,91.1,1.2
110,17,7.38,39.1,28.3,80.5,1.2
110,18,6.92,72.7,24.3,91.3,1.2
110,19,7.44,103.2,11.3,80.6,1.2
110,20,7.19,71,28.6,98.9,1.2
110,21,7.5,57.4,22,97.2,1.2
110,22,6.99,84.3,26.3,89.3,1.2
110,23,7.2,62.2,9.1,98.4,1.2
110,24,7.47,69.2,17.9,90.4,1.2
110,25,6.71,37.4,19.7,80.3,1.2
110,26,6.97,59.3,32.8,91.3,1.2
110,27,7.03,73.5,16.1,95.4,1.2
110,28,7.28,31,31.7,86.2,1.2
110,29,6.86,82.3,24.6,90.8,1.2
110,30,6.76,76.1,22.3,95.5,1.2
110,31,7.44,82,9.5,91.1,1.2
110,32,7.13,75.6,31.2,87.2,1.2
110,33,6.75,109.7,17,95.4,1.2
110,34,7.01,78.1,20.4,95.4,1.2
110,35,7.21,55.3,17.5,90.4,1.2
110,36,7.35,30.9,17.5,95.6,1.2
110,37,7.44,94.3,20.7,86.4,1.2
110,38,6.99,95.8,14,84.2,1.2
110,39,7.35,51.4,19.9,83.7,1.2
110,40,7.46,37.7,16.4,84.4,1.2
110,41,6.8,63.3,31.7,83.2,1.2
110,42,7.16,44.7,11.9,90.9,1.2
110,43,7.38,60.2,6.2,88.6,1.2
110,44,6.89,83.6,23.9,84.5,1.2
110,45,7.35,88.9,13,81.9,1.2
110,46,7.26,93.7,22.8,94.9,1.2
110,47,7.07,74.9,9.5,88.8,1.2
110,48,7.3,47.8,9.8,91.8,1.2
110,49,7.08,87.6,15.4,82.3,1.2
110,50,7.35,97.8,21.8,92.1,1.2
111,0,6.73,41.4,12.4,98.9,1.2
111,1,6.95,32.6,10.3,87.8,1.2
111,2,7.17,77.6,33.3,89.4,1.2
111,3,7.39,48,31.3,89.3,1.2
111,4,7.2,107.6,14.9,90.8,1.2
111,5,7.32,91.5,15.2,89.5,1.2
111,6,6.98,77.3,7.9,92.9,1.2
111,7,7.35,76.1,14.4,87.5,1.2
111,8,6.95,62.3,15.9,94.7,1.2
111,9,7.46,98.1,23.8,83.9,1.2
111,10,7.1,41.2,23.3,91.2,1.2
111,11,6.84,62.8,12.3,87.9,1.2
111,12,7.13,53.5,8.9,96.8,1.2
111,13,6.71,43.1,34,86.5,1.2
111,14,7.39,85,16.8,81.5,1.2
111,15,7.1,66.2,7.5,84,1.2
111,16,6.87,96,21.8,87.5,1.2
111,17,6.8,106.6,21.7,86,1.2
111,18,6.9,35,8.6,84.5,1.2
111,19,7.35,44.8,11.1,89.4,1.2
111,20,7.17,107,32.3,95.5,1.2
111,21,7.18,93.6,10.8,84.1,1.2
111,22,6.93,106.3,32.3,80.1,1.2
111,23,7.13,35.6,31.6,80.8,1.2
111,24,7.43,56,10.1,89.4,1.2
111,25,7.46,65.3,13.1,84,1.2
111,26,7.16,82.1,11,83.6,1.2
111,27,7.43,53.5,29.7,97.9,1.2
111,28,7.29,45.2,14,88.8,1.2
111,29,7.13,48.2,22.7,89.1,1.2
111,30,6.92,45.9,28.9,89.4,1.2
111,31,6.99,43.4,16,85.8,1.2
111,32,6.72,95.2,11,88.5,1.2
111,33,6.92,82.6,12.8,90.8,1.2
111,34,7.31,79.7,29.1,94.9,1.2
111,35,6.87,70.7,23,90,1.2
111,36,6.75,67.7,22.9,98.3,1.2
111,37,7.25,102.9,16.4,81.6,1.2
111,38,6.93,70.1,32.8,93.1,1.2
111,39,6.84,42.9,16.1,82.4,1.2
111,40,7.16,92.6,10.1,89.1,1.2
111,41,6.71,83.3,21,98.1,1.2
111,42,7.17,81.4,26.1,89.3,1.2
111,43,7.46,33.6,7.6,84,1.2
111,44,6.72,56.2,34.6,87.5,1.2
111,45,7.15,71.1,14,89.6,1.2
111,46,7.14,66.9,23.1,81.9,1.2
111,47,6.8,79,15.6,96.7,1.2
111,48,7.43,93.9,6.5,84.7,1.2
111,49,7.05,100.4,26.6,92.4,1.2
111,50,7.32,54,15.6,98.9,1.2
112,0,7,89.8,6.5,94.9,1.2
112,1,6.75,95.3,32.6,91.4,1.2
112,2,6.72,91,8,85.2,1.2
112,3,7.36,57.9,16.1,81.5,1.2
112,4,7.14,40,27.6,96.4,1.2
112,5,6.74,65.7,17.4,84.3,1.2
112,6,7.01,106.4,29.5,92.1,1.2
112,7,7.09,40.8,14.3,89.2,1.2
112,8,7.5,45.1,17.3,89.1,1.2
112,9,6.95,55,31.6,85,1.2
112,10,7.07,68.8,11.3,89.6,1.2
112,11,7.03,87.6,9.2,86,1.2
112,12,6.94,95.9,33.5,81.8,1.2
112,13,7.03,34.5,13.1,97.9,1.2
112,14,6.8,77.6,21,98,1.2
112,15,6.76,106.2,20.8,98.4,1.2
112,16,6.97,81.3,34.6,93.9,1.2
112,17,6.8,39.2,13.2,96.5,1.2
112,18,7.41,79.2,31.4,97.5,1.2
112,19,7.28,61.4,31.7,98.2,1.2
112,20,7.44,64.5,20.4,93.6,1.2
112,21,7.01,66.4,34.5,96.7,1.2
112,22,6.87,83,24,94.3,1.2
112,23,6.86,44.2,29.8,81.3,1.2
112,24,7.46,33.3,13.7,89.5,1.2
112,25,7.36,86.6,31,81.2,1.2
112,26,7.22,32.1,32.9,94.5,1.2
112,27,7.2,85,26.4,91.6,1.2
112,28,7.18,76.9,15.6,81.5,1.2
112,29,6.9,62.9,33,97.3,1.2
112,30,7.25,31.4,32.5,92.8,1.2
112,31,7.38,34,13,94.3,1.2
112,32,6.98,89.6,12.8,98.6,1.2
112,33,7.45,47.7,8.8,85.8,1.2
112,34,7.15,107.8,17.7,89.8,1.2
112,35,7.12,36.2,27.1,84.8,1.2
112,36,7.1,109.5,31.4,93,1.2
112,37,7.42,100.8,28,83.1,1.2
112,38,6.95,35,32.8,98.6,1.2
112,39,6.72,57.3,30.2,92.4,1.2
112,40,7.03,74.2,25.3,85.7,1.2
112,41,6.85,57.2,19.1,82.5,1.2
112,42,6.7,53,34,90.1,1.2
112,43,7.43,98.3,28.7,80.5,1.2
112,44,6.82,33.1,25.2,82.7,1.2
112,45,7.05,90.9,10.5,94.4,1.2
112,46,6.76,72.2,7.7,84.6,1.2
112,47,7.39,108.1,26.7,95.8,1.2
112,48,7.07,47.3,9.1,84.9,1.2
112,49,7.23,30.1,24.6,87.5,1.2
112,50,7.3,101.2,18.7,94,1.2
113,0,6.97,95.4,30.8,84.2,1.2
113,1,6.89,92.7,12.7,89.7,1.2
113,2,6.95,81.4,19,90.6,1.2
113,3,7.22,47,5.5,89,1.2
113,4,7.09,79.2,34.2,86.1,1.2
113,5,7.17,78.1,26.8,89.8,1.2
113,6,6.82,107.5,14.9,86.4,1.2
113,7,6.85,83.8,32.3,93.5,1.2
113,8,6.95,38.7,19.7,95.5,1.2
113,9,6.95,105.7,16.9,90.4,1.2
113,10,7.04,94.2,8,89,1.2
113,11,7.04,50.3,15.3,95.1,1.2
113,12,6.99,104.4,5.5,82.2,1.2
113,13,6.92,34.1,20.6,88.5,1.2
113,14,7.48,89.9,24.2,84.2,1.2
113,15,6.98,33.9,6.5,97.6,1.2
113,16,6.84,57.2,15.5,89.8,1.2
113,17,7.19,64.4,19.8,97.1,1.2
113,18,7.09,99.7,27.1,96,1.2
113,19,7.02,47,30.7,87.5,1.2
113,20,7.03,61.7,14.1,80.7,1.2
113,21,6.78,98.3,10.7,89.7,1.2
113,22,7.41,81.2,8.3,92.9,1.2
113,23,7.32,51.6,6.7,81.7,1.2
113,24,7.01,99.5,22,86.8,1.2
113,25,6.96,92.7,25.9,95.2,1.2
113,26,7.45,87.8,16.2,95.3,1.2
113,27,7.03,72,12.6,86.5,1.2
113,28,7.38,76.6,17.5,97.9,1.2
113,29,6.97,68.7,25.1,95.7,1.2
113,30,7.16,62.9,5.8,93.1,1.2
113,31,7.05,72.9,6.8,81.6,1.2
113,32,7.39,43.7,20.7,81.7,1.2
113,33,7.12,92.8,23.2,88.4,1.2
113,34,6.99,98.1,24.4,85,1.2
113,35,6.89,62.4,27.6,85.9,1.2
113,36,7.02,93,32.9,81.6,1.2
113,37,7.09,105.9,24.9,82,1.2
113,38,6.96,76.8,16.4,89.2,1.2
113,39,7.32,83.7,32.2,92.7,1.2
113,40,7.1,37.3,12.4,83.4,1.2
113,41,7.02,73.8,29.9,91.1,1.2
113,42,7.32,54.3,13.6,84.8,1.2
113,43,7.2,78.9,19.3,88.3,1.2
113,44,7.06,56.5,8.1,81.5,1.2
113,45,6.96,52.4,22.8,97.3,1.2
113,46,7.09,31.6,32.1,81,1.2
113,47,6.8,37.4,29.8,92.4,1.2
113,48,7.21,101.4,9.5,95.5,1.2
113,49,7.49,59.9,18.6,85.3,1.2
113,50,6.94,94.2,9.3,92.2,1.2
114,0,7.05,61.8,15.4,83.9,1.2
114,1,6.92,39,31.2,82.9,1.2
114,2,7.26,43.8,34.2,84.3,1.2
114,3,7.23,77.4,27.3,92.4,1.2
114,4,6.99,102.3,9.3,87.4,1.2
114,5,7.42,79.9,29.1,90.9,1.2
114,6,7.22,47.2,33.4,97.8,1.2
114,7,6.92,50.4,33.5,80.3,1.2
114,8,7.43,54.1,8.2,85.1,1.2
114,9,7.27,109.8,25.9,98.9,1.2
114,10,6.93,32.2,7.9,87.8,1.2
114,11,7.48,64.1,29.3,95.4,1.2
114,12,7.28,60.5,7.9,98.9,1.2
114,13,7.32,34,23.4,97.7,1.2
114,14,6.73,85.8,23.6,88.4,1.2
114,15,6.78,66.5,15.5,85.3,1.2
114,16,6.93,107.2,8.8,85.1,1.2
114,17,7.07,64.6,15.4,97.6,1.2
114,18,7.27,55.5,8.2,97,1.2
114,19,7.2,89.3,14.5,98.1,1.2
114,20,6.76,54.9,6.4,97.9,1.2
114,21,7.27,108.7,26.5,80.3,1.2
114,22,7.47,83.4,16.4,86.4,1.2
114,23,7.04,53.9,32.3,93.3,1.2
114,24,7.41,99.3,11.1,92.3,1.2
114,25,7.36,98.1,23.6,90.6,1.2
114,26,7.18,32.9,30.2,80.7,1.2
114,27,6.71,107.5,14.4,90.7,1.2
114,28,6.95,50.4,9.2,80.1,1.2
114,29,6.97,60.7,28.6,89.5,1.2
114,30,7.05,75,13.5,98.5,1.2
114,31,7.41,47.6,25.9,87.3,1.2
114,32,7.47,43.3,19.6,85.1,1.2
114,33,7.16,78.6,20,93.3,1.2
114,34,7.14,107.9,6.7,93.5,1.2
114,35,6.96,43.6,24.4,86,1.2
114,36,7.02,44,17.5,96.9,1.2
114,37,7.17,55.3,24.2,92.9,1.2
114,38,7.07,64.8,12,92.1,1.2
114,39,7.44,55,22.5,95.9,1.2
114,40,6.7,96.8,19.5,94.3,1.2
114,41,7.31,53.9,18.2,95.8,1.2
114,42,6.93,40.5,6.6,84.5,1.2
114,43,7.31,31.2,19,91,1.2
114,44,6.85,77.5,7.2,88.1,1.2
114,45,7.03,52.7,12.2,93,1.2
114,46,7.01,34.1,19.5,89.3,1.2
114,47,6.97,81.3,21.1,93.7,1.2
114,48,6.98,49.6,34,89.2,1.2
114,49,7.17,67.6,21.6,97.3,1.2
114,50,7.05,46.3,11.2,97.6,1.2
115,0,6.9,85,5.8,94.9,1.2
115,1,7.16,75.7,18.6,88.3,1.2
115,2,7.06,73.5,19.7,85,1.2
115,3,6.99,69.2,32.9,92,1.2
115,4,7.24,99,26.6,90.5,1.2
115,5,7.36,47.7,22.3,97,1.2
115,6,7.22,81.2,34.4,89.4,1.2
115,7,7.08,86,22.4,89.9,1.2
115,8,7.09,33.7,21.3,98.3,1.2
115,9,6.93,78.2,12,81.4,1.2
115,10,7.42,107.2,6.2,86.6,1.2
115,11,7.44,39.9,27.9,97.7,1.2
115,12,7.48,104.2,8.8,93.6,1.2
115,13,7.15,66.9,5.6,88.7,1.2
115,14,7.4,87.6,19.6,90,1.2
115,15,6.95,88.4,33.1,80.8,1.2
115,16,7.23,107.1,34.1,84.1,1.2
115,17,7.03,64,10,86.9,1.2
115,18,7.4,68.8,5.1,81.4,1.2
115,19,7.34,32.9,31.2,92.4,1.2
115,20,7.11,36.8,16.7,80,1.2
115,21,7.35,85.1,19.9,97,1.2
115,22,6.77,104.5,25.2,88.2,1.2
115,23,6.81,90.4,13.2,90.6,1.2
115,24,7.22,74.9,6.3,81.1,1.2
115,25,6.98,57.6,28.3,80.4,1.2
115,26,7.14,45.8,31,98.7,1.2
115,27,7.15,74.9,17.7,80.4,1.2
115,28,6.86,63.6,22.4,94.6,1.2
115,29,7.15,34.4,12.8,80.3,1.2
115,30,7.4,31.8,24.3,91.9,1.2
115,31,6.82,63.7,18,93.9,1.2
115,32,7.26,55.8,18.4,90.6,1.2
115,33,7.01,93.5,30.7,90.7,1.2
115,34,6.88,78.7,18,91.2,1.2
115,35,6.99,67.4,8.1,93.3,1.2
115,36,7.1,85.8,33.3,83.6,1.2
115,37,7.33,41,6.9,95.2,1.2
115,38,7.06,104.6,24.2,95.7,1.2
115,39,7.06,74.5,32.7,89.9,1.2
115,40,7.45,43.7,23.4,89.5,1.2
115,41,7.19,75.1,8.7,81.4,1.2
115,42,7.17,62.3,15.3,95.5,1.2
115,43,7.05,104.3,8.2,94.9,1.2
115,44,6.84,60.8,33.7,84.8,1.2
115,45,6.81,83.6,20.6,95.8,1.2
115,46,7.1,53.3,5.8,84.2,1.2
115,47,7.23,108.1,12.3,85,1.2
115,48,7.07,86.1,18.5,96.4,1.2
115,49,6.72,52.1,22,83.6,1.2
115,50,6.77,64.5,10.9,80.9,1.2
116,0,6.93,37.7,8.7,93.6,1.2
116,1,7.31,102.4,9.4,90.2,1.2
116,2,7.39,103,20,91.2,1.2
116,3,7.21,81.9,21,97.2,1.2
116,4,6.76,92.9,24,88.4,1.2
116,5,7.45,79.8,26.4,83.9,1.2
116,6,6.71,33.7,21,98.8,1.2
116,7,7.3,60.4,27.9,82.5,1.2
116,8,7.01,40,22.9,94.7,1.2
116,9,6.76,47.4,16.3,94.9,1.2
116,10,7.31,96.1,17.6,95.5,1.2
116,11,7.18,105.7,32.4,83,1.2
116,12,7.4,30.3,32.8,85,1.2
116,13,7.44,84.5,12.1,90.5,1.2
116,14,7.06,91.4,33.5,85.5,1.2
116,15,7.01,56,16.6,80.7,1.2
116,16,7.35,100.4,5.8,91.8,1.2
116,17,6.77,85.9,25.9,93,1.2
116,18,7.44,36.7,24.6,97.1,1.2
116,19,6.71,84,10.3,96.1,1.2
116,20,7.37,55.1,22.5,88.5,1.2
116,21,7.32,94.7,25.4,98,1.2
116,22,6.92,90.1,34.5,93.9,1.2
116,23,6.73,109.3,21.1,81.4,1.2
116,24,7.45,95.6,8.7,82.2,1.2
116,25,7.37,82.4,31.4,90.1,1.2
116,26,7.19,43,28.3,84,1.2
116,27,6.73,37.4,17.2,89.9,1.2
116,28,6.84,106.2,22.8,82.1,1.2
116,29,7.39,105.6,30.8,96.7,1.2
116,30,7.1,41.7,18.3,92.6,1.2
116,31,6.94,40.6,33.4,94.9,1.2
116,32,7.42,53,24.3,81.5,1.2
116,33,7.44,54.4,18.9,84.2,1.2
116,34,7.2,55.5,14.3,87.8,1.2
116,35,6.79,79,34.8,90.3,1.2
116,36,7.49,62.2,22.7,82,1.2
116,37,6.86,87.5,31.3,81.3,1.2
116,38,6.87,102.5,31.1,83.8,1.2
116,39,6.71,96.7,14.4,89.7,1.2
116,40,7.29,41.3,34.4,90.9,1.2
116,41,7.22,98.4,9.5,98.8,1.2
116,42,6.99,53.8,24.5,92.1,1.2
116,43,6.78,82.6,12.5,98.9,1.2
116,44,7.01,45.4,31.9,91.5,1.2
116,45,7.05,70.7,12.4,81.5,1.2
116,46,7.02,58.4,15.6,93.4,1.2
116,47,7.38,35.8,11.9,88.9,1.2
116,48,7.05,87.5,20.8,89,1.2
116,49,6.83,97.4,23.7,92.9,1.2
116,50,7.17,36.3,5.2,95.5,1.2
117,0,7.03,88.7,21.3,81.4,1.2
117,1,6.74,53,17.8,82.4,1.2
117,2,7.43,30.1,20.9,90.9,1.2
117,3,7.19,50.3,7.9,85.7,1.2
117,4,7,32.9,34.8,92.7,1.2
117,5,6.84,32.4,7.8,95.6,1.2
117,6,7.46,84.1,8.2,95.9,1.2
117,7,7.43,82.8,33.4,81,1.2
117,8,7.44,84.6,24.8,94.5,1.2
117,9,7.42,49.5,5.7,92.6,1.2
117,10,7.34,84,21.9,97.7,1.2
117,11,6.89,56,17.3,81.4,1.2
117,12,7.1,75.3,31.8,80.2,1.2
117,13,7.16,77.3,14.1,98.5,1.2
117,14,7.34,54.9,34.7,80.7,1.2
117,15,7.32,68.3,25,93.3,1.2
117,16,7.06,86.8,7.7,88.2,1.2
117,17,7.4,52.8,32.8,83.6,1.2
117,18,7.32,103.6,11,98,1.2
117,19,7.19,108.8,23.1,90.1,1.2
117,20,7.15,76.9,18.5,97.6,1.2
117,21,6.89,50.8,19.7,84.6,1.2
117,22,7.31,35.6,12.8,91.3,1.2
117,23,7.18,108.8,7.8,93.6,1.2
117,24,7.01,96.1,20.7,91,1.2
117,25,7.27,107.5,7.6,83.8,1.2
117,26,6.79,98.8,17.1,97.7,1.2
117,27,7.05,104.2,20.5,80.6,1.2
117,28,7.5,34.5,28.2,96.5,1.2
117,29,7.3,32.5,17.1,85.2,1.2
117,30,7.3,78.4,26.1,82.6,1.2
117,31,7.27,63.4,22.1,96.3,1.2
117,32,7.06,93.8,14.5,86.7,1.2
117,33,6.92,33.9,18,89.1,1.2
117,34,7.37,62,23.1,96.6,1.2
117,35,7.47,85.6,20.5,86.7,1.3
117,36,7.47,46.1,34.2,97.3,1.3
117,37,6.73,77.8,24.6,94.4,1.3
117,38,7.24,89.2,17.8,85.9,1.3
117,39,7.12,66.7,33.9,86.5,1.3
117,40,7.23,30.6,13.4,98.4,1.3
117,41,7.48,107.7,6.2,82.8,1.3
117,42,6.87,92,20.9,98.8,1.3
117,43,6.9,109.2,20.3,88.3,1.3
117,44,7.05,53.5,25.4,94.8,1.3
117,45,7.13,43.4,28.8,97.1,1.3
117,46,7.25,98.1,24.4,96,1.3
117,47,7.07,32.5,9.9,94.3,1.3
117,48,7.42,33.7,6.9,86.9,1.3
117,49,7.18,91.4,19.9,96.5,1.3
117,50,7.23,72,22.1,87.8,1.3
118,0,7.2,78.4,5.5,90,1.3
118,1,7.35,71.4,7.3,91.8,1.3
118,2,7.24,109.3,24.6,82.7,1.3
118,3,7.2,58,11,97.6,1.3
118,4,6.78,60.4,26.4,93.4,1.3
118,5,7.02,53.4,16,83.7,1.3
118,6,7.05,74.4,32.2,94.7,1.3
118,7,7.18,60.3,17.1,98.8,1.3
118,8,7.15,46.7,11.4,85.7,1.3
118,9,7.39,94.2,31.2,82.4,1.3
118,10,6.93,109,27.3,87,1.3
118,11,7.26,37.4,28.3,86.1,1.3
118,12,7.29,96.8,15.5,80.1,1.3
118,13,7.2,66.1,26.3,83.4,1.3
118,14,7.13,65.2,9.7,85.3,1.3
118,15,7.4,62.5,16.9,88.9,1.3
118,16,6.81,76.4,16.5,87,1.3
118,17,7.02,63,7.4,91,1.3
118,18,7.35,35.9,24,98.2,1.3
118,19,7.05,109.7,8.3,98.6,1.3
118,20,7.39,76.9,24.7,81.4,1.3
118,21,7.15,84.4,21.8,86.6,1.3
118,22,7.43,64.1,20,92.8,1.3
118,23,6.87,44.2,33.4,92.4,1.3
118,24,7.29,99.3,21.1,98.8,1.3
118,25,7.23,55.6,27.5,81.5,1.3
118,26,7.29,31.7,17.6,85.2,1.3
118,27,7.05,105.6,23.7,95.6,1.3
118,28,7.04,38.8,32.7,96.1,1.3
118,29,7.1,50.6,12.8,84.6,1.3
118,30,7.22,63.8,10.9,84.4,1.3
118,31,7.27,38.3,5.3,85.8,1.3
118,32,7.1,51,18.7,94.7,1.3
118,33,7.49,79.6,11.1,98.9,1.3
118,34,7.12,84.4,33.7,96.7,1.3
118,35,6.89,99.9,6.9,94.5,1.3
118,36,6.95,105.9,15.2,96.1,1.3
118,37,7.29,35.8,22.1,87.5,1.3
118,38,7.1,88.6,5.2,86.3,1.3
118,39,6.89,97,19.7,95,1.3
118,40,7.36,69.3,20.2,82.8,1.3
118,41,7.28,84.3,7.9,92.6,1.3
118,42,6.75,76.4,13.6,91,1.3
118,43,6.73,94.5,24,91.9,1.3
118,44,6.87,86.1,14.8,89.8,1.3
118,45,7.32,79.9,11.4,92,1.3
118,46,7.11,34.6,32.9,81.8,1.3
118,47,7.48,50.6,15.9,98.4,1.3
118,48,7.02,58.9,29.3,92.9,1.3
118,49,7.13,31.8,20.9,96.8,1.3
118,50,6.88,92.8,10.8,84.5,1.3
119,0,6.85,91.6,30.2,82.5,1.3
119,1,7.07,109.7,14.6,88.4,1.3
119,2,6.77,93.7,9.7,95.9,1.3
119,3,6.92,69.2,19.9,80.9,1.3
119,4,6.74,77.7,22.2,95.5,1.3
119,5,6.74,39.1,18.2,82.9,1.3
119,6,7.08,51.4,11.6,92.3,1.3
119,7,7.21,95.9,17.7,91,1.3
119,8,6.84,108.5,16.4,82.2,1.3
119,9,6.88,62.4,5.3,87.5,1.3
119,10,7.2,58,23.6,93,1.3
119,11,7.13,75.9,21.6,95,1.3
119,12,7.28,69.4,26.3,89.2,1.3
119,13,7.22,54.8,26.1,80.9,1.3
119,14,7.42,98.8,18.2,87.3,1.3
119,15,7.03,87.5,30.2,95.5,1.3
119,16,7.12,101.5,33.7,86.6,1.3
119,17,6.85,96.4,12.6,97.1,1.3
119,18,6.71,88.3,18,83.9,1.3
119,19,7.23,40.4,23.8,95.7,1.3
119,20,6.9,45.6,11.2,91.2,1.3
119,21,7.07,40.4,22.7,95.9,1.3
119,22,7.33,68.1,28.9,86,1.3
119,23,7.5,58.5,29.7,87.2,1.3
119,24,6.78,91.6,23,85,1.3
119,25,7.21,56.7,33.2,96.6,1.3
119,26,7.43,69.7,20.6,86.9,1.3
119,27,6.94,31.4,16.3,97.8,1.3
119,28,7.25,107.8,7.2,84.2,1.3
119,29,7.08,74.9,33,80.8,1.3
119,30,7.23,96.1,29.4,87.6,1.3
119,31,6.9,56,23.8,91.4,1.3
119,32,7.43,90.9,30.8,90.5,1.3
119,33,6.94,46.5,32.4,91.3,1.3
119,34,7.26,70.3,31.3,97.8,1.3
119,35,6.99,90.9,25.9,95.1,1.3
119,36,7.24,83.1,18.7,87.4,1.3
119,37,6.85,93.9,21.5,81.9,1.3
119,38,6.73,84.4,20.7,90.4,1.3
119,39,7.33,47.3,24.6,84.8,1.3
119,40,7.26,101.8,34.9,87.7,1.3
119,41,6.75,53.6,27.5,95.5,1.3
119,42,6.81,106.1,10.3,80.9,1.3
119,43,6.85,37,13.3,92.9,1.3
119,44,7.19,41.7,15.9,87.4,1.3
119,45,6.84,31.2,22.7,86.4,1.3
119,46,7.28,43.9,27.7,94.3,1.3
119,47,7.05,49.8,27.3,91.2,1.3
119,48,7.06,63.7,11.1,92.4,1.3
119,49,7.39,97,32.4,80.4,1.3
119,50,7.46,43.3,17.9,90.5,1.3
120,0,6.77,81.2,15.7,88.9,1.3
120,1,7.08,43.7,24.7,94.8,1.3
120,2,7.3,93.5,34.9,80.7,1.3
120,3,7.29,73,26.4,98.7,1.3
120,4,6.91,68,34.6,97.3,1.3
120,5,7.01,80.7,14.4,97.9,1.3
120,6,7.4,108.8,24.7,87.1,1.3
120,7,6.97,80.5,23.5,98.2,1.3
120,8,7.14,93.9,31,84.1,1.3
120,9,7.16,47.6,32.7,90.4,1.3
120,10,6.95,80.8,32.3,89.4,1.3
120,11,7.09,50.4,21.6,81.2,1.3
120,12,7.08,34.9,33.5,89,1.3
120,13,6.79,89.9,18.2,83.6,1.3
120,14,6.73,63.2,23.2,86.7,1.3
120,15,7.34,103.2,27.5,82.1,1.3
120,16,7.42,60.4,8.1,82,1.3
120,17,7.37,96,6.5,81.6,1.3
120,18,7.3,59,33.6,93.7,1.3
120,19,6.81,41.1,7,92.2,1.3
120,20,6.98,91.2,28.4,87.4,1.3
120,21,6.77,83.2,7.2,88.3,1.3
120,22,7.36,105.1,18.6,96.5,1.3
120,23,7.06,59.7,25.2,80.4,1.3
120,24,7.11,54.3,28.1,88,1.3
120,25,7.05,34.9,21.4,95.1,1.3
120,26,6.84,64,21,91.3,1.3
120,27,6.76,57.1,11.9,94.8,1.3
120,28,6.85,86.9,33.4,93.6,1.3
120,29,7.34,107.1,34.9,84.9,1.3
120,30,7.17,101.1,11.9,95.2,1.3
120,31,6.9,104.5,13.6,98.6,1.3
120,32,6.82,45.3,22.5,97.6,1.3
120,33,7.3,68.5,11.1,88.1,1.3
120,34,7.03,98.6,29.8,94.2,1.3
120,35,7.2,66.1,23.4,95.8,1.3
120,36,6.91,90,26.1,86.1,1.3
120,37,6.79,108.5,20.1,84.1,1.3
120,38,7.25,93.7,12.5,96.1,1.3
120,39,7.39,35.5,19.5,88.6,1.3
120,40,7.05,75.1,20.5,91,1.3
120,41,7.25,54,5.3,95.7,1.3
120,42,6.92,97.4,10.4,80.1,1.3
120,43,6.87,98.6,17.1,87.1,1.3
120,44,7.34,45.4,10.6,87,1.3
120,45,6.84,93.5,32.9,84.2,1.3
120,46,7.44,79.3,29.2,94.4,1.3
120,47,7.39,69.2,18.5,94.7,1.3
120,48,7.2,102.8,33,98,1.3
120,49,6.97,51,18.2,88.1,1.3
120,50,7.3,48.5,11.2,87.4,1.3
121,0,6.81,62.9,31.3,90.1,1.3
121,1,7.38,68.1,14.8,97.6,1.3
121,2,7.3,70.8,27.4,88.4,1.3
121,3,7.35,60.2,10,84.7,1.3
121,4,6.8,36.8,12,96.3,1.3
121,5,7.39,84.6,34.8,87.2,1.3
121,6,7.48,67.3,28.9,82.2,1.3
121,7,7.14,32.4,23.4,81.5,1.3
121,8,7.06,83.5,24.7,80.2,1.3
121,9,6.73,31.7,10.6,91.4,1.3
121,10,7.34,44.7,13.8,84.1,1.3
121,11,7.02,78.9,11.6,80.6,1.3
121,12,7.18,54.7,13.2,80.5,1.3
121,13,7.36,76,27.1,98.8,1.3
121,14,7.07,91.3,9.7,96.2,1.3
121,15,7.31,39.8,26,97.6,1.3
121,16,7.36,32.6,30.6,93.3,1.3
121,17,6.96,53.2,9.4,81.1,1.3
121,18,7.44,102.9,17.8,84.1,1.3
121,19,7.1,88.1,24.1,84.6,1.3
121,20,6.75,34.9,12.4,96.7,1.3
121,21,6.92,45.8,30.6,84.3,1.3
121,22,7.24,30.1,11.3,82.9,1.3
121,23,6.96,73.7,19.5,89.8,1.3
121,24,7.09,89,30.6,85.2,1.3
121,25,7.3,96.3,31.2,81.9,1.3
121,26,7.11,95.8,13.8,87.7,1.3
121,27,6.89,75.8,30.1,89,1.3
121,28,6.71,69.3,19.1,84.4,1.3
121,29,7,67.9,20.7,95.2,1.3
121,30,7.29,90.2,24.8,94,1.3
121,31,7.44,99.6,26.1,95.2,1.3
121,32,7.39,62,8.2,88.4,1.3
121,33,7.02,71.1,7.5,88,1.3
121,34,7.23,56.8,24.3,88.7,1.3
121,35,7.32,67.9,22.2,91,1.3
121,36,6.97,55.8,7.8,90.7,1.3
121,37,7.19,67.3,31.8,92.8,1.3
121,38,7.07,92.3,23.1,96.8,1.3
121,39,6.76,101.8,21.6,86.7,1.3
121,40,6.83,102.1,30.1,85.9,1.3
121,41,7.14,70.2,26.4,90.1,1.3
121,42,6.77,94.8,14.9,94.8,1.3
121,43,7.06,79.6,30.9,91.2,1.3
121,44,7.44,64.5,10.6,95.5,1.3
121,45,7.14,80.3,31.8,93.8,1.3
121,46,7.07,99.9,16,86.6,1.3
121,47,6.71,65,34.7,97.1,1.3
121,48,6.87,40.1,16.9,97.4,1.3
121,49,6.76,80.7,28.7,87.4,1.3
121,50,6.77,35.4,17.5,87.2,1.3
122,0,7.06,94.7,14.3,83.5,1.3
122,1,7.39,85.4,34.7,80.5,1.3
122,2,7.1,97.4,18.8,91.5,1.3
122,3,6.96,108.2,10.9,84.5,1.3
122,4,7.2,43.6,10.2,89.1,1.3
122,5,6.81,94.8,22.1,86,1.3
122,6,6.78,38.9,34.8,93.7,1.3
122,7,6.92,66.1,15.7,93.3,1.3
122,8,6.91,71.8,28.5,94.4,1.3
122,9,7.41,92.2,19.3,83,1.3
122,10,7.05,44,34.9,80.2,1.3
122,11,7.19,100.5,27.8,86,1.3
122,12,7.15,65.5,34.1,85.5,1.3
122,13,7.48,103.8,13.7,98,1.3
122,14,6.92,105.6,12.7,98.8,1.3
122,15,7.08,76,17.1,82.6,1.3
122,16,6.75,41.6,16.9,86.6,1.3
122,17,6.74,106.4,26.2,90.3,1.3
122,18,7.22,109,26.4,92.6,1.3
122,19,7,39.4,7.8,93.4,1.3
122,20,7.32,49.4,20.6,82.9,1.3
122,21,7.3,57.7,27.2,86.4,1.3
122,22,7.05,75.4,13.5,92.2,1.3
122,23,7.47,41.7,25.9,87.2,1.3
122,24,7.16,79.2,21.6,85.4,1.3
122,25,7.22,48.1,9.3,97.2,1.3
122,26,7.39,49.8,33.7,91.5,1.3
122,27,6.91,96,23.1,96,1.3
122,28,7.33,79.9,14.4,95.2,1.3
122,29,7.18,92.8,6.6,94.6,1.3
122,30,7.48,79.5,19.9,83.2,1.3
122,31,6.73,61.8,9.8,94.1,1.3
122,32,7.06,45.3,5.1,80.9,1.3
122,33,6.75,36.9,14.2,92.8,1.3
122,34,7.1,37.5,17.6,91.6,1.3
122,35,7.16,70.8,19.7,84.2,1.3
122,36,6.77,63.1,19.2,91.5,1.3
122,37,7.3,68.2,22.1,95.3,1.3
122,38,7.01,109.9,18.8,82.1,1.3
122,39,7.18,108.6,13.8,90.9,1.3
122,40,6.8,46,15.3,81.8,1.3
122,41,6.79,44.4,34.7,87,1.3
122,42,7.33,108,33.8,87.4,1.3
122,43,7.34,62.9,27.5,96.4,1.3
122,44,6.91,87.4,9.1,87.8,1.3
122,45,6.9,33.6,10.8,96.4,1.3
122,46,7.45,37.4,23.3,81.3,1.3
122,47,7.41,53.6,8.3,94.5,1.3
122,48,6.75,87.4,20.8,98,1.3
122,49,7.44,103.7,13.5,97,1.3
122,50,7.4,31.5,14.3,91.6,1.3
123,0,7.05,41.4,34,92.1,1.3
123,1,6.73,103.9,28,84.1,1.3
123,2,7.3,45,23,97.2,1.3
123,3,7.26,64,5.4,89.7,1.3
123,4,7.37,44.2,33,96.2,1.3
123,5,7.18,76.1,33.6,82,1.3
123,6,6.81,98.5,33.7,83.8,1.3
123,7,7.46,46.1,19.8,89.2,1.3
123,8,6.99,33.9,14.2,85,1.3
123,9,7.15,35.6,27.3,95.6,1.3
123,10,6.9,68.7,19.4,99,1.3
123,11,7.46,43.2,24.7,90.5,1.3
123,12,7.24,87.8,23.4,82.2,1.3
123,13,7.41,82.3,12.6,97.1,1.3
123,14,7.12,57.9,7.3,97.3,1.3
123,15,6.93,50.7,20.8,82.3,1.3
123,16,7.47,39.6,8.5,93.3,1.3
123,17,6.85,77.9,11.2,90.2,1.3
123,18,7.04,86.7,8.6,94.5,1.3
123,19,7.43,62.1,21.6,98.5,1.3
123,20,7.17,58.5,21.3,86.8,1.3
123,21,6.98,73.8,30.6,85.2,1.3
123,22,7.28,90.5,33,85.5,1.3
123,23,7.13,51.4,27.4,91.3,1.3
123,24,7.17,87.4,9.8,84,1.3
123,25,6.98,105.6,21,89.8,1.3
123,26,6.72,85.3,26.2,93.8,1.3
123,27,6.71,103.1,12.8,95,1.3
123,28,6.77,63.2,24.8,94.7,1.3
123,29,7.12,68.1,11.3,96.5,1.3
123,30,7.06,41.7,18.3,91.7,1.3
123,31,7.23,108.4,33.5,82.2,1.3
123,32,7.26,58.5,19.8,90.9,1.3
123,33,7.01,78.4,22.5,82.4,1.3
123,34,7.31,95.8,33.1,92.3,1.3
123,35,6.89,66.7,14.2,91.5,1.3
123,36,6.73,107.3,31.8,92.8,1.3
123,37,6.85,79.8,30,91.8,1.3
123,38,6.88,70.9,19.2,90.5,1.3
123,39,7.29,54.8,27.4,88,1.3
123,40,6.91,83.6,7.7,83.8,1.3
123,41,6.74,81,23.1,90.7,1.3
123,42,7.32,79.4,13.4,80.5,1.3
123,43,6.86,105,5.9,95.3,1.3
123,44,7.46,68.3,6.4,96.4,1.3
123,45,6.77,101.2,17.7,86.7,1.3
123,46,7.27,90.8,9.7,97.4,1.3
123,47,6.74,52.3,21.8,85,1.3
123,48,6.96,41.4,18.6,89,1.3
123,49,7.32,50.7,17.8,95.5,1.3
123,50,7.18,74.6,29.5,81,1.3
124,0,7.01,83,12.7,87.1,1.3
124,1,7.45,61.6,19.6,85.4,1.3
124,2,7.41,93.4,21.5,85.3,1.3
124,3,6.76,69.9,21.8,93.1,1.3
124,4,6.86,98,35,83.5,1.3
124,5,6.83,35.6,34.6,90,1.3
124,6,7.34,109.2,29.3,90.5,1.3
124,7,7.31,34.7,32.9,98.9,1.3
124,8,7.5,48.2,7.3,90.8,1.3
124,9,6.85,74.4,14.8,80.2,1.3
124,10,6.7,37,5.2,92.8,1.3
124,11,6.91,33.5,23.8,84.5,1.3
124,12,6.84,100,23.7,90.2,1.3
124,13,7.41,75.9,15.7,83,1.3
124,14,6.98,71.8,9.7,95.2,1.3
124,15,7.44,80.9,29.6,80.2,1.3
124,16,7.41,48.9,23,93.8,1.3
124,17,6.97,73,22.5,96.9,1.3
124,18,6.9,109.8,10.1,83.6,1.3
124,19,7.01,32.9,14.8,85.2,1.3
124,20,6.89,39.3,34.9,82.4,1.3
124,21,7.12,72.5,18.8,87.1,1.3
124,22,7.23,65.8,33.5,87.1,1.3
124,23,7.3,106.9,11.9,90.1,1.3
124,24,6.92,61.6,12.8,97.7,1.3
124,25,7.28,78.2,26.2,84.9,1.3
124,26,7.23,50.8,20.8,91.3,1.3
124,27,6.84,96.1,16.2,88,1.3
124,28,7.21,31.9,6.6,96,1.3
124,29,6.91,56.2,23.9,98.4,1.3
124,30,7.28,71.6,20.7,83.6,1.3
124,31,7.1,47.2,19.8,93.2,1.3
124,32,7.35,74.5,14.2,93.8,1.3
124,33,6.77,31.3,31.9,89.8,1.3
124,34,7.27,43.4,5.3,98,1.3
124,35,6.71,100.1,21.6,92.9,1.3
124,36,6.73,101.1,17.5,80.1,1.3
124,37,7.09,81.9,6.7,91.4,1.3
124,38,6.82,34.9,17.7,82,1.3
124,39,7.47,61.6,15.1,83.6,1.3
124,40,7.25,67.2,8.5,90,1.3
124,41,7.12,70.5,12.4,94.1,1.3
124,42,7.5,39.7,18.5,90.6,1.3
124,43,7.02,38.2,21,94.4,1.3
124,44,7.35,43.3,31.6,82.1,1.3
124,45,7.2,30.5,34.3,83.4,1.3
124,46,7.28,89.7,18.3,82,1.3
124,47,6.86,43,17.9,80.7,1.3
124,48,7.17,82.8,30.1,91.6,1.3
124,49,7.2,109.8,15.6,89.8,1.3
124,50,6.8,104.8,29.8,81.1,1.3
125,0,7.17,60.2,29,92.1,1.3
125,1,6.85,35.4,21.4,81.7,1.3
125,2,6.96,72.6,22.4,84.3,1.3
125,3,6.71,109.7,28.8,93.7,1.3
125,4,7.43,73.6,17.2,90.3,1.3
125,5,6.83,92.5,11.9,88.6,1.3
125,6,7.15,77.9,15.2,92.5,1.3
125,7,7.19,89,11.6,85.9,1.3
125,8,6.94,44.5,16.7,88.2,1.3
125,9,6.75,58.1,10.9,92.4,1.3
125,10,6.99,90.7,29,86.1,1.3
125,11,7.42,34.8,7.6,96.2,1.3
125,12,6.92,77.6,32.8,92.6,1.3
125,13,7.01,40.2,24.3,89.8,1.3
125,14,6.87,87.4,7.3,96.3,1.3
125,15,6.74,39.2,34.6,89.4,1.3
125,16,7.09,99.9,26.8,94.4,1.3
125,17,6.94,64.1,17.2,88.9,1.3
125,18,6.76,95,26.8,84.1,1.3
125,19,6.85,46.1,17.4,80.3,1.3
125,20,7.32,37.4,5.4,87.1,1.3
125,21,7.04,108.7,20.1,97.3,1.3
125,22,6.84,58,22.6,91,1.3
125,23,7.1,39.7,30.9,90.2,1.3
125,24,6.98,100.6,30.5,91.5,1.3
125,25,7.41,36.6,18.8,82.7,1.3
125,26,6.94,98.5,29.2,96.9,1.3
125,27,6.87,92.9,23.1,98.9,1.3
125,28,7.24,91.6,27.2,80.9,1.3
125,29,6.8,67.8,34.9,85.9,1.3
125,30,7.34,85.2,10.7,83.3,1.3
125,31,6.85,46.5,28.4,80.1,1.3
125,32,6.85,97.6,14.2,94.3,1.3
125,33,7.36,56.5,17.4,90.1,1.3
125,34,7.03,87.7,10.1,94,1.3
125,35,7.21,40.5,20.1,94.1,1.3
125,36,7.04,67,21,94.2,1.3
125,37,7.06,53.7,6.7,84.1,1.3
125,38,6.78,91.9,16.5,82.2,1.3
125,39,7.31,87.1,11.5,95.9,1.3
125,40,7.06,49.6,7.8,84,1.3
125,41,7.38,39.3,28.3,96.6,1.3
125,42,7.08,68.9,22.6,99,1.3
125,43,6.87,62.4,14.3,83.1,1.3
125,44,7.49,34.2,32,94.7,1.3
125,45,7.37,57.6,6.4,94.3,1.3
125,46,7.37,109.2,26,87.4,1.3
125,47,6.83,38.1,20.9,90.6,1.3
125,48,7.45,53.2,30.1,96,1.3
125,49,7.01,76,19.1,87.5,1.3
125,50,6.95,59.2,25.6,86.6,1.3
126,0,7.19,72.1,24.7,82.8,1.3
126,1,6.91,93,23.6,93.9,1.3
126,2,6.98,54.2,33.2,89.5,1.3
126,3,7.47,47.3,18.7,82.3,1.3
126,4,6.77,53.5,7.7,85.4,1.3
126,5,6.73,55.1,24.5,84.5,1.3
126,6,7.44,85.5,30.8,98.6,1.3
126,7,7.06,68.1,33.4,89,1.3
126,8,6.72,100.4,32.3,87.9,1.3
126,9,7.13,99.6,20,88.4,1.3
126,10,7.07,33.5,18.2,91,1.3
126,11,6.76,105.2,31,88.1,1.3
126,12,6.85,47,19.6,90,1.3
126,13,7.29,107.7,32.7,85.6,1.3
126,14,7.38,98.3,25.7,90,1.3
126,15,7.01,32,23.7,80.8,1.3
126,16,6.83,103.2,34.1,90.8,1.3
126,17,7.37,73.9,16,90.1,1.3
126,18,7.15,44.1,6.5,80,1.3
126,19,6.8,75.2,19.9,95.1,1.3
126,20,7.04,84.4,12.7,96.5,1.3
126,21,6.96,56,32.1,84.1,1.3
126,22,6.86,76.4,18.7,85.5,1.3
126,23,7.06,106.8,29.1,97,1.3
126,24,7.12,102.8,16.3,84.1,1.3
126,25,7.17,92.6,32.2,83.8,1.3
126,26,6.7,38.5,17.2,88.4,1.3
126,27,7.16,58,15.8,92.2,1.3
126,28,6.98,88.3,25.1,88.4,1.3
126,29,6.99,77,12.9,81.2,1.3
126,30,6.82,50.7,19.3,82.5,1.3
126,31,7.15,108.6,14.6,87.2,1.3
126,32,6.78,108.7,17.2,88,1.3
126,33,6.91,104.8,27.3,90.9,1.3
126,34,7.4,79,27.4,90.4,1.3
126,35,7.45,69.1,6.2,87.6,1.3
126,36,6.74,91.2,20.2,97.9,1.3
126,37,6.85,81.3,25.5,90.9,1.3
126,38,7.1,93,9.6,81.2,1.3
126,39,6.84,61.6,16.8,96.7,1.3
126,40,7.44,31.7,18.2,93.4,1.3
126,41,7.32,83.6,24,85.2,1.3
126,42,7.35,100.2,9.2,91.9,1.3
126,43,6.98,90.4,17.1,96.1,1.3
126,44,7.31,44.8,24.1,93.2,1.3
126,45,7.14,72.1,27.8,82.7,1.3
126,46,6.96,92.9,16.7,95.8,1.3
126,47,6.88,67.1,23.2,98.8,1.3
126,48,7.41,107.9,27.9,90.9,1.3
126,49,6.93,52.1,10.4,80.3,1.3
126,50,6.72,94.7,11.4,92.5,1.3
127,0,6.73,107.3,15.5,90.1,1.3
127,1,7.2,84.3,23.9,82.8,1.3
127,2,6.92,49.2,28.6,93,1.3
127,3,6.99,65.1,7.9,89.5,1.3
127,4,7.22,41.4,17.4,89.9,1.3
127,5,7.11,68.9,24,82.9,1.3
127,6,7.05,108.4,28,83.3,1.3
127,7,7.22,73.1,27.1,82.1,1.3
127,8,7.3,53.5,27.5,98.3,1.3
127,9,7.35,81.7,14.9,82.1,1.3
127,10,6.9,94.1,10,94.5,1.3
127,11,7.27,73.4,7.2,98.1,1.3
127,12,7.28,82.5,5.5,93,1.3
127,13,6.77,30.8,17.3,81.4,1.3
127,14,6.94,74.7,24.2,82.9,1.3
127,15,7.23,69.9,11.6,89.2,1.3
127,16,7.03,91.6,5.2,81.9,1.3
127,17,7.13,32.1,13.8,90.6,1.3
127,18,7.07,106,30.3,83.2,1.3
127,19,6.99,41.4,19,87.7,1.3
127,20,6.95,43.4,24.3,84,1.3
127,21,7.26,55,23.5,96.5,1.3
127,22,7.25,105.9,26.2,83,1.3
127,23,7.29,86.6,20.1,94,1.3
127,24,7.02,35.4,7.3,90.1,1.3
127,25,6.82,107.5,8.7,93.9,1.3
127,26,7.3,56.9,16.3,89.5,1.3
127,27,6.8,48.2,24.9,92.6,1.3
127,28,7.14,52.2,5.5,88.6,1.3
127,29,6.96,40.4,15.7,96.5,1.3
127,30,7.41,75.3,9.1,98.3,1.3
127,31,7.29,81.2,15.1,92.6,1.3
127,32,7.37,72.9,14.5,86.4,1.3
127,33,7.27,34.8,25.1,92.2,1.3
127,34,7.17,30.5,28.2,98,1.3
127,35,7.03,54.7,14.6,84.1,1.3
127,36,7.49,103.3,29.8,83.7,1.3
127,37,7.14,70.9,34.1,91.1,1.3
127,38,7,101.8,19,91.7,1.3
127,39,7.2,63.1,11.9,82.5,1.3
127,40,7.49,42.5,13.4,82.7,1.3
127,41,7.49,47.5,33.1,88.9,1.3
127,42,7.2,96.4,35,83.8,1.3
127,43,7.19,41.8,27.5,86.4,1.3
127,44,7.42,85.4,15.6,96.6,1.3
127,45,7.38,66.1,33.9,85.9,1.3
127,46,7.31,93.3,5.4,91.5,1.3
127,47,6.91,81.4,16.2,81.8,1.3
127,48,6.88,99.9,33.9,85.8,1.3
127,49,6.79,37.3,34,97.7,1.3
127,50,7.41,41.7,8.3,91.8,1.3
128,0,7.35,45.7,17.1,88.7,1.3
128,1,7.36,62.3,18.8,93,1.3
128,2,7.49,42.7,6.7,85,1.3
128,3,6.77,58.3,23.2,94.2,1.3
128,4,7.47,37.7,22.7,84.6,1.3
128,5,7.05,71.2,19.5,95.2,1.3
128,6,7.31,90.6,17,93.2,1.3
128,7,7.32,81.5,5.3,93.7,1.3
128,8,7.34,56.4,5.2,86.5,1.3
128,9,6.72,51.8,17.1,86.4,1.3
128,10,6.7,66.3,30.2,90.8,1.3
128,11,7.5,37,31,93.9,1.3
128,12,7.03,93.1,5.1,98.8,1.3
128,13,7.28,108.4,11.4,80.8,1.3
128,14,6.78,55.1,27.7,88.5,1.3
128,15,7.13,92.6,7,94.3,1.3
128,16,7.34,44.3,28.3,93,1.3
128,17,6.97,40.5,30.3,85.6,1.3
128,18,7.29,109.9,22.4,81.3,1.3
128,19,7.18,38.7,15.8,88.5,1.3
128,20,6.76,104.4,16.3,86.2,1.3
128,21,6.87,57,22.4,96,1.3
128,22,7.18,107.5,29.8,82.1,1.3
128,23,7.5,105.8,29.8,92.8,1.3
128,24,6.74,89.4,30.3,80.9,1.3
128,25,7.39,102.9,29.2,80,1.3
128,26,7.01,80.4,30.7,97.6,1.3
128,27,6.79,92.4,29.1,87.1,1.3
128,28,7.38,65.8,20.1,96.9,1.3
128,29,6.87,44.3,34.4,81.7,1.3
128,30,7.01,100.6,20.8,94.3,1.3
128,31,7.16,104.7,10.1,85.9,1.3
128,32,6.74,56.7,14.8,96,1.3
128,33,7.15,86.5,13.8,85.4,1.3
128,34,6.95,72.7,16.1,90,1.3
128,35,7.28,64.5,15.8,88.8,1.3
128,36,7.13,93.5,7.7,85,1.3
128,37,7.13,35.2,24.8,88.1,1.3
128,38,6.87,45.5,23,81.7,1.3
128,39,6.74,45.6,18.2,81.7,1.3
128,40,6.93,53.6,7.3,96.8,1.3
128,41,7.25,40.2,29.3,93.5,1.3
128,42,6.87,46.7,24,82.9,1.3
128,43,7.05,95.7,25.5,94.3,1.3
128,44,7.13,95.1,26,82.3,1.3
128,45,7.3,56.8,25.2,92.7,1.3
128,46,7.06,47.6,22.2,98.7,1.3
128,47,7.07,71.2,34.4,89.9,1.3
128,48,7.33,109.3,33.4,92.9,1.3
128,49,7.5,95.1,23,92.7,1.3
128,50,7.17,79.4,11.7,84.3,1.3
129,0,7.12,80.6,29.5,84.1,1.3
129,1,7.06,96.5,7,94.5,1.3
129,2,7.32,107,33.7,91.1,1.3
129,3,7.03,59.5,34.8,86.7,1.3
129,4,6.76,44.9,8.6,89.2,1.3
129,5,7.42,58.9,20.8,93.3,1.4
129,6,7.38,61,34.5,90.2,1.4
129,7,7.02,33.7,27,93.7,1.4
129,8,7.16,81.6,14.4,95.7,1.4
129,9,7.23,53.6,18,94.2,1.4
129,10,7.47,56.7,29.1,89.1,1.4
129,11,7.04,35,9.1,92,1.4
129,12,6.89,66,27,90.3,1.4
129,13,7.42,34.6,28.7,81.9,1.4
129,14,7.17,45.5,13.5,82.3,1.4
129,15,6.8,65.2,30.7,92.9,1.4
129,16,7.46,90.9,11,98.8,1.4
129,17,7.13,90.3,20.7,91.2,1.4
129,18,7.39,54.8,7.2,83.3,1.4
129,19,6.71,38.8,5.8,87,1.4
129,20,6.8,90.8,27.1,85.8,1.4
129,21,6.7,87.4,24.6,98.3,1.4
129,22,7.03,47.6,21.3,92,1.4
129,23,7.04,81.4,8.3,81.3,1.4
129,24,6.77,48.6,14.8,91.4,1.4
129,25,7.37,54.3,29.9,97.8,1.4
129,26,7.28,76.1,30.8,81.5,1.4
129,27,7.02,47.7,12,85.9,1.4
129,28,6.9,55,32.4,85.4,1.4
129,29,6.76,37.4,8.7,89.8,1.4
129,30,6.89,104.5,24.1,88,1.4
129,31,7.13,41,26.5,97.2,1.4
129,32,6.86,87,21.3,80.1,1.4
129,33,7.01,40.3,22.3,81.7,1.4
129,34,6.73,72.7,17.1,87.2,1.4
129,35,6.87,80.8,21.5,80.9,1.4
129,36,6.71,30.5,27.6,93.9,1.4
129,37,7.09,105.5,32,85.5,1.4
129,38,6.87,81.7,8,86.3,1.4
129,39,7.3,74.7,29.2,90.2,1.4
129,40,7.02,108.4,11.1,80.4,1.4
129,41,7.43,105.7,15.9,85.2,1.4
129,42,6.9,96.9,28.9,94.2,1.4
129,43,6.91,67.4,28.7,90.5,1.4
129,44,7.47,109.6,19.1,97.2,1.4
129,45,6.78,101.9,29.5,86.5,1.4
129,46,6.93,33.8,7.3,98.6,1.4
129,47,7.13,47.8,19.9,96.8,1.4
129,48,7.48,31.8,25.1,91.8,1.4
129,49,6.97,92.8,21,96.2,1.4
129,50,6.92,60.7,5.8,95.3,1.4
130,0,7.07,100.2,16,88.4,1.4
130,1,7.01,48,11.5,98.3,1.4
130,2,7.2,56.6,21.4,95.9,1.4
130,3,7.07,31,32.5,93.3,1.4
130,4,6.7,46,23.1,91.2,1.4
130,5,7.36,58.6,33,95.4,1.4
130,6,7.33,69.9,7.8,85.3,1.4
130,7,6.93,102.5,28.7,88.8,1.4
130,8,6.86,66.7,7,93,1.4
130,9,6.97,61.4,27.9,88.1,1.4
130,10,6.96,97.8,22.2,94.8,1.4
130,11,6.93,87.7,18.2,80.1,1.4
130,12,7.48,95,15.5,93.5,1.4
130,13,6.94,69.6,21.4,86.9,1.4
130,14,7.03,95,12.7,89.8,1.4
130,15,7.45,63,20.4,81.3,1.4
130,16,6.8,72,30.6,90.5,1.4
130,17,6.71,35.2,5.5,90,1.4
130,18,7.34,49.8,28.6,93,1.4
130,19,6.97,65.8,25.9,92.6,1.4
130,20,7.15,51.1,20.5,93.2,1.4
130,21,7.46,57,18.5,91.4,1.4
130,22,6.75,49.5,18.9,92.3,1.4
130,23,6.77,33.6,20.2,93.4,1.4
130,24,7.46,57.2,30.7,96.7,1.4
130,25,6.92,75.2,18.6,86.9,1.4
130,26,6.9,105,32.8,98.6,1.4
130,27,6.81,34.7,6.3,90.7,1.4
130,28,6.91,45.7,19.7,85,1.4
130,29,6.98,95.5,33.7,87.1,1.4
130,30,6.99,81.3,9.6,89.1,1.4
130,31,7.18,103.1,12.7,90.7,1.4
130,32,7.41,42.1,6.4,98.2,1.4
130,33,7.48,96.1,20,95.8,1.4
130,34,7,61.4,33.9,90,1.4
130,35,7.23,89.2,17.8,88.5,1.4
130,36,6.86,72.4,33,86.2,1.4
130,37,6.87,104.1,10.9,95.9,1.4
130,38,7.08,78,17.7,95.2,1.4
130,39,7.23,60.3,6.2,84.6,1.4
130,40,7.22,84.8,30.1,86.6,1.4
130,41,7,94.4,19.3,81.2,1.4
130,42,6.9,64.8,28.9,87,1.4
130,43,6.99,80.6,8,92.9,1.4
130,44,7.24,71,21.7,93.2,1.4
130,45,6.81,86.5,18.6,88.9,1.4
130,46,7.38,62.5,24.6,93.1,1.4
130,47,7.41,106.7,18.2,95.6,1.4
130,48,7.06,50.4,20.7,81.4,1.4
130,49,7.07,101.8,19.2,87.8,1.4
130,50,7.04,59.9,25.6,98.9,1.4
131,0,7.06,103.5,19.5,90.4,1.4
131,1,7.27,107.2,13.8,84.5,1.4
131,2,7.2,76.6,24.3,80.2,1.4
131,3,6.89,108.5,30.4,92.9,1.4
131,4,7.38,95.1,31.9,85.9,1.4
131,5,7.19,51,5.8,97.3,1.4
131,6,6.84,59.5,33.3,88.2,1.4
131,7,6.8,83.8,20.8,89.5,1.4
131,8,7.21,38.5,12.4,83.1,1.4
131,9,7.02,107.6,29.2,86,1.4
131,10,7.44,60.6,16.3,93.5,1.4
131,11,7.3,56,11.4,92.5,1.4
131,12,7.48,94.5,20.5,83.6,1.4
131,13,6.75,92.5,10.8,88.2,1.4
131,14,6.9,86,21.5,97.2,1.4
131,15,7.36,81.2,18.3,85.1,1.4
131,16,7.05,93.6,5.5,98,1.4
131,17,7.31,98.4,12.8,84.8,1.4
131,18,7.08,68.2,20.4,96.1,1.4
131,19,6.94,93.9,17.7,93.4,1.4
131,20,7.1,53.7,13.4,85.1,1.4
131,21,7.29,95.6,21.1,96.8,1.4
131,22,7.08,75.5,24.4,83,1.4
131,23,7.1,44,15.6,83.9,1.4
131,24,6.87,47.4,7.6,92,1.4
131,25,7.42,55.7,32.2,81.9,1.4
131,26,7.21,105.1,15.2,84,1.4
131,27,6.96,105.3,16.6,90.2,1.4
131,28,7.05,85.8,27.9,92.3,1.4
131,29,7.41,34.8,22.1,80.7,1.4
131,30,7.32,69.4,34.1,96.2,1.4
131,31,7.13,101.6,11.4,82.9,1.4
131,32,7.38,49,26.2,89,1.4
131,33,6.72,99.1,30.2,92.3,1.4
131,34,6.71,36.2,34.3,84.6,1.4
131,35,7.12,91.3,25.2,94.1,1.4
131,36,6.87,88.3,27.2,82.9,1.4
131,37,6.82,93.9,28.5,87.3,1.4
131,38,7.47,56.7,21.7,95,1.4
131,39,6.93,51.5,15.5,93.6,1.4
131,40,6.77,101,10.5,94.7,1.4
131,41,7.21,82,26.6,97.6,1.4
131,42,7.42,95.8,22.9,82,1.4
131,43,7.17,39.9,5.3,84.6,1.4
131,44,6.86,82.6,33.6,86.3,1.4
131,45,7.11,100.2,10.5,91.6,1.4
131,46,7.37,64.2,28.9,89.7,1.4
131,47,7.36,102.5,18.9,80.8,1.4
131,48,7.33,76.5,34.9,82.7,1.4
131,49,6.83,79.2,32,82.9,1.4
131,50,7.1,40.6,15.9,95.6,1.4
132,0,6.81,36.6,27,98.2,1.4
132,1,7.27,56.4,34.4,84,1.4
132,2,7.15,89.8,25.7,85.5,1.4
132,3,6.71,109.8,14.1,97.1,1.4
132,4,7.32,84.9,7.4,82.4,1.4
132,5,7.1,46.3,23.7,91.1,1.4
132,6,7.02,48.4,22.4,97,1.4
132,7,6.79,46.6,6.9,92.7,1.4
132,8,7.25,106.5,11.8,85.7,1.4
132,9,7.31,42.6,22.7,89.3,1.4
132,10,7.26,93.2,24,98.1,1.4
132,11,6.83,51.1,27.2,83.5,1.4
132,12,6.97,67.3,9,95.4,1.4
132,13,7.31,41.9,17.5,85.6,1.4
132,14,6.81,72.8,28.7,94.1,1.4
132,15,7.07,66.5,23.5,85.4,1.4
132,16,7.32,70.3,31.6,94.3,1.4
132,17,6.7,34.6,34.3,90,1.4
132,18,7.07,88.4,32.3,97.4,1.4
132,19,7.42,58.5,11,86.7,1.4
132,20,7.08,87.2,14.4,96.7,1.4
132,21,7.42,47.9,5.1,81.1,1.4
132,22,7.24,60.4,14.4,99,1.4
132,23,6.76,70.2,23.8,93.1,1.4
132,24,7.05,36.6,8.4,82.8,1.4
132,25,7.44,109.1,10,81.2,1.4
132,26,7.47,90.4,19.2,92.2,1.4
132,27,7.28,47,12.6,84.9,1.4
132,28,7.29,74,18.7,92.9,1.4
132,29,6.72,94.2,12.5,93.5,1.4
132,30,6.76,107.6,18.4,82.9,1.4
132,31,7.24,88.3,32.2,87.4,1.4
132,32,7.24,96.4,28.2,94.4,1.4
132,33,7.36,53.2,7.9,95,1.4
132,34,6.81,58.1,16.2,80.2,1.4
132,35,7.07,104.6,34.1,82.9,1.4
132,36,7.44,64.6,21.7,91.7,1.4
132,37,7.5,89.1,25.7,83,1.4
132,38,7.21,72.6,16.4,86.4,1.4
132,39,6.86,71.7,12.2,81.8,1.4
132,40,6.92,50.7,10.4,91,1.4
132,41,7.48,101.9,34.6,83.2,1.4
132,42,7.06,39.2,11.2,82.4,1.4
132,43,6.81,55.4,23.7,84.9,1.4
132,44,7.08,95.9,14.2,82.1,1.4
132,45,7.33,79.1,29.6,98.2,1.4
132,46,7.16,39.7,26.1,95.4,1.4
132,47,7.1,66.8,23.7,93.9,1.4
132,48,6.71,49.5,19.1,86.8,1.4
132,49,7.45,97.7,21.3,86,1.4
132,50,7.45,42.5,22.9,82.6,1.4
133,0,6.83,33.1,14.4,95.1,1.4
133,1,7.01,49,32.8,87.7,1.4
133,2,7.3,78.9,30.3,81.5,1.4
133,3,7.48,36.2,21,98.4,1.4
133,4,7.29,91.6,24.1,92.1,1.4
133,5,6.99,41.8,32.2,95.6,1.4
133,6,7.17,98.2,30.2,96.1,1.4
133,7,7.05,76.9,7.8,82.7,1.4
133,8,7.17,76.1,9.7,97.9,1.4
133,9,7.05,30,29.5,98.7,1.4
133,10,6.82,61.2,22.9,85.4,1.4
133,11,6.93,48,6.1,87.1,1.4
133,12,7.28,83.6,34.9,89.1,1.4
133,13,6.73,49.5,30.5,90,1.4
133,14,6.81,63.7,19,84.4,1.4
133,15,6.81,76.9,33.8,83.5,1.4
133,16,6.8,67.1,6.6,95.1,1.4
133,17,7.22,79.9,34.8,82,1.4
133,18,7.41,108.4,9.4,95.5,1.4
133,19,7.08,70.4,33.4,93.8,1.4
133,20,6.91,59.9,21.8,95.1,1.4
133,21,7.16,66.8,32.3,88.6,1.4
133,22,7.37,74.2,19.3,98.1,1.4
133,23,7.36,30.6,9.9,81.9,1.4
133,24,7.4,51,34.4,81.8,1.4
133,25,7.01,76.8,17.3,93.9,1.4
133,26,7.16,86.9,10.4,91.5,1.4
133,27,6.85,93.7,26.7,83.6,1.4
133,28,7.26,43.8,31,98,1.4
133,29,7.18,51.7,9.8,91.8,1.4
133,30,7.16,88,25,91.4,1.4
133,31,6.97,79.2,29.6,80.9,1.4
133,32,7.14,57.4,6.3,95.8,1.4
133,33,7.49,44.7,12.4,89.8,1.4
133,34,7.17,65.6,32.8,91.3,1.4
133,35,7.22,48.4,13.8,97.2,1.4
133,36,6.98,101.5,34.8,96,1.4
133,37,7.24,97.9,18.3,85.1,1.4
133,38,7.17,72.7,16.7,88.3,1.4
133,39,6.72,48.4,14.2,98.1,1.4
133,40,7.21,44.4,30,93.1,1.4
133,41,7.08,30.1,8.9,95.1,1.4
133,42,7.4,30,17.3,81,1.4
133,43,6.89,57.6,23.9,82.6,1.4
133,44,6.74,51.4,27.6,85.4,1.4
133,45,6.71,43.3,18.5,81.6,1.4
133,46,7.03,80.4,25.4,89.7,1.4
133,47,6.73,62.9,8.2,97.7,1.4
133,48,6.73,31.8,16.4,95.8,1.4
133,49,6.77,108.8,34.6,95,1.4
133,50,7.01,47.8,23.8,84.4,1.4
134,0,7.06,58.4,25.1,83.9,1.4
134,1,6.71,64,30.8,88.7,1.4
134,2,6.76,65.2,32.4,93,1.4
134,3,7.45,65.7,30.6,92.5,1.4
134,4,7.36,75.3,7.7,87.2,1.4
134,5,6.86,87.9,29.9,83.8,1.4
134,6,7.44,35.2,23.3,96.9,1.4
134,7,7.23,34.6,30.5,83.7,1.4
134,8,7.47,53,30.4,84.7,1.4
134,9,7.02,100,7.8,96.8,1.4
134,10,7.33,46.4,29.8,89.2,1.4
134,11,7.41,60.9,23.1,84.9,1.4
134,12,7.24,103.3,18.3,89.2,1.4
134,13,7.29,59.6,22.5,87.1,1.4
134,14,7.13,64.4,14.3,85.3,1.4
134,15,7.24,70.7,9.6,94.7,1.4
134,16,7.42,42.4,33.7,89.9,1.4
134,17,7.24,107.9,32.1,88.8,1.4
134,18,7.47,95.2,10.5,82.6,1.4
134,19,6.75,85.1,6.6,93.1,1.4
134,20,7.48,83.5,30.1,97.5,1.4
134,21,7.22,96.4,31.6,86.1,1.4
134,22,6.74,94.7,25.9,95,1.4
134,23,7.42,78.7,33.5,95.4,1.4
134,24,7.15,76.6,29.4,93.6,1.4
134,25,7.2,53.3,12.7,80.4,1.4
134,26,6.71,57.3,17.5,97.3,1.4
134,27,7.06,86.2,9.3,84.7,1.4
134,28,6.87,41.5,32.1,86.3,1.4
134,29,7.43,104.7,5.1,83.6,1.4
134,30,6.89,84.3,33.7,93.9,1.4
134,31,7.38,49,33,80.9,1.4
134,32,7.4,52.3,8.9,81.6,1.4
134,33,7.07,76.7,13,86,1.4
134,34,7.01,96.2,27.4,97.6,1.4
134,35,6.9,92.4,34,89.6,1.4
134,36,7.32,82.1,11.2,92.5,1.4
134,37,6.91,108.5,30.9,80.7,1.4
134,38,6.76,77.1,31.5,98.8,1.4
134,39,7.4,88.6,14,81.1,1.4
134,40,7.08,109.6,28.8,88.9,1.4
134,41,7.28,58,10.8,86.5,1.4
134,42,7.43,91,28.3,85.6,1.4
134,43,6.73,42.8,19.6,92.3,1.4
134,44,6.75,41.4,13.8,85.5,1.4
134,45,7.41,35.7,25.6,88.6,1.4
134,46,6.89,34.6,15.3,96.1,1.4
134,47,6.85,67.1,14.1,90.7,1.4
134,48,6.72,87.1,18.8,86.4,1.4
134,49,6.79,73.1,27.7,87.5,1.4
134,50,7.22,78.9,15.9,83.7,1.4
135,0,7.2,50.1,12.1,86.4,1.4
135,1,7.02,85.8,18.2,80.4,1.4
135,2,6.74,42.4,8.1,82.6,1.4
135,3,7.18,76.1,16,83,1.4
135,4,7.33,91.1,20.4,90.7,1.4
135,5,7.13,58.1,25.3,87,1.4
135,6,6.94,73.4,18.2,93.3,1.4
135,7,7.46,91.7,11,98,1.4
135,8,6.8,78.5,31.5,87.8,1.4
135,9,6.92,105.5,33.6,91.5,1.4
135,10,7,42.3,23.4,88.1,1.4
135,11,6.84,31.7,29.5,90.7,1.4
135,12,6.79,73.6,6.8,80.9,1.4
135,13,6.93,99.7,27.6,80.1,1.4
135,14,7.42,95.2,33.9,96.9,1.4
135,15,6.97,79.2,34.5,90.9,1.4
135,16,7.44,80.2,31.8,85.9,1.4
135,17,6.82,61.1,24.9,85.1,1.4
135,18,6.97,50.7,12.1,91.2,1.4
135,19,7.06,30.5,18,88.3,1.4
135,20,7.3,49.7,9.3,86.3,1.4
135,21,7.5,58.3,24.1,96.4,1.4
135,22,6.71,101.9,15.8,86.2,1.4
135,23,7.29,94.7,24.1,96.2,1.4
135,24,6.93,95.3,34.6,88.9,1.4
135,25,6.8,30.8,21.3,83,1.4
135,26,7.01,93.8,14.9,94.4,1.4
135,27,7.15,93.9,7.1,84.1,1.4
135,28,6.95,80.2,19.1,83.8,1.4
135,29,7.33,63.4,28.1,90.1,1.4
135,30,7.21,84.3,23.4,90.5,1.4
135,31,6.94,38.3,14,95.4,1.4
135,32,6.74,100.1,25.3,90.1,1.4
135,33,7.11,59.5,26.3,92.5,1.4
135,34,7.14,34.9,17.5,85.6,1.4
135,35,6.74,105.9,30.6,97.2,1.4
135,36,7.46,88.8,16.4,98.7,1.4
135,37,6.75,89.7,32.9,94,1.4
135,38,7.13,91.2,13.7,97.4,1.4
135,39,6.93,89.5,12.8,87.2,1.4
135,40,7.12,106.1,15.2,87.7,1.4
135,41,6.93,100.1,11.9,95.9,1.4
135,42,6.86,30.9,20.6,98.4,1.4
135,43,6.82,102.5,7.9,84.7,1.4
135,44,7.27,93.2,18.8,85.7,1.4
135,45,7.13,67.1,22.7,93.8,1.4
135,46,7.39,69.7,31,98.8,1.4
135,47,6.85,65,18.5,98.1,1.4
135,48,6.89,59.1,29.2,85.1,1.4
135,49,6.97,63.9,25.3,94.3,1.4
135,50,6.9,34.8,11.7,87,1.4
136,0,7.33,53.2,6.1,87.9,1.4
136,1,6.96,80.8,7.8,86.8,1.4
136,2,6.91,61.5,24.6,95.6,1.4
136,3,6.77,89.4,34.7,85.5,1.4
136,4,6.99,43.4,19.3,86.9,1.4
136,5,7,83,7.2,81.5,1.4
136,6,6.83,61,29.2,88.2,1.4
136,7,7.13,97.4,6.5,85.7,1.4
136,8,7.04,101.9,25.5,88.7,1.4
136,9,7.24,65.1,9.5,93.2,1.4
136,10,7.25,37.6,26.2,87.9,1.4
136,11,6.92,101.2,15.8,81.5,1.4
136,12,7.44,36.2,7.9,87.3,1.4
136,13,6.88,81.7,5.6,85.4,1.4
136,14,7.29,64.9,34.3,82.7,1.4
136,15,6.78,85.9,7.4,90.6,1.4
136,16,7.04,73.1,12.1,97.3,1.4
136,17,7.29,55.5,25.6,82,1.4
136,18,6.74,83.7,24.9,80.6,1.4
136,19,7.19,65.5,27.2,94.7,1.4
136,20,7.21,103.9,12.8,83,1.4
136,21,6.9,91.9,12.6,97.9,1.4
136,22,7.34,48.7,27.5,94.8,1.4
136,23,7.47,77.6,33.8,85.8,1.4
136,24,7.33,73.5,29.5,84.5,1.4
136,25,7.27,41.1,6.4,98.3,1.4
136,26,7.34,101.2,6.3,82,1.4
136,27,7.32,36.8,32,80.1,1.4
136,28,7.45,37,34.4,82.3,1.4
136,29,6.73,66.4,15.2,96.8,1.4
136,30,7.4,97.8,22.2,92.2,1.4
136,31,6.82,102.6,12.9,81,1.4
136,32,6.92,57.5,12.4,83.6,1.4
136,33,6.8,80.7,16.4,97.9,1.4
136,34,7.03,108.1,14,94,1.4
136,35,7.1,91.3,12.1,83.8,1.4
136,36,7.39,92.5,33.1,86.8,1.4
136,37,7.39,108.3,11.2,98,1.4
136,38,7.21,34,27.1,91.4,1.4
136,39,7.02,52.6,13.8,89.5,1.4
136,40,7.25,43.4,9.3,96.4,1.4
136,41,7.26,43,15.9,87.6,1.4
136,42,7.02,62.4,26.1,95.5,1.4
136,43,7.29,67.7,13.2,90,1.4
136,44,7.22,53.1,19.7,82.5,1.4
136,45,7.41,77.4,23.3,97.4,1.4
136,46,7.08,30.7,9.5,98.5,1.4
136,47,7.18,74.3,25.2,82,1.4
136,48,7.33,75.2,17.8,83.5,1.4
136,49,7.36,94.5,11.3,98.4,1.4
136,50,7.35,61.9,15.5,81.1,1.4
137,0,7.36,96.7,31.9,81.1,1.4
137,1,7.39,93.9,33.8,91.4,1.4
137,2,7.49,67.4,7.6,84.4,1.4
137,3,7.07,70.3,26.2,90,1.4
137,4,7.08,59,20,89.8,1.4
137,5,7.12,61.7,10.3,82.5,1.4
137,6,7.27,37.3,34.3,92.5,1.4
137,7,7.23,73.2,9.7,98.1,1.4
137,8,7.26,76.5,25.8,87.3,1.4
137,9,7.43,31.9,24.2,86.9,1.4
137,10,7.35,78.4,20.6,88,1.4
137,11,7.14,95.1,20.2,89.3,1.4
137,12,6.9,37.5,8.9,91.2,1.4
137,13,7.19,68.5,29.9,80.1,1.4
137,14,7.43,31.3,17.9,85.3,1.4
137,15,7.14,51.8,29.8,92.6,1.4
137,16,6.93,51.6,8.6,97.2,1.4
137,17,6.73,39.5,11,83.2,1.4
137,18,7.17,92.1,29.9,96.6,1.4
137,19,7.44,78.2,26.2,88.7,1.4
137,20,7.33,60.8,21.1,87.2,1.4
137,21,6.87,44.9,11.1,97.7,1.4
137,22,6.74,68.7,10.9,92.7,1.4
137,23,7.14,53.9,15.6,83.5,1.4
137,24,6.81,92.7,12.3,89,1.4
137,25,7.14,64.9,18.7,95.7,1.4
137,26,7.37,34.5,33.7,95.2,1.4
137,27,6.72,90.7,22.2,86.8,1.4
137,28,7.36,51.4,25.3,90.9,1.4
137,29,7.09,53.3,9.7,87.8,1.4
137,30,6.91,39.9,27.6,88.6,1.4
137,31,7.08,88.5,24.4,92.2,1.4
137,32,7.06,33.5,5.8,86.7,1.4
137,33,6.91,76.8,34.9,85.6,1.4
137,34,7.33,92,10.1,86.2,1.4
137,35,6.7,48.9,26.7,99,1.4
137,36,7.41,96,33.8,81.8,1.4
137,37,7.23,67.2,10.6,91.7,1.4
137,38,7.21,36,28.1,88.2,1.4
137,39,6.96,30.4,26.2,83.5,1.4
137,40,6.75,36.9,5,90.7,1.4
137,41,7.37,48.3,25.5,98.2,1.4
137,42,7.2,49.4,22.9,94.4,1.4
137,43,7.47,33.7,25.2,83.5,1.4
137,44,7.17,85.4,28.5,86.6,1.4
137,45,7.45,37.6,26.4,83.4,1.4
137,46,6.77,94.8,11,80.1,1.4
137,47,7.34,39.2,8.2,92.8,1.4
137,48,7.09,97.5,11.2,87.5,1.4
137,49,7.39,38.2,14.4,97.7,1.4
137,50,7.14,50.3,13.2,97.8,1.4
138,0,7.16,35.9,17,97.8,1.4
138,1,7.37,37.7,31.1,87.1,1.4
138,2,7.2,78.9,15.6,84.3,1.4
138,3,7.1,60.4,16.8,98.6,1.4
138,4,7.06,30.1,28.3,88.9,1.4
138,5,7.13,51.8,16,83.4,1.4
138,6,7.4,43.2,15.2,81.6,1.4
138,7,7.48,49.2,25.9,92.7,1.4
138,8,7.31,95.8,18.8,94.4,1.4
138,9,7.21,99.4,15,89.7,1.4
138,10,6.84,102.7,16.5,84,1.4
138,11,7.09,82.3,17.3,95.5,1.4
138,12,7.48,63.6,30.8,95.7,1.4
138,13,7.35,65,29.2,86.5,1.4
138,14,7.19,87.7,18.6,98.1,1.4
138,15,6.84,73.5,11.1,92.1,1.4
138,16,7.06,96.6,18.1,94.1,1.4
138,17,7.21,34.8,23.8,90.2,1.4
138,18,7.19,52,22.5,92.3,1.4
138,19,7.29,105.3,33.2,90,1.4
138,20,7.42,35.9,21.1,84.5,1.4
138,21,7.38,107.5,21.6,91,1.4
138,22,7.33,103.4,19.4,96.4,1.4
138,23,6.85,94.1,16.1,91.8,1.4
138,24,7.26,36.9,25.5,90.4,1.4
138,25,7.27,107.1,22.1,90.4,1.4
138,26,6.79,73.9,30.2,93.6,1.4
138,27,7.49,46.7,11.5,83.7,1.4
138,28,6.77,71.2,29.3,83.9,1.4
138,29,7.05,35.9,23.6,89.6,1.4
138,30,7.48,36.6,16.3,89.3,1.4
138,31,7.43,93.5,6.5,86.3,1.4
138,32,7.24,66.4,25.4,89.3,1.4
138,33,6.99,109.4,25.3,95,1.4
138,34,6.92,60,13.5,89.9,1.4
138,35,6.77,75.1,28.2,94.5,1.4
138,36,6.9,78.6,17.3,98.1,1.4
138,37,7.37,76.4,11.1,86,1.4
138,38,6.86,61.1,21.1,89.3,1.4
138,39,7.45,42.1,19.7,97,1.4
138,40,7.05,30.1,20.4,88.9,1.4
138,41,7.36,46.9,23.4,90.7,1.4
138,42,7.32,71.6,16.2,90.8,1.4
138,43,7.26,88.3,9.2,83.4,1.4
138,44,7.41,99.4,23.6,95.1,1.4
138,45,7.2,96.2,18.2,89.3,1.4
138,46,6.92,101.3,13.5,95.9,1.4
138,47,6.73,56.8,20.4,86.1,1.4
138,48,7.16,30.3,18.9,87.8,1.4
138,49,6.7,34.8,33.6,83.8,1.4
138,50,7.22,59.2,8,93.2,1.4
139,0,6.82,72.4,14.8,86,1.4
139,1,7.2,66.1,30.7,83.3,1.4
139,2,7.45,40.6,7.8,94.1,1.4
139,3,6.73,64.1,21.2,81,1.4
139,4,7.23,87.3,27.9,82.6,1.4
139,5,6.87,42.3,7.1,92.6,1.4
139,6,7.25,87.3,31.1,96.6,1.4
139,7,6.79,43.7,12.8,85.3,1.4
139,8,6.96,51.3,24.8,86.4,1.4
139,9,7.28,51.8,25.9,84.8,1.4
139,10,7.14,62.6,10.9,87.5,1.4
139,11,6.93,106,12.5,92.9,1.4
139,12,7.44,60,32.1,80.8,1.4
139,13,7.39,40,15,95.2,1.4
139,14,7.34,51.6,23.8,97,1.4
139,15,7.34,105.9,7.9,85.9,1.4
139,16,7,72.4,31.3,98.1,1.4
139,17,7.21,49.4,12.2,88.3,1.4
139,18,7.21,31.8,9,90.5,1.4
139,19,7.01,93.9,26.2,80.8,1.4
139,20,6.7,94.9,19.8,97.8,1.4
139,21,7.24,85.1,29.5,92.3,1.4
139,22,7.04,103.3,24.7,81,1.4
139,23,6.98,85,24.3,91.9,1.4
139,24,7.29,57.2,17.7,84.1,1.4
139,25,7.33,58.5,24.4,95.3,1.4
139,26,7.34,78.1,32.1,84.6,1.4
139,27,6.83,70,6.4,83.1,1.4
139,28,7.13,71.3,6.9,80.6,1.4
139,29,7.24,61.1,25.2,88.9,1.4
139,30,7.42,74.1,10.5,87.1,1.4
139,31,7.06,61.1,20.3,83.9,1.4
139,32,7.27,61.2,24.1,92.6,1.4
139,33,7.45,36.8,19.6,87.8,1.4
139,34,7.07,106.6,14.2,98.2,1.4
139,35,7.06,61.1,32.6,96.3,1.4
139,36,7.16,42.2,18.3,92.5,1.4
139,37,7.11,64.8,25.9,95.7,1.4
139,38,7.03,79,25.9,91.9,1.4
139,39,6.9,97.9,22.8,93.2,1.4
139,40,7.04,74,29,97.9,1.4
139,41,7.13,73,26.1,95.7,1.4
139,42,6.8,73.6,25,89.5,1.4
139,43,7.04,67,22.1,84.6,1.4
139,44,7.03,42.7,31.4,92.3,1.4
139,45,7.08,53.8,10.2,84.2,1.4
139,46,6.7,53.5,11.2,94.1,1.4
139,47,7.25,73.2,27.6,80.6,1.4
139,48,7.14,103.2,17.2,88.9,1.4
139,49,7.31,105,17.8,80.4,1.4
139,50,6.71,76.6,27.5,84.4,1.4
140,0,7.01,41.3,28.4,94.9,1.4
140,1,7.17,85,28.1,90,1.4
140,2,6.86,65.2,19,87.5,1.4
140,3,7.46,80,5.8,95.1,1.4
140,4,7.23,76.8,6.1,95.2,1.4
140,5,7.19,96.7,25,96.1,1.4
140,6,7.16,32.9,21.3,95.2,1.4
140,7,6.98,39.8,15.2,89.5,1.4
140,8,7.22,30.5,9.6,81.5,1.4
140,9,7.11,109.4,21,82.7,1.4
140,10,6.89,84.4,21.6,89.6,1.4
140,11,7.24,106.5,30.5,88.7,1.4
140,12,7.35,73.7,34,95.2,1.4
140,13,7.16,107.9,6.2,95.3,1.4
140,14,7.24,75.5,9.5,87.4,1.4
140,15,6.93,101.9,17.8,93.8,1.4
140,16,6.96,73.4,31.1,85.8,1.4
140,17,6.8,51.8,26.8,97.8,1.4
140,18,7.33,40.4,8.8,80.1,1.4
140,19,6.78,56.4,22.1,82.8,1.4
140,20,6.94,49,17.7,83.3,1.4
140,21,6.95,68.9,34.5,87.4,1.4
140,22,7.41,66.2,6.1,86.3,1.4
140,23,6.7,87.3,26.7,96.3,1.5
140,24,6.79,51.3,5.6,85,1.5
140,25,7.43,109.3,22,97.5,1.5
140,26,7.06,46.9,16.4,84.9,1.5
140,27,7.41,95.5,12.6,86.1,1.5
140,28,7.14,98.5,11.6,82.3,1.5
140,29,7.29,95.6,11.4,84.6,1.5
140,30,7.13,60.2,11,96.7,1.5
140,31,6.73,45,5.6,80.6,1.5
140,32,7,89.6,25.3,89.9,1.5
140,33,7.26,60.6,31.8,97,1.5
140,34,7.14,98.5,6.6,93.9,1.5
140,35,6.86,44.8,9.2,90.8,1.5
140,36,7.35,94.7,11.5,94.8,1.5
140,37,6.87,46.7,24.4,97.9,1.5
140,38,7.49,101.2,29.4,91,1.5
140,39,6.9,46.6,11.5,87.7,1.5
140,40,6.78,57.4,21.1,87.4,1.5
140,41,7.2,53.1,16.3,93.5,1.5
140,42,7.09,52,6.2,90.6,1.5
140,43,7.28,55.3,15.5,92.2,1.5
140,44,7.09,92.8,18.3,96.8,1.5
140,45,7.47,73.6,17.2,98.2,1.5
140,46,7.17,35.4,31,85.8,1.5
140,47,6.84,107.8,24.6,98,1.5
140,48,7.05,83.4,19.3,93.7,1.5
140,49,6.79,77.6,28.6,87.5,1.5
140,50,6.79,67.4,12.6,87.5,1.5
141,0,6.96,94,17.9,98.8,1.5
141,1,7.5,46,32.7,81.9,1.5
141,2,7.41,108.9,18,87.4,1.5
141,3,6.94,57.7,26.8,88.9,1.5
141,4,7.42,101.5,7.9,94.5,1.5
141,5,7.17,107,27.8,98.3,1.5
141,6,7.26,84.9,5.1,80.3,1.5
141,7,7.45,33.5,10,90.1,1.5
141,8,7.22,69.5,31.6,88.1,1.5
141,9,7.49,101.9,22.4,89,1.5
141,10,6.99,59.2,20.9,84.7,1.5
141,11,6.98,54.3,31.6,98,1.5
141,12,6.93,77.3,7.4,85,1.5
141,13,6.72,106.1,16.1,82.1,1.5
141,14,6.88,52.5,25.9,80.3,1.5
141,15,7.17,70.6,22.3,98.2,1.5
141,16,7.06,38.2,23.3,86.9,1.5
141,17,7.33,53.9,19.5,95,1.5
141,18,6.71,97.7,17,82.4,1.5
141,19,7.36,49.3,25,87.8,1.5
141,20,7.1,65.8,5.5,86.9,1.5
141,21,6.97,75,32.9,94.5,1.5
141,22,6.9,79.3,24.6,84.7,1.5
141,23,7.27,97.2,8.4,96.7,1.5
141,24,7.49,67.1,22.2,88.4,1.5
141,25,7.02,54.9,26.4,87.1,1.5
141,26,7.44,108.3,26.2,97.5,1.5
141,27,7.12,61.4,7.5,93.2,1.5
141,28,7.32,51.2,26.5,97.3,1.5
141,29,7.23,100.1,19.6,87.8,1.5
141,30,6.79,88.3,21.4,95,1.5
141,31,7.13,32.7,20.1,88.7,1.5
141,32,6.96,30.2,27.3,90.7,1.5
141,33,6.94,72.1,32.9,95.6,1.5
141,34,7.4,94.5,15.4,95.4,1.5
141,35,6.8,81.6,7,81,1.5
141,36,7.17,40.5,19.9,84.9,1.5
141,37,7.2,70.9,31.7,92,1.5
141,38,7.06,47,21.1,97.4,1.5
141,39,6.79,106.6,17.7,91.8,1.5
141,40,7.34,42.7,20.7,95.1,1.5
141,41,7.14,110,29,80,1.5
141,42,7.4,107.4,17,97.8,1.5
141,43,7.14,54.3,18.3,84.2,1.5
141,44,6.74,31.5,8.8,92.2,1.5
141,45,7.44,35.7,25.7,93,1.5
141,46,7.01,102.1,18.1,83,1.5
141,47,7.31,109.6,20.2,94.3,1.5
141,48,6.98,80.3,28,96.5,1.5
141,49,7.27,39.9,24.8,94.4,1.5
141,50,7.42,48.7,11.6,92.2,1.5
142,0,7.29,30.4,30.5,89.7,1.5
142,1,7.02,90.3,34.9,95.2,1.5
142,2,7.25,62.8,24.7,97.7,1.5
142,3,7.41,39.7,18.9,86.6,1.5
142,4,7.27,88.9,13.6,84.4,1.5
142,5,6.87,51.9,29.3,87,1.5
142,6,7.44,60.4,33.6,88.9,1.5
142,7,7.37,82.6,18.2,88.1,1.5
142,8,6.93,63.5,31.7,88.2,1.5
142,9,7.1,107.2,29.7,87,1.5
142,10,7.45,80,29.3,84.4,1.5
142,11,7.46,54.1,12.8,88.3,1.5
142,12,7.18,45.1,24.1,90.1,1.5
142,13,7.05,51.1,13.9,88.4,1.5
142,14,7.01,59.1,9.4,80.6,1.5
142,15,6.72,109.6,31.3,83,1.5
142,16,6.96,54.7,7.8,85.3,1.5
142,17,6.8,63.4,15.5,87.6,1.5
142,18,6.81,37.7,10.8,93.3,1.5
142,19,7.4,71.4,12.4,84.1,1.5
142,20,6.77,73.7,30.7,98,1.5
142,21,7.47,90.7,32.8,92.2,1.5
142,22,6.89,109.2,19.5,96.4,1.5
142,23,6.91,35.3,9.2,95.6,1.5
142,24,7.49,43.8,28,80.7,1.5
142,25,6.99,34.8,33.4,90.9,1.5
142,26,7.32,106.4,7.9,82.1,1.5
142,27,7.07,33.5,26.8,97.4,1.5
142,28,7.24,37.4,8.8,89.9,1.5
142,29,7.17,98.6,33.2,90.9,1.5
142,30,7.04,79.1,10,90.2,1.5
142,31,6.91,58.9,33,96.9,1.5
142,32,6.79,39.1,12.3,98.9,1.5
142,33,7.18,76,15.7,85.3,1.5
142,34,6.8,34.6,25.9,96,1.5
142,35,7,102.4,11,81.2,1.5
142,36,7.33,46.8,5.4,91.4,1.5
142,37,7.41,43.2,18.6,83.7,1.5
142,38,6.92,65.7,22.4,85.7,1.5
142,39,6.74,78,5.3,88.8,1.5
142,40,7.12,61.4,5.5,93.5,1.5
142,41,6.9,71,19.1,97.8,1.5
142,42,6.71,109.1,16.4,95,1.5
142,43,6.78,37.7,23.1,82.1,1.5
142,44,7.27,83.6,10,90.1,1.5
142,45,7.5,75.8,32.4,93.7,1.5
142,46,6.86,31.4,13.5,93,1.5
142,47,6.77,51.3,26.4,98.6,1.5
142,48,7.34,98.3,34.4,87.2,1.5
142,49,6.77,42.2,29.5,82.4,1.5
142,50,6.98,53.8,29.6,87.7,1.5
143,0,6.99,96.3,27.4,94.5,1.5
143,1,7.28,70,33.2,96.7,1.5
143,2,7.39,97,27.1,88.3,1.5
143,3,7.37,88.1,5.3,96.8,1.5
143,4,6.85,84.2,17.8,82.9,1.5
143,5,7.13,77.6,31.4,89.6,1.5
143,6,7.28,96.7,24.1,88.4,1.5
143,7,6.83,93.8,26,92,1.5
143,8,6.73,100,21.5,82.8,1.5
143,9,7.17,83.5,25.4,80.9,1.5
143,10,6.88,49.7,7.2,81.3,1.5
143,11,6.89,90.6,30.2,83.1,1.5
143,12,7.07,36.5,30.6,84.2,1.5
143,13,7.49,97.3,30.2,80,1.5
143,14,6.75,36.2,13.5,80.6,1.5
143,15,7.48,32.2,18.6,82.3,1.5
143,16,7.28,73.9,31.9,81.3,1.5
143,17,7.19,91.7,14.5,87.5,1.5
143,18,7.43,84.3,10.6,95.5,1.5
143,19,7.01,87,10.7,83.2,1.5
143,20,6.85,68.7,20.2,82.1,1.5
143,21,6.79,88.1,26.6,81,1.5
143,22,7.37,55.7,6.3,80.7,1.5
143,23,6.93,45.2,14.6,80.5,1.5
143,24,6.92,85.8,18.8,85,1.5
143,25,6.9,74.6,19.7,81.2,1.5
143,26,7.37,40.6,34.6,81.4,1.5
143,27,6.87,105.7,30.8,81.2,1.5
143,28,7.17,71.7,8.1,88.9,1.5
143,29,7.37,108.6,11.8,88.6,1.5
143,30,7.12,86.6,16.5,84,1.5
143,31,7.07,47.6,13.1,80,1.5
143,32,7.45,61.5,34.4,97.8,1.5
143,33,7.18,92.9,9.9,92.8,1.5
143,34,7.4,43.1,21,88.4,1.5
143,35,7.49,38,29.8,98.1,1.5
143,36,7.25,76.9,13.2,86.8,1.5
143,37,6.81,62.2,7.9,92.8,1.5
143,38,6.98,100.5,27.6,81.8,1.5
143,39,6.92,40.4,5.4,86.6,1.5
143,40,6.74,89,34.8,82.5,1.5
143,41,7.01,77.2,14.4,86.6,1.5
143,42,7,107.7,9.5,97,1.5
143,43,6.84,67,28.9,84.6,1.5
143,44,6.82,44,11.5,86.3,1.5
143,45,7.35,41.1,8.5,91.1,1.5
143,46,7.28,86.5,23.8,83.6,1.5
143,47,6.79,30.2,27.5,82.2,1.5
143,48,7.19,86.2,25.8,85.2,1.5
143,49,6.71,52.8,32.4,87.3,1.5
143,50,6.85,44.1,9.9,97.7,1.5
144,0,7,89.1,25.2,91.1,1.5
144,1,7.48,43.3,28.3,98.1,1.5
144,2,6.8,51.1,34.9,84.6,1.5
144,3,6.87,96.2,8.3,96.4,1.5
144,4,7.06,87.4,22.6,85.1,1.5
144,5,7.47,81.6,27.3,83.7,1.5
144,6,7.07,70.3,17.8,81.9,1.5
144,7,7.47,60.2,28.6,80.5,1.5
144,8,6.83,35.4,32.9,82.2,1.5
144,9,6.76,102.2,30.1,95.4,1.5
144,10,7.26,92.1,7,84,1.5
144,11,6.88,74.6,23.1,89.3,1.5
144,12,7.34,77.7,21.4,80.6,1.5
144,13,7.49,108.1,6.3,97.9,1.5
144,14,7.45,82.2,25.5,93.2,1.5
144,15,7.27,43.9,20.1,82.6,1.5
144,16,7.45,44.1,8,81.7,1.5
144,17,6.94,68.1,5.2,97.3,1.5
144,18,7.18,86.7,12.1,93,1.5
144,19,7.43,79.3,12.9,92,1.5
144,20,7.48,76.5,24.1,98,1.5
144,21,7.06,84.8,16,98.9,1.5
144,22,7.42,46.1,17.9,85.3,1.5
144,23,7.09,52.4,15.2,85.7,1.5
144,24,7.09,78.5,28,80.9,1.5
144,25,6.98,38.7,32.5,92.8,1.5
144,26,6.81,38.6,24,95.8,1.5
144,27,7.09,30.1,29.1,83.3,1.5
144,28,6.94,87.7,9.8,85.4,1.5
144,29,7.39,97,24.7,84.6,1.5
144,30,7.37,88.5,26.4,89.6,1.5
144,31,7.34,91.9,15.3,82.6,1.5
144,32,7.27,71.9,6.2,95.8,1.5
144,33,7.37,102.5,19,87.8,1.5
144,34,6.9,96.3,19,81.2,1.5
144,35,7.12,76.8,22.8,86.8,1.5
144,36,7.34,56.4,31.7,88.9,1.5
144,37,7.13,97.7,12.8,90.5,1.5
144,38,6.85,99.2,31.3,93.5,1.5
144,39,7.45,33.3,18.7,94.8,1.5
144,40,7.31,75.7,18.5,94.5,1.5
144,41,7.49,30.3,30,80.6,1.5
144,42,7.14,34.1,23,91.1,1.5
144,43,6.87,98.9,18,83.7,1.5
144,44,7.45,91.4,6.3,95.1,1.5
144,45,6.99,42.5,23.7,82.9,1.5
144,46,6.81,66.6,11.6,86.2,1.5
144,47,6.82,72.5,7.9,90.5,1.5
144,48,7.35,81.4,20.2,97.1,1.5
144,49,7.32,87.4,29.2,97.1,1.5
144,50,6.8,62,31.5,84.4,1.5
145,0,7.16,74.5,19.4,97.6,1.5
145,1,7.01,56.5,6.6,88.5,1.5
145,2,7.11,81.8,11.5,93.4,1.5
145,3,6.98,80.9,11.5,85.1,1.5
145,4,6.71,63.5,18.1,91.4,1.5
145,5,6.86,79.7,14.2,81.1,1.5
145,6,6.84,73.3,7.6,87.7,1.5
145,7,7.48,43.3,10.3,98.6,1.5
145,8,7.07,79.7,33.4,96.4,1.5
145,9,7.38,34.1,30.7,96.7,1.5
145,10,7.17,95.5,29.8,90.9,1.5
145,11,6.71,96.4,33.3,84.5,1.5
145,12,6.99,46.4,29.9,89.3,1.5
145,13,6.85,56.5,5.4,95.1,1.5
145,14,7.41,52.5,14.4,83.9,1.5
145,15,7.08,65,26.8,90.1,1.5
145,16,6.83,36.9,11.8,96.7,1.5
145,17,7.35,46.6,11,91.8,1.5
145,18,7.28,46.8,17.8,83.3,1.5
145,19,6.91,106.8,12.7,96.9,1.5
145,20,6.83,64.5,15,97.3,1.5
145,21,6.82,63.2,33.2,93.9,1.5
145,22,7.27,64.8,33.6,86.1,1.5
145,23,7.09,55.8,10.7,97.6,1.5
145,24,6.76,97.8,11.8,96,1.5
145,25,7.37,44.8,20.1,82.7,1.5
145,26,7.07,91.7,6,98.6,1.5
145,27,7.07,35.7,13.5,84.1,1.5
145,28,7.24,57,15.6,87.9,1.5
145,29,6.95,78.9,6.5,80.2,1.5
145,30,6.75,88.1,7.2,87.1,1.5
145,31,6.95,50,27.1,85.1,1.5
145,32,7.16,35.5,14.8,94.9,1.5
145,33,6.89,77.3,21.3,82,1.5
145,34,6.93,73.6,10.3,89.4,1.5
145,35,7.1,59.1,18.1,93.5,1.5
145,36,7.06,75.9,16.4,84.8,1.5
145,37,6.9,56.2,30.4,97.1,1.5
145,38,7.25,105.9,23.3,86.7,1.5
145,39,7.08,34.6,7.2,81.6,1.5
145,40,7.34,87.6,19.2,98.1,1.5
145,41,7.42,89.2,27,88.5,1.5
145,42,6.77,108.4,31.4,83.7,1.5
145,43,6.9,85.8,25.2,89.7,1.5
145,44,7.26,46,7,94.5,1.5
145,45,6.84,95.7,19,97.4,1.5
145,46,7.48,72.8,12.7,95.5,1.5
145,47,6.92,51.3,29.8,98.5,1.5
145,48,7.41,48.4,25.1,96.5,1.5
145,49,6.72,82.9,22.9,97.4,1.5
145,50,7.48,46.4,33.5,91.7,1.5
146,0,6.83,65.7,23.4,93.2,1.5
146,1,6.99,57.6,15.1,85.3,1.5
146,2,7.12,108.7,8.6,82.4,1.5
146,3,7.49,108.6,21.3,85.4,1.5
146,4,6.79,87.9,9.3,95.9,1.5
146,5,7.35,43.9,33.2,82.7,1.5
146,6,6.73,41.1,9.2,94.4,1.5
146,7,7.17,35.1,11.3,98.5,1.5
146,8,7.33,100.9,11.7,91.4,1.5
146,9,6.85,103.9,31.5,92.6,1.5
146,10,7.43,66.3,13.4,82.7,1.5
146,11,6.9,69.6,30.8,93.9,1.5
146,12,6.71,90.7,10.8,85.6,1.5
146,13,6.76,83.5,24.3,87.8,1.5
146,14,7.09,90,7,84.7,1.5
146,15,7.27,103.3,11.4,85.9,1.5
146,16,6.8,42.6,18.6,86,1.5
146,17,6.83,108.7,22.7,91.1,1.5
146,18,6.76,98.3,11.3,81.7,1.5
146,19,6.75,91.2,30.6,95.4,1.5
146,20,6.87,76.8,27.5,83.1,1.5
146,21,6.78,92.1,22,81.2,1.5
146,22,7.41,53.5,16.4,82.8,1.5
146,23,7.47,45.6,16.2,96.9,1.5
146,24,6.85,45.5,30.1,90.6,1.5
146,25,7.4,56.6,18.7,83.3,1.5
146,26,7.13,67.3,16.1,81.4,1.5
146,27,7.39,88.1,10.5,89.3,1.5
146,28,7.38,89.5,24.9,95.3,1.5
146,29,6.96,98.1,24.3,96.9,1.5
146,30,6.96,74.5,35,94.3,1.5
146,31,7.4,100.4,8.2,80.7,1.5
146,32,7.23,55.5,12.2,89.6,1.5
146,33,7.03,107.1,20.5,90.7,1.5
146,34,6.9,58.4,10.6,92.9,1.5
146,35,7.2,63.7,7.6,97.8,1.5
146,36,7.39,35.3,9.3,91,1.5
146,37,7.06,101.5,11,95.7,1.5
146,38,6.81,90.9,8.9,91.1,1.5
146,39,7.29,48.1,26.8,80.5,1.5
146,40,6.99,91.7,28.2,91.4,1.5
146,41,6.99,44.3,16.9,85,1.5
146,42,7.35,60.3,28.6,97.4,1.5
146,43,7.11,35.3,26,89.2,1.5
146,44,7.17,53.1,27,93.9,1.5
146,45,6.87,107.4,27.6,98.3,1.5
146,46,7.11,38,20.3,89.1,1.5
146,47,6.97,79,17.8,85.6,1.5
146,48,7,76.2,34.6,85.9,1.5
146,49,7.3,48,32.6,90.4,1.5
146,50,6.88,54,9.2,86.7,1.5
147,0,6.72,48.5,18.1,86.6,1.5
147,1,6.77,82.5,9.7,93.9,1.5
147,2,7.32,87.4,6.8,93.5,1.5
147,3,6.79,52.4,32.7,84.4,1.5
147,4,6.94,44,7.6,97.6,1.5
147,5,7.45,82.9,7.1,90.5,1.5
147,6,7.26,59.9,8.7,85,1.5
147,7,7.47,41,32,82.9,1.5
147,8,6.76,80.2,6,88.2,1.5
147,9,6.88,47.8,19.6,92.9,1.5
147,10,6.89,71,28.9,80.5,1.5
147,11,7.03,65.1,19.5,87.6,1.5
147,12,6.7,87.9,20.2,83.9,1.5
147,13,6.94,106.9,11.9,86.9,1.5
147,14,6.82,33.6,11.5,86,1.5
147,15,7.27,55.5,5.9,85.8,1.5
147,16,6.81,67.3,28,82.8,1.5
147,17,7.04,41,10,84,1.5
147,18,7.44,108.8,9.3,96.3,1.5
147,19,7.06,45.1,19.1,85.4,1.5
147,20,6.88,57.2,5.4,90.4,1.5
147,21,7.41,57.2,21.6,86.5,1.5
147,22,6.85,39.3,22.4,84.4,1.5
147,23,6.7,80.3,19.4,96.1,1.5
147,24,6.73,67,24.3,97.6,1.5
147,25,7.3,96.8,31.7,90.8,1.5
147,26,6.95,101.9,9.5,90.3,1.5
147,27,6.97,97.2,7.1,93.5,1.5
147,28,6.92,77.4,21.5,80.4,1.5
147,29,7.32,80.2,21.6,96.9,1.5
147,30,6.85,50.1,33.8,88.7,1.5
147,31,7.27,36.1,30.5,83.7,1.5
147,32,6.74,32.1,29.5,90.2,1.5
147,33,6.98,91.7,26.4,83,1.5
147,34,6.98,64,31.3,95.2,1.5
147,35,6.79,47.9,13.7,86.9,1.5
147,36,7.45,78.7,5.6,80.3,1.5
147,37,7.34,65.1,30.2,94.2,1.5
147,38,6.84,92.8,15.2,88.6,1.5
147,39,7.39,59.3,24.4,89.1,1.5
147,40,6.77,104.1,7.7,83.8,1.5
147,41,7.18,80.5,10.8,94,1.5
147,42,7.43,39.8,34.5,93.9,1.5
147,43,6.71,33.4,16.3,95.9,1.5
147,44,7.19,91.8,22.1,91.3,1.5
147,45,7.23,97.1,8.5,90.6,1.5
147,46,6.82,49.7,13.5,83.2,1.5
147,47,7.41,109.6,33.3,82.9,1.5
147,48,6.73,96.3,19.2,93.5,1.5
147,49,7.06,57.9,15.5,80.7,1.5
147,50,6.81,107.3,32.9,91.5,1.5
148,0,6.74,66.4,5.3,94.7,1.5
148,1,6.95,33.6,31.6,83.8,1.5
148,2,6.73,68.2,26.8,93.9,1.5
148,3,7.39,66,9.5,80.3,1.5
148,4,6.92,99.2,8.8,84.6,1.5
148,5,6.98,101.2,27.5,90.6,1.5
148,6,7.15,82.4,25.9,88.4,1.5
148,7,7.24,80.5,10.6,94.3,1.5
148,8,7.18,49.6,11,82.2,1.5
148,9,6.78,67.6,23.3,80.7,1.5
148,10,6.9,106.5,34.5,85.4,1.5
148,11,7.2,60.9,8.8,80.2,1.5
148,12,7.43,96.4,24,83.2,1.5
148,13,7.19,76.7,14.3,96.2,1.5
148,14,6.86,47.5,12.9,89.6,1.5
148,15,6.78,59.5,22.1,94.6,1.5
148,16,7.07,73.7,26.5,83.8,1.5
148,17,7.33,82.1,32.4,93.3,1.5
148,18,7.03,44,16.5,90,1.5
148,19,7.09,86.7,23.3,86.5,1.5
148,20,6.89,37.6,7.4,84.4,1.5
148,21,6.81,89.9,24,85.3,1.5
148,22,6.96,103.9,17.3,82.2,1.5
148,23,7.04,30.9,16.6,90.2,1.5
148,24,6.83,69.8,12.2,82,1.5
148,25,6.86,66.7,8.3,80.6,1.5
148,26,7.3,59.8,20.7,88.7,1.5
148,27,6.92,49.8,8.9,81.9,1.5
148,28,7.38,31.4,15.4,80.5,1.5
148,29,7.16,78.5,31,93.7,1.5
148,30,7.5,82.5,10.3,89.8,1.5
148,31,7.22,41.6,28.7,90.5,1.5
148,32,6.77,76.6,15.5,96.6,1.5
148,33,7.08,72.9,11.6,89.4,1.5
148,34,7.31,99.6,32.1,90.9,1.5
148,35,6.93,74.2,19.8,96.9,1.5
148,36,6.77,58,19,94.6,1.5
148,37,6.74,61.2,26.6,93.2,1.5
148,38,7.09,60.9,18.2,97,1.5
148,39,7.12,74.9,19,92.6,1.5
148,40,7.27,91.4,28.8,83.7,1.5
148,41,7.36,80.6,10.4,88.5,1.5
148,42,7.06,98.3,12.2,98.8,1.5
148,43,6.78,98.3,6.1,94.8,1.5
148,44,6.93,59.7,27.2,96.7,1.5
148,45,6.98,107.7,22.9,93.2,1.5
148,46,7.03,40.3,12.4,81.4,1.5
148,47,6.74,48.7,23.8,93.6,1.5
148,48,7.3,30.6,21.4,98.5,1.5
148,49,7.05,103.9,25.2,85.1,1.5
148,50,7.16,50.1,31.2,82.7,1.5
149,0,6.85,63.7,9.6,89.5,1.5
149,1,6.98,63.1,24.1,87.7,1.5
149,2,7.01,98.7,33.9,88.1,1.5
149,3,7.07,70,19.1,93,1.5
149,4,7.16,39.7,31.2,89.6,1.5
149,5,7.34,96.6,33.2,98.4,1.5
149,6,6.89,109.6,5.5,91.1,1.5
149,7,7.23,41.9,15.3,98.5,1.5
149,8,7.4,76.1,19,91.4,1.5
149,9,7.26,62,33,89.1,1.5
149,10,7.39,49.4,31.5,83.8,1.5
149,11,6.89,78.7,7.1,92.2,1.5
149,12,6.97,102,33.7,96.4,1.5
149,13,7.11,102.3,27.4,80.1,1.5
149,14,7.41,50.4,30.4,92.5,1.5
149,15,7.11,40.7,12.9,96.3,1.5
149,16,7.42,99.2,23.8,95.8,1.5
149,17,6.99,31.7,9.3,80.5,1.5
149,18,7.01,43.1,29,88.7,1.5
149,19,7.1,58.6,10.2,91.3,1.5
149,20,7.29,58.4,25.3,87.4,1.5
149,21,6.93,88.1,5.9,85.7,1.5
149,22,7.28,100.4,15.4,97.8,1.5
149,23,7.29,61.5,14.4,87.3,1.5
149,24,7.17,30.2,8.6,89.7,1.5
149,25,7.07,31.2,26.8,86.7,1.5
149,26,7.38,87.9,10.7,97.9,1.5
149,27,7.33,41.3,24.2,94.7,1.5
149,28,7.05,51.4,6.7,96.8,1.5
149,29,7.47,105,24.6,96.2,1.5
149,30,6.85,71,21.5,97.5,1.5
149,31,7.16,75.9,5.9,88.9,1.5
149,32,6.89,100.3,17.8,99,1.5
149,33,7.21,63.1,20.6,89.6,1.5
149,34,7.12,73.1,12.5,94.6,1.5
149,35,6.89,48.5,5.8,89.9,1.5
149,36,6.84,45.6,27.9,97,1.5
149,37,7.11,107.4,9.4,94.6,1.5
149,38,6.96,97.2,32.4,96.2,1.5
149,39,6.79,94.1,13.5,93.7,1.5
149,40,6.72,109.4,12.4,91.8,1.5
149,41,7.45,59.5,34.1,83.6,1.5
149,42,6.74,33.1,20.5,82.2,1.5
149,43,7.09,103.7,20.5,96.3,1.5
149,44,7.49,57.6,21.5,95.7,1.5
149,45,7.19,60.2,27.8,92,1.5
149,46,7.38,95.9,30.9,86.6,1.5
149,47,7.26,83.4,30.2,85.6,1.5
149,48,6.78,71.4,12.7,89.1,1.5
149,49,7.28,57.9,33.9,88.3,1.5
149,50,6.89,95.8,8.9,82.7,1.5
150,0,7.44,65.8,6.7,84.4,1.5
150,1,6.94,70.4,32.3,92.5,1.5
150,2,6.95,61.7,28.9,87,1.5
150,3,7.46,30.1,34.6,94.1,1.5
150,4,7.31,67.2,21.3,94.9,1.5
150,5,7.22,59.3,26.7,94.6,1.5
150,6,6.96,86.4,26.1,86.5,1.5
150,7,6.97,55.3,24.9,90.1,1.5
150,8,7.31,59.3,17.4,84,1.5
150,9,7.49,41.1,15.2,86.3,1.5
150,10,7.28,83.4,18.6,93.8,1.5
150,11,7.36,108.5,17.6,96.9,1.5
150,12,7.42,70.9,8.3,90.7,1.5
150,13,7.09,50.2,21.8,87.1,1.5
150,14,7,40.9,14.8,94.1,1.5
150,15,6.84,70.4,13.8,94.4,1.5
150,16,7.21,87.8,21.7,96.1,1.5
150,17,7.4,30.5,7.9,96.5,1.5
150,18,6.95,63.6,32.5,89.1,1.5
150,19,6.83,99.1,29.6,80.4,1.5
150,20,6.89,76,32,82.5,1.5
150,21,7.22,71.7,5.3,82.2,1.5
150,22,6.79,36.7,20.5,85.1,1.5
150,23,7.08,99.8,10.5,83.2,1.5
150,24,7.23,76.4,18.7,96.8,1.5
150,25,6.74,82.7,19,82.5,1.5
150,26,7.08,91.8,5.9,92,1.5
150,27,7.06,53,5.1,88.2,1.5
150,28,6.91,104.8,22.6,81.6,1.5
150,29,7.03,77.2,29.9,80.7,1.5
150,30,6.96,93.1,11.2,84.2,1.5
150,31,7.32,43.6,14,80.2,1.5
150,32,6.95,79.2,23,89.2,1.5
150,33,7.05,87.3,7.8,97.7,1.5
150,34,7.07,83.1,20.3,91.8,1.5
150,35,7.27,80.9,19.4,98.7,1.5
150,36,7,32.7,24.3,85.3,1.5
150,37,6.8,39.1,18.9,94.6,1.5
150,38,6.96,105.7,17.1,96.8,1.5
150,39,7.06,80.6,24.9,82.3,1.5
150,40,6.76,35.6,34.7,96.6,1.5
150,41,6.94,92.4,28.7,82.1,1.5
150,42,7.38,54.2,17.7,87.8,1.5
150,43,6.79,85.1,32.4,91.3,1.5
150,44,7.45,50.1,12,85.9,1.5
150,45,7.15,61.1,32.9,84.5,1.5
150,46,6.71,89.7,24.7,86.2,1.5
150,47,7.26,36.7,31.1,96.4,1.5
150,48,7.03,58,15.8,91.7,1.5
150,49,7.06,52.1,33.6,86,1.5
150,50,7.17,87.8,29.9,90.1,1.5
151,0,7.02,85.3,24,92.4,1.5
151,1,7.08,92.8,34,97.1,1.5
151,2,7.25,107.6,30,97,1.5
151,3,6.85,77,22.8,93.5,1.5
151,4,6.8,78.3,19.3,86.5,1.5
151,5,7.07,57.6,22.2,80.5,1.5
151,6,6.91,53.7,32.6,97.7,1.5
151,7,7.23,53.1,32.6,90.7,1.5
151,8,6.82,86.2,27.2,98.7,1.5
151,9,6.9,68.6,18.9,86.7,1.5
151,10,7.08,86.5,29.9,86.3,1.5
151,11,7.32,105.2,20.3,99,1.5
151,12,6.85,60.2,20.4,82.8,1.5
151,13,7.13,47.6,24.2,88.7,1.5
151,14,7.42,75,21.7,87.3,1.5
151,15,7.22,73.7,21.1,92.5,1.5
151,16,7.41,97.9,26,89.7,1.5
151,17,6.86,91.1,33.9,80.2,1.5
151,18,7.1,50.4,24.3,84,1.5
151,19,7.23,69.3,21.1,96.1,1.5
151,20,7.47,89,23.3,80.4,1.5
151,21,6.77,78.7,15,93.3,1.5
151,22,7.31,34.5,17.5,88.6,1.5
151,23,7.48,84.8,33.8,81.5,1.5
151,24,7.18,50.3,25.7,94.3,1.5
151,25,7.3,81.1,28.8,98.7,1.5
151,26,6.87,47.6,5.6,91.2,1.5
151,27,6.93,68.6,12.2,82.6,1.5
151,28,7.07,48.5,17.1,84.5,1.5
151,29,7.18,96.9,28.9,88.7,1.5
151,30,6.88,45.2,10.5,92.6,1.5
151,31,7.12,37.9,24.6,87.7,1.5
151,32,6.8,84.6,14.9,83.3,1.5
151,33,6.74,55,10.2,81.2,1.5
151,34,7.06,50.3,8.3,94.9,1.5
151,35,7.43,71.7,13,82.1,1.5
151,36,7.08,31.8,21,90.8,1.5
151,37,6.93,39.4,22.9,84.1,1.5
151,38,6.87,77.5,17.5,89.9,1.5
151,39,6.83,49.1,11.5,84.8,1.5
151,40,7.07,62.1,12.7,96.3,1.5
151,41,6.8,71,23.5,91.9,1.5
151,42,7.45,86.6,19.7,89.1,1.5
151,43,7.47,103,28.6,80.2,1.5
151,44,6.81,87.7,22.3,88.5,1.5
151,45,7.32,70.4,30.6,96.9,1.5
151,46,6.96,57.8,8.6,88.5,1.5
151,47,7.2,109.2,33.5,92.9,1.5
151,48,7.27,53.8,22.8,80.9,1.5
151,49,7.22,102.7,16.7,88.2,1.5
151,50,6.88,89.9,14.2,98.3,1.5
152,0,7.49,81.3,31.4,84.2,1.5
152,1,7.04,73.1,25.8,91.5,1.5
152,2,7.01,37.1,33.8,96.3,1.5
152,3,7.27,31,12.8,80.6,1.5
152,4,6.89,32.8,12,86.8,1.6
152,5,6.94,83.7,15,80.8,1.6
152,6,7.4,69.5,23.9,96.4,1.6
152,7,6.97,52.7,33.3,85.5,1.6
152,8,7.13,63.2,10.2,82.6,1.6
152,9,7.06,69,19.4,93.7,1.6
152,10,6.95,58.8,7.7,86.4,1.6
152,11,6.79,90.6,11.5,88.1,1.6
152,12,7.18,108.9,23.6,96.1,1.6
152,13,7.03,79.5,29.1,92.5,1.6
152,14,7.43,32.2,34.1,92.7,1.6
152,15,6.73,85.1,25.1,97.5,1.6
152,16,7.03,102,33.7,94.7,1.6
152,17,7.4,60.3,28.2,84.8,1.6
152,18,7.18,106.3,27.8,94.6,1.6
152,19,7.49,54.5,24.1,88.8,1.6
152,20,7.12,68.5,26.9,83.9,1.6
152,21,7.07,38.4,6,90.9,1.6
152,22,7.42,71.7,32.5,96.4,1.6
152,23,6.74,59.6,6.3,97.8,1.6
152,24,7.31,97.3,6.1,94.8,1.6
152,25,7.36,79.8,34.2,94.4,1.6
152,26,7.11,80.2,31.4,91.1,1.6
152,27,7.38,84.2,16.9,96.5,1.6
152,28,7.32,73.1,32.3,86.8,1.6
152,29,6.72,51.3,8.6,94.9,1.6
152,30,6.91,73.2,24.3,87.6,1.6
152,31,6.75,62.6,21.9,88.8,1.6
152,32,7.14,103.5,20.1,97.7,1.6
152,33,6.9,49.1,32.7,80.7,1.6
152,34,6.74,49.9,5.2,93.6,1.6
152,35,6.86,82,6,91.2,1.6
152,36,7.41,38.7,10.1,96.8,1.6
152,37,6.9,44,9.5,92.9,1.6
152,38,7.13,39.6,7.5,91.1,1.6
152,39,7.45,70.7,27.1,83.1,1.6
152,40,6.94,64,32.2,92,1.6
152,41,7.4,30.6,20.4,98.3,1.6
152,42,6.99,47.6,26.4,93.2,1.6
152,43,7.42,93.6,30.5,83.2,1.6
152,44,7.18,56.6,8.8,97.5,1.6
152,45,6.85,50,30.8,88.2,1.6
152,46,7.3,108.2,30.9,89.2,1.6
152,47,6.93,32.9,29.7,96.3,1.6
152,48,7.02,38.6,19.6,90.8,1.6
152,49,7.06,58.3,32.8,96.4,1.6
152,50,7.31,90.9,26,85.6,1.6
153,0,7.16,51.7,14.5,96.6,1.6
153,1,7.48,91,17.6,98.7,1.6
153,2,7.18,84.9,25.7,92.8,1.6
153,3,6.98,45.8,14.6,90.1,1.6
153,4,6.83,102.7,29.7,85.9,1.6
153,5,7.2,62.4,22.2,82.3,1.6
153,6,7.01,77.7,8.4,86.1,1.6
153,7,7.16,55.8,27.7,89.4,1.6
153,8,7.09,97.6,28.8,98.6,1.6
153,9,7.29,83.5,30.1,86.5,1.6
153,10,6.91,99.1,11.9,82.2,1.6
153,11,6.71,49.8,23.4,89.1,1.6
153,12,7.18,87.4,5.4,89.7,1.6
153,13,7.32,68.1,34.5,96.3,1.6
153,14,6.74,52.4,26.6,85.5,1.6
153,15,7.37,93.8,16.7,91.7,1.6
153,16,7.05,78.3,14.9,93.1,1.6
153,17,7.17,100,35,81.5,1.6
153,18,6.78,45.1,30.3,97.1,1.6
153,19,6.7,73.4,5.2,83.3,1.6
153,20,7.05,32.8,10.7,82.4,1.6
153,21,7.28,55,34.1,93.7,1.6
153,22,7.49,32.8,34,91,1.6
153,23,6.89,105.3,12.6,98.8,1.6
153,24,7.45,109.5,10.7,91,1.6
153,25,6.91,72.3,23.4,92.7,1.6
153,26,6.72,71.2,34.1,94,1.6
153,27,7.36,88.5,32.8,86.2,1.6
153,28,7.21,38.6,22.7,91.1,1.6
153,29,7.34,31.8,20,88.2,1.6
153,30,7.25,31.4,13.8,82.7,1.6
153,31,7.32,108.2,9.8,96.1,1.6
153,32,7.44,90.2,31.9,81.2,1.6
153,33,6.98,71.7,22.2,92.4,1.6
153,34,7.01,93.9,11.9,91.9,1.6
153,35,6.82,69.2,8.8,87,1.6
153,36,7.25,65.6,6.5,89.2,1.6
153,37,6.75,69.3,7.7,88.2,1.6
153,38,7.15,81,14.1,84.9,1.6
153,39,7.35,51.8,12.5,81.5,1.6
153,40,6.95,54,26.7,84.5,1.6
153,41,7.38,46.7,25.9,93.5,1.6
153,42,6.74,37.9,13.8,95.5,1.6
153,43,7.3,87.9,21.1,83.9,1.6
153,44,6.7,55.5,7.7,97.2,1.6
153,45,7.08,76.4,10.9,83.1,1.6
153,46,7.41,99.6,11.2,87.4,1.6
153,47,7.41,81.1,24.7,87.2,1.6
153,48,7.13,99.1,11,83.3,1.6
153,49,7.25,95.4,20.4,85.3,1.6
153,50,7.1,89.3,21.7,92.3,1.6
154,0,7.21,46.7,5.7,83.8,1.6
154,1,6.99,58,6.5,80.5,1.6
154,2,7.15,34.9,11.6,86.8,1.6
154,3,7.26,97.2,32.3,81,1.6
154,4,6.84,38.7,10.4,97.8,1.6
154,5,7.43,52,22.1,85.8,1.6
154,6,6.72,69.5,9.9,95.6,1.6
154,7,6.71,81.9,26.2,83.1,1.6
154,8,7.02,76.7,25.2,87.8,1.6
154,9,6.92,39,8.8,95.1,1.6
154,10,6.84,67.5,22.8,83,1.6
154,11,7.16,94.1,15.2,91.3,1.6
154,12,7.13,68.5,33.3,98.1,1.6
154,13,7.43,47.5,21.1,91.4,1.6
154,14,6.78,83.3,6.8,93.2,1.6
154,15,7.46,54,7.4,85.8,1.6
154,16,6.92,59.2,16,98.5,1.6
154,17,6.88,58.8,23.9,84.7,1.6
154,18,6.99,94.2,8.8,97.4,1.6
154,19,7.07,50.6,23.1,93.5,1.6
154,20,6.86,68.9,6.2,94.6,1.6
154,21,6.77,56.8,34.5,99,1.6
154,22,6.72,69.3,15.5,97.7,1.6
154,23,7.16,72.8,6.3,86.7,1.6
154,24,7.29,64.4,27.5,83.8,1.6
154,25,7.32,57.6,14.5,87.1,1.6
154,26,7,66.5,19.8,81.1,1.6
154,27,7.15,78.6,28,97.2,1.6
154,28,6.77,32.8,26.8,96.9,1.6
154,29,7.42,69.2,26.9,89.9,1.6
154,30,7.3,93.1,9.7,94.4,1.6
154,31,7.15,84.6,7.3,95,1.6
154,32,7.12,65.7,15.3,83.9,1.6
154,33,7.05,82.7,9,89,1.6
154,34,6.77,87.7,7.8,95.7,1.6
154,35,6.72,61.7,32.7,97.9,1.6
154,36,7.28,41.2,19.5,87.4,1.6
154,37,6.91,107.7,5.1,90.9,1.6
154,38,7.2,94.7,9.7,90,1.6
154,39,6.73,87.9,20,93.3,1.6
154,40,7.1,92.8,10.1,85.1,1.6
154,41,7.47,45,7.2,82,1.6
154,42,7.01,30.9,15,98.1,1.6
154,43,6.72,43.3,32.6,92.4,1.6
154,44,7.43,93.3,24.7,88.6,1.6
154,45,7.17,81.6,21.4,96.3,1.6
154,46,7.13,56.2,28.9,85.8,1.6
154,47,7.5,67.3,13.8,86.5,1.6
154,48,6.87,34.6,34.3,86.9,1.6
154,49,7.02,38.2,19.7,87.7,1.6
154,50,6.91,100.5,30.5,90.8,1.6
155,0,7.27,43.2,33.8,80.2,1.6
155,1,7.49,104.3,28.5,94.2,1.6
155,2,7.14,44,23.5,92,1.6
155,3,7.32,75.9,11.4,80.4,1.6
155,4,7.11,74,15.8,87.2,1.6
155,5,7.34,82.2,14.4,95.8,1.6
155,6,7.47,47.3,8.3,96.9,1.6
155,7,7.41,96.6,6.1,93.1,1.6
155,8,7.21,42.3,9.8,97.8,1.6
155,9,7.07,91.6,11.4,96.2,1.6
155,10,6.88,106.2,32,88.3,1.6
155,11,7.14,38.8,25.7,89.5,1.6
155,12,7.4,93.4,20,97.5,1.6
155,13,7.37,43,21.8,87.5,1.6
155,14,7.17,45.7,30.1,81.7,1.6
155,15,7.49,49,5.6,88.2,1.6
155,16,6.71,67.3,32.1,98.8,1.6
155,17,6.76,70.3,21.9,91.1,1.6
155,18,7.1,98.3,20.7,83.4,1.6
155,19,7.34,76.7,34.5,85.9,1.6
155,20,7.35,59.5,29.2,88.8,1.6
155,21,7.04,49.6,21.7,83,1.6
155,22,7.19,106.4,29,85.8,1.6
155,23,6.75,57.7,12.6,82.4,1.6
155,24,7.36,54.6,13.9,96.6,1.6
155,25,6.92,78.4,29,92,1.6
155,26,7.37,63.1,28,97.4,1.6
155,27,6.88,79.3,28.5,90.4,1.6
155,28,6.78,77,22.7,81.6,1.6
155,29,7.16,82.5,9.4,95.9,1.6
155,30,6.72,109.7,21.3,85.8,1.6
155,31,7.39,89.9,19.5,89,1.6
155,32,7.25,96.5,31,83.6,1.6
155,33,7.22,89.8,12.3,98.7,1.6
155,34,6.98,65.7,16.9,97.8,1.6
155,35,7.3,40.2,9.8,94.3,1.6
155,36,6.8,87.8,22.7,90.4,1.6
155,37,6.85,89.2,10.7,94.8,1.6
155,38,7.32,43.1,10.8,85.2,1.6
155,39,7.15,51.3,9.2,96.4,1.6
155,40,7.02,55.9,26.5,86,1.6
155,41,7.03,44.3,13.4,80.9,1.6
155,42,6.96,77.4,18.9,94,1.6
155,43,7.06,78.9,8.1,91.8,1.6
155,44,7,104,22.8,89.2,1.6
155,45,7.47,32.4,28.2,80.5,1.6
155,46,7.15,43.6,32.4,92.6,1.6
155,47,7.13,62.7,9.4,93.5,1.6
155,48,6.98,33.3,16.1,98.6,1.6
155,49,7.09,41.5,8.7,86.9,1.6
155,50,7,36.9,30.4,81,1.6
156,0,7.14,42.2,19.9,80,1.6
156,1,7.12,37.7,28.9,80.1,1.6
156,2,7.48,31.5,15.5,85.1,1.6
156,3,6.87,100.5,13.1,84.1,1.6
156,4,6.88,108,28.4,86.4,1.6
156,5,6.86,59.6,6.2,97.5,1.6
156,6,7.24,43.7,23.3,86.3,1.6
156,7,7.47,86.9,32.7,89.1,1.6
156,8,7.34,55.4,15.5,86.2,1.6
156,9,6.91,81.5,31.8,83.6,1.6
156,10,7.14,52.8,28.9,92.4,1.6
156,11,7.28,54.2,6.4,95.8,1.6
156,12,7.45,80.9,30.8,82.1,1.6
156,13,6.91,57.8,5.1,89.1,1.6
156,14,7.24,59.8,24.4,89.5,1.6
156,15,7.03,67.7,22.4,86.8,1.6
156,16,7.15,93.8,26,95.1,1.6
156,17,7.31,106.7,22.3,93.9,1.6
156,18,7.34,49,29.7,89.8,1.6
156,19,7.28,75,25.2,80.8,1.6
156,20,7.42,88,34.2,93.6,1.6
156,21,7.14,81.5,30.9,94,1.6
156,22,6.89,99.6,13.6,89.4,1.6
156,23,7.35,97.4,9.4,87,1.6
156,24,7.24,84.3,5.2,95.8,1.6
156,25,6.86,72.8,22.4,85.3,1.6
156,26,7.17,34.2,13.2,84.8,1.6
156,27,7.06,33.5,26.4,84.1,1.6
156,28,7.07,66.8,27,84.6,1.6
156,29,6.7,73.3,19.3,83.1,1.6
156,30,7.21,93.2,9,85.5,1.6
156,31,7.39,89.5,16.9,91.3,1.6
156,32,6.99,66.8,11.4,98,1.6
156,33,7.37,45,27.6,82,1.6
156,34,7.27,64.6,29,80.5,1.6
156,35,6.77,80.9,30.5,88.8,1.6
156,36,7.02,74.5,21.2,84.2,1.6
156,37,6.9,59.4,30.8,87.4,1.6
156,38,7.43,42.4,21.4,97,1.6
156,39,7.05,69.2,26.9,82.8,1.6
156,40,7.38,99,20.2,94.9,1.6
156,41,7.08,57.8,7.8,90.4,1.6
156,42,7.4,60.3,29.5,88.8,1.6
156,43,6.75,64.4,8.5,83.9,1.6
156,44,7.46,48.6,34.9,85,1.6
156,45,6.78,106,30.9,92.1,1.6
156,46,7.26,70,18.1,82.6,1.6
156,47,7.43,53.6,15.4,98.2,1.6
156,48,6.93,45,8.5,84.6,1.6
156,49,6.73,45.9,16.8,98.5,1.6
156,50,7.44,51.6,17.9,96.8,1.6
157,0,6.99,78.3,32.7,92.1,1.6
157,1,6.97,104.5,5.7,80.9,1.6
157,2,6.71,36.1,25.4,89,1.6
157,3,6.75,30.7,25,88,1.6
157,4,7.06,85.5,29.4,98.3,1.6
157,5,6.79,90.2,16.4,89.4,1.6
157,6,6.72,88.5,26.5,91.6,1.6
157,7,6.78,76.7,16.1,97.8,1.6
157,8,7,78.1,20.5,97.6,1.6
157,9,7.32,89.2,5.2,89.3,1.6
157,10,7.35,96.8,35,98.2,1.6
157,11,6.93,57.6,12.7,89.2,1.6
157,12,7.15,44.5,31.5,95.4,1.6
157,13,6.96,63,19,87.8,1.6
157,14,7.19,57,16.4,80.4,1.6
157,15,7.44,63.2,12.2,89.7,1.6
157,16,7.36,106.2,25.1,83.4,1.6
157,17,7.37,96,19.1,97.7,1.6
157,18,7.14,90.4,33.1,83.4,1.6
157,19,7.22,64.2,24.2,84.2,1.6
157,20,7.09,30.5,20.1,97.1,1.6
157,21,6.79,76.2,8.2,95.4,1.6
157,22,6.81,83.2,6.8,82.7,1.6
157,23,7.41,107.6,8.5,84.5,1.6
157,24,7,96.2,17.3,89.7,1.6
157,25,7.15,54.6,30.2,88.1,1.6
157,26,7.31,31.3,18.2,80.4,1.6
157,27,6.97,92.6,14,83.2,1.6
157,28,7.06,31,35,81.3,1.6
157,29,7.49,42.5,34.4,86.3,1.6
157,30,6.95,88.9,35,97.9,1.6
157,31,7.45,67.1,27.6,95.4,1.6
157,32,7.46,104.6,7.4,87.5,1.6
157,33,6.77,69.6,10.5,95.1,1.6
157,34,6.87,73.9,14.9,85.1,1.6
157,35,6.72,67.3,21.9,98.1,1.6
157,36,6.94,87.2,30.3,97,1.6
157,37,7.48,31.3,34.8,91.8,1.6
157,38,7.33,104.5,23.6,94,1.6
157,39,7.37,83,24.5,81.1,1.6
157,40,7.3,87.2,30.5,93.3,1.6
157,41,6.99,104.9,31.6,86.3,1.6
157,42,6.84,34.2,22.8,81.8,1.6
157,43,6.77,96.2,29.5,89.2,1.6
157,44,7.37,31.4,34.8,87.7,1.6
157,45,6.74,41.4,19.2,97.7,1.6
157,46,7.08,40.4,20.3,99,1.6
157,47,6.81,54.1,25.3,91.2,1.6
157,48,7.24,40.7,22.9,97.2,1.6
157,49,6.94,75.9,26.3,84.6,1.6
157,50,6.82,99.3,27.7,96.5,1.6
158,0,7.13,62.8,8,96.1,1.6
158,1,7.2,76.1,18,83.9,1.6
158,2,7.33,106.4,21.3,84,1.6
158,3,7.23,63.6,26.6,92.8,1.6
158,4,7.05,56.1,31.5,95.5,1.6
158,5,7.3,41.9,31.2,98.9,1.6
158,6,7.4,38.8,17.9,97,1.6
158,7,7.23,104.8,11.2,90.9,1.6
158,8,7.17,38.8,9.3,84.2,1.6
158,9,7.26,91,33.7,92,1.6
158,10,7.1,88.6,24.1,87.4,1.6
158,11,7.49,65.9,17.7,88.9,1.6
158,12,6.98,97.9,15,95.2,1.6
158,13,7.17,82,31.3,96.3,1.6
158,14,7.21,67.1,7.2,87.2,1.6
158,15,6.88,45.2,9.8,87.6,1.6
158,16,6.88,35.4,29.7,88.2,1.6
158,17,6.95,48.7,22.9,90.6,1.6
158,18,6.72,108.1,22,92.9,1.6
158,19,7.14,89.7,27.4,83.5,1.6
158,20,7.1,56.5,16.2,94,1.6
158,21,6.95,43,13.8,80.9,1.6
158,22,7.19,95.6,29.6,95.8,1.6
158,23,7.01,84.2,15.3,84.2,1.6
158,24,6.98,94.4,23.5,81.1,1.6
158,25,7.05,65.7,14.6,97.7,1.6
158,26,7.01,65.8,16.6,90.3,1.6
158,27,7.48,109.7,18.5,80.8,1.6
158,28,7.06,109.3,33.5,98.4,1.6
158,29,7.01,54.7,20.5,82.7,1.6
158,30,7.26,98.3,31.8,84.9,1.6
158,31,7.09,40.8,24.4,94.8,1.6
158,32,7.39,75.4,6,90.2,1.6
158,33,7.39,34.6,18.1,88.4,1.6
158,34,7.33,44.1,25.1,87.4,1.6
158,35,6.96,88.5,28.1,92.8,1.6
158,36,6.97,85,13,90.4,1.6
158,37,7.25,75.5,25.6,86.7,1.6
158,38,6.99,105.4,9,84.3,1.6
158,39,6.92,84.4,8.6,90.5,1.6
158,40,7.44,38.6,17.3,84.9,1.6
158,41,7.26,35.3,7.4,91.5,1.6
158,42,6.87,52,12.8,90.2,1.6
158,43,7.39,104.8,14.6,85.1,1.6
158,44,7.23,76.8,5.6,84.6,1.6
158,45,7.35,75.9,9.5,90.4,1.6
158,46,7.16,82.7,8.4,88.3,1.6
158,47,7.09,33.8,23,94.5,1.6
158,48,7.47,73.5,28,84.9,1.6
158,49,6.89,88.6,10.9,93.8,1.6
158,50,7.45,31.4,12.2,97.1,1.6
159,0,7.16,45.5,24.3,94.5,1.6
159,1,7.02,36.6,32.7,94.6,1.6
159,2,6.93,79.8,10.8,91.2,1.6
159,3,7.25,94.8,26.6,88.2,1.6
159,4,7.39,100.4,15,80.6,1.6
159,5,6.83,31.7,15.1,99,1.6
159,6,7.04,47.4,28.1,91.1,1.6
159,7,6.98,53.8,14.1,95.7,1.6
159,8,7.19,40.2,6.2,85.4,1.6
159,9,7.26,40.1,33.5,82.8,1.6
159,10,7.46,58.6,34.6,86,1.6
159,11,7.1,60.2,16.1,82.6,1.6
159,12,7.49,68.4,15.9,83.6,1.6
159,13,6.76,81.9,17.4,98.7,1.6
159,14,7.04,83.4,11,82.7,1.6
159,15,7.33,70.4,30.7,85.7,1.6
159,16,7.19,73.4,17.3,80.6,1.6
159,17,7.14,78.6,10.9,81,1.6
159,18,7.39,95.3,15.1,87.2,1.6
159,19,7.37,97.6,24.2,81.5,1.6
159,20,7.16,38.3,24.8,80.4,1.6
159,21,6.74,71.2,7,83.1,1.6
159,22,7.32,73.5,34.3,83.2,1.6
159,23,6.76,84.4,9.4,92.5,1.6
159,24,7.3,42.5,32.2,82.7,1.6
159,25,7.31,37.2,19.1,96.7,1.6
159,26,7.39,57.3,25.3,96.2,1.6
159,27,7.14,57.1,17.9,97.8,1.6
159,28,7.44,108.6,21.2,84.2,1.6
159,29,7.39,82.1,5.7,86.3,1.6
159,30,6.93,47.6,16.9,85.1,1.6
159,31,6.85,100.5,11.6,82.9,1.6
159,32,7.07,49.2,9.6,87.9,1.6
159,33,6.75,98.2,30.5,98.1,1.6
159,34,7.42,82.5,23.5,98.1,1.6
159,35,7.38,109.2,22.1,86,1.6
159,36,7.48,52.8,22.5,95.8,1.6
159,37,7.06,80.3,16.8,87.5,1.6
159,38,7.16,68.7,34.5,87.3,1.6
159,39,6.87,99,24.6,87.6,1.6
159,40,7.14,75.1,29.6,95.2,1.6
159,41,7.28,52.1,20.7,93.9,1.6
159,42,6.94,69,12.3,91.5,1.6
159,43,6.97,80.2,15.9,93.6,1.6
159,44,6.97,101.2,24.9,82.4,1.6
159,45,7.12,65.7,9.8,94.8,1.6
159,46,6.8,71.7,5.3,90.9,1.6
159,47,7.15,92.8,14.3,87.7,1.6
159,48,7.37,94.5,23.8,81.1,1.6
159,49,7.38,39.1,29.8,94.3,1.6
159,50,7.18,97.7,19.8,94.8,1.6
160,0,7.28,57.3,27.8,90.3,1.6
160,1,6.92,77,26.3,82.7,1.6
160,2,7.27,67.4,14.9,93,1.6
160,3,7.08,36,8.3,94.7,1.6
160,4,7.03,72,23.5,89.8,1.6
160,5,6.72,31.1,15.9,90.8,1.6
160,6,7.19,40,11.4,92,1.6
160,7,6.8,69.7,26.2,91.2,1.6
160,8,7.34,99.5,24.2,81.9,1.6
160,9,7.29,55.1,15.2,81.6,1.6
160,10,7.42,107.7,9,94.9,1.6
160,11,7.19,95.2,17.2,97.1,1.6
160,12,6.79,44.4,5.9,92.8,1.6
160,13,6.7,42.7,27.7,94.5,1.6
160,14,7.28,91.3,34.1,97.8,1.6
160,15,7.28,63.8,17.6,98.8,1.6
160,16,7.04,52.3,19.5,88.4,1.6
160,17,7.08,77.2,19,94.2,1.6
160,18,6.89,96.7,17.5,87.5,1.6
160,19,7.44,91.8,9.8,93.2,1.6
160,20,7.48,58,34.4,97.8,1.6
160,21,7.03,104,22.1,89.2,1.6
160,22,6.75,73.2,10.4,92.1,1.6
160,23,7.12,72.5,33.7,87.3,1.6
160,24,7.49,103.7,21.9,89.3,1.6
160,25,6.82,36.5,29.2,85,1.6
160,26,6.94,68.3,5.9,91.7,1.6
160,27,7.17,64.7,21.6,95.7,1.6
160,28,6.81,36.5,32.7,86.7,1.6
160,29,7.43,66.1,10.8,89.6,1.6
160,30,7.07,101.2,17.5,89.6,1.6
160,31,7.03,107,29.2,85,1.6
160,32,7.47,109.8,18.1,94.5,1.6
160,33,7.14,84.5,15.4,88.9,1.6
160,34,7.46,47.2,16.2,90.2,1.6
160,35,7.43,95.4,21.9,85.4,1.6
160,36,7.21,50.3,7,82.6,1.6
160,37,7.42,78.5,10.7,85.2,1.6
160,38,7.04,85.4,30.7,98,1.6
160,39,6.73,67.3,27.3,81.2,1.6
160,40,7.46,71.4,13.9,87.1,1.6
160,41,6.73,62.7,11.3,81.2,1.6
160,42,6.9,42.5,27,88.7,1.6
160,43,7.19,63.2,25.9,98.1,1.6
160,44,7.44,49.3,5.2,96.9,1.6
160,45,7.34,65,21.3,94.7,1.6
160,46,6.8,88.7,24.3,82.5,1.6
160,47,6.78,52,26,85,1.6
160,48,6.89,47.1,16.9,88.3,1.6
160,49,6.96,70.7,34.4,94.1,1.6
160,50,6.82,79,33,89.9,1.6
161,0,7.42,82.1,19.1,94.6,1.6
161,1,6.77,67.6,26.8,93.9,1.6
161,2,6.83,67.5,28.1,98.2,1.6
161,3,7.48,52.7,33,90.8,1.6
161,4,7.19,85.7,17.1,82.7,1.6
161,5,7.03,59.6,5.6,96.6,1.6
161,6,7.43,71.5,13.1,92.5,1.6
161,7,6.86,55.7,10.2,92.8,1.6
161,8,7.03,74.2,26.8,89.3,1.6
161,9,7.04,74.5,7.3,87.5,1.6
161,10,7.47,86.7,6.2,87.3,1.6
161,11,7.5,83,8.2,91.7,1.6
161,12,6.76,80.8,11,85.8,1.6
161,13,7.02,45,22.2,83,1.6
161,14,6.72,104.5,24.9,90.6,1.6
161,15,7.26,53.7,30.3,92.9,1.6
161,16,6.85,104.8,27.5,95.1,1.6
161,17,6.88,66.4,28.1,88.4,1.6
161,18,7.39,85.6,13,89.8,1.6
161,19,7.12,65,29.2,83.3,1.6
161,20,7.1,105.4,17.9,91.5,1.6
161,21,7.31,38.4,33.4,87,1.6
161,22,7.44,105.3,28.4,96.1,1.6
161,23,7.07,76.7,26.3,80.1,1.6
161,24,7.18,69,13.3,80.7,1.6
161,25,7.39,99.8,31.5,89,1.6
161,26,7,57.6,26.5,95.2,1.6
161,27,6.86,103.4,32.9,83.2,1.6
161,28,7.18,36.3,25.1,90,1.6
161,29,6.96,34.3,28.6,91.6,1.6
161,30,7.24,34.7,14.2,80.6,1.6
161,31,7.24,75.1,28.5,85.9,1.6
161,32,7.42,44.3,23.3,81.8,1.6
161,33,6.87,65.4,20.1,84.3,1.6
161,34,7.37,47.8,26.4,80.4,1.6
161,35,7.13,59.6,11.4,83.9,1.6
161,36,7.23,46.7,30.1,95.8,1.6
161,37,7.23,44.9,26.3,89.5,1.6
161,38,6.93,98.2,24.4,88.9,1.6
161,39,7.44,57.8,17.2,92.7,1.6
161,40,6.96,56.4,9.6,96.3,1.6
161,41,7.19,48.9,13.4,87.2,1.6
161,42,6.88,68.4,26.4,97.4,1.6
161,43,6.89,49.1,22.9,94.7,1.6
161,44,7.09,34.7,9.3,86.5,1.6
161,45,6.74,99.8,6.4,88.4,1.6
161,46,6.88,54,26.6,90.5,1.6
161,47,7.23,43.7,6.9,92.8,1.6
161,48,7.03,83.8,31.1,81.8,1.6
161,49,7.37,86.9,33.6,98.2,1.6
161,50,6.87,105.2,13.8,98.6,1.6
162,0,6.95,90.7,23.7,89.6,1.6
162,1,7.47,47.4,34.8,98,1.6
162,2,7.06,57.9,21.3,85.5,1.6
162,3,6.77,97,25.3,89.2,1.6
162,4,7.01,89.2,21,92.1,1.6
162,5,6.71,72.5,31.5,97.9,1.6
162,6,7.21,90.2,17.5,94.5,1.6
162,7,7.26,84.5,18.3,94.2,1.6
162,8,6.9,70.8,18.9,87.6,1.6
162,9,6.89,54.7,10.2,93.6,1.6
162,10,7.23,32.3,13.7,82.7,1.6
162,11,7.1,93.9,26.6,82,1.6
162,12,7.49,72.5,17.7,95.7,1.6
162,13,6.88,39.7,5.7,90,1.6
162,14,6.94,80.9,26.2,81.7,1.6
162,15,7.31,105.3,28.6,95,1.6
162,16,7.39,101.6,21.4,87.6,1.6
162,17,7.5,89.9,17.3,89.3,1.6
162,18,7.01,84.8,30.4,95.8,1.6
162,19,6.78,108,35,83.3,1.6
162,20,7.3,32.7,7.1,89.4,1.6
162,21,7.12,75.9,12.4,82.4,1.6
162,22,7.44,86.5,16.5,84.6,1.6
162,23,7.01,76.9,20.8,96.1,1.6
162,24,7.12,67.8,31,95.7,1.6
162,25,6.8,94.8,22.8,93.8,1.6
162,26,7.2,49.5,7.3,98.3,1.6
162,27,6.75,38.6,22.8,84.6,1.6
162,28,6.79,64.3,30.8,96.6,1.6
162,29,7.25,68.9,24.9,87.6,1.6
162,30,7.23,50,31.2,90.9,1.6
162,31,6.7,37.8,16.5,81.3,1.6
162,32,7.33,70.6,20,85.8,1.6
162,33,7.21,31.4,31.8,82.8,1.6
162,34,6.72,102,9.5,80.6,1.6
162,35,6.85,77,25.8,93.3,1.6
162,36,6.73,34.7,24.8,88.1,1.6
162,37,7.42,64.1,18.9,98.3,1.6
162,38,7.34,95,9.9,96.7,1.6
162,39,6.76,82.6,11.4,88,1.6
162,40,6.71,62.3,21.8,92.7,1.6
162,41,7.41,60.7,21,86.7,1.6
162,42,6.93,50.5,28.7,88.6,1.7
162,43,7.24,31.1,25.9,91.6,1.7
162,44,6.82,65.4,5.7,95.7,1.7
162,45,7.12,92.6,22.5,88,1.7
162,46,6.91,96.2,9.4,80.8,1.7
162,47,7.46,82.2,24.2,87.4,1.7
162,48,6.76,37.7,8.9,92.8,1.7
162,49,7.09,61.8,30.4,90.3,1.7
162,50,6.83,80.7,14,93.1,1.7
163,0,7.18,46.6,27.1,93.2,1.7
163,1,6.95,107,22.5,90.5,1.7
163,2,6.84,43,32.5,84,1.7
163,3,7.25,69.9,22.7,82.2,1.7
163,4,6.82,36.9,5.1,80.3,1.7
163,5,7.34,107.2,19.4,81.5,1.7
163,6,7.21,49.1,6.1,91.6,1.7
163,7,7.49,30.4,15.4,85.5,1.7
163,8,6.8,98.2,15.6,94.6,1.7
163,9,7.28,54.8,33,83.5,1.7
163,10,7.37,31,7.6,90.4,1.7
163,11,7.27,40.9,17.8,86.1,1.7
163,12,6.91,46.4,31.5,87.1,1.7
163,13,6.91,44.3,29.1,93.6,1.7
163,14,7.12,87.7,32.3,98,1.7
163,15,7.04,74.2,25.3,91,1.7
163,16,7.17,46,11.4,84.8,1.7
163,17,6.93,76,18.6,95.1,1.7
163,18,7.1,86.2,20.1,98.1,1.7
163,19,6.79,90.3,18.9,97.5,1.7
163,20,7.01,58.7,14.8,91.9,1.7
163,21,7.1,105.6,27.9,93.8,1.7
163,22,7.29,62.1,27.1,82.6,1.7
163,23,6.85,35.4,22.1,98.8,1.7
163,24,6.99,99.5,34.5,80.9,1.7
163,25,7.07,99.7,6.5,84.1,1.7
163,26,7.17,42.9,29.8,92.7,1.7
163,27,7.05,102.5,28.9,94.3,1.7
163,28,7.36,47.4,31.9,93.4,1.7
163,29,7.35,57.4,16.2,94.1,1.7
163,30,7.16,96.1,11.6,96.9,1.7
163,31,7.28,81.8,34,88.5,1.7
163,32,7.49,78.9,15.7,80.9,1.7
163,33,7.42,86.1,27.5,89,1.7
163,34,7,68.8,16.8,97.4,1.7
163,35,6.9,40,20.1,91.4,1.7
163,36,6.97,54,34.4,84.7,1.7
163,37,7.03,36.6,19.3,90.6,1.7
163,38,7.09,107,17.6,87.2,1.7
163,39,7.07,105.1,5.4,92.9,1.7
163,40,7.13,96.4,16.2,86.1,1.7
163,41,7.47,75.5,22.5,87.7,1.7
163,42,7.35,51.8,12.4,80.4,1.7
163,43,6.85,73,18.1,86.1,1.7
163,44,7.06,83.8,21,84.6,1.7
163,45,7.15,78.9,34,89.4,1.7
163,46,7.22,104.4,18.9,84.2,1.7
163,47,6.83,70.8,27.9,90.5,1.7
163,48,6.76,103.5,26.2,96.5,1.7
163,49,6.71,32.2,26,96.7,1.7
163,50,6.85,52.6,33.7,86.9,1.7
164,0,7.25,31.1,33.5,92.6,1.7
164,1,7.06,63.2,12.7,87.1,1.7
164,2,7.35,74.9,28.8,98.7,1.7
164,3,6.73,78.4,6.1,96.8,1.7
164,4,7.35,65.5,12.9,82.1,1.7
164,5,7.01,45.7,6.1,88,1.7
164,6,7.42,76.8,27.8,81,1.7
164,7,7.27,55.8,9.3,93.5,1.7
164,8,7.33,103,19.6,82.7,1.7
164,9,7.05,90.1,15.3,94.1,1.7
164,10,6.8,42.2,16.6,89.5,1.7
164,11,7.25,49.7,20.9,94.9,1.7
164,12,6.95,39,21.1,95.3,1.7
164,13,6.88,44.3,5.3,93.6,1.7
164,14,6.74,58.5,9.7,93.6,1.7
164,15,7.03,32.4,33.6,83.9,1.7
164,16,7.07,53.5,32.8,90.9,1.7
164,17,6.8,72,27.3,89.9,1.7
164,18,6.81,79.7,32.3,83.4,1.7
164,19,6.77,83.5,5.7,83.8,1.7
164,20,7.1,66.5,31.6,86.7,1.7
164,21,7.35,82.9,6.4,95.5,1.7
164,22,6.95,92.3,11.7,92.2,1.7
164,23,7.45,31.7,10.3,98,1.7
164,24,7.17,35.4,21,93.8,1.7
164,25,7.25,109.5,31.7,98.9,1.7
164,26,6.92,101.2,12.9,94.6,1.7
164,27,7.3,59.7,33.1,88.7,1.7
164,28,7.27,93.1,5.2,86.5,1.7
164,29,7.39,75.5,15.1,98.8,1.7
164,30,6.77,45.2,13.3,96.7,1.7
164,31,6.91,74.7,14.8,86.4,1.7
164,32,7.19,35.1,9.6,98.5,1.7
164,33,7.41,105.2,21.7,92.1,1.7
164,34,7.35,31,16.7,85.2,1.7
164,35,7.26,85.9,20.3,87,1.7
164,36,7.37,59.8,13.7,88.3,1.7
164,37,7.08,109.3,12.1,83,1.7
164,38,6.78,109.7,5.1,83.9,1.7
164,39,7.24,83.3,27.9,98.5,1.7
164,40,7.31,85.8,31.4,86.5,1.7
164,41,7.29,61.1,30.4,87.8,1.7
164,42,7.21,51.9,7.1,84.1,1.7
164,43,6.73,107.9,8.3,96.6,1.7
164,44,7.44,101.7,24.9,88.6,1.7
164,45,7.24,54.9,15.6,93.4,1.7
164,46,7.34,50.9,9.6,85.3,1.7
164,47,7.16,39.4,28.6,87.9,1.7
164,48,7.37,61.6,19.9,88.4,1.7
164,49,7.05,98.8,29.6,80.9,1.7
164,50,6.97,108.5,10.6,82.7,1.7
165,0,6.85,71.4,27.3,98.5,1.7
165,1,6.87,103.2,26.9,97.9,1.7
165,2,6.79,58.6,8,97.4,1.7
165,3,7.17,34.6,17.1,93,1.7
165,4,7.36,83.9,10.9,92.3,1.7
165,5,7.33,103.1,28.6,83.9,1.7
165,6,7.27,74.6,10.1,90.4,1.7
165,7,7.48,55.3,30.4,90.6,1.7
165,8,7.43,91,10.7,94.2,1.7
165,9,7.44,54.5,30.4,86,1.7
165,10,7.17,66.3,22,92.8,1.7
165,11,7.32,46.1,31.9,92.5,1.7
165,12,7.39,43.5,17.1,84.4,1.7
165,13,6.78,75.8,6.9,94.5,1.7
165,14,7.46,72.2,19.1,85.7,1.7
165,15,7.46,92.1,32.7,80.3,1.7
165,16,7.05,60.8,7.6,88.4,1.7
165,17,7.49,93.9,15.7,96.3,1.7
165,18,7.14,101,24.7,88.8,1.7
165,19,6.83,66.8,8.4,96,1.7
165,20,6.74,69.1,9,92.3,1.7
165,21,6.78,98.1,17.6,81,1.7
165,22,6.86,82,12.2,91.2,1.7
165,23,6.91,89.6,24.8,88.7,1.7
165,24,7.16,43.3,26.1,87.8,1.7
165,25,6.95,82.6,6.8,86,1.7
165,26,7.06,90.8,28.9,82.8,1.7
165,27,7.03,99.6,15.8,86,1.7
165,28,7.14,72.1,18.1,89,1.7
165,29,7.22,97.3,24.5,88.3,1.7
165,30,7.31,62,28.5,89.4,1.7
165,31,6.75,63.9,31,94.4,1.7
165,32,7.12,101.9,34.5,95,1.7
165,33,7.5,57.2,15.3,95.4,1.7
165,34,7.18,103.2,16.2,96.6,1.7
165,35,7.14,103.2,6.6,83,1.7
165,36,6.72,51.4,25,97.8,1.7
165,37,7.06,44.6,21.1,94.3,1.7
165,38,7.02,80.9,5.5,98.8,1.7
165,39,6.7,84.6,9.5,88.4,1.7
165,40,7.1,65.2,28.2,80.1,1.7
165,41,7.47,49.5,22,98.6,1.7
165,42,7.42,81.4,11.6,87.2,1.7
165,43,6.89,88.7,24.1,94.7,1.7
165,44,6.9,77.3,22.6,84.9,1.7
165,45,7,43.1,7.8,81.2,1.7
165,46,6.93,57.4,19.6,96.6,1.7
165,47,6.78,84.3,8.4,82.1,1.7
165,48,6.89,82.3,23.1,81.9,1.7
165,49,7.3,87.6,28.4,82.8,1.7
165,50,7.37,39.6,14.6,92.5,1.7
166,0,7.04,103.9,31.9,80.4,1.7
166,1,6.91,60.2,12.1,91,1.7
166,2,6.89,44.4,32.8,97.4,1.7
166,3,7.2,54,11.8,89.4,1.7
166,4,7.09,42.7,20.3,95.9,1.7
166,5,6.78,102,16.9,84.3,1.7
166,6,6.74,48.1,26.6,93.4,1.7
166,7,7.38,64.7,19.2,81.3,1.7
166,8,6.71,94,23.3,86.9,1.7
166,9,7.15,73,21.4,81.1,1.7
166,10,7.49,85.6,29.3,92,1.7
166,11,6.84,31.3,17.3,89,1.7
166,12,6.71,59,5.2,81.4,1.7
166,13,7.07,57.9,10.2,82.7,1.7
166,14,7.08,40,16,82.3,1.7
166,15,7.16,67.4,14.6,81.1,1.7
166,16,7.42,45.5,15.9,86.4,1.7
166,17,6.83,46.8,19.1,94.3,1.7
166,18,7.48,89.7,34.3,96.8,1.7
166,19,7.17,93.1,34.3,81.2,1.7
166,20,6.97,72.5,9.4,82.3,1.7
166,21,7.04,91.2,31,81.1,1.7
166,22,7.09,87.9,17.6,87.1,1.7
166,23,6.97,68.7,14.9,94.7,1.7
166,24,7.12,51.3,9.3,98.2,1.7
166,25,6.85,100.1,12.2,97.2,1.7
166,26,6.78,38.5,33.4,83.7,1.7
166,27,6.76,95.6,33.2,82.4,1.7
166,28,6.95,44.1,22.6,84.3,1.7
166,29,7.46,61.8,22.9,82.6,1.7
166,30,7.25,45.1,9.4,92.8,1.7
166,31,7.26,83,30.3,95.5,1.7
166,32,7.3,37.1,16.1,86.8,1.7
166,33,7.04,85.9,31.8,82,1.7
166,34,7.18,50.5,10.4,96.4,1.7
166,35,7.03,30.2,11.8,91.2,1.7
166,36,7.47,54.9,19.3,92.8,1.7
166,37,7.34,43.5,26.7,91.2,1.7
166,38,7.22,88.3,10.2,90.6,1.7
166,39,7.35,57.8,33,83.9,1.7
166,40,6.86,104.2,13.3,83.2,1.7
166,41,6.91,47.4,19.5,95.9,1.7
166,42,7.06,48.4,18.2,93.1,1.7
166,43,7.1,59.2,5,88.3,1.7
166,44,7.2,93.3,16.2,91.9,1.7
166,45,7.18,87.9,5.2,95.2,1.7
166,46,7.15,90.4,24,85.4,1.7
166,47,6.78,67.2,25.7,87.9,1.7
166,48,6.76,77.4,5.7,94.2,1.7
166,49,7.38,56.6,12.6,91.7,1.7
166,50,6.98,96.2,32.2,98.1,1.7
167,0,7.28,32.1,14.8,88.1,1.7
167,1,7.26,53.9,30,98.5,1.7
167,2,6.88,108.8,32.3,95.8,1.7
167,3,7.25,48.1,26.7,84.7,1.7
167,4,7.12,45.7,30.7,87.7,1.7
167,5,6.72,76.3,18,98.5,1.7
167,6,7.18,70.9,17.9,84.3,1.7
167,7,6.74,102.8,12.7,97.1,1.7
167,8,6.82,46.2,23.6,81.1,1.7
167,9,7.05,33.4,30.5,91.2,1.7
167,10,6.75,81.8,28.4,89.4,1.7
167,11,6.82,102.8,21.7,98.6,1.7
167,12,6.99,66.3,9.9,96.8,1.7
167,13,6.76,65.7,6,93.1,1.7
167,14,6.92,34.1,34.5,98.5,1.7
167,15,7.4,108.2,30.6,84.9,1.7
167,16,7.45,103.8,18.5,81.7,1.7
167,17,7.19,82.5,28.6,86.5,1.7
167,18,6.78,98.3,13.7,94.5,1.7
167,19,7.16,65.5,19.5,95,1.7
167,20,7.06,77.8,34.7,92.5,1.7
167,21,6.86,109.1,7.1,91.4,1.7
167,22,6.92,48.9,20,82.4,1.7
167,23,7.06,50.5,7.6,94.4,1.7
167,24,6.81,47.6,11.6,82.5,1.7
167,25,7.19,95.3,23.1,85,1.7
167,26,6.96,76.6,22.9,81.6,1.7
167,27,6.88,107.2,5.6,89.4,1.7
167,28,6.91,76.3,25.5,80.9,1.7
167,29,7.4,87.3,12.9,80.1,1.7
167,30,7,95.7,26.6,86.4,1.7
167,31,6.96,84.1,27.9,83.7,1.7
167,32,7.22,52.6,25.2,94.7,1.7
167,33,7.4,44,26,98.5,1.7
167,34,7.48,91.1,17.2,82.2,1.7
167,35,6.91,69.9,24.9,81.1,1.7
167,36,6.87,76.8,33.6,90.2,1.7
167,37,7.32,58.1,30.6,82.4,1.7
167,38,7.2,73.2,8.8,90.8,1.7
167,39,6.87,100,26.2,88.1,1.7
167,40,7.11,87.4,6.8,88.6,1.7
167,41,7.09,85.2,30,90.9,1.7
167,42,6.84,45.8,10.5,89.2,1.7
167,43,6.77,109,10.9,84.4,1.7
167,44,6.8,55.6,28,92.4,1.7
167,45,7.17,82.3,20,88.4,1.7
167,46,7.05,46.3,18.7,97.4,1.7
167,47,7.46,48.1,22,80.4,1.7
167,48,7.27,37.9,30.6,92.3,1.7
167,49,7.14,87.2,9.3,80,1.7
167,50,6.9,61.4,18.8,97.3,1.7
168,0,6.81,90,25.4,80.7,1.7
168,1,7.1,108.8,11.4,84.7,1.7
168,2,7.01,93.1,14.8,86.5,1.7
168,3,6.75,84,23.1,91.1,1.7
168,4,6.75,48.5,16.8,83.9,1.7
168,5,6.85,72.8,25.9,97.4,1.7
168,6,7.06,57.9,18.2,84.5,1.7
168,7,7.06,78.7,8.1,91.5,1.7
168,8,6.85,65.7,33.9,84,1.7
168,9,7,72.8,34.9,90.1,1.7
168,10,7.02,32.1,29.6,91.5,1.7
168,11,6.98,32.9,25.1,86.5,1.7
168,12,7.46,108.5,30.5,84.2,1.7
168,13,7,61.5,32.8,88.3,1.7
168,14,7.49,76.5,28.1,89.5,1.7
168,15,7.1,98.6,27,95.2,1.7
168,16,6.81,57.1,6.9,85.8,1.7
168,17,6.87,98.2,24.8,97.6,1.7
168,18,7.27,34.3,29.6,94.6,1.7
168,19,7.09,91.9,23.8,85.3,1.7
168,20,7.34,99,13,89.5,1.7
168,21,7.27,43.7,8.9,87.1,1.7
168,22,7.19,44.9,29.6,87.2,1.7
168,23,7.23,49.8,7.2,83.9,1.7
168,24,7.18,42.3,21.3,83.8,1.7
168,25,7.23,33,21.2,82.4,1.7
168,26,6.73,35.7,21,96.6,1.7
168,27,6.74,94.7,26.2,94.3,1.7
168,28,6.75,91.1,15.7,89,1.7
168,29,6.83,31.1,32.4,80.8,1.7
168,30,6.88,51,10.7,90.5,1.7
168,31,7.23,109.3,12.7,96.3,1.7
168,32,7.04,65.7,10.3,90.6,1.7
168,33,7.19,62.5,26.4,93.6,1.7
168,34,7.11,67.9,30.3,92.4,1.7
168,35,6.88,102.5,6.6,98.1,1.7
168,36,7.46,40.9,18.2,88.4,1.7
168,37,7.2,54.4,11.8,84.3,1.7
168,38,7.13,59.1,19.7,90.9,1.7
168,39,6.78,44.9,14.7,96.7,1.7
168,40,7.43,84.5,34.5,95.8,1.7
168,41,7.5,56.5,13.1,89.2,1.7
168,42,6.95,66.8,26.9,98.8,1.7
168,43,7.06,51.1,6.9,89.5,1.7
168,44,7.18,59.7,9.1,87.3,1.7
168,45,7.48,105.1,25.6,94.6,1.7
168,46,7.29,75.4,29.1,83.8,1.7
168,47,7.37,59.4,13.6,95.8,1.7
168,48,6.95,103.8,22.6,91.7,1.7
168,49,7.46,72.7,15.4,89.1,1.7
168,50,6.83,76.6,18.2,94.3,1.7
169,0,7.44,97.6,23.2,94.3,1.7
169,1,7.17,60.4,14.1,80.1,1.7
169,2,7.31,93.1,32.7,94.2,1.7
169,3,7.03,74.2,8.1,96.1,1.7
169,4,6.7,104.5,13,86.3,1.7
169,5,6.87,106.8,15.1,96.1,1.7
169,6,6.77,65.7,10.4,93.3,1.7
169,7,6.99,30.9,16.2,85.1,1.7
169,8,7.17,32.2,11,82.2,1.7
169,9,6.96,54.7,11.9,96.6,1.7
169,10,6.74,69.2,10,87.2,1.7
169,11,7.01,62.6,12.8,80.1,1.7
169,12,7.15,85.9,26.7,97.9,1.7
169,13,7.32,103.1,26.8,85.6,1.7
169,14,6.74,65.6,7.4,88.1,1.7
169,15,6.7,30.4,6.9,89,1.7
169,16,6.91,70.2,19.1,80.3,1.7
169,17,6.93,76.1,21.9,98.5,1.7
169,18,7.23,32.3,24.7,81.1,1.7
169,19,7.28,39.9,30.9,90.4,1.7
169,20,6.99,80.9,10.3,95.2,1.7
169,21,7.45,54,34.5,89.6,1.7
169,22,6.74,72.1,5.4,89.7,1.7
169,23,6.88,102,32.6,97.5,1.7
169,24,6.85,45.3,21.4,84.8,1.7
169,25,6.87,45,28.5,85.7,1.7
169,26,7.32,35.3,25.6,83.5,1.7
169,27,7.01,80.6,6.9,85.2,1.7
169,28,7.07,48.7,20.3,80.8,1.7
169,29,7.42,70,27.2,86.9,1.7
169,30,7.41,38,24.7,97.2,1.7
169,31,6.84,83.7,19,97.2,1.7
169,32,7.08,78,28.9,87.9,1.7
169,33,6.81,31.1,13.4,81.6,1.7
169,34,7.47,54.1,20,95.8,1.7
169,35,7.45,91,15,93.5,1.7
169,36,6.87,35.9,7.2,83.3,1.7
169,37,6.77,55.2,16.2,96.8,1.7
169,38,7.23,34,29.7,85.3,1.7
169,39,6.99,74.5,20,82.8,1.7
169,40,6.93,82.9,32.7,98.9,1.7
169,41,6.96,40.9,28.3,81.1,1.7
169,42,7.34,32.4,20.1,85.8,1.7
169,43,7.07,69.6,23.6,80.8,1.7
169,44,7.26,78,24.5,89.9,1.7
169,45,7.31,84.7,32.1,95.5,1.7
169,46,7.19,75.5,28.3,95.6,1.7
169,47,7.44,92.5,23.4,86.1,1.7
169,48,6.94,71.5,31.3,95,1.7
169,49,7.11,106.5,5.3,92,1.7
169,50,6.95,42.9,20.8,92,1.7
170,0,7.28,53.8,31,87.6,1.7
170,1,7.3,31.7,29.6,89.1,1.7
170,2,6.81,34.1,9.9,91.8,1.7
170,3,7.33,34.9,23.3,80.1,1.7
170,4,7.25,107.4,33,85.3,1.7
170,5,6.8,83,28.4,81.3,1.7
170,6,6.86,49.5,30.2,97.2,1.7
170,7,7.23,42.7,19.1,81.1,1.7
170,8,6.89,42.4,29.6,97.2,1.7
170,9,6.78,88,33.6,90.9,1.7
170,10,7.21,47.2,5.3,97.1,1.7
170,11,7.24,47.3,32.9,87.5,1.7
170,12,7.4,62,20.7,80.9,1.7
170,13,7.41,90.8,19.1,97.6,1.7
170,14,6.72,43,29.7,87.2,1.7
170,15,7.15,101.5,5.1,80.3,1.7
170,16,6.87,37.4,34.7,90.6,1.7
170,17,6.74,33.2,5,95.3,1.7
170,18,6.78,46.6,11.1,87.2,1.7
170,19,7.46,49,12.1,94.1,1.7
170,20,7.41,70.9,28.7,84.5,1.7
170,21,6.85,86.2,32.8,86.9,1.7
170,22,6.74,86.2,27.8,92.3,1.7
170,23,7.09,42.6,19.2,80.4,1.7
170,24,7.16,84.8,27.1,94.9,1.7
170,25,7.17,61.4,25.3,92.2,1.7
170,26,7.1,105.7,18.2,95.2,1.7
170,27,7.42,62.4,30.1,95.1,1.7
170,28,6.8,44.9,21.6,94.3,1.7
170,29,6.89,65.8,31.2,88.1,1.7
170,30,7.31,56.2,13,98.4,1.7
170,31,6.98,80,8.8,87.1,1.7
170,32,6.88,51.1,34.9,90.5,1.7
170,33,7.23,90.8,26.6,87.1,1.7
170,34,7.38,74.3,7.7,96.3,1.7
170,35,7.24,46.4,19.4,84.8,1.7
170,36,7.49,79.9,34,80.5,1.7
170,37,7.04,85.9,20.3,88.1,1.7
170,38,7.33,58,6.5,98.3,1.7
170,39,7.35,43.3,22.3,92.1,1.7
170,40,6.96,69.7,20.5,96.9,1.7
170,41,6.71,67.8,33.4,80.1,1.7
170,42,7.48,99.1,30.9,95.9,1.7
170,43,7.15,60.2,15.2,95.2,1.7
170,44,6.78,76.3,12,92.7,1.7
170,45,7.18,49.8,7.9,87.2,1.7
170,46,7.18,104.7,13.3,92.1,1.7
170,47,7.27,98.9,6.6,95.8,1.7
170,48,6.73,89.9,20.7,96.7,1.7
170,49,7.37,82.5,10.4,83.5,1.7
170,50,7.03,70.3,32.1,96.6,1.7
171,0,7.28,71.5,27.9,86.9,1.7
171,1,7.45,107.2,6.8,92.8,1.7
171,2,7.23,55.2,23.4,90.1,1.7
171,3,7.39,78.1,6.6,87.5,1.7
171,4,6.76,107.4,16.6,98.5,1.7
171,5,6.77,85.8,7.8,80.2,1.7
171,6,6.96,60.2,15.4,86.9,1.7
171,7,7.49,57.6,29.5,81.7,1.7
171,8,7.16,49.4,5.9,90.5,1.7
171,9,7.27,89.1,16.3,94.6,1.7
171,10,6.85,72.3,16.1,94.4,1.7
171,11,7.47,95.3,17.6,92.2,1.7
171,12,7.22,94.7,11.3,92.8,1.7
171,13,7.34,109.8,9.1,90.7,1.7
171,14,7.04,59.7,13.8,86.4,1.7
171,15,6.89,65,32.7,95.2,1.7
171,16,7.28,92.6,9.2,93.8,1.7
171,17,6.85,42,6.8,88.7,1.7
171,18,6.93,69.2,14.5,84.1,1.7
171,19,7.12,85.4,9.9,89,1.7
171,20,6.88,71.2,27,89.4,1.7
171,21,6.96,46.1,23.2,87.5,1.7
171,22,7.05,71.9,13.5,98.8,1.7
171,23,6.98,86.9,21,96.9,1.7
171,24,7.1,98.8,30.7,81,1.7
171,25,6.91,55.4,18.7,85.4,1.7
171,26,6.83,102.6,26.9,91.1,1.7
171,27,7.13,75,8.5,83.9,1.7
171,28,7.35,64.4,27,98.6,1.7
171,29,6.9,35,23.6,94.3,1.7
171,30,6.82,82.9,13.6,82.4,1.7
171,31,7.46,100.7,24.9,85.8,1.7
171,32,7.25,76.6,16.2,92.6,1.7
171,33,7.17,34.7,19.2,83,1.7
171,34,7.31,38.2,24.8,96.7,1.7
171,35,6.77,82.2,25.7,81.6,1.7
171,36,7.31,94,24.7,91.6,1.7
171,37,6.83,84.9,5.5,95.1,1.7
171,38,6.75,59.2,26.9,90.4,1.7
171,39,7.12,75.1,21.1,91.9,1.7
171,40,6.76,55.3,16.3,97.5,1.7
171,41,7.13,76.4,19,84.6,1.7
171,42,7.11,73.6,14.1,85.1,1.7
171,43,6.87,108.3,20.5,81.3,1.7
171,44,7.16,106.8,23.4,82.4,1.7
171,45,7.02,103.5,22.6,95.2,1.7
171,46,7.31,31.6,13.1,88.3,1.7
171,47,6.81,88.8,28.1,94.8,1.7
171,48,7.04,63.6,10.9,80.7,1.7
171,49,7.01,103.5,19.2,91.9,1.7
171,50,6.95,42.5,5.1,98.4,1.7
172,0,6.88,31,14.1,83.7,1.7
172,1,7.16,34.6,12.3,83.5,1.7
172,2,6.9,43,16.8,84.5,1.7
172,3,7.43,69.8,34.7,97.3,1.7
172,4,7.08,72.6,18.8,93.4,1.7
172,5,6.73,103.6,25.3,90.7,1.7
172,6,7.46,107.2,6,89.5,1.7
172,7,7.48,95.3,16,82.1,1.7
172,8,7.15,101.5,13.1,98.1,1.7
172,9,7.3,97.1,28,83.2,1.7
172,10,7.47,33.2,7.9,94,1.7
172,11,6.89,72.9,14.8,89.7,1.7
172,12,7.14,49.4,18.6,87.7,1.7
172,13,7.36,78.3,16.4,87.5,1.7
172,14,7.45,81.9,28,82.9,1.7
172,15,7,37.8,15.1,80.6,1.7
172,16,6.81,43.3,29.9,92.4,1.7
172,17,7.12,107,15.4,97.4,1.7
172,18,7.23,105.1,9.4,82.9,1.7
172,19,7.08,36.1,23.9,84.7,1.7
172,20,6.83,79.5,21.9,91.3,1.7
172,21,6.94,104.9,33.9,88.8,1.7
172,22,7.31,30.5,26.2,87.1,1.7
172,23,7.04,104.6,19.3,93.3,1.7
172,24,7.32,69.6,22,94.7,1.7
172,25,7.24,60.3,12.1,90.4,1.7
172,26,7.22,81.4,6.8,80.2,1.7
172,27,6.78,34.7,24.7,86.8,1.7
172,28,7.21,61.7,30.2,88.8,1.7
172,29,7.29,30.7,14.9,94.2,1.7
172,30,6.96,88.7,15.8,92,1.7
172,31,6.72,30.4,20.2,83,1.7
172,32,7.22,56.3,27.5,88.2,1.7
172,33,7.06,102.4,12.5,84.9,1.7
172,34,6.74,37.5,26.9,89.6,1.7
172,35,6.74,46.2,6.7,89.8,1.7
172,36,7.04,87.1,26.7,88.8,1.7
172,37,7.11,46.7,6.9,85.5,1.7
172,38,6.81,60.2,25.2,90,1.7
172,39,6.72,50.6,28.6,94.3,1.7
172,40,7.02,46,24.6,92.6,1.7
172,41,7.39,99,12.5,93.2,1.7
172,42,7.22,64,14.4,91.8,1.7
172,43,6.82,81,23.1,80.2,1.7
172,44,6.72,87.9,5.8,91.7,1.8
172,45,7.13,36.1,8.3,86.1,1.8
172,46,7.44,106.1,6.1,81.1,1.8
172,47,7.3,96.2,8.2,83.6,1.8
172,48,6.87,75.1,17.7,91,1.8
172,49,6.92,50.7,19.7,99,1.8
172,50,7.04,54.7,13.2,83.4,1.8
173,0,7.03,87.6,9.5,91.8,1.8
173,1,6.92,103.5,18.1,93.3,1.8
173,2,7.41,89.2,13,94.8,1.8
173,3,6.96,57.4,19.8,89.2,1.8
173,4,6.93,83.1,11.6,91.3,1.8
173,5,7.3,53.9,21,80.5,1.8
173,6,7.23,40.3,29.8,98.2,1.8
173,7,7.09,69,30.1,89.3,1.8
173,8,6.99,102.3,16.3,88.3,1.8
173,9,6.81,40,25.5,85.5,1.8
173,10,6.92,91.6,13.6,97.4,1.8
173,11,7.01,79.7,17.3,82.9,1.8
173,12,6.89,38.2,22.3,95.5,1.8
173,13,7.28,60,17.2,95,1.8
173,14,7.25,53.9,9.4,82.5,1.8
173,15,7.27,55.1,11.2,82.6,1.8
173,16,6.77,66.5,20.5,84.9,1.8
173,17,7.09,79.6,9.1,82.2,1.8
173,18,7.02,58.6,14,85.6,1.8
173,19,7.34,57.5,25,89.1,1.8
173,20,6.87,50.3,23.8,88.6,1.8
173,21,6.97,54.8,20.1,96.1,1.8
173,22,6.96,84.2,23.6,97.6,1.8
173,23,7.45,73.4,6.3,93.6,1.8
173,24,7.1,45.5,13.5,95.9,1.8
173,25,7.13,82.3,14.2,82.3,1.8
173,26,6.77,78.9,13.9,82.6,1.8
173,27,7.24,43.7,9,83.8,1.8
173,28,6.77,63,34.4,92.6,1.8
173,29,7.32,54.8,16.9,88.9,1.8
173,30,7.38,95.5,30.3,97.7,1.8
173,31,7.26,89.1,10,82.1,1.8
173,32,7.46,71.6,20.4,94.4,1.8
173,33,7.11,92.5,25.6,93.2,1.8
173,34,7.32,43.5,24,83.6,1.8
173,35,6.96,83.5,27.3,92,1.8
173,36,7.18,48.2,29.4,85.6,1.8
173,37,6.73,78.4,17.5,97.5,1.8
173,38,7.46,68.6,31.3,95.1,1.8
173,39,6.98,34.9,24.1,91.1,1.8
173,40,7.24,76.4,11.6,82.5,1.8
173,41,6.88,32,20.7,91.1,1.8
173,42,7.38,43.9,16.7,86.5,1.8
173,43,6.7,97.9,33.3,87.2,1.8
173,44,6.77,94.8,23.9,93.1,1.8
173,45,7.25,94.7,8.7,95.7,1.8
173,46,6.98,30.1,29.7,93.8,1.8
173,47,6.98,53.4,32.9,96.7,1.8
173,48,6.79,46.1,27,88.2,1.8
173,49,6.73,54.1,12,83,1.8
173,50,7.29,64.7,13,83.2,1.8
174,0,6.72,105.7,25.8,89.8,1.8
174,1,7.06,76.1,25.4,93.6,1.8
174,2,6.97,79.7,29.8,88.3,1.8
174,3,6.91,32,30.8,92.3,1.8
174,4,7.13,67.6,10,89.2,1.8
174,5,7.23,74,5.9,86.4,1.8
174,6,7.08,99.1,15.6,96.9,1.8
174,7,6.9,59.6,12,90.7,1.8
174,8,7.19,32.3,17.4,98.1,1.8
174,9,6.86,104,11.7,98.8,1.8
174,10,6.84,59.8,10.8,81,1.8
174,11,7.16,89.4,23.1,91.7,1.8
174,12,7.41,105,26.4,95.5,1.8
174,13,6.91,75.5,22.5,86.9,1.8
174,14,7.13,66.9,31.5,96.8,1.8
174,15,7.46,73.4,18.6,82.5,1.8
174,16,6.92,64.7,7.4,93.9,1.8
174,17,7.2,53.5,8.5,96.7,1.8
174,18,7.47,109.2,31.8,91.4,1.8
174,19,7.36,38.1,12.4,91.9,1.8
174,20,7.4,64,16.1,89.8,1.8
174,21,7.49,32.8,16.7,93.2,1.8
174,22,6.79,40.5,30.7,85.6,1.8
174,23,7,67.5,13.3,89.3,1.8
174,24,6.79,80.7,11.1,92.5,1.8
174,25,7.49,86.3,24.2,81.4,1.8
174,26,7.39,83.6,21.9,83.3,1.8
174,27,6.85,88.4,19.6,96.5,1.8
174,28,6.93,89.9,27,86.5,1.8
174,29,6.81,73.9,19.2,97.1,1.8
174,30,7.22,102.9,7.2,96.6,1.8
174,31,7.41,87.1,34.3,97,1.8
174,32,7.44,71.9,7.7,88.6,1.8
174,33,7.08,39.5,32.3,91.9,1.8
174,34,7.29,50.3,26.8,86.8,1.8
174,35,6.95,77.9,12.1,91.3,1.8
174,36,7.45,48,12.5,97.8,1.8
174,37,6.84,44.1,17.9,85.8,1.8
174,38,7.23,33.7,26.1,82,1.8
174,39,6.88,30.5,28.1,91.8,1.8
174,40,7.35,81.3,16.5,82.6,1.8
174,41,6.81,94.9,26.1,97,1.8
174,42,6.87,37.4,10.6,91.3,1.8
174,43,7.49,50.8,7.4,90.1,1.8
174,44,7.27,94.1,32.7,89.3,1.8
174,45,7.32,96.5,22.4,85.8,1.8
174,46,7.26,72.8,8.9,98.1,1.8
174,47,6.85,71.6,25.6,96.4,1.8
174,48,7.31,48.5,23.9,96.9,1.8
174,49,6.98,44.9,8.9,83.9,1.8
174,50,7.03,77.5,8.2,87.3,1.8
175,0,7.34,31.2,9.7,89.7,1.8
175,1,7.32,103.2,34.6,89.5,1.8
175,2,7.24,86.4,21.6,83.4,1.8
175,3,7.05,48.4,17.5,85.6,1.8
175,4,7.35,49.6,31.7,82.5,1.8
175,5,6.97,82.2,29.4,82.7,1.8
175,6,6.74,63.1,31,85,1.8
175,7,6.98,35.3,9.9,83.7,1.8
175,8,7.38,84.6,15.2,87.8,1.8
175,9,7.06,101.5,22.4,84.7,1.8
175,10,6.98,86.9,24,98.9,1.8
175,11,7.32,94.4,28.8,93.7,1.8
175,12,7.46,100.9,23.9,88.1,1.8
175,13,7.05,46,9.6,86.3,1.8
175,14,7.1,84.9,17.6,89.7,1.8
175,15,7.47,94.1,30.9,97.5,1.8
175,16,6.9,78.2,9.3,91.5,1.8
175,17,7.09,79.8,32.9,87.1,1.8
175,18,7.11,93.3,34,94.7,1.8
175,19,7.47,75.8,9.5,92.2,1.8
175,20,7,86.9,31.2,83.7,1.8
175,21,7.07,76.4,5.6,87.1,1.8
175,22,7.29,49.3,27.4,97.1,1.8
175,23,7.03,79.4,6.8,93.2,1.8
175,24,7.12,51.1,9.2,92.1,1.8
175,25,6.78,49,29.1,81.2,1.8
175,26,7.48,39.4,18.8,90.4,1.8
175,27,6.83,102.6,7.5,84.2,1.8
175,28,6.76,60.5,19.5,89.1,1.8
175,29,7.2,100.3,9.6,93.3,1.8
175,30,7.31,71,25,80.1,1.8
175,31,7.43,96.1,26.1,90.4,1.8
175,32,7.16,48.7,7.5,92.6,1.8
175,33,7.35,96.3,15.6,97.8,1.8
175,34,7.14,66.1,8.9,82.8,1.8
175,35,7.07,99.5,29,95.8,1.8
175,36,7.22,93.4,12.3,80.1,1.8
175,37,6.87,45.7,17.7,94.6,1.8
175,38,7.46,44.3,7.6,89.4,1.8
175,39,7.02,80.9,12.8,98.1,1.8
175,40,7.25,83.6,33.6,92.6,1.8
175,41,7.19,33.7,14,96.5,1.8
175,42,7.44,87.3,24.1,97.1,1.8
175,43,7.32,90.2,28.1,87.4,1.8
175,44,7.05,93.6,10,87.9,1.8
175,45,7.02,67.5,6.1,90.3,1.8
175,46,6.84,77.6,34.4,95.9,1.8
175,47,7.38,107.9,16.4,81.4,1.8
175,48,6.76,37.6,10.1,90.1,1.8
175,49,6.91,97,5.8,83.5,1.8
175,50,7.44,74.5,13.4,87.3,1.8
176,0,7.09,30.5,29.1,81.3,1.8
176,1,6.83,71.5,12.6,92.1,1.8
176,2,6.97,43.8,24.8,87.5,1.8
176,3,6.8,48,21.2,86.2,1.8
176,4,7.24,77.3,30.6,96.3,1.8
176,5,6.89,32.2,14.3,86.4,1.8
176,6,7.12,45.8,5.9,83.9,1.8
176,7,6.92,57.2,20,91.2,1.8
176,8,6.85,50.5,14.4,86.9,1.8
176,9,7.38,88.1,13.3,82.6,1.8
176,10,6.78,95.4,15.5,91.3,1.8
176,11,7.07,85.8,28.3,83,1.8
176,12,7.39,59.1,25.2,92.1,1.8
176,13,6.83,90.5,23.3,96.1,1.8
176,14,6.73,106.2,10,90.3,1.8
176,15,6.75,42,9,90.4,1.8
176,16,7.25,66.2,11.3,85.3,1.8
176,17,6.98,69.4,20.9,95.4,1.8
176,18,7.08,101.4,12.5,88.7,1.8
176,19,7.19,45.5,12.3,83.2,1.8
176,20,7.15,37,33.2,84.7,1.8
176,21,6.83,84.2,8.4,84.4,1.8
176,22,7.11,47,19.1,80.4,1.8
176,23,7.32,39,12.5,88.8,1.8
176,24,7.43,55.7,15.7,92.1,1.8
176,25,6.92,75,29.5,90.2,1.8
176,26,6.75,54.3,32.8,90.7,1.8
176,27,6.98,83.7,29.5,82.7,1.8
176,28,6.78,48.2,13.9,98,1.8
176,29,6.71,37.7,10.7,86.4,1.8
176,30,6.86,69.7,20.1,91.6,1.8
176,31,6.91,74.2,29.9,83.6,1.8
176,32,7.12,78.1,32.3,97.8,1.8
176,33,7.21,67.2,16,83.4,1.8
176,34,6.75,60.6,34.8,94.6,1.8
176,35,7.05,52.4,32.9,91.6,1.8
176,36,7.02,86.4,17.8,94.6,1.8
176,37,7.08,109.1,27.3,96.6,1.8
176,38,7.03,55,9.2,95.8,1.8
176,39,7.23,97.5,21.9,93.1,1.8
176,40,7.12,37.3,33.8,94.8,1.8
176,41,7.39,61.6,27.2,93.3,1.8
176,42,6.84,77.6,11,95.3,1.8
176,43,7,41.3,31.2,84.2,1.8
176,44,7.5,32.2,26.8,84.7,1.8
176,45,7.24,105.4,24,93.2,1.8
176,46,6.86,81.7,6.9,96.7,1.8
176,47,7.25,50,17.9,92.8,1.8
176,48,6.76,51.3,13.2,86.1,1.8
176,49,7.48,68.8,24.8,90.6,1.8
176,50,6.72,84.1,18.6,84.9,1.8
177,0,7.07,35.5,20.7,96.5,1.8
177,1,6.97,67.9,10.3,82.1,1.8
177,2,6.85,97.1,20.3,98.9,1.8
177,3,7.22,56.9,13.8,84.1,1.8
177,4,6.84,47,27.7,96.6,1.8
177,5,7.45,97.3,10,86.8,1.8
177,6,6.91,36.8,34.6,87.7,1.8
177,7,7.37,35,15.6,92.2,1.8
177,8,6.94,40.6,29.8,81.9,1.8
177,9,7.17,72.4,30.5,98.3,1.8
177,10,6.78,108.1,14.3,84.4,1.8
177,11,6.76,75.9,10.3,95.6,1.8
177,12,7.26,56.7,33.1,88.8,1.8
177,13,7.12,91.3,30.9,94,1.8
177,14,7.37,99.5,27.7,90,1.8
177,15,7.3,53.9,20.6,84.3,1.8
177,16,7.14,43.6,19,98.5,1.8
177,17,6.76,62.3,13.8,94.1,1.8
177,18,7.49,36.8,5,85.9,1.8
177,19,6.79,97.9,17.9,94.3,1.8
177,20,7.43,82.4,13.8,89.4,1.8
177,21,6.85,85.9,18.4,94,1.8
177,22,6.92,32.5,17.2,80.3,1.8
177,23,7.26,64.3,25.2,96.6,1.8
177,24,6.76,39.1,5,90.2,1.8
177,25,7.04,47.8,14.2,80.9,1.8
177,26,7.36,69.3,25.6,82.9,1.8
177,27,7.36,103.8,16.9,88.7,1.8
177,28,6.79,47.4,29.7,90.9,1.8
177,29,7.06,38.3,9.7,97.4,1.8
177,30,6.84,67.9,33.6,93.7,1.8
177,31,7.17,70.5,15.8,83.1,1.8
177,32,7.11,107.2,8.9,89.2,1.8
177,33,7.31,76.1,19.8,85.5,1.8
177,34,6.75,70.7,32.8,83,1.8
177,35,7.08,46.2,17,83.1,1.8
177,36,7.05,38.5,31.5,95.5,1.8
177,37,7.04,105.1,34.2,92.1,1.8
177,38,7.24,30.1,22.7,90.2,1.8
177,39,7.2,93.2,31,82,1.8
177,40,6.86,56.2,11.8,90.9,1.8
177,41,6.72,85.1,13.9,92.1,1.8
177,42,6.77,93.8,34,93.1,1.8
177,43,7.13,76.1,10.9,90.4,1.8
177,44,7.34,31.5,7.1,87.7,1.8
177,45,7.3,50.5,19.3,80.6,1.8
177,46,7.21,52.3,27.5,87,1.8
177,47,6.72,102.9,33.9,95.9,1.8
177,48,7.28,67.8,32.3,89.1,1.8
177,49,7.43,69,28.8,88.3,1.8
177,50,6.85,91.9,26.9,91.7,1.8
178,0,7.31,45.7,15.1,83.8,1.8
178,1,7.14,65.8,5.5,95.4,1.8
178,2,7.16,40,20.1,97.3,1.8
178,3,6.83,54,5.3,98.4,1.8
178,4,7.45,57.8,32.2,94.4,1.8
178,5,7.22,98.4,20.5,80.9,1.8
178,6,6.71,80.8,33,87.7,1.8
178,7,7.27,80.2,9.4,90.7,1.8
178,8,7.29,74,19.1,83.4,1.8
178,9,7.19,94.1,27.5,98.1,1.8
178,10,7.48,95.2,6.5,81.7,1.8
178,11,7.11,70.2,27.5,97.3,1.8
178,12,7.45,50.7,28.4,98,1.8
178,13,7.38,96.5,24.4,89.2,1.8
178,14,6.82,37.1,15.2,95.1,1.8
178,15,6.79,68.9,30,96.7,1.8
178,16,6.9,78.5,18.8,82,1.8
178,17,7.1,56.5,7.3,80.3,1.8
178,18,7.33,104.3,21.4,81.7,1.8
178,19,6.84,60.4,11.8,81.5,1.8
178,20,7.09,64.8,31.4,81.6,1.8
178,21,6.8,54,16.5,90.3,1.8
178,22,7.12,109.2,29,90.6,1.8
178,23,6.76,81.4,33.5,92.1,1.8
178,24,7.26,87.3,5,95,1.8
178,25,7.12,93,13.8,95.8,1.8
178,26,6.96,39.4,20.1,98.2,1.8
178,27,6.74,31.4,24,83.5,1.8
178,28,7,95.1,28.7,95.3,1.8
178,29,6.95,80.3,32.7,82.8,1.8
178,30,7.07,41.1,28.7,85.3,1.8
178,31,7.36,108.2,28.8,89.6,1.8
178,32,7.23,43.7,24.7,93.2,1.8
178,33,7.45,70.7,9.9,90.1,1.8
178,34,6.88,30.4,23.4,80.9,1.8
178,35,7.43,45.8,33,84.4,1.8
178,36,6.93,75.2,20.4,85.1,1.8
178,37,7.15,50.1,20.6,96.9,1.8
178,38,7.38,58.8,12.9,95.1,1.8
178,39,7.35,33.5,11,97.8,1.8
178,40,7.03,58,33.3,96,1.8
178,41,6.83,53.7,7.3,91.4,1.8
178,42,7.17,80.2,31.1,85.7,1.8
178,43,6.75,30.5,28.5,89,1.8
178,44,6.71,61.4,14.9,89.1,1.8
178,45,7.04,44.9,14,86.6,1.8
178,46,7.45,68.6,12.2,98.9,1.8
178,47,6.76,48.1,6.6,86.2,1.8
178,48,6.83,95.3,6.9,84.6,1.8
178,49,6.84,36.4,20.5,87.1,1.8
178,50,7.22,39.9,8.8,84.4,1.8
179,0,7.13,52.2,32.6,93.6,1.8
179,1,6.8,91.7,15.9,92.4,1.8
179,2,7.28,41.3,28.8,94.4,1.8
179,3,7.06,56.1,25.6,99,1.8
179,4,7.38,86.6,9.3,97.9,1.8
179,5,7.08,44.1,21.7,81.5,1.8
179,6,7.09,46.3,30.8,90.9,1.8
179,7,7.01,97.9,25.7,82.3,1.8
179,8,6.85,68.4,9.4,89,1.8
179,9,6.85,70.1,8.8,86.3,1.8
179,10,7.09,73.5,14.8,86.9,1.8
179,11,7.26,70.5,11.8,84.1,1.8
179,12,6.95,62.3,7.6,85.7,1.8
179,13,6.73,58.9,9.8,94.5,1.8
179,14,7.16,72.1,31.8,91.2,1.8
179,15,7.34,57.4,8.9,90.3,1.8
179,16,6.79,74,13.9,92.8,1.8
179,17,7.43,50.4,8.8,98.3,1.8
179,18,7.17,31.3,15.3,80,1.8
179,19,6.97,47.6,20.8,98,1.8
179,20,7.19,45.7,19.7,96.3,1.8
179,21,7.28,100.4,21.3,80,1.8
179,22,6.71,34.6,11.4,83.8,1.8
179,23,6.84,46.9,16.9,96.6,1.8
179,24,6.94,85.8,12.4,90.7,1.8
179,25,7.23,98.4,16.9,97.5,1.8
179,26,7.33,55,6.4,91.5,1.8
179,27,7.04,52.6,29.7,85.3,1.8
179,28,6.81,77.8,22.1,96.8,1.8
179,29,6.91,103.9,30.8,89.9,1.8
179,30,7.24,97.6,25.9,91.4,1.8
179,31,7.24,108.3,9.2,89,1.8
179,32,6.88,106.6,34.5,86.6,1.8
179,33,6.84,98.3,30,92.9,1.8
179,34,6.93,68.5,20.5,88.4,1.8
179,35,7.01,88.9,9.2,94.8,1.8
179,36,7.49,98.7,19.1,81.1,1.8
179,37,6.97,102.2,18.3,92.1,1.8
179,38,6.76,49.5,26.8,85.8,1.8
179,39,6.85,76.6,5.7,87.9,1.8
179,40,7.23,89.4,32.4,98.4,1.8
179,41,7.02,50.2,28.6,91.6,1.8
179,42,7.35,38.5,26.7,95.5,1.8
179,43,7.42,79.6,20.7,95.1,1.8
179,44,6.91,30.9,10.6,96.6,1.8
179,45,7,104.3,6.4,91.7,1.8
179,46,6.94,107.4,9.7,82.5,1.8
179,47,6.93,64.4,10.6,86.5,1.8
179,48,6.8,98.3,31.4,95.6,1.8
179,49,7.41,33,13.1,83.3,1.8
179,50,6.95,93.8,32.8,90.3,1.8
180,0,7,98.3,28.1,87.6,1.8
180,1,6.83,102,22.2,90.7,1.8
180,2,6.71,51.6,15.9,90.4,1.8
180,3,6.84,68.9,24.2,82.5,1.8
180,4,6.89,41.3,22.9,93.6,1.8
180,5,7.17,78.6,34,83.9,1.8
180,6,7.11,48.6,29.7,89.5,1.8
180,7,7.11,47.9,16.7,81,1.8
180,8,6.72,81.4,8.5,96.1,1.8
180,9,6.94,31.9,24.9,83.1,1.8
180,10,6.89,100.8,10.6,92.5,1.8
180,11,6.99,35.9,29.5,97.4,1.8
180,12,7.18,53.4,25.1,96,1.8
180,13,6.85,99,17.1,86.5,1.8
180,14,6.85,35.1,11.9,96,1.8
180,15,6.87,36.5,5.4,97.8,1.8
180,16,7.34,61.2,15.6,88,1.8
180,17,6.82,49.5,8.8,83.6,1.8
180,18,7.3,108.2,15.3,80.6,1.8
180,19,7.49,75.8,29.8,87.2,1.8
180,20,6.97,52.2,32.8,84.6,1.8
180,21,7.4,49.7,6,82.5,1.8
180,22,7.38,76.7,32.3,96,1.8
180,23,7.09,92.2,21.1,84.9,1.8
180,24,7.37,49.6,34.9,87.7,1.8
180,25,6.81,83.8,13.8,85.9,1.8
180,26,6.93,38.1,23.5,80.5,1.8
180,27,7.44,106.3,22.9,93.2,1.8
180,28,6.97,89.5,8.1,87.8,1.8
180,29,7.08,99.5,24,91.9,1.8
180,30,7.37,75.1,28.9,98.6,1.8
180,31,7,74.1,27.4,84.4,1.8
180,32,7.14,33.8,25.9,97.8,1.8
180,33,6.72,99.8,33.2,80.5,1.8
180,34,7.3,40.8,29.5,90.6,1.8
180,35,7.32,102.8,33.7,97,1.8
180,36,7.34,60.4,18.2,82.3,1.8
180,37,7.23,51.2,27.7,92.8,1.8
180,38,6.9,79.5,20.7,82.1,1.8
180,39,7.19,63.3,8.1,85.8,1.8
180,40,7.17,100.2,25.4,89.5,1.8
180,41,6.72,70.9,22.8,95.2,1.8
180,42,7.16,105.6,7.6,94,1.8
180,43,7.41,90.3,13.1,97.4,1.8
180,44,7.3,100,28.6,88,1.8
180,45,7.3,102.2,8,86.6,1.8
180,46,7.05,54.9,25.8,88.2,1.8
180,47,6.81,52.1,20.4,86.7,1.8
180,48,7.12,82.3,10,94.6,1.8
180,49,7.32,92.3,31.4,87.8,1.8
180,50,7.05,93.5,31.8,84.7,1.8
181,0,6.91,56.9,9.4,91.2,1.8
181,1,7.23,93.3,5.1,80.3,1.8
181,2,7.2,49.7,9.8,81.9,1.8
181,3,6.73,70.2,15,84.5,1.8
181,4,6.78,31.1,20.7,95.6,1.8
181,5,7.04,82.1,11.2,98.8,1.8
181,6,7.22,79.4,18.8,81.1,1.8
181,7,6.77,32.9,14.3,97.8,1.8
181,8,7.16,41.4,10.1,91.9,1.8
181,9,7.45,107.5,13.9,90.7,1.8
181,10,6.83,52,13.5,90.1,1.8
181,11,7.31,84.1,32.1,89.1,1.8
181,12,6.9,100.2,24.1,88.9,1.8
181,13,6.77,48.5,8.7,98.1,1.8
181,14,7.11,61.7,7.8,96.6,1.8
181,15,7.03,44.2,16.1,95.2,1.8
181,16,7.23,82,16.6,92.4,1.8
181,17,7.21,59.1,11.2,94.3,1.8
181,18,7.42,42.4,24.8,95.8,1.8
181,19,6.78,70.9,18.8,85.6,1.8
181,20,7.08,109,10.2,87,1.8
181,21,7,62.4,18.3,89.7,1.8
181,22,7.44,91.9,32.8,93.3,1.8
181,23,7.36,105.4,18.4,98.3,1.8
181,24,7.24,98.4,31.8,88.9,1.8
181,25,7.29,87.3,23.6,96.5,1.8
181,26,7.32,86.6,29.2,81.1,1.8
181,27,7.48,78.9,7,96.1,1.8
181,28,7.49,70.5,19.6,92.9,1.8
181,29,7.22,70.5,22.4,90.1,1.8
181,30,7.32,82.9,21.9,89.9,1.8
181,31,6.86,71,13.8,92.2,1.8
181,32,6.86,39.2,28.7,96,1.8
181,33,7.31,82,34.3,80.6,1.8
181,34,6.74,64.4,28,85.1,1.8
181,35,7.3,106.6,33.7,84.4,1.8
181,36,6.83,102.9,25.8,87.6,1.8
181,37,6.72,52.5,6,83.3,1.8
181,38,7.02,85.1,21.1,83.2,1.8
181,39,7.15,91.3,16.1,95.3,1.8
181,40,6.77,80.5,29.7,91.8,1.8
181,41,7.49,77.6,11.2,90,1.8
181,42,6.72,45.6,23,93.7,1.8
181,43,7.25,82.3,18.9,85.6,1.8
181,44,7.12,53.8,6.3,83.8,1.8
181,45,6.97,96.8,7,96.6,1.8
181,46,6.78,71.7,34.9,93.7,1.8
181,47,7.41,77.6,6.8,98,1.8
181,48,6.8,34.1,30.1,81.6,1.8
181,49,7.38,108.2,5.6,82.2,1.8
181,50,6.92,39.8,5.3,84.6,1.8
182,0,6.71,39.7,28.3,82.3,1.8
182,1,6.76,88.5,26.4,91.2,1.8
182,2,6.76,38.5,10.4,94.6,1.8
182,3,7.08,48.2,8.4,80.4,1.8
182,4,6.81,67.6,31.6,80,1.8
182,5,7.02,80.5,13.3,85.9,1.8
182,6,6.89,96.7,23.8,95.6,1.8
182,7,6.7,83.5,20.7,96.3,1.8
182,8,7.4,35,22.3,89.9,1.8
182,9,6.92,88.9,7.4,82.7,1.8
182,10,6.73,100.3,17.8,80.8,1.8
182,11,6.83,88.9,17,83.3,1.8
182,12,6.74,92.8,34,92.5,1.8
182,13,7.48,56.2,22.7,94.1,1.8
182,14,7.45,77.9,5.8,86.1,1.8
182,15,6.75,96.3,33.3,95.3,1.8
182,16,6.87,37.6,6.2,87.6,1.8
182,17,7.42,73.8,15.8,96.9,1.8
182,18,6.93,97.6,34.3,84.4,1.8
182,19,6.92,103.5,15.9,83.3,1.8
182,20,6.89,39.6,17.8,97.1,1.8
182,21,6.78,96.4,30.9,95.5,1.8
182,22,7.26,73,8.4,97.3,1.8
182,23,7.34,43.7,27.3,83.6,1.8
182,24,7.04,97.5,14.5,83.8,1.8
182,25,7.04,104.1,12.7,91.7,1.8
182,26,7.02,75.6,20.7,94.3,1.8
182,27,6.85,59.9,21.4,96.2,1.8
182,28,7.49,60.5,25.3,89.7,1.8
182,29,6.99,97.8,27.5,89.2,1.8
182,30,6.91,49.4,25.3,92.3,1.8
182,31,6.93,58.6,16.2,96.3,1.8
182,32,7.14,71.9,19.3,89.9,1.8
182,33,6.73,98.9,24.7,97.1,1.8
182,34,6.85,104.7,23,91.4,1.8
182,35,7.18,61.5,13,93.3,1.8
182,36,6.92,45.2,23.8,81,1.8
182,37,6.93,46.2,27.4,82.2,1.8
182,38,7.3,34.7,12.5,92.1,1.8
182,39,6.77,73.1,23.5,89.5,1.8
182,40,7.45,45.9,5.3,89.5,1.8
182,41,7.03,57.9,24.6,88.2,1.8
182,42,6.84,50.4,11.2,92.4,1.8
182,43,7.4,79.3,26.6,88.9,1.8
182,44,6.84,47.3,13.5,90,1.8
182,45,7.16,83.6,23.7,96.8,1.8
182,46,7.03,50.5,12.5,80.1,1.8
182,47,7.19,90.7,24.2,89.7,1.8
182,48,7.49,54.2,14.5,84.4,1.8
182,49,7.34,52.2,21,94.3,1.8
182,50,6.92,87.1,28.2,88.3,1.8
183,0,7.13,85.6,17.5,88.7,1.8
183,1,7.31,104.9,8.1,91.3,1.8
183,2,7.21,79.1,29,96.2,1.8
183,3,6.95,61.9,20,97.3,1.8
183,4,7.18,95.1,30.5,82.1,1.8
183,5,7.13,30.4,25.2,95.1,1.8
183,6,7.07,90,8.4,95.1,1.8
183,7,7.26,72.3,34.4,96,1.8
183,8,6.72,73.3,31.1,91.7,1.8
183,9,7.06,102.4,33.3,85,1.8
183,10,7.11,93.6,10.1,84.2,1.8
183,11,7.39,43.6,29.4,94.7,1.8
183,12,7.11,84.3,19,93.7,1.8
183,13,7.13,86.4,29.8,89.2,1.8
183,14,6.96,76.1,25,80.4,1.8
183,15,7.44,34.1,30.4,91.5,1.8
183,16,6.78,63.1,16.6,86.3,1.8
183,17,7.47,62.2,23.6,90.5,1.8
183,18,7.06,101.8,28.3,83.3,1.8
183,19,7.23,96.9,20.1,83.8,1.8
183,20,7.36,64.1,30.2,86.7,1.8
183,21,7.02,35.4,17.5,94.1,1.8
183,22,7.27,36.8,22,84,1.8
183,23,7.26,58.5,15.4,98.8,1.8
183,24,7.33,83.3,6.3,94.1,1.8
183,25,7.18,48.8,14.4,98.4,1.8
183,26,7.01,109.9,27.3,84.1,1.8
183,27,6.92,87.4,14.1,83.6,1.8
183,28,7.3,47.9,10.8,87.5,1.8
183,29,7.34,96.2,13.8,87.5,1.8
183,30,7,51.2,15.1,83.1,1.8
183,31,7.08,64.4,16.7,93.4,1.8
183,32,6.73,30.2,16.6,83.4,1.8
183,33,7.18,63.9,24.6,81.8,1.8
183,34,6.97,34.7,7.8,92.4,1.8
183,35,7.04,73.8,20.2,94.2,1.8
183,36,7.38,35.8,17.6,85.7,1.8
183,37,7.07,40,24.9,91,1.8
183,38,7.46,65.7,14.1,89,1.8
183,39,7.08,76.6,34.1,88.2,1.8
183,40,7.08,94.6,28.6,83.9,1.8
183,41,7.23,62.6,16.3,82,1.8
183,42,7.39,54.7,6.6,82.8,1.8
183,43,7.4,36.8,14.3,81.1,1.8
183,44,6.93,32.5,27.3,91.4,1.8
183,45,7.28,37.7,27,83.5,1.8
183,46,7.45,36.1,31.8,98.3,1.8
183,47,6.82,101.9,25.1,92.1,1.8
183,48,7.11,64.4,23,84.6,1.8
183,49,6.75,82.6,10.7,91.5,1.8
183,50,6.81,93.5,7.4,96.1,1.8
184,0,7.24,52.5,32,85.4,1.8
184,1,7.04,46.8,31.6,97.8,1.8
184,2,7.48,90.6,15.5,88.6,1.8
184,3,7.18,85.1,22.7,94.4,1.8
184,4,7.03,103.8,24.7,94.5,1.8
184,5,6.78,64.4,17.5,86.3,1.8
184,6,6.81,66.3,11,86.6,1.8
184,7,7.34,76,26.2,84,1.8
184,8,7.07,96.3,12.3,86.6,1.8
184,9,7.37,42.4,20.6,89.6,1.8
184,10,7.18,58.6,18,80.6,1.8
184,11,7.13,64.8,30.5,94.7,1.9
184,12,7.43,98.5,28.3,84.1,1.9
184,13,7.47,106.7,14.1,80.6,1.9
184,14,7.19,102,20.5,87.5,1.9
184,15,7.18,87.5,10.9,87,1.9
184,16,6.77,76.5,14.9,85.4,1.9
184,17,7.04,43.8,24.1,85.3,1.9
184,18,7.18,55.9,19.5,81.4,1.9
184,19,7.22,55.3,8.2,84.1,1.9
184,20,7.5,108.7,25.8,86,1.9
184,21,6.99,101.8,29.2,83.9,1.9
184,22,7.22,100.1,25.1,83.2,1.9
184,23,7.19,41.7,12.5,81.9,1.9
184,24,6.93,101.5,19.2,87.9,1.9
184,25,7.21,108.5,5.6,96.4,1.9
184,26,7.06,105.8,23.8,84.6,1.9
184,27,6.84,90.7,15.6,84.3,1.9
184,28,6.88,37.8,5.7,85.4,1.9
184,29,6.8,68.9,33.6,92.6,1.9
184,30,6.79,55.8,22.9,95.2,1.9
184,31,7.24,57,21,82.7,1.9
184,32,7.48,45,33.1,97.6,1.9
184,33,6.98,66,22,90.8,1.9
184,34,7.26,44.4,9.2,97.2,1.9
184,35,6.76,63.3,28.3,90.5,1.9
184,36,7.22,86.3,12.6,95.4,1.9
184,37,6.86,53.8,7,84.8,1.9
184,38,6.87,39.7,31.1,83.9,1.9
184,39,7.44,85.9,18.5,98.6,1.9
184,40,7.38,89,31.2,93.3,1.9
184,41,7.22,49.8,29.6,83.8,1.9
184,42,6.79,47.2,7.2,82.1,1.9
184,43,7.33,36,22.5,88.6,1.9
184,44,7.26,54.4,21.9,80.2,1.9
184,45,7.09,39.7,15.4,94.7,1.9
184,46,6.72,54,9.6,84.8,1.9
184,47,6.8,83.2,22.5,89.3,1.9
184,48,7.4,66.7,22.7,89.2,1.9
184,49,6.93,39.3,27.7,97.5,1.9
184,50,7.47,35.7,14.1,96.4,1.9
185,0,6.83,38.1,34.4,97.7,1.9
185,1,7.04,60.2,7,81.2,1.9
185,2,7.39,102,27.6,81.4,1.9
185,3,6.96,101,7,92.8,1.9
185,4,7.09,67.1,29.9,81.2,1.9
185,5,6.9,79,26,85.1,1.9
185,6,7.36,87,17.3,95.3,1.9
185,7,6.72,102.1,14.2,88.1,1.9
185,8,7.34,77.9,34.9,90.1,1.9
185,9,7.25,31.6,10.2,93.9,1.9
185,10,7.32,98.2,28.9,92.6,1.9
185,11,7.25,55.1,30.3,98.5,1.9
185,12,7.48,72.5,13.5,85.1,1.9
185,13,7.36,54.9,33.4,95.1,1.9
185,14,7.22,42.7,13.1,84.8,1.9
185,15,6.95,59.4,28.5,97.9,1.9
185,16,6.74,87.3,34.6,85.5,1.9
185,17,7.08,71.1,27.2,85.3,1.9
185,18,7.02,75.5,9.3,88.2,1.9
185,19,7.48,74.7,29.3,85.9,1.9
185,20,7.09,54.7,23.5,91.2,1.9
185,21,7.11,97.5,28.1,88.5,1.9
185,22,7.31,91.2,23.3,87,1.9
185,23,7.37,107.8,9.6,86.9,1.9
185,24,6.85,81.9,10.8,93.1,1.9
185,25,7.41,35.3,17.4,88.1,1.9
185,26,6.96,39.7,5.9,91.7,1.9
185,27,6.93,106.4,10.4,88.8,1.9
185,28,6.72,74.5,29.2,85.9,1.9
185,29,7.08,109.2,22,80.6,1.9
185,30,6.95,102.2,22,87.7,1.9
185,31,7.11,101.2,24.8,88.4,1.9
185,32,6.79,45.3,13.4,93,1.9
185,33,7.38,32.6,12.1,93.4,1.9
185,34,7.28,100,27.6,85.2,1.9
185,35,6.76,64.1,14.7,81.7,1.9
185,36,7.07,47.3,11.6,80.4,1.9
185,37,7.39,74.6,27.3,83.9,1.9
185,38,7.28,75.5,21.8,87.6,1.9
185,39,7.41,41.8,9.2,89.6,1.9
185,40,6.91,58.2,26.6,98.7,1.9
185,41,7.35,87,19.2,80.3,1.9
185,42,7.16,67.9,32.6,81.9,1.9
185,43,7.27,38.2,11.8,85.4,1.9
185,44,6.78,86.7,19.4,87.1,1.9
185,45,6.82,53,15.3,97.8,1.9
185,46,6.84,68.9,29.6,88.7,1.9
185,47,6.78,107.7,10.2,90.3,1.9
185,48,7.3,52.3,8.5,82.4,1.9
185,49,7.48,96.7,22.6,94.9,1.9
185,50,7.22,109.6,10.3,95.2,1.9
186,0,7.43,53,30.2,91.6,1.9
186,1,6.92,54.7,6,89.7,1.9
186,2,6.81,54.6,29.9,86.9,1.9
186,3,7.49,61.5,28.9,90.7,1.9
186,4,7.11,63.1,8.6,81.2,1.9
186,5,6.91,106,26.5,94.6,1.9
186,6,7.04,91.5,26.3,81.1,1.9
186,7,7.01,78,31.7,93.2,1.9
186,8,7.12,65.6,12,82.5,1.9
186,9,7.41,69.2,9.5,81.2,1.9
186,10,7.42,84.4,34.3,93.6,1.9
186,11,6.74,31.1,20.3,93.9,1.9
186,12,6.79,41,21.1,93.2,1.9
186,13,7.42,39.9,6.4,94.8,1.9
186,14,7.33,47.2,16.2,82.6,1.9
186,15,7.01,65.3,32.5,97.8,1.9
186,16,7.09,104.7,22.7,83.2,1.9
186,17,7.26,36.2,31.2,91.5,1.9
186,18,7.01,80.6,8.5,81.7,1.9
186,19,6.98,70.9,30.2,87.9,1.9
186,20,7.13,94.4,30.9,81.7,1.9
186,21,7.4,69.5,25,93.2,1.9
186,22,6.72,106.6,24,92.7,1.9
186,23,6.7,48.6,34.2,86,1.9
186,24,7.13,108.4,5.2,93.3,1.9
186,25,7.28,105.2,17.5,95.8,1.9
186,26,6.96,105.3,30.1,96.4,1.9
186,27,7.06,86,29.3,93.4,1.9
186,28,7.05,35.8,10.8,83.2,1.9
186,29,6.86,78.3,34.2,82.6,1.9
186,30,7.39,59.3,26.1,88.6,1.9
186,31,7.09,98.6,10.3,90.2,1.9
186,32,7.28,82.8,30.1,96.3,1.9
186,33,6.94,94.7,13.4,80.2,1.9
186,34,6.86,106.5,15.6,89,1.9
186,35,7.34,102.9,15.9,81,1.9
186,36,7.4,48.4,20.1,88.6,1.9
186,37,7.27,82.3,16.1,98.8,1.9
186,38,7.48,82.1,14.6,98,1.9
186,39,7.02,33.7,21.2,94.5,1.9
186,40,7.17,51.9,20.8,80.3,1.9
186,41,6.98,32.9,34.8,83.1,1.9
186,42,7.17,93.1,12.9,91.9,1.9
186,43,6.72,34.9,14.3,83.5,1.9
186,44,6.87,39.9,20.5,91.7,1.9
186,45,6.89,54.1,30.9,92,1.9
186,46,7.1,70.6,29.6,86,1.9
186,47,7.4,107.1,23.4,85.7,1.9
186,48,6.7,51.3,6.4,91,1.9
186,49,7.34,74.8,19.3,81.2,1.9
186,50,7.25,45.2,8.2,82.6,1.9
187,0,6.93,107.9,30.3,96.9,1.9
187,1,7.06,64,11.8,94.1,1.9
187,2,7.31,60.2,8.2,92.2,1.9
187,3,7.16,57.9,16.7,82.5,1.9
187,4,7.2,93.5,5.7,95,1.9
187,5,7.35,48.7,10.8,85.9,1.9
187,6,6.71,42.9,17.6,87,1.9
187,7,6.94,46.4,24.4,97.5,1.9
187,8,7.02,87.5,7.1,81.8,1.9
187,9,7.1,30.8,14.1,83.7,1.9
187,10,7.39,68.8,29.3,89.3,1.9
187,11,6.76,50.6,19.4,93.9,1.9
187,12,7.23,84,23.4,84.9,1.9
187,13,7.2,50,7.7,92.2,1.9
187,14,6.97,63.6,30.8,96.9,1.9
187,15,7.02,30.7,31.7,80.1,1.9
187,16,6.96,56.6,16,83.6,1.9
187,17,7.08,36.3,22.2,82,1.9
187,18,6.88,33,34.1,84,1.9
187,19,7.11,109.5,16,97.4,1.9
187,20,6.86,88.1,27,82.3,1.9
187,21,6.89,72.7,19.5,88.2,1.9
187,22,7.09,59,20,82.6,1.9
187,23,6.91,30.1,29.2,89.5,1.9
187,24,7.01,73,32.2,87.3,1.9
187,25,7.45,68.7,20.3,83.7,1.9
187,26,7.34,108.6,34.8,84.4,1.9
187,27,7.37,77.8,27.6,87.4,1.9
187,28,6.77,34.9,9.5,88,1.9
187,29,6.82,66,30,97.7,1.9
187,30,7.25,62.2,17.6,87.6,1.9
187,31,7.41,69,24.6,88.3,1.9
187,32,6.93,100,14.5,93.4,1.9
187,33,7.42,54.5,12.6,96.3,1.9
187,34,7.07,99,11.5,89.6,1.9
187,35,7.36,66.7,17.3,95.9,1.9
187,36,7.07,103.5,26.8,95.9,1.9
187,37,7.41,78.5,8.3,88.4,1.9
187,38,6.97,72.6,5.3,92,1.9
187,39,7.34,63.9,21.2,89.2,1.9
187,40,6.82,76.7,33.9,97.4,1.9
187,41,6.74,41.4,11.5,84.3,1.9
187,42,6.72,56.2,25.9,95.6,1.9
187,43,6.8,50.9,13,86,1.9
187,44,6.73,83.1,21.3,89.9,1.9
187,45,7.28,69.1,16.8,88.5,1.9
187,46,6.91,88.1,26.3,87.6,1.9
187,47,7.29,99.8,11.5,87.7,1.9
187,48,7.17,45.2,19.2,84.1,1.9
187,49,6.89,64.2,9.8,94.3,1.9
187,50,6.77,84.2,19.8,83.5,1.9
188,0,6.85,34.8,31.8,97.8,1.9
188,1,6.81,44.4,8,83,1.9
188,2,7.01,83.5,29.4,83.8,1.9
188,3,7.14,80.7,9,84.1,1.9
188,4,7.25,72.9,23,87.6,1.9
188,5,7.44,71,5.1,97.2,1.9
188,6,7.44,53.4,10,84.1,1.9
188,7,7.12,74.1,14.4,88,1.9
188,8,7.41,43.7,16.2,85.5,1.9
188,9,7.25,71,22.8,93.9,1.9
188,10,7.2,70.4,6.2,90.9,1.9
188,11,7.24,96.1,16.6,97.8,1.9
188,12,6.94,72.8,6.2,83.3,1.9
188,13,7.25,61.2,20.6,95.3,1.9
188,14,7.03,86.2,11.3,83.3,1.9
188,15,7.34,92,15.5,98,1.9
188,16,7.46,76.1,14.7,82.9,1.9
188,17,7.27,64,25.3,84.5,1.9
188,18,6.92,86.5,27.3,80.8,1.9
188,19,6.94,55.9,26.2,90.2,1.9
188,20,7.32,60.6,27.2,94.1,1.9
188,21,7.05,101.1,9.5,84.2,1.9
188,22,6.74,32.5,26.4,80.4,1.9
188,23,7.24,85.6,16.7,93.6,1.9
188,24,7.08,96.4,34.1,98.9,1.9
188,25,7.19,106.3,21.9,96.1,1.9
188,26,7.46,103.4,23,97.6,1.9
188,27,7.33,60.8,19.8,91.3,1.9
188,28,6.82,80.8,10.2,98,1.9
188,29,6.74,103.8,9.5,85.9,1.9
188,30,7.22,106.4,10.7,90.5,1.9
188,31,7.26,77.8,34.8,96.1,1.9
188,32,6.99,45.2,26.9,85.6,1.9
188,33,6.94,83.9,31.6,90.1,1.9
188,34,6.93,58.5,24.5,82,1.9
188,35,6.88,86.7,14.8,92.6,1.9
188,36,6.96,87,23.6,81.2,1.9
188,37,7.47,53.3,9.4,98.7,1.9
188,38,7.12,53.3,9.7,91.3,1.9
188,39,7.12,88.1,28.8,80.1,1.9
188,40,7.03,88.3,11.5,84.2,1.9
188,41,6.96,109,9.2,87.6,1.9
188,42,7.04,44.4,17.8,98.9,1.9
188,43,6.95,74.7,6.6,96.6,1.9
188,44,7.17,61.6,18.6,92.4,1.9
188,45,7.13,97.9,26.7,94.4,1.9
188,46,6.98,64.8,34,98.5,1.9
188,47,7.21,76,33.2,82.8,1.9
188,48,7.41,96.5,13.3,87.1,1.9
188,49,6.76,71.4,21.6,94.5,1.9
188,50,7.44,31.2,18.9,84.7,1.9
189,0,7.05,99.7,24.6,81.3,1.9
189,1,6.85,104.7,7.2,87.5,1.9
189,2,6.75,48.6,8.9,81,1.9
189,3,7.22,33.2,20.4,82.1,1.9
189,4,6.91,103.3,23.1,89.7,1.9
189,5,7.45,69.7,20.8,87.8,1.9
189,6,7.14,82.2,11.4,85.7,1.9
189,7,6.78,94,19.8,89.9,1.9
189,8,7.48,33.9,23.5,86.1,1.9
189,9,7.41,52.6,10.7,98,1.9
189,10,6.95,87.4,15.7,96.5,1.9
189,11,7.44,105.4,5.9,91.3,1.9
189,12,7.3,79.3,16.1,93,1.9
189,13,7.4,47.6,33.5,88.6,1.9
189,14,7.38,55.6,6.5,93.9,1.9
189,15,7.18,51.2,23,93.3,1.9
189,16,7.27,42.1,13.7,85.8,1.9
189,17,7.21,91.8,27.2,90,1.9
189,18,7.21,43.5,26,93.9,1.9
189,19,6.83,103.3,13.8,90.9,1.9
189,20,7.11,60.5,32.4,87.7,1.9
189,21,7.46,93.4,18.8,93.4,1.9
189,22,7.41,46.6,23.5,94,1.9
189,23,6.76,56.3,22.3,90,1.9
189,24,7.06,33.1,26.4,93,1.9
189,25,7.25,61.9,30.3,96.1,1.9
189,26,7.29,35.5,26.1,92.1,1.9
189,27,7.08,84.4,27.8,88.9,1.9
189,28,7.43,32.7,29.6,82.3,1.9
189,29,6.89,91.4,31.6,98.7,1.9
189,30,7.24,52.9,16.9,92.2,1.9
189,31,6.85,30.9,8.5,94.4,1.9
189,32,7.06,66.6,28.4,94.1,1.9
189,33,7.37,50.6,33.8,92.1,1.9
189,34,7.34,92.1,9.2,81.6,1.9
189,35,6.91,52.5,10.1,82.6,1.9
189,36,7.38,57.3,16.4,87.4,1.9
189,37,6.83,57.7,26.6,97.5,1.9
189,38,7.48,49.2,17.2,88,1.9
189,39,7.04,48.2,6.8,98.4,1.9
189,40,7.12,56.9,31.1,96.2,1.9
189,41,7.37,38.8,32,85.6,1.9
189,42,6.8,96.1,33,94.9,1.9
189,43,7.12,45,30.5,81,1.9
189,44,7.39,36.5,7.2,82.7,1.9
189,45,7.38,85.8,31.2,90.9,1.9
189,46,7.14,87.4,19,85.6,1.9
189,47,6.87,51.1,34.4,92.7,1.9
189,48,7.24,64.9,6.8,93.7,1.9
189,49,6.82,83.2,32.3,83.6,1.9
189,50,7.03,82.9,22.3,93,1.9
190,0,7.27,73.4,20.2,94.5,1.9
190,1,7.33,93.1,9.2,97.3,1.9
190,2,7.11,54.7,19.5,88.3,1.9
190,3,7.25,102.7,9.2,91.7,1.9
190,4,7.21,51.1,11,87.9,1.9
190,5,6.77,36.9,25.7,89.7,1.9
190,6,7.11,44.3,13.6,83.5,1.9
190,7,7.25,64,17.7,85.2,1.9
190,8,7.05,44.8,7,85.2,1.9
190,9,7.35,52.5,26.8,92.3,1.9
190,10,6.86,69.4,7,94.8,1.9
190,11,7.43,67,26.4,85.3,1.9
190,12,7.05,83.8,5.5,87.2,1.9
190,13,7.27,34.7,29.8,85.5,1.9
190,14,7.27,97.4,20.2,90.9,1.9
190,15,7.16,70.9,34,86.5,1.9
190,16,7.19,54.3,6.2,84.8,1.9
190,17,6.76,53.1,6.7,93,1.9
190,18,6.86,49.1,22.6,96.5,1.9
190,19,7.24,57.5,13.6,83,1.9
190,20,6.71,51,7.1,92,1.9
190,21,7.2,38.7,32.4,95.1,1.9
190,22,6.71,94.3,7.9,94.2,1.9
190,23,6.98,107.9,17.6,90.9,1.9
190,24,7.06,52,24.4,87.9,1.9
190,25,7.02,79.3,20.3,82.7,1.9
190,26,6.82,36,6,97.8,1.9
190,27,7.08,51.1,28.3,81.9,1.9
190,28,7.19,41.6,14.8,82.6,1.9
190,29,7.37,35.6,21.8,92.9,1.9
190,30,7.16,98.8,35,85.5,1.9
190,31,7.34,93.4,24.2,97.1,1.9
190,32,7.33,101.5,7.7,81.3,1.9
190,33,7.1,51.7,22.8,85.9,1.9
190,34,7.09,73.7,11.3,87.1,1.9
190,35,7.49,73.5,8,96.9,1.9
190,36,7,58,20.9,95.5,1.9
190,37,6.9,102.7,30.2,86.3,1.9
190,38,7.07,80.7,29,87.7,1.9
190,39,7.06,36.6,17.7,96.1,1.9
190,40,7.09,68.1,6.1,86.2,1.9
190,41,7.34,56.2,15.7,94.2,1.9
190,42,6.94,107.6,16.4,95.5,1.9
190,43,7.41,68.5,21.7,89.5,1.9
190,44,6.98,63.7,31.3,90.7,1.9
190,45,7.11,98.2,23.9,92.6,1.9
190,46,6.9,35.9,33.3,92.8,1.9
190,47,7.42,40.4,23,89.8,1.9
190,48,6.71,47,22.6,98.3,1.9
190,49,7.31,94.7,32.8,91.6,1.9
190,50,7.4,65.3,8.7,94.7,1.9
191,0,6.73,95.9,19.1,91.7,1.9
191,1,7.42,74.1,10,87.9,1.9
191,2,7.04,87.9,18.5,89.3,1.9
191,3,7.21,37.1,31.7,95.1,1.9
191,4,7.15,62.7,7.1,82.7,1.9
191,5,6.72,40.7,21,90.9,1.9
191,6,7.27,72.7,26.2,88.7,1.9
191,7,7.01,107,22.4,88.2,1.9
191,8,7.33,53.9,28.5,96.6,1.9
191,9,6.89,44.3,31.9,81.3,1.9
191,10,6.74,60.2,30.3,81.4,1.9
191,11,7.18,78.2,19.8,82.7,1.9
191,12,7.04,58.8,6.6,82.7,1.9
191,13,7.46,101.8,29.8,99,1.9
191,14,7.01,77.8,34,91.9,1.9
191,15,7.32,89.1,27.8,98.1,1.9
191,16,6.9,30.3,11.8,91.6,1.9
191,17,7.33,94.3,24.3,87.7,1.9
191,18,6.94,101.5,7,85.1,1.9
191,19,6.95,50.5,32.9,90.9,1.9
191,20,7.23,91.1,33.1,92.3,1.9
191,21,6.76,79.9,11.4,91.4,1.9
191,22,7.28,48.5,32.2,98.1,1.9
191,23,6.87,108.9,9.1,93.4,1.9
191,24,7.04,98.3,6.1,84.5,1.9
191,25,7.38,39.5,14.7,85.6,1.9
191,26,7.37,93,9.5,86.4,1.9
191,27,7.08,86.4,7,87.8,1.9
191,28,7.44,71.5,9.8,86.4,1.9
191,29,7.26,32.2,15.1,86.5,1.9
191,30,7.22,108.4,20.2,95.8,1.9
191,31,6.71,95.7,14.3,94.1,1.9
191,32,7.48,40.3,8.8,98.7,1.9
191,33,6.91,88.9,24.1,97.1,1.9
191,34,6.98,101.9,11.2,98,1.9
191,35,6.86,70.5,12.2,82.5,1.9
191,36,7.22,42.5,26.9,96.7,1.9
191,37,7.48,35.5,10.5,94.1,1.9
191,38,6.82,66.5,30.6,85.1,1.9
191,39,7.47,70.6,28.6,94.7,1.9
191,40,6.89,52.2,17.3,80.6,1.9
191,41,7.09,68,10.4,82.4,1.9
191,42,7.04,33,34.4,95.7,1.9
191,43,6.81,106.7,34.4,83,1.9
191,44,7.41,68.1,20.9,98.1,1.9
191,45,6.75,30.1,25.9,93.6,1.9
191,46,6.85,97.8,20.6,89.8,1.9
191,47,6.86,85.7,11.5,98.1,1.9
191,48,7.12,32.9,15.5,80.5,1.9
191,49,7.03,37.7,27.5,95,1.9
191,50,6.86,77.1,20,88.3,1.9
192,0,7.01,59.1,14.2,95.7,1.9
192,1,6.76,90.1,30.3,87.9,1.9
192,2,6.84,75.2,23.8,89.5,1.9
192,3,7.19,54.3,17.7,90.1,1.9
192,4,7.29,56.3,10.1,90.9,1.9
192,5,7.28,85.3,30.7,94.4,1.9
192,6,7.42,64.5,30.2,98.9,1.9
192,7,7.28,39.9,17.2,85,1.9
192,8,7.24,70.5,31.5,87.8,1.9
192,9,7.48,100.8,33.8,81.3,1.9
192,10,7.14,53.7,22.1,97.8,1.9
192,11,6.91,97.8,25.1,85.9,1.9
192,12,7.45,87,27.9,87.1,1.9
192,13,6.88,39.1,9.5,88,1.9
192,14,7.09,46.3,16.9,94.1,1.9
192,15,7.37,54.4,20.9,82.9,1.9
192,16,7.19,34.4,9,95.3,1.9
192,17,7,60,27.7,87.6,1.9
192,18,7.24,31.9,32.9,85.7,1.9
192,19,6.93,87,14.5,85.7,1.9
192,20,6.96,91.2,10.9,91.1,1.9
192,21,6.98,56.6,23.3,98.8,1.9
192,22,7.12,53.3,24.4,90.8,1.9
192,23,7.21,35.1,22.3,96.4,1.9
192,24,7.06,86.5,25.3,81.3,1.9
192,25,7.13,76.8,19.3,85.2,1.9
192,26,7.18,30.3,18.7,89.1,1.9
192,27,6.95,109.2,18.3,97.9,1.9
192,28,7.07,75.2,9.4,94.2,1.9
192,29,7.05,43.6,6.1,81.1,1.9
192,30,7.1,34.5,25.5,88.9,1.9
192,31,7.25,44.4,12.9,97.3,1.9
192,32,6.96,55.1,25.5,90,1.9
192,33,7.48,52.2,7.5,84.9,1.9
192,34,6.87,94.5,17.6,96.3,1.9
192,35,7.44,62.2,33,86.9,1.9
192,36,7.18,56.7,29.8,93.5,1.9
192,37,6.79,32.8,17.1,96.3,1.9
192,38,7.04,89.2,24.9,96.4,1.9
192,39,7.49,42.8,27.9,93.4,1.9
192,40,6.97,78.1,21.2,98.3,1.9
192,41,7.25,68.2,30.5,90.4,1.9
192,42,7.36,63.6,8.4,92.5,1.9
192,43,6.98,73.7,31.8,89.7,1.9
192,44,7.21,81.6,10.5,86.2,1.9
192,45,7.49,90.3,28.1,92.4,1.9
192,46,7.34,33.5,29.6,97.7,1.9
192,47,7.15,108,30.4,93.1,1.9
192,48,7.27,42.5,21.3,81.8,1.9
192,49,6.8,77.7,5,81.3,1.9
192,50,6.88,83.3,33.1,90.9,1.9
193,0,6.8,74.6,32.5,91.4,1.9
193,1,7.11,64.8,16.6,91.2,1.9
193,2,7.21,108.3,30.5,84.9,1.9
193,3,6.97,32.9,11.9,82,1.9
193,4,7.15,42.1,31,83.9,1.9
193,5,6.89,43.6,10.6,90.4,1.9
193,6,7.39,36.3,24.5,83.2,1.9
193,7,6.83,69,16.1,94.2,1.9
193,8,6.81,50.7,26.5,89.8,1.9
193,9,7.4,53.2,23.2,96.3,1.9
193,10,6.81,68,31.3,93.1,1.9
193,11,7.12,85.1,30.3,81.9,1.9
193,12,6.87,43.1,33.9,95.6,1.9
193,13,7.15,38.1,21.9,80,1.9
193,14,7,62.7,25.1,83.9,1.9
193,15,7.28,90.7,26.9,95.8,1.9
193,16,7.15,64.1,27.7,85.8,1.9
193,17,6.84,69.5,7.4,96.9,1.9
193,18,7.38,81.8,9.8,89.9,1.9
193,19,6.99,73.8,33.2,97.4,1.9
193,20,7.11,106.9,13.4,84.5,1.9
193,21,7.27,72.9,26.4,87.9,1.9
193,22,7.09,77.5,11.2,82.2,1.9
193,23,7.3,74.3,27.5,85.2,1.9
193,24,7.34,71.5,5.3,87.2,1.9
193,25,7.49,65.3,25.1,96,1.9
193,26,7.49,38.7,26.5,80.2,1.9
193,27,7.17,75.8,5.2,84,1.9
193,28,7.35,76.7,19,92.3,1.9
193,29,6.87,43.6,29.6,97.9,1.9
193,30,7.32,57.1,14,86.2,1.9
193,31,7.43,81.8,11.7,81.5,1.9
193,32,6.96,90.9,18.9,97.1,1.9
193,33,6.79,105.4,9.6,90.1,1.9
193,34,6.73,107.9,33.2,90.2,1.9
193,35,7.28,40.5,26.1,80.6,1.9
193,36,7.26,36.1,34.2,89.1,1.9
193,37,7.14,107.5,7.1,97,1.9
193,38,7.45,38.7,27.1,83.6,1.9
193,39,7.08,94.7,25.8,85.3,1.9
193,40,7.09,70.2,23.6,93.5,1.9
193,41,6.72,51.4,24,87.9,1.9
193,42,7.29,70.8,10.6,87.8,1.9
193,43,7.48,71.4,7.2,95,1.9
193,44,6.89,49,33.2,97.7,1.9
193,45,7.28,81,24.9,90.5,1.9
193,46,7.14,47,17.8,83.1,1.9
193,47,7.38,35,23.9,89.9,1.9
193,48,6.74,109.9,19.3,92.9,1.9
193,49,6.74,51.4,19.7,94.2,1.9
193,50,7.43,99.2,16.6,95.6,1.9
194,0,6.87,50.9,22.7,81.3,1.9
194,1,6.75,57,11.5,90.6,1.9
194,2,7.29,81.1,33.7,82.6,1.9
194,3,7.25,85.1,30.2,84.9,1.9
194,4,7.12,86.8,30,80.2,1.9
194,5,7.25,31.7,21.5,91.4,1.9
194,6,7.29,94.5,18.2,98.7,1.9
194,7,6.8,54.3,35,84.3,1.9
194,8,6.73,40.9,12.9,87.7,1.9
194,9,6.78,50.9,31.5,85.4,1.9
194,10,6.73,71.2,26.5,86.6,1.9
194,11,6.93,43.7,23.1,87.2,1.9
194,12,7.04,76.1,15.3,80.8,1.9
194,13,7.12,40.3,5.6,85.9,1.9
194,14,7.12,74.5,10.9,98.5,1.9
194,15,7.06,41.1,17.1,89.8,1.9
194,16,7.46,37.4,29.6,96.7,1.9
194,17,7.15,40.5,32.1,95.2,1.9
194,18,6.73,58.6,5.9,94.8,1.9
194,19,6.92,65.1,13.3,87.6,1.9
194,20,6.78,104.1,20.7,89.2,1.9
194,21,7.12,91.8,14.2,97.4,1.9
194,22,7.04,64.5,26.6,98.2,1.9
194,23,7.3,40.5,25.3,95.9,1.9
194,24,7.35,97,33.7,86.5,1.9
194,25,7.47,63.7,34.6,98.3,1.9
194,26,7.39,105.8,10.2,83.3,1.9
194,27,7.41,65.9,31,97.2,1.9
194,28,7.3,33.3,17.7,86.4,1.9
194,29,6.99,44,16.5,98.6,1.9
194,30,6.91,52.8,13.1,98.5,1.9
194,31,7.18,79,26.2,90.7,1.9
194,32,6.72,84.1,15.5,95.9,1.9
194,33,7.42,89.1,27.1,86.1,1.9
194,34,6.76,109.4,25.3,84.6,1.9
194,35,6.96,62.1,17.6,84.9,1.9
194,36,6.8,67.9,21.8,95.2,1.9
194,37,6.99,37.4,12.4,97.3,1.9
194,38,6.74,99.1,32.5,94.2,1.9
194,39,6.81,67.3,11.7,89,1.9
194,40,6.92,50.7,11.1,81.1,1.9
194,41,7.33,109.8,19.5,92.1,1.9
194,42,7.43,41.7,27.7,98,1.9
194,43,7.32,107.3,20.6,83,1.9
194,44,7.03,81.7,24.1,80.2,1.9
194,45,6.91,56.1,17.1,88.8,1.9
194,46,7.35,86.2,26.2,86.4,1.9
194,47,6.96,84.1,25.6,86.9,1.9
194,48,6.93,97.1,19.9,98.9,1.9
194,49,7.09,105.6,18.5,92.3,1.9
194,50,6.9,89.8,25.9,89.9,1.9
195,0,7.3,108.2,14.8,80.1,1.9
195,1,6.97,90.9,18.3,97.5,1.9
195,2,6.88,104.6,19.5,95.1,1.9
195,3,7.06,107.2,33.7,98.3,1.9
195,4,7.05,108.3,29.1,82.7,1.9
195,5,7.17,86.3,17.3,91.5,1.9
195,6,6.72,60.5,25.9,86.1,1.9
195,7,7.32,97.5,18.9,91.8,1.9
195,8,7.22,54.9,29.3,91.6,1.9
195,9,6.86,92.2,29.1,89.9,1.9
195,10,6.75,91.9,17.1,84.2,1.9
195,11,7.43,35.7,23.3,96.7,1.9
195,12,6.76,52.6,13.7,82.2,1.9
195,13,7.37,93.1,6.3,97.9,1.9
195,14,7.49,100.4,26,91.5,1.9
195,15,7.25,40.5,23.4,86.7,1.9
195,16,7.17,103,34.6,96.7,1.9
195,17,6.95,108.3,26.8,82.7,1.9
195,18,7,60.5,5.1,81.7,1.9
195,19,6.95,79.6,29.1,82.9,1.9
195,20,7,36.3,9,85.4,1.9
195,21,7.09,77.1,28.2,95.6,1.9
195,22,6.99,55.7,13.9,85.1,1.9
195,23,7.3,45.4,27,81.7,1.9
195,24,7.28,90.8,8.1,93.5,1.9
195,25,7.28,70.2,19.6,97.5,1.9
195,26,7.23,77.7,8.7,85.1,1.9
195,27,7.14,43,12,86.1,1.9
195,28,6.86,36.1,14.8,84,1.9
195,29,7.03,50.8,33.9,88.8,2
195,30,6.72,85.6,16.1,87.2,2
195,31,7.43,76.2,21.4,94.3,2
195,32,6.91,71.2,20.6,84.1,2
195,33,6.95,52.6,28.8,98.5,2
195,34,6.91,50.9,21.1,81.7,2
195,35,7.17,81.9,11.4,98.4,2
195,36,6.85,98.6,6.6,98.2,2
195,37,7.08,57.5,5.6,85.9,2
195,38,7.01,90.9,24.6,93.6,2
195,39,6.9,72.4,18.3,97.9,2
195,40,6.79,48.9,5.5,86.7,2
195,41,7,95.4,13.2,95.7,2
195,42,6.9,54.2,15,97.3,2
195,43,7,81.9,32.4,83.1,2
195,44,7,66.2,5.7,81.1,2
195,45,7.2,81.7,24.3,80.6,2
195,46,6.76,49.4,30.9,83.7,2
195,47,6.77,95.4,13.9,92.3,2
195,48,7.45,98.5,30.2,82.4,2
195,49,6.95,32.1,9,81.4,2
195,50,7.01,73.6,34.3,96.3,2
196,0,6.96,38.1,27.4,91.5,2
196,1,6.76,45.4,26.2,92.8,2
196,2,7.21,81.9,13.3,85.3,2
196,3,6.74,103.1,24.5,85.9,2
196,4,7.3,52.5,22.2,97.6,2
196,5,6.7,87.3,9.9,89.2,2
196,6,6.74,98.7,11.8,86.9,2
196,7,7.16,107.3,15.1,80.5,2
196,8,6.95,54.7,13.4,96.5,2
196,9,7.18,41,25.1,85,2
196,10,7.48,108.7,9.5,93.4,2
196,11,7.25,90.9,18.9,98.4,2
196,12,7.17,50.4,24.7,86.1,2
196,13,7.1,64,24.6,92.3,2
196,14,7.35,58.8,30,80.4,2
196,15,7.45,49.2,24.1,92.8,2
196,16,7.45,76.1,19.9,88.4,2
196,17,7.16,49.4,29.3,90.2,2
196,18,6.93,89.5,14.7,92.9,2
196,19,6.71,83.1,14.7,83.8,2
196,20,7.3,86.9,20.3,96.4,2
196,21,7.15,63.2,16.5,88.3,2
196,22,6.97,43.5,19.8,89.1,2
196,23,6.71,62.8,5.6,91.8,2
196,24,6.84,87.4,18.2,85.5,2
196,25,7.37,73.1,23.4,94,2
196,26,6.99,104.8,20.4,96,2
196,27,7.47,60.6,5.7,82.7,2
196,28,7.07,92.5,30.8,86.1,2
196,29,6.8,50.2,26.7,92.7,2
196,30,7.37,33.8,18.4,97,2
196,31,7.05,100,12.4,82.7,2
196,32,7.48,45,11.5,93.2,2
196,33,6.89,93.6,18.6,89.4,2
196,34,7.41,36.6,14.9,98.5,2
196,35,7.18,86.3,6.8,94.1,2
196,36,7.13,89.3,22,91.1,2
196,37,7.29,30.5,24.7,94,2
196,38,6.81,72.2,30.8,82.5,2
196,39,6.93,91.3,16.5,83.7,2
196,40,7.08,38.3,13.6,82.2,2
196,41,7.11,60.8,13.6,86.4,2
196,42,7.46,55.9,5.5,82,2
196,43,7.36,70.7,29.3,97.4,2
196,44,6.7,77.4,5.9,80.5,2
196,45,7.4,72.6,11.6,95.4,2
196,46,7.06,41,15,92.3,2
196,47,7.36,50.5,6.8,82.4,2
196,48,7.14,95.5,12.9,88.4,2
196,49,6.92,77.9,26.2,87.2,2
196,50,7.46,35.7,18.2,81.7,2
197,0,7.49,100.4,19.3,90.3,2
197,1,7.31,60.6,34.9,83.6,2
197,2,7.12,39.6,12.4,80.5,2
197,3,6.76,62.5,10.3,82,2
197,4,6.85,98.7,9.9,91.2,2
197,5,7.17,45.7,10.6,87.7,2
197,6,7.18,36.4,25.5,98,2
197,7,7.21,104.8,30.8,87.9,2
197,8,7.31,107.9,11.4,97,2
197,9,7.24,65.7,22,96.8,2
197,10,6.8,74.2,18.4,94.1,2
197,11,6.89,102,6.9,85.2,2
197,12,6.95,100.7,32.5,97.9,2
197,13,6.74,37,29.2,97.7,2
197,14,7.09,90.5,34.8,80.6,2
197,15,7.27,97.8,14.6,86.1,2
197,16,7.03,40.1,8.8,92.7,2
197,17,6.81,109.2,23.9,81.6,2
197,18,6.98,53.7,28.9,97.6,2
197,19,7.39,37.5,13.6,87.3,2
197,20,6.94,91.1,8.8,90.3,2
197,21,6.78,57.1,18.1,88.4,2
197,22,7.04,99.4,33.5,92.1,2
197,23,6.97,65.2,15.7,90.8,2
197,24,7.27,53.8,29.1,84.3,2
197,25,7.28,31.9,14,98,2
197,26,6.71,84.4,14.8,81.5,2
197,27,7.18,33.7,26.8,95.8,2
197,28,7.05,65.8,27.1,82.8,2
197,29,6.79,50.5,30.4,85.6,2
197,30,7.13,30.3,26.7,90.9,2
197,31,7.18,35.7,9.8,91.5,2
197,32,7.19,98,30.4,86.4,2
197,33,6.91,92.9,16.4,90.3,2
197,34,6.74,103,20.3,85.4,2
197,35,6.75,82.6,33.7,84.8,2
197,36,6.75,52.5,31.5,96,2
197,37,7.02,71.6,12.3,83.5,2
197,38,7.18,68.5,31,88.8,2
197,39,6.78,56.6,13.6,81.9,2
197,40,6.98,56.9,10.7,86.4,2
197,41,6.87,46.8,9.7,90.1,2
197,42,7.31,105,28,98.6,2
197,43,7.34,80.8,22.7,94.6,2
197,44,6.87,103.6,11.6,88.6,2
197,45,7.42,47.7,26.1,89.3,2
197,46,6.95,46.4,6.5,81.6,2
197,47,6.86,86.9,11.7,87.3,2
197,48,7.38,31.6,25.8,88,2
197,49,6.78,107.7,17.6,81.2,2
197,50,6.73,32.6,15.8,84.5,2
198,0,6.89,39.7,33.9,80.8,2
198,1,7.29,36.6,32.8,89.2,2
198,2,7.34,72.5,25.5,95.7,2
198,3,6.83,33.1,27.4,84.6,2
198,4,7.39,52.2,27.5,91,2
198,5,7.05,107.6,14.1,90.2,2
198,6,7.38,67.4,6.1,94.8,2
198,7,7.3,33.3,5.3,94.1,2
198,8,6.71,61.7,5.2,93.1,2
198,9,6.79,48.3,11.3,89.1,2
198,10,6.89,96.1,23.8,94.5,2
198,11,7.49,32.5,9.2,92.7,2
198,12,6.83,87.5,13.3,82.9,2
198,13,7.47,78.7,17.4,85.5,2
198,14,7.11,41.4,8,98.7,2
198,15,7.05,34.2,6.7,91.8,2
198,16,7.09,49.5,5.2,96.9,2
198,17,7.16,98,15.9,94.2,2
198,18,7.06,38.8,31.5,83.9,2
198,19,6.73,50.6,19.9,83.6,2
198,20,7.25,97.2,29.2,86.4,2
198,21,6.99,39,10.6,97.9,2
198,22,6.93,54.1,27.2,97.1,2
198,23,7.37,73,24.5,98.2,2
198,24,6.82,55.9,20.5,82.3,2
198,25,7.19,33.4,29.2,89,2
198,26,7.42,35.6,24.8,82.4,2
198,27,7.01,52,20.7,84.8,2
198,28,7.44,59.6,17.7,81,2
198,29,7.16,108.7,11.3,80.2,2
198,30,6.82,68.9,21.5,83.4,2
198,31,7.06,101.8,5.9,85.2,2
198,32,7.49,85.7,22.6,89,2
198,33,7.16,77.3,12.9,88.2,2
198,34,6.81,43.8,30.1,90.5,2
198,35,7.16,54.1,15.6,83.7,2
198,36,6.73,55.4,21.2,82.6,2
198,37,6.9,92.9,26.2,85.7,2
198,38,6.78,83.1,31.9,92.3,2
198,39,6.78,53.5,23.9,95.3,2
198,40,7.14,36.8,7.7,87.3,2
198,41,7.04,92.6,30.7,90.1,2
198,42,7.2,79.1,20.8,94,2
198,43,7.49,93.1,23.5,87.3,2
198,44,7.1,46.8,24.4,84.2,2
198,45,6.77,49.3,32.6,92,2
198,46,6.87,73.8,34.8,98.9,2
198,47,7.25,108,8.3,92.5,2
198,48,7.02,104.9,11.3,81.9,2
198,49,7.12,93.3,7.8,83.2,2
198,50,7.18,49.6,29.5,86.1,2
199,0,6.72,81.8,11.3,90.6,2
199,1,6.98,100.1,28.3,92.9,2
199,2,7.26,56.8,33.8,90.7,2
199,3,7.04,91.4,31.2,85.9,2
199,4,7.29,45.1,5.2,80.9,2
199,5,6.81,82.5,17,84.6,2
199,6,6.81,57.1,26,92.3,2
199,7,7.18,41,29.3,94.7,2
199,8,7.45,37.1,5.2,90.1,2
199,9,7.46,71.3,16.7,88.1,2
199,10,7.02,44.1,25.7,91.7,2
199,11,7.13,48.3,6.1,92.8,2
199,12,6.98,32.9,16.5,89.9,2
199,13,7.49,61.9,8.2,84.4,2
199,14,7.07,84.3,14.1,82.6,2
199,15,6.89,60.3,34.7,97.5,2
199,16,7.44,89.4,27.6,90,2
199,17,6.99,56.5,10.1,92.5,2
199,18,7.25,83.7,26,94,2
199,19,7.38,78.3,22.5,90.6,2
199,20,6.81,52.7,8,91.5,2
199,21,6.94,58.8,20.7,87.3,2
199,22,7.45,31.8,8.1,85.4,2
199,23,6.75,108.9,8.5,81.4,2
199,24,6.92,98.4,29.1,90.5,2
199,25,7.09,64.2,34.9,95.5,2
199,26,6.77,43.7,9.7,90.5,2
199,27,7.33,36.1,33.6,82.1,2
199,28,7.47,84.8,11.7,98.4,2
199,29,6.96,31.1,22.3,89.8,2
199,30,6.84,109.3,13.6,92.2,2
199,31,6.82,35.5,21.2,96.7,2
199,32,7.44,43,7.9,91.8,2
199,33,7.37,32.6,31.2,82.6,2
199,34,7.08,83.9,8.2,83.7,2
199,35,7.39,101.1,13.1,96.8,2
199,36,6.81,59.6,30,96.4,2
199,37,7.1,66.9,9.8,81,2
199,38,6.83,97.2,18.7,84.8,2
199,39,7.16,99.2,28,98.3,2
199,40,7.03,68.8,17.9,83.4,2
199,41,7.1,77.1,27.6,81.4,2
199,42,7.01,90.4,10.4,98.4,2
199,43,7.15,36.8,17.9,96.3,2
199,44,7.11,92.3,12.5,80.6,2
199,45,7.38,92.3,23.4,90.6,2
199,46,6.77,106.9,13.6,93.7,2
199,47,6.78,86.7,11.2,95.4,2
199,48,7.17,89.3,15.4,97,2
199,49,6.99,109.8,6.9,89.5,2
199,50,7.18,75.1,26.5,92.9,2
200,0,6.85,57.9,29.3,87.2,2
200,1,7.05,36.3,19.8,80.8,2
200,2,7.06,31.4,16.9,88.2,2
200,3,7.38,102.5,23.6,83.5,2
200,4,7.01,34.6,6.8,90.4,2
200,5,6.89,77.7,20.2,82.2,2
200,6,6.72,109.4,5.6,96.6,2
200,7,7.08,55.1,11,82,2
200,8,7.4,76.3,11.2,81.4,2
200,9,7.27,75.5,23.4,97.8,2
200,10,7.31,79.9,27.2,92.2,2
200,11,7.4,59.4,8,90.6,2
200,12,7.02,45.8,31,80.8,2
200,13,7.21,84.1,8.1,96.7,2
200,14,6.74,58.2,10.7,98.8,2
200,15,7.24,93,5.5,86.5,2
200,16,7.37,90.7,23.1,95.1,2
200,17,7.08,38.2,13.6,96.6,2
200,18,7.05,32.1,17.9,95,2
200,19,7.48,32.8,33,96,2
200,20,7.2,88.8,18.1,81.2,2
200,21,6.9,49.7,23.4,82.8,2
200,22,6.78,50.7,23,88.2,2
200,23,7.46,85.4,28.2,90.4,2
200,24,6.81,46.7,28.6,96.3,2
200,25,7.26,84.2,20,80.4,2
200,26,7.13,81.7,31.2,82,2
200,27,7.25,89.2,6,97.6,2
200,28,6.74,85.7,25.9,81.4,2
200,29,7.44,78.4,25.5,96.8,2
200,30,6.82,78,13.3,89.2,2
200,31,7.01,50.2,23.2,82.8,2
200,32,7.29,64.4,29.5,94,2
200,33,7.24,46.4,31,96.3,2
200,34,6.7,76.2,8.2,98.8,2
200,35,6.97,53,18.6,80.6,2
200,36,7.44,35.3,7.4,96.2,2
200,37,7.24,78.4,13.6,86,2
200,38,7.21,77.6,18.8,83.9,2
200,39,6.97,71.8,25.2,81.3,2
200,40,6.88,80.8,22.1,95,2
200,41,6.99,38.6,15.5,90.6,2
200,42,7.15,81.7,21,96,2
200,43,6.85,91.1,7.1,96.1,2
200,44,7.15,90.4,7.4,90.7,2
200,45,6.98,36,33.4,94.9,2
200,46,7.42,64.7,27.4,88.9,2
200,47,7.42,67.2,23.9,85,2
200,48,6.8,33.9,7.7,92.6,2
200,49,7.32,80.4,7.9,94.4,2
200,50,6.88,59.2,27.9,80.8,2
