Reactor,Day,pH,DO,CO2,Cell_Density,Cell_Viability,Product_Titer
1,0,7.43,46.4,39.2,21.9,91.2,0.2
1,1,6.79,33.3,87.1,15.9,86.5,0.2
1,2,7.26,39.2,54.5,11.2,87.7,0.3
1,3,6.82,31.6,62.2,16.5,87.3,0.3
1,4,6.7,44.4,79.4,26.6,84.5,0.3
1,5,7.48,30.4,93.5,6.1,81.6,0.4
1,6,6.87,49.9,80.9,6.5,97.2,0.4
1,7,7.02,42.5,105,27.4,84,0.4
1,8,7.19,45.3,48,31,98.3,0.5
1,9,7.29,45,37.9,32.7,84.4,0.5
1,10,6.95,43.1,105.7,25.3,94.6,0.6
1,11,6.78,48.8,79.9,19,89.2,0.6
1,12,6.79,32,82.6,11.8,90.2,0.6
1,13,7.12,34.8,49.4,22.7,88.7,0.6
1,14,7.49,31,51.2,14,97.5,0.7
1,15,6.94,40.5,36.1,24.8,98.9,0.7
1,16,6.92,31.1,109.5,31.5,93.4,0.8
1,17,7.01,45.7,35.7,7.9,82.5,0.8
1,18,7.11,30.5,91.4,7.1,87.3,0.8
1,19,7.18,48.7,101,11.8,98.6,0.9
1,20,6.77,35.8,88.5,16.7,80.1,0.9
1,21,7.34,37.3,89.3,22.8,88.9,0.9
1,22,7.27,49.4,43.8,26.1,84.8,1
1,23,6.97,49,54.5,12.8,80.7,1
1,24,6.88,47.1,82.6,11.7,86.2,1
1,25,7.19,33.1,35.5,10.6,93.2,1.1
1,26,7.36,40.1,87.7,18.9,86.8,1.1
1,27,7.24,37.9,34.8,12.6,97.4,1.2
1,28,6.8,49.9,63.3,31.7,83.2,1.2
1,29,7.17,39.9,55.3,24.2,92.9,1.2
1,30,7.49,34.5,79.6,11.1,98.9,1.3
1,31,7.18,40.8,92.8,6.6,94.6,1.3
1,32,7.17,40.2,92.6,32.2,83.8,1.3
1,33,7.46,32.5,57,18.5,91.4,1.4
1,34,7.24,46.1,107.9,32.1,88.8,1.4
1,35,7.35,45.6,65,29.2,86.5,1.4
1,36,7.1,45.9,107.2,29.7,87,1.5
1,37,7.35,39.2,43.9,33.2,82.7,1.5
1,38,6.94,30.1,70.4,32.3,92.5,1.5
1,39,7.13,47.4,99.1,11,83.3,1.6
1,40,7.37,32.3,31.4,34.8,87.7,1.6
1,41,6.96,48.5,56.4,9.6,96.3,1.6
1,42,6.72,38.5,51.4,25,97.8,1.7
1,43,7.08,37.7,78,28.9,87.9,1.7
1,44,6.77,47.3,63,34.4,92.6,1.8
1,45,6.76,48.2,39.1,5,90.2,1.8
1,46,7.08,39.7,109,10.2,87,1.8
1,47,6.74,35.7,87.3,34.6,85.5,1.9
1,48,7.3,36.2,79.3,16.1,93,1.9
1,49,6.81,32.5,50.7,26.5,89.8,1.9
1,50,6.85,44.4,98.7,9.9,91.2,2
2,0,7.02,41.2,107.7,19.6,98.5,0.2
2,1,7.49,41.5,86.1,16,90.8,0.2
2,2,6.88,38.7,95.6,21.5,88.4,0.3
2,3,6.76,44.6,101.8,32.7,83.9,0.3
2,4,7.33,34,104.1,25.9,86,0.3
2,5,6.83,49.9,43.5,23.9,97,0.4
2,6,6.94,32.8,93.2,32,95.7,0.4
2,7,7.22,48.7,106.6,27.5,82,0.4
2,8,7.39,30.8,100.6,21.4,93.9,0.5
2,9,6.84,45.7,44.2,8.6,84.8,0.5
2,10,7.36,44.4,66.8,6.3,91.4,0.6
2,11,6.93,42,70.2,15.2,80.4,0.6
2,12,7.27,41.6,86.3,17.8,80.8,0.6
2,13,7.32,31.2,105,25.2,84.8,0.6
2,14,7.06,37,48,15.9,81.2,0.7
2,15,6.8,33.1,33.6,34.2,90.3,0.7
2,16,7.09,42.4,54.5,10.2,93.3,0.8
2,17,6.84,45.5,38.5,6.2,82.1,0.8
2,18,7.35,33.4,106.6,32.6,83.6,0.8
2,19,6.91,48.6,99.7,19.4,86.9,0.9
2,20,6.94,36.7,43.2,33.6,87,0.9
2,21,6.81,35.3,79.8,5.1,96.8,0.9
2,22,7.45,36.9,44.4,32.4,89.8,1
2,23,6.83,31.7,97.7,27.8,82.2,1
2,24,7.06,48.8,66.1,34.8,83.5,1
2,25,6.99,36.5,80.5,8.4,82,1.1
2,26,7.4,37.2,42.9,19.6,87.2,1.1
2,27,7.4,32,75.5,14.6,84.9,1.2
2,28,7.16,34.6,44.7,11.9,90.9,1.2
2,29,7.07,36.8,64.8,12,92.1,1.2
2,30,7.12,47.3,84.4,33.7,96.7,1.3
2,31,7.48,35.1,79.5,19.9,83.2,1.3
2,32,6.7,32,38.5,17.2,88.4,1.3
2,33,6.75,41.7,49.5,18.9,92.3,1.4
2,34,7.47,38,95.2,10.5,82.6,1.4
2,35,7.19,45.3,87.7,18.6,98.1,1.4
2,36,7.45,41.6,80,29.3,84.4,1.5
2,37,6.73,42.3,41.1,9.2,94.4,1.5
2,38,6.95,38.6,61.7,28.9,87,1.5
2,39,7.25,30.1,95.4,20.4,85.3,1.6
2,40,6.74,35.9,41.4,19.2,97.7,1.6
2,41,7.19,35.7,48.9,13.4,87.2,1.6
2,42,7.06,30.6,44.6,21.1,94.3,1.7
2,43,6.81,43.8,31.1,13.4,81.6,1.7
2,44,7.32,34.7,54.8,16.9,88.9,1.8
2,45,7.04,46.8,47.8,14.2,80.9,1.8
2,46,7,30.5,62.4,18.3,89.7,1.8
2,47,7.08,42.8,71.1,27.2,85.3,1.9
2,48,7.4,47.7,47.6,33.5,88.6,1.9
2,49,7.4,49.5,53.2,23.2,96.3,1.9
2,50,7.17,46.6,45.7,10.6,87.7,2
3,0,6.95,32.1,46.5,27.8,97.9,0.2
3,1,7.17,44.7,109.2,11.8,87.2,0.2
3,2,7.16,37.3,60.6,9.9,92.5,0.3
3,3,6.94,45.1,58.3,20.9,85,0.3
3,4,7.29,49.8,75.3,7.1,87.6,0.3
3,5,7.44,46.2,95.5,25.7,91.5,0.4
3,6,6.94,45.9,108.5,8,88.4,0.4
3,7,6.85,49.3,51.1,32.9,81.2,0.4
3,8,7.23,39.6,85.9,26.8,85.9,0.5
3,9,7.07,49.8,97.9,8.5,87.6,0.5
3,10,7.19,33.5,64,13.1,83.6,0.6
3,11,7.24,46.2,50.8,19.6,93.6,0.6
3,12,6.71,49.4,69.7,30.1,95.8,0.6
3,13,6.79,37.7,30.2,9.3,82.4,0.6
3,14,7.17,44.7,89.6,30.2,90.1,0.7
3,15,7.44,42.5,97.2,6.5,80.6,0.7
3,16,7.29,37.3,65.1,30.4,93.3,0.8
3,17,6.89,42,61,9.8,94,0.8
3,18,7.43,49.5,76.9,14.3,84.9,0.8
3,19,6.76,39.2,70.3,32.1,81.6,0.9
3,20,6.86,37.8,50.7,19.7,95.3,0.9
3,21,7.22,33.7,64.2,8.5,93.3,0.9
3,22,7.14,43.2,92.4,18.4,82.6,1
3,23,7.12,30.1,33.3,13.5,80.8,1
3,24,6.71,30.9,30.8,26.6,98.9,1
3,25,6.92,32.2,97.3,17.6,87.2,1.1
3,26,7.21,46.3,101.2,17.8,97,1.1
3,27,7.47,45,32.1,28.8,84,1.2
3,28,7.38,41.5,60.2,6.2,88.6,1.2
3,29,7.44,42.6,55,22.5,95.9,1.2
3,30,6.89,44.2,99.9,6.9,94.5,1.3
3,31,6.73,36.5,61.8,9.8,94.1,1.3
3,32,7.16,43.9,58,15.8,92.2,1.3
3,33,6.77,34.1,33.6,20.2,93.4,1.4
3,34,6.75,45.5,85.1,6.6,93.1,1.4
3,35,6.84,41.7,73.5,11.1,92.1,1.4
3,36,7.46,44,54.1,12.8,88.3,1.5
3,37,7.17,38.7,35.1,11.3,98.5,1.5
3,38,7.46,49.5,30.1,34.6,94.1,1.5
3,39,7.1,37.5,89.3,21.7,92.3,1.6
3,40,7.08,40.4,40.4,20.3,99,1.6
3,41,6.88,44.1,68.4,26.4,97.4,1.6
3,42,7.02,39.8,80.9,5.5,98.8,1.7
3,43,7.47,47.6,54.1,20,95.8,1.7
3,44,7.38,44.6,95.5,30.3,97.7,1.8
3,45,7.36,42.6,69.3,25.6,82.9,1.8
3,46,7.44,35.7,91.9,32.8,93.3,1.8
3,47,7.02,39.3,75.5,9.3,88.2,1.9
3,48,7.38,33,55.6,6.5,93.9,1.9
3,49,6.81,33.8,68,31.3,93.1,1.9
3,50,7.18,31.7,36.4,25.5,98,2
4,0,7.21,32.8,68,26.2,91.7,0.2
4,1,6.77,38.6,48.7,15.6,92,0.2
4,2,6.83,49.4,64.9,11.4,89.9,0.3
4,3,6.88,31.9,64.1,34.8,87.7,0.3
4,4,7.34,38,78.6,33.5,81.8,0.3
4,5,7.21,49.6,34.7,17.3,89.3,0.4
4,6,7.2,36.3,34.6,25.9,90.7,0.4
4,7,6.84,38.7,69.3,25.4,95.8,0.4
4,8,6.82,43,39.2,20.3,94.9,0.5
4,9,6.71,44.5,98.3,34.8,98.9,0.5
4,10,6.73,40.8,76.2,9,94.7,0.6
4,11,6.97,40.8,41.6,11.1,83.8,0.6
4,12,7.42,46.5,88.7,26.9,81.2,0.6
4,13,7.32,43.6,79.1,33.7,95.9,0.6
4,14,7.19,31.8,53.5,33.7,94.3,0.7
4,15,6.88,47.8,104.9,15.6,94.7,0.7
4,16,6.79,34.4,84,21.5,85,0.8
4,17,6.85,45.1,72.4,31.2,87.2,0.8
4,18,7.13,35.7,107.7,18.7,86.2,0.8
4,19,6.98,31.7,87.8,34.8,81.2,0.9
4,20,7.16,42.9,72.8,7.2,96.7,0.9
4,21,7.2,43.6,92.3,11.3,86.1,0.9
4,22,6.86,40.2,52.4,25.7,85.8,1
4,23,7.45,48.1,63.6,33.6,83.4,1
4,24,7.45,46.9,73,12.7,82.1,1
4,25,7.22,37,73,20.9,89,1.1
4,26,7.42,44.9,58,33.5,94.3,1.1
4,27,7.4,47.5,61,34.8,86.6,1.2
4,28,6.89,35,83.6,23.9,84.5,1.2
4,29,6.7,32.2,96.8,19.5,94.3,1.2
4,30,6.95,36.9,105.9,15.2,96.1,1.3
4,31,7.06,36.4,45.3,5.1,80.9,1.3
4,32,6.98,40.6,88.3,25.1,88.4,1.3
4,33,7.46,35.8,57.2,30.7,96.7,1.4
4,34,7.48,38.2,83.5,30.1,97.5,1.4
4,35,7.06,39,96.6,18.1,94.1,1.4
4,36,7.18,47.9,45.1,24.1,90.1,1.5
4,37,7.33,45.3,100.9,11.7,91.4,1.5
4,38,7.31,43.6,67.2,21.3,94.9,1.5
4,39,7.21,31.7,46.7,5.7,83.8,1.6
4,40,6.81,30.9,54.1,25.3,91.2,1.6
4,41,6.89,37.5,49.1,22.9,94.7,1.6
4,42,6.7,45.7,84.6,9.5,88.4,1.7
4,43,7.45,34.9,91,15,93.5,1.7
4,44,7.26,44.6,89.1,10,82.1,1.8
4,45,7.36,40,103.8,16.9,88.7,1.8
4,46,7.36,32.8,105.4,18.4,98.3,1.8
4,47,7.48,41.7,74.7,29.3,85.9,1.9
4,48,7.18,31.2,51.2,23,93.3,1.9
4,49,7.12,37.6,85.1,30.3,81.9,1.9
4,50,7.21,39.9,104.8,30.8,87.9,2
5,0,6.72,31.2,68.2,18.3,87.8,0.2
5,1,6.91,37.6,93.6,21.9,96.1,0.2
5,2,7.29,38.5,81.1,5,81,0.3
5,3,6.97,40.9,40.7,28.6,93.3,0.3
5,4,7.27,39.7,30.7,18.3,85.2,0.3
5,5,6.89,35.2,38.6,26.6,92.1,0.4
5,6,6.88,48,55.4,31,90.9,0.4
5,7,7.04,49.7,101.1,25.5,92.4,0.4
5,8,7.33,37.1,80,6.7,98.2,0.5
5,9,7.27,37.1,87.9,14.8,98.4,0.5
5,10,7.5,33.7,43,9.5,82.9,0.6
5,11,7.19,39.6,81.9,17,87.8,0.6
5,12,6.81,34.2,105.1,19,83.3,0.6
5,13,6.95,38.3,30.6,8.3,83.4,0.6
5,14,6.85,40.7,35.2,32.5,94.2,0.7
5,15,6.9,31.9,56.2,31.5,84.6,0.7
5,16,7.49,44,80.4,14,90.1,0.8
5,17,7.13,32.6,52.6,32.4,85,0.8
5,18,6.86,39.6,46.7,15.4,82,0.8
5,19,6.81,42.2,78.5,21.8,97.3,0.9
5,20,7.18,33.1,76.5,9.9,83.5,0.9
5,21,6.94,32.6,51,13.8,96.5,0.9
5,22,6.93,47.3,45.2,21.2,92.8,1
5,23,7.05,45.2,75.5,24.2,83,1
5,24,6.92,43.2,80.7,11.3,88,1
5,25,6.92,31.4,67.3,16.3,94.6,1.1
5,26,7.26,42.6,41,26.9,92.9,1.1
5,27,6.82,39,61.6,5.3,98.9,1.2
5,28,7.35,44.3,88.9,13,81.9,1.2
5,29,7.31,42.7,53.9,18.2,95.8,1.2
5,30,7.29,44.8,35.8,22.1,87.5,1.3
5,31,6.75,30.6,36.9,14.2,92.8,1.3
5,32,6.99,37.9,77,12.9,81.2,1.3
5,33,6.92,34.2,75.2,18.6,86.9,1.4
5,34,7.22,38.6,96.4,31.6,86.1,1.4
5,35,7.21,40.4,34.8,23.8,90.2,1.4
5,36,7.05,45.6,51.1,13.9,88.4,1.5
5,37,6.85,34.9,103.9,31.5,92.6,1.5
5,38,7.22,33.1,59.3,26.7,94.6,1.5
5,39,6.99,32,58,6.5,80.5,1.6
5,40,7.24,30.6,40.7,22.9,97.2,1.6
5,41,7.09,44.3,34.7,9.3,86.5,1.6
5,42,7.1,37.7,65.2,28.2,80.1,1.7
5,43,6.87,33.2,35.9,7.2,83.3,1.7
5,44,7.46,47.8,71.6,20.4,94.4,1.8
5,45,6.79,48.7,47.4,29.7,90.9,1.8
5,46,7.24,32.9,98.4,31.8,88.9,1.8
5,47,7.09,33.6,54.7,23.5,91.2,1.9
5,48,7.27,33.3,42.1,13.7,85.8,1.9
5,49,6.87,37.8,43.1,33.9,95.6,1.9
5,50,7.31,30.3,107.9,11.4,97,2
6,0,7.19,44.6,55.7,16.2,84.3,0.2
6,1,6.79,32.8,98.9,16.7,86.5,0.2
6,2,7.25,43.8,95.4,7.1,95,0.3
6,3,7.43,40.5,104.7,16.7,93.2,0.3
6,4,6.9,35.9,39.7,20.3,97.2,0.3
6,5,6.71,40.3,105.1,18.9,94.8,0.4
6,6,7.18,44.3,82.1,27.2,88.5,0.4
6,7,7.01,43.7,103.7,21.6,94.9,0.4
6,8,7.44,40.3,67.4,28.2,82.8,0.5
6,9,7.39,44,109.8,19.8,85.7,0.5
6,10,7.22,38.9,84.7,12.1,94.2,0.6
6,11,7.03,40.4,79.5,13.6,85.6,0.6
6,12,6.84,43.8,101.7,30.2,87.5,0.6
6,13,7.42,48.3,33.8,27.8,94,0.6
6,14,7.4,30.6,96.7,19.4,84.2,0.7
6,15,6.86,44.9,84,15,96,0.7
6,16,7.33,42.2,87.4,32.5,96.1,0.8
6,17,7.06,35.1,40.4,14.8,98.9,0.8
6,18,7.16,37.3,46.1,32.4,92.2,0.8
6,19,6.85,44.3,50.9,27.3,89.8,0.9
6,20,7.42,37.8,62.5,27.6,96.6,0.9
6,21,7.25,34.3,34,19.4,89.2,0.9
6,22,6.85,33.7,85.7,24.5,98.3,1
6,23,6.9,39.5,79.4,21,81.4,1
6,24,7.25,37,39.2,5.9,93.9,1
6,25,7.44,47.7,51.2,8,90.8,1.1
6,26,7.29,35.5,42.4,22.7,91.1,1.1
6,27,7.13,42.2,105.5,13.6,96.1,1.2
6,28,7.26,37,93.7,22.8,94.9,1.2
6,29,6.93,49.4,40.5,6.6,84.5,1.2
6,30,7.1,33.4,88.6,5.2,86.3,1.3
6,31,7.1,33.6,37.5,17.6,91.6,1.3
6,32,6.82,39.2,50.7,19.3,82.5,1.3
6,33,6.9,34.1,105,32.8,98.6,1.4
6,34,6.74,37,94.7,25.9,95,1.4
6,35,7.19,30.7,52,22.5,92.3,1.4
6,36,7.01,48.4,59.1,9.4,80.6,1.5
6,37,7.43,39.5,66.3,13.4,82.7,1.5
6,38,6.96,38,86.4,26.1,86.5,1.5
6,39,7.15,35.9,34.9,11.6,86.8,1.6
6,40,6.94,37.8,75.9,26.3,84.6,1.6
6,41,6.74,36.1,99.8,6.4,88.4,1.6
6,42,7.47,37.9,49.5,22,98.6,1.7
6,43,6.77,43,55.2,16.2,96.8,1.7
6,44,7.11,40.5,92.5,25.6,93.2,1.8
6,45,7.06,32.6,38.3,9.7,97.4,1.8
6,46,7.29,49.9,87.3,23.6,96.5,1.8
6,47,7.11,38.4,97.5,28.1,88.5,1.9
6,48,7.21,46.3,91.8,27.2,90,1.9
6,49,7.15,33.1,38.1,21.9,80,1.9
6,50,7.24,37,65.7,22,96.8,2
7,0,7.42,44.7,101.9,22.6,90,0.2
7,1,6.8,49.4,51.7,24.5,82.7,0.2
7,2,6.76,42.5,33.5,18.3,93.7,0.3
7,3,7.03,37.7,84.3,14.2,95.7,0.3
7,4,6.88,42.1,51.7,29,83.5,0.3
7,5,6.81,43.4,75.1,14.9,92.6,0.4
7,6,7.23,35.4,49.1,18.5,85.5,0.4
7,7,6.9,30.6,103,8.3,88,0.4
7,8,7.09,44.4,61,25.8,94.4,0.5
7,9,6.76,41.3,59.1,12.3,94.7,0.5
7,10,7.49,41.3,95.3,32.4,97,0.6
7,11,7.16,42,30.4,31.3,87.5,0.6
7,12,7.2,40.9,97.3,23,90.6,0.6
7,13,7.22,37.8,30.9,25.1,94.3,0.6
7,14,7.35,49.1,40.3,15,82.2,0.7
7,15,7.46,44.1,50.2,16.8,98.1,0.7
7,16,7.45,34.4,69,33.7,98.9,0.8
7,17,7.5,36.4,99.2,23.4,91.9,0.8
7,18,7.26,31.5,41.6,34.2,91.2,0.8
7,19,7.4,48.9,80.1,21.8,81.9,0.9
7,20,7.3,47.3,103.8,22.6,87.9,0.9
7,21,7.32,40.8,95.4,6,85.9,0.9
7,22,7.11,31.2,99.1,13.7,86,1
7,23,7.03,35.4,69.9,10,80,1
7,24,6.96,47.2,50.4,16.1,86.8,1
7,25,6.92,43.9,54.2,15.4,82.5,1.1
7,26,6.96,35.7,67.9,28,84.9,1.1
7,27,6.86,35.8,67.9,18.5,93.7,1.2
7,28,7.07,36.3,74.9,9.5,88.8,1.2
7,29,7.31,35,31.2,19,91,1.2
7,30,6.89,34,97,19.7,95,1.3
7,31,7.16,42.8,70.8,19.7,84.2,1.3
7,32,7.15,47.6,108.6,14.6,87.2,1.3
7,33,6.81,32.8,34.7,6.3,90.7,1.4
7,34,7.42,34.6,78.7,33.5,95.4,1.4
7,35,7.29,35.7,105.3,33.2,90,1.4
7,36,6.72,46.2,109.6,31.3,83,1.5
7,37,6.9,46.3,69.6,30.8,93.9,1.5
7,38,6.97,40.7,55.3,24.9,90.1,1.5
7,39,7.26,46.5,97.2,32.3,81,1.6
7,40,6.82,42.4,99.3,27.7,96.5,1.6
7,41,6.88,41.9,54,26.6,90.5,1.6
7,42,7.42,38.1,81.4,11.6,87.2,1.7
7,43,7.23,36,34,29.7,85.3,1.7
7,44,7.32,45.5,43.5,24,83.6,1.8
7,45,6.84,44,67.9,33.6,93.7,1.8
7,46,7.32,47.1,86.6,29.2,81.1,1.8
7,47,7.31,34.3,91.2,23.3,87,1.9
7,48,7.21,31.9,43.5,26,93.9,1.9
7,49,7,35.9,62.7,25.1,83.9,1.9
7,50,6.8,44.8,74.2,18.4,94.1,2
8,0,7.26,44.8,95.1,23.5,90.6,0.2
8,1,6.88,41.3,67.6,29.1,84.7,0.2
8,2,7.16,32.7,97.1,34.4,81.6,0.3
8,3,7.47,37.4,62.3,34.9,94.5,0.3
8,4,6.91,48.1,63.9,10.3,87.4,0.3
8,5,7.48,39.5,104.5,19.6,87.2,0.4
8,6,6.88,48.2,45.9,21,98.4,0.4
8,7,7.4,40.6,73.9,28.2,97.7,0.4
8,8,7.05,48.6,107.6,17.1,81.5,0.5
8,9,7.44,33.5,73.9,16.2,93.5,0.5
8,10,6.97,40.5,53.2,14.2,87.6,0.6
8,11,7.07,42.9,98.2,28.7,95.8,0.6
8,12,7.44,37.5,98.6,7.1,91.8,0.6
8,13,7.5,41.1,49.6,15.5,84.3,0.6
8,14,7.5,44.4,61.4,9.9,94,0.7
8,15,7.47,31.1,55.2,26.2,87.1,0.7
8,16,7.32,46.5,74.3,30.9,93.2,0.8
8,17,6.87,30.8,48.1,14.1,82.6,0.8
8,18,6.71,39.3,62.2,10.7,90.8,0.8
8,19,6.93,38.1,78.6,23,85.7,0.9
8,20,6.74,30.3,46.3,26,88.9,0.9
8,21,7.24,45.7,39.4,30.1,85.1,0.9
8,22,7.27,43,35.3,5.7,98.2,1
8,23,7.4,39.6,92.4,7.4,82,1
8,24,6.94,47.2,98.6,32.4,97.8,1
8,25,6.84,35.9,94.2,17,89.5,1.1
8,26,7.31,33.1,76.1,26,97.2,1.1
8,27,6.9,37.7,91.6,5.7,91.2,1.2
8,28,7.3,34.5,47.8,9.8,91.8,1.2
8,29,6.85,30.9,77.5,7.2,88.1,1.2
8,30,7.36,40.9,69.3,20.2,82.8,1.3
8,31,6.77,45.4,63.1,19.2,91.5,1.3
8,32,6.78,34.5,108.7,17.2,88,1.3
8,33,6.91,36.8,45.7,19.7,85,1.4
8,34,7.15,43.3,76.6,29.4,93.6,1.4
8,35,7.42,44.1,35.9,21.1,84.5,1.4
8,36,6.96,48.8,54.7,7.8,85.3,1.5
8,37,6.71,37.3,90.7,10.8,85.6,1.5
8,38,7.31,39,59.3,17.4,84,1.5
8,39,6.84,33.6,38.7,10.4,97.8,1.6
8,40,7.13,39.4,62.8,8,96.1,1.6
8,41,7.23,38.3,43.7,6.9,92.8,1.6
8,42,6.89,43.7,88.7,24.1,94.7,1.7
8,43,6.99,47.9,74.5,20,82.8,1.7
8,44,6.96,47.3,83.5,27.3,92,1.8
8,45,7.17,39.9,70.5,15.8,83.1,1.8
8,46,7.48,36.7,78.9,7,96.1,1.8
8,47,7.37,36.1,107.8,9.6,86.9,1.9
8,48,6.83,39.7,103.3,13.8,90.9,1.9
8,49,7.28,45,90.7,26.9,95.8,1.9
8,50,6.89,35.6,102,6.9,85.2,2
9,0,6.81,34.2,44.6,32.1,85.4,0.2
9,1,6.77,46.8,97.4,9,92.3,0.2
9,2,6.94,37.9,92.1,16.9,93.9,0.3
9,3,7.49,42.5,48.9,33,96,0.3
9,4,6.98,46.3,43.9,15.4,83.7,0.3
9,5,7.33,47.5,53.4,14.8,94.4,0.4
9,6,7.26,46.8,32.4,30.1,86.6,0.4
9,7,7.27,42.5,61.2,10.5,98.8,0.4
9,8,7.41,48.1,74.6,34.3,81.1,0.5
9,9,6.96,38.1,71.6,28.5,87.4,0.5
9,10,6.78,30.5,71,22.9,93.4,0.6
9,11,7.08,42.4,83.2,20.2,80.1,0.6
9,12,6.98,34.5,42.7,27.6,89.5,0.6
9,13,7.19,33.3,51,11.1,82.1,0.6
9,14,6.72,42.3,60.3,24.1,94.7,0.7
9,15,6.7,38.9,43.4,30.1,94.2,0.7
9,16,6.8,46,100.8,31.8,87.3,0.8
9,17,6.89,33.2,31.7,30.8,96.5,0.8
9,18,7.09,40.1,41.2,22.4,94.2,0.8
9,19,6.98,45,34.5,27.9,94.2,0.9
9,20,7.24,38.9,43.9,12.9,87.1,0.9
9,21,6.9,42.4,36,20.3,87.6,0.9
9,22,7.01,35.1,34.1,15.4,84.3,1
9,23,7.09,34.7,43.7,31.4,89.1,1
9,24,7.17,33.2,43.2,28.7,84,1
9,25,6.81,32.6,94.7,17.5,90.1,1.1
9,26,7.28,47.7,109.9,7.8,86.8,1.1
9,27,7.28,32.8,41.6,22.4,90.9,1.2
9,28,7.08,35.7,87.6,15.4,82.3,1.2
9,29,7.03,48,52.7,12.2,93,1.2
9,30,7.28,49.6,84.3,7.9,92.6,1.3
9,31,7.3,45,68.2,22.1,95.3,1.3
9,32,6.91,47.2,104.8,27.3,90.9,1.3
9,33,6.98,45.2,95.5,33.7,87.1,1.4
9,34,7.2,30.9,53.3,12.7,80.4,1.4
9,35,7.38,35,107.5,21.6,91,1.4
9,36,6.8,30.3,63.4,15.5,87.6,1.5
9,37,6.76,37.2,83.5,24.3,87.8,1.5
9,38,7.49,32.1,41.1,15.2,86.3,1.5
9,39,7.43,40.8,52,22.1,85.8,1.6
9,40,7.2,42.2,76.1,18,83.9,1.6
9,41,7.03,31.1,83.8,31.1,81.8,1.6
9,42,6.9,34.5,77.3,22.6,84.9,1.7
9,43,6.93,45.5,82.9,32.7,98.9,1.7
9,44,7.18,30.8,48.2,29.4,85.6,1.8
9,45,7.11,35.4,107.2,8.9,89.2,1.8
9,46,7.49,45,70.5,19.6,92.9,1.8
9,47,6.85,50,81.9,10.8,93.1,1.9
9,48,7.11,36.6,60.5,32.4,87.7,1.9
9,49,7.15,39.4,64.1,27.7,85.8,1.9
9,50,6.95,32.6,100.7,32.5,97.9,2
10,0,6.8,30.6,68,19.1,83.8,0.2
10,1,7.09,40.6,46.2,17,88.5,0.2
10,2,7.18,46.5,30.3,5.9,82.7,0.3
10,3,6.76,36.4,79.1,30.1,92.7,0.3
10,4,7.28,35.8,39.8,7.5,87.6,0.3
10,5,7.2,48.5,67.2,32.1,81.3,0.4
10,6,7.14,33.5,65.8,12.9,94.9,0.4
10,7,7.44,32.2,72.2,8.3,87.1,0.4
10,8,7.3,33.5,54,18.7,83.3,0.5
10,9,6.92,34.4,62,13.2,94.3,0.5
10,10,7.06,48,89.5,25.1,83.7,0.6
10,11,6.84,33.9,34.2,22.4,87.8,0.6
10,12,7.16,33.1,44.6,16.9,88.8,0.6
10,13,6.78,49.1,57,14,93.8,0.6
10,14,6.71,31.8,64.6,13.7,84.7,0.7
10,15,7.23,30.2,34.6,18.9,80.8,0.7
10,16,7.25,41.2,94.5,27.9,98.3,0.8
10,17,6.83,47.3,102.4,8.4,86.5,0.8
10,18,6.76,42.1,60.3,13.1,88.9,0.8
10,19,7.24,48.7,51.1,11.9,83.6,0.9
10,20,7.3,49.5,43.4,18.6,93.6,0.9
10,21,7.24,31.2,66.7,13.9,85.5,0.9
10,22,6.9,41.9,66.4,7.3,90.7,1
10,23,7.05,45.3,107.2,14.5,86.9,1
10,24,7.23,43.1,31.6,14,80.4,1
10,25,7.48,42.8,49.3,24.6,89.5,1.1
10,26,6.72,41.8,66.7,33.3,89.8,1.1
10,27,6.79,32.2,80.1,28.7,98.7,1.2
10,28,7.35,42.2,97.8,21.8,92.1,1.2
10,29,7.01,46.5,34.1,19.5,89.3,1.2
10,30,6.75,38.6,76.4,13.6,91,1.3
10,31,7.01,48.8,109.9,18.8,82.1,1.3
10,32,7.4,41.1,79,27.4,90.4,1.3
10,33,6.99,41.3,81.3,9.6,89.1,1.4
10,34,6.71,48.1,57.3,17.5,97.3,1.4
10,35,7.33,47.8,103.4,19.4,96.4,1.4
10,36,6.81,49.6,37.7,10.8,93.3,1.5
10,37,7.09,49.7,90,7,84.7,1.5
10,38,7.28,41.8,83.4,18.6,93.8,1.5
10,39,6.72,45.8,69.5,9.9,95.6,1.6
10,40,7.33,47.2,106.4,21.3,84,1.6
10,41,7.37,46.6,86.9,33.6,98.2,1.6
10,42,7,46,43.1,7.8,81.2,1.7
10,43,6.96,38.2,40.9,28.3,81.1,1.7
10,44,6.73,48,78.4,17.5,97.5,1.8
10,45,7.31,38.4,76.1,19.8,85.5,1.8
10,46,7.22,48.6,70.5,22.4,90.1,1.8
10,47,7.41,35,35.3,17.4,88.1,1.9
10,48,7.46,43.9,93.4,18.8,93.4,1.9
10,49,6.84,37.3,69.5,7.4,96.9,1.9
10,50,6.74,34.9,37,29.2,97.7,2
11,0,7.29,48.6,61.7,5.9,81.6,0.2
11,1,7.08,47.1,56.8,23.8,85.3,0.2
11,2,7.29,45,59,20.1,97.5,0.3
11,3,6.73,45.3,34.5,11.5,85.5,0.3
11,4,7.43,38.7,72.9,19.3,82.8,0.3
11,5,7.1,36.6,71.1,14.9,96.7,0.4
11,6,7.27,46.3,67.2,13.2,96.3,0.4
11,7,6.8,39.1,105.8,28.3,97.3,0.4
11,8,7.25,46.7,78.1,30.9,91.8,0.5
11,9,6.78,38.4,63.7,19,99,0.5
11,10,7.45,36.6,70.1,16.1,94.7,0.6
11,11,6.83,37.5,90.5,33.4,92.7,0.6
11,12,7.49,45.5,46.4,10,92.8,0.6
11,13,7.12,47.4,97.9,16.1,86.2,0.6
11,14,6.71,46.7,45.1,34.8,83,0.7
11,15,7.48,48.4,41.5,28.4,80.6,0.7
11,16,7.46,47.3,33.9,10.4,88.6,0.8
11,17,7.36,48.8,62.8,16,85.3,0.8
11,18,6.86,46.3,63.5,13.8,97.8,0.8
11,19,6.78,34.4,39.2,26,85.6,0.9
11,20,6.73,33.8,85.2,34.2,95.7,0.9
11,21,6.82,47.8,65.4,6.8,81.1,0.9
11,22,6.7,49.8,87.2,23,90.9,1
11,23,6.89,39.1,106.2,29.7,90.4,1
11,24,7.12,41.6,31.7,20.6,83.2,1
11,25,6.82,33.9,96.6,18.4,90.4,1.1
11,26,7.18,41.8,106.8,25.9,89.4,1.1
11,27,7.29,33,66.2,23.2,88.7,1.2
11,28,6.73,30.7,41.4,12.4,98.9,1.2
11,29,6.97,41.2,81.3,21.1,93.7,1.2
11,30,6.73,44.2,94.5,24,91.9,1.3
11,31,7.18,39.6,108.6,13.8,90.9,1.3
11,32,7.45,48.6,69.1,6.2,87.6,1.3
11,33,7.18,39.1,103.1,12.7,90.7,1.4
11,34,7.06,37.6,86.2,9.3,84.7,1.4
11,35,6.85,42.2,94.1,16.1,91.8,1.4
11,36,7.4,36.1,71.4,12.4,84.1,1.5
11,37,7.27,34.2,103.3,11.4,85.9,1.5
11,38,7.36,43.2,108.5,17.6,96.9,1.5
11,39,6.71,37.9,81.9,26.2,83.1,1.6
11,40,7.23,30.5,63.6,26.6,92.8,1.6
11,41,6.87,45.1,105.2,13.8,98.6,1.6
11,42,6.93,37.4,57.4,19.6,96.6,1.7
11,43,7.34,35.5,32.4,20.1,85.8,1.7
11,44,7.46,41.4,68.6,31.3,95.1,1.8
11,45,6.75,42.8,70.7,32.8,83,1.8
11,46,7.32,33.8,82.9,21.9,89.9,1.8
11,47,6.96,38.9,39.7,5.9,91.7,1.9
11,48,7.41,36.3,46.6,23.5,94,1.9
11,49,7.38,31.7,81.8,9.8,89.9,1.9
11,50,7.09,44.5,90.5,34.8,80.6,2
12,0,6.83,48.7,46.3,19.1,94.2,0.2
12,1,7.14,32.4,70.5,17.9,93.4,0.2
12,2,7.08,44.3,90.9,9.8,98.6,0.3
12,3,7.39,30.1,82.1,20.8,87,0.3
12,4,6.76,44.8,104.2,25.4,96.8,0.3
12,5,7.02,49.1,39.5,33.9,94.1,0.4
12,6,7.5,41.7,103.8,24.1,98.3,0.4
12,7,6.84,34.3,58,21.2,86.4,0.4
12,8,6.98,32.5,94.2,23,90,0.5
12,9,7.47,40.6,62.5,16.2,95.5,0.5
12,10,7.29,47.4,78.4,21.5,94.2,0.6
12,11,6.85,48.8,105,26.3,80.4,0.6
12,12,7.22,40.3,39.4,26,94.7,0.6
12,13,7.5,32.9,81.7,21.4,87.8,0.6
12,14,7.48,40.4,96.1,7.6,97,0.7
12,15,7.21,36.2,106.1,32.1,98.2,0.7
12,16,6.74,43.6,102.4,25.4,93.9,0.8
12,17,6.74,36.5,73.5,14.7,82.6,0.8
12,18,7.22,48.5,95.7,26.1,97.9,0.8
12,19,7.14,44.6,69.1,8.7,80.1,0.9
12,20,7.41,49,101.7,15.5,95,0.9
12,21,7.42,47.2,104.4,6,98.7,0.9
12,22,6.75,41.7,75.9,17.6,92.8,1
12,23,7.06,41.1,84.6,16.7,94.8,1
12,24,7.42,42.9,104.7,32.1,83.3,1
12,25,6.73,34,85.9,30.4,91.1,1.1
12,26,6.88,47.7,32.4,31.8,85.5,1.1
12,27,7.06,35,37.2,7,95.9,1.2
12,28,6.95,41.4,32.6,10.3,87.8,1.2
12,29,6.98,39.3,49.6,34,89.2,1.2
12,30,6.87,47.2,86.1,14.8,89.8,1.3
12,31,6.8,46.4,46,15.3,81.8,1.3
12,32,6.74,37.1,91.2,20.2,97.9,1.3
12,33,7.41,37.7,42.1,6.4,98.2,1.4
12,34,6.87,39.4,41.5,32.1,86.3,1.4
12,35,7.26,31.4,36.9,25.5,90.4,1.4
12,36,6.77,37.5,73.7,30.7,98,1.5
12,37,6.8,33.2,42.6,18.6,86,1.5
12,38,7.42,30.6,70.9,8.3,90.7,1.5
12,39,7.02,39.7,76.7,25.2,87.8,1.6
12,40,7.05,42.8,56.1,31.5,95.5,1.6
12,41,6.95,47.4,90.7,23.7,89.6,1.6
12,42,6.78,46.9,84.3,8.4,82.1,1.7
12,43,7.07,46.9,69.6,23.6,80.8,1.7
12,44,6.98,43.1,34.9,24.1,91.1,1.8
12,45,7.08,48.9,46.2,17,83.1,1.8
12,46,6.86,38.3,71,13.8,92.2,1.8
12,47,6.93,36.8,106.4,10.4,88.8,1.9
12,48,6.76,34.2,56.3,22.3,90,1.9
12,49,6.99,37.8,73.8,33.2,97.4,1.9
12,50,7.27,45.3,97.8,14.6,86.1,2
13,0,7.02,38.7,80.2,12.4,82.2,0.2
13,1,6.82,42.9,43.4,31,91,0.2
13,2,6.98,40.4,82,24.7,93.7,0.3
13,3,6.97,32.7,54.4,13.7,88.2,0.3
13,4,6.88,36.7,86.8,29.9,87.8,0.3
13,5,7.24,49.3,101.5,24,98.7,0.4
13,6,6.71,41.6,31.7,7.8,84.5,0.4
13,7,7.41,33.4,55.5,24.5,95,0.4
13,8,6.89,40.7,94.2,5.9,97.9,0.5
13,9,7.28,31.7,79.3,30.1,87.4,0.5
13,10,6.84,47.1,34.3,30.4,89.1,0.6
13,11,6.78,44.9,103.1,19.2,84.3,0.6
13,12,6.77,39,102.2,33.7,83.2,0.6
13,13,7.41,46.6,104.3,30.5,84.8,0.6
13,14,7.3,40.7,74,25.1,84.5,0.7
13,15,7.46,48.1,34,28.6,93.4,0.7
13,16,7.15,33,74.9,29.3,86.1,0.8
13,17,7.14,39.5,64.3,25.8,81.8,0.8
13,18,6.92,34.9,75.6,10.8,87.9,0.8
13,19,6.91,40.2,77,6.1,93.6,0.9
13,20,7.11,32.2,40,25.7,93.6,0.9
13,21,7.43,48.9,36.7,16.9,87.7,0.9
13,22,6.87,38,98.1,32,84.7,1
13,23,6.88,42.7,45.1,17.5,84.3,1
13,24,6.77,48.9,48.4,31.2,93.7,1
13,25,6.84,47.1,86.7,16.8,85,1.1
13,26,7.44,36,66.7,8.3,95.7,1.1
13,27,7.02,37.5,79,8.3,96.1,1.2
13,28,7.17,43.3,77.6,33.3,89.4,1.2
13,29,7.17,36.9,67.6,21.6,97.3,1.2
13,30,7.32,49,79.9,11.4,92,1.3
13,31,6.79,48.3,44.4,34.7,87,1.3
13,32,6.85,34.6,81.3,25.5,90.9,1.3
13,33,7.48,32.7,96.1,20,95.8,1.4
13,34,7.43,30.9,104.7,5.1,83.6,1.4
13,35,7.27,35.6,107.1,22.1,90.4,1.4
13,36,7.47,36.2,90.7,32.8,92.2,1.5
13,37,6.83,30.5,108.7,22.7,91.1,1.5
13,38,7.09,31.7,50.2,21.8,87.1,1.5
13,39,6.92,49.7,39,8.8,95.1,1.6
13,40,7.3,39.3,41.9,31.2,98.9,1.6
13,41,7.47,40,47.4,34.8,98,1.6
13,42,6.89,37.1,82.3,23.1,81.9,1.7
13,43,7.26,43.6,78,24.5,89.9,1.7
13,44,7.24,43.5,76.4,11.6,82.5,1.8
13,45,7.05,43.7,38.5,31.5,95.5,1.8
13,46,6.86,33.9,39.2,28.7,96,1.8
13,47,6.72,43.5,74.5,29.2,85.9,1.9
13,48,7.06,35.8,33.1,26.4,93,1.9
13,49,7.11,39.2,106.9,13.4,84.5,1.9
13,50,7.03,47.6,40.1,8.8,92.7,2
14,0,7.08,49.3,58.8,22.9,88.7,0.2
14,1,7.46,44.7,88,34.1,93.3,0.2
14,2,7.47,48.5,52.1,16.4,98.9,0.3
14,3,7.04,33.7,50.9,32.1,96.9,0.3
14,4,7.5,34,83.4,27.3,91.7,0.3
14,5,7.18,46.6,79.1,23.9,80.5,0.4
14,6,7.11,46.8,76,12,83.7,0.4
14,7,7.43,39.1,71.4,14.3,98.5,0.4
14,8,7.33,38.7,82.6,15.2,90.5,0.5
14,9,7.39,42.1,81.7,25.1,92.9,0.5
14,10,7.46,49.6,81.5,9.4,80.8,0.6
14,11,7.25,39.6,66.1,35,89.5,0.6
14,12,6.77,48.7,106.2,17.5,96.5,0.6
14,13,6.83,32.7,45.3,13.6,91.8,0.6
14,14,6.79,38.7,33.3,29,91.4,0.7
14,15,7.01,44.4,99.1,18.2,94.3,0.7
14,16,7.48,48,59.3,31.7,82.3,0.8
14,17,7.19,46.5,104.3,33.4,84.7,0.8
14,18,7.27,36.4,89.2,8.2,87.6,0.8
14,19,6.76,30.9,104.8,11.2,90.9,0.9
14,20,7.34,41.3,92.2,29.3,92.5,0.9
14,21,6.78,49.4,97.3,9.9,90.3,0.9
14,22,6.71,42.6,37.4,30.4,86,1
14,23,6.99,32.7,103.7,5.6,95.9,1
14,24,6.8,41.1,40,7.3,89.7,1
14,25,7.05,49.9,52.1,16.7,91.7,1.1
14,26,6.9,39.7,67.6,29.3,81.9,1.1
14,27,6.92,48.7,103.3,23.5,90.5,1.2
14,28,7.39,31.5,48,31.3,89.3,1.2
14,29,7.05,48.9,46.3,11.2,97.6,1.2
14,30,7.11,46.2,34.6,32.9,81.8,1.3
14,31,7.33,38.1,108,33.8,87.4,1.3
14,32,7.1,43.8,93,9.6,81.2,1.3
14,33,7,46.7,61.4,33.9,90,1.4
14,34,6.89,30.1,84.3,33.7,93.9,1.4
14,35,6.79,45.4,73.9,30.2,93.6,1.4
14,36,6.89,36.2,109.2,19.5,96.4,1.5
14,37,6.76,49,98.3,11.3,81.7,1.5
14,38,7,46.8,40.9,14.8,94.1,1.5
14,39,6.84,46.1,67.5,22.8,83,1.6
14,40,7.4,44.5,38.8,17.9,97,1.6
14,41,7.06,40.9,57.9,21.3,85.5,1.6
14,42,7.3,47.1,87.6,28.4,82.8,1.7
14,43,7.31,38.9,84.7,32.1,95.5,1.7
14,44,6.88,34.7,32,20.7,91.1,1.8
14,45,7.04,38.4,105.1,34.2,92.1,1.8
14,46,7.31,47.6,82,34.3,80.6,1.8
14,47,7.08,40.3,109.2,22,80.6,1.9
14,48,7.25,45.4,61.9,30.3,96.1,1.9
14,49,7.27,46.7,72.9,26.4,87.9,1.9
14,50,6.81,33.6,109.2,23.9,81.6,2
15,0,7.02,33.6,106.7,13.5,84.1,0.2
15,1,7.33,40.1,55.6,30.4,98.2,0.2
15,2,7.34,37,100.8,25.9,91.6,0.3
15,3,7.45,33.1,85.6,31.8,82.6,0.3
15,4,6.86,43,76.1,19,90.9,0.3
15,5,6.92,34.9,84,5.2,88.7,0.4
15,6,7.39,47.3,50.4,33.1,92.2,0.4
15,7,6.81,38.4,90.2,23,86.6,0.4
15,8,6.82,41.7,49.9,8.8,93.2,0.5
15,9,6.71,41.1,30.2,31.9,96.8,0.5
15,10,6.77,30.2,42.9,18.9,84.5,0.6
15,11,7.35,33.7,39.1,9.3,90.6,0.6
15,12,6.73,49.6,50.7,9.5,81.8,0.6
15,13,7.32,38,99.6,32.1,93.5,0.6
15,14,7.23,30.6,59,30.2,85.9,0.7
15,15,7.28,43.8,100,23.4,89.3,0.7
15,16,7.09,33.9,71.2,14.2,98.5,0.8
15,17,7.32,47.9,83.8,31.9,91.5,0.8
15,18,7.06,34.5,38.6,27.5,87.3,0.8
15,19,6.95,38.3,88.2,22.5,84.2,0.9
15,20,7.23,46.1,110,11.9,98,0.9
15,21,6.79,43.1,103.3,32.2,89.8,0.9
15,22,7.2,38.3,64,17.5,88.1,1
15,23,6.85,41.2,109.4,5.7,83.7,1
15,24,7.21,34.6,58.3,7.6,94.9,1
15,25,7.15,31.4,48.7,31.5,88.8,1.1
15,26,7.38,35.1,57.7,8.8,91.3,1.1
15,27,7.23,32.1,50.3,11.4,89.5,1.2
15,28,7.2,31.4,107.6,14.9,90.8,1.2
15,29,6.9,42.7,85,5.8,94.9,1.2
15,30,7.48,36.9,50.6,15.9,98.4,1.3
15,31,7.34,48.5,62.9,27.5,96.4,1.3
15,32,6.84,38.1,61.6,16.8,96.7,1.3
15,33,7.23,33.3,89.2,17.8,88.5,1.4
15,34,7.38,43.5,49,33,80.9,1.4
15,35,7.49,48.8,46.7,11.5,83.7,1.4
15,36,6.91,46.7,35.3,9.2,95.6,1.5
15,37,6.75,36.1,91.2,30.6,95.4,1.5
15,38,6.84,30,70.4,13.8,94.4,1.5
15,39,7.16,46.9,94.1,15.2,91.3,1.6
15,40,7.23,37.6,104.8,11.2,90.9,1.6
15,41,6.77,42.6,97,25.3,89.2,1.6
15,42,7.37,49.7,39.6,14.6,92.5,1.7
15,43,7.19,34.8,75.5,28.3,95.6,1.7
15,44,7.38,38,43.9,16.7,86.5,1.8
15,45,7.24,39.6,30.1,22.7,90.2,1.8
15,46,6.74,42.4,64.4,28,85.1,1.8
15,47,6.95,46.9,102.2,22,87.7,1.9
15,48,7.29,45.6,35.5,26.1,92.1,1.9
15,49,7.09,37,77.5,11.2,82.2,1.9
15,50,6.98,34.9,53.7,28.9,97.6,2
16,0,6.97,32,102.5,12.7,89.2,0.2
16,1,7.18,49.8,87.9,13.5,82.8,0.2
16,2,7.05,40.7,64.8,7.4,87,0.3
16,3,7.37,32.1,54.9,21,98.6,0.3
16,4,7.14,44.5,70.2,12.3,93.7,0.3
16,5,7.2,37.5,101.1,25.4,93.5,0.4
16,6,6.83,49.1,61.6,6.8,88.9,0.4
16,7,7.05,47.6,88.9,10.5,91.3,0.4
16,8,7.06,31.8,88.6,5.5,88.2,0.5
16,9,6.75,31.3,90.7,17.5,85.3,0.5
16,10,7.02,31.8,34.2,21.7,97.9,0.6
16,11,7.36,39,38,13.1,91.7,0.6
16,12,6.79,44.1,68.1,15.4,88.1,0.6
16,13,7.35,34.1,51.3,19.1,97.7,0.6
16,14,7.03,38.3,57.7,34.4,83.4,0.7
16,15,7.2,31.5,71.5,10.1,86.2,0.7
16,16,7.22,32.1,52.5,5.2,86.6,0.8
16,17,7.08,41.9,35.5,9.4,86.7,0.8
16,18,6.84,46.9,102.6,5.3,89.8,0.8
16,19,7.27,36.4,59.8,19,95.7,0.9
16,20,7.1,38.8,44.3,24.3,84.5,0.9
16,21,7.06,32.8,109.3,7.6,85.4,0.9
16,22,7.45,44.3,54,21.5,83,1
16,23,7.06,30.6,96.4,29.2,96.4,1
16,24,7.18,39.2,47.5,20,90.9,1
16,25,6.96,40.7,104.5,16.6,98.3,1.1
16,26,7.24,37.7,78.6,34.5,91.1,1.1
16,27,7.25,44.5,106.6,30.7,93.8,1.2
16,28,7.32,45.6,91.5,15.2,89.5,1.2
16,29,7.16,46.4,75.7,18.6,88.3,1.2
16,30,7.02,42.7,58.9,29.3,92.9,1.3
16,31,6.91,48.6,87.4,9.1,87.8,1.3
16,32,7.44,32.8,31.7,18.2,93.4,1.3
16,33,6.86,40.8,72.4,33,86.2,1.4
16,34,7.4,35.8,52.3,8.9,81.6,1.4
16,35,6.77,33.5,71.2,29.3,83.9,1.4
16,36,7.49,42.9,43.8,28,80.7,1.5
16,37,6.87,33.3,76.8,27.5,83.1,1.5
16,38,7.21,32.7,87.8,21.7,96.1,1.5
16,39,7.13,41.6,68.5,33.3,98.1,1.6
16,40,7.17,33.5,38.8,9.3,84.2,1.6
16,41,7.01,34.5,89.2,21,92.1,1.6
16,42,7.04,37.4,103.9,31.9,80.4,1.7
16,43,7.44,35.1,92.5,23.4,86.1,1.7
16,44,6.7,47.6,97.9,33.3,87.2,1.8
16,45,7.2,48.6,93.2,31,82,1.8
16,46,7.3,31.3,106.6,33.7,84.4,1.8
16,47,7.11,45.4,101.2,24.8,88.4,1.9
16,48,7.08,42.5,84.4,27.8,88.9,1.9
16,49,7.3,34.3,74.3,27.5,85.2,1.9
16,50,7.39,41.7,37.5,13.6,87.3,2
17,0,7.04,49.2,90.5,34.3,82.6,0.2
17,1,6.72,36.6,107.1,13,86.5,0.2
17,2,6.9,39.9,109.2,9.2,85.5,0.3
17,3,6.84,46,72.9,18.9,82.5,0.3
17,4,6.93,30.2,84.7,13.8,80.3,0.3
17,5,7.24,32.2,101.3,15.1,97.3,0.4
17,6,7.39,47.4,105.6,28.5,86.6,0.4
17,7,6.86,40.4,53.3,15.5,81.1,0.4
17,8,7.2,38.7,96,6.1,84.1,0.5
17,9,7.22,44.4,93.9,7.3,85.4,0.5
17,10,6.77,35.9,86,31.7,98.8,0.6
17,11,7.34,41.2,31.4,11.1,85.6,0.6
17,12,7.46,34.9,39,22.1,92,0.6
17,13,6.93,46.3,62.1,14,82.4,0.6
17,14,7.15,31.4,74.7,34,93.3,0.7
17,15,7.17,45.9,108.2,9,94.3,0.7
17,16,6.72,30.3,63.8,8.8,99,0.8
17,17,6.89,44.7,48.7,28.8,83,0.8
17,18,6.74,45.2,86.5,8.3,90.4,0.8
17,19,6.74,49.9,40,21.8,92.6,0.9
17,20,6.98,40.7,103.8,23.1,88.8,0.9
17,21,7.42,42.6,90.1,23,93.9,0.9
17,22,7.39,48.3,68.9,29.5,96.6,1
17,23,7.37,31.5,76.6,15.5,95.7,1
17,24,7.14,37.3,83.7,8.5,93,1
17,25,6.94,38.9,67.4,19.5,95.4,1.1
17,26,7.06,42.8,80.8,23.7,86.9,1.1
17,27,6.95,46.6,61.4,16.9,94.9,1.2
17,28,6.98,47.3,77.3,7.9,92.9,1.2
17,29,7.06,37.2,73.5,19.7,85,1.2
17,30,7.13,43.7,31.8,20.9,96.8,1.3
17,31,6.9,31.7,33.6,10.8,96.4,1.3
17,32,7.32,49.7,83.6,24,85.2,1.3
17,33,6.87,32.8,104.1,10.9,95.9,1.4
17,34,7.07,33.9,76.7,13,86,1.4
17,35,7.05,38.8,35.9,23.6,89.6,1.4
17,36,6.99,38.9,34.8,33.4,90.9,1.5
17,37,6.78,35.7,92.1,22,81.2,1.5
17,38,7.4,36.4,30.5,7.9,96.5,1.5
17,39,7.43,49.3,47.5,21.1,91.4,1.6
17,40,7.26,34.1,91,33.7,92,1.6
17,41,6.71,40.8,72.5,31.5,97.9,1.6
17,42,6.91,31.6,60.2,12.1,91,1.7
17,43,6.94,38.4,71.5,31.3,95,1.7
17,44,6.77,45.9,94.8,23.9,93.1,1.8
17,45,6.86,37.1,56.2,11.8,90.9,1.8
17,46,6.83,32.4,102.9,25.8,87.6,1.8
17,47,6.79,45.2,45.3,13.4,93,1.9
17,48,7.43,35.3,32.7,29.6,82.3,1.9
17,49,7.34,49.7,71.5,5.3,87.2,1.9
17,50,6.94,47.3,91.1,8.8,90.3,2
18,0,7.4,41.8,36.2,32.8,93.3,0.2
18,1,7.13,34.8,44.5,14.7,89.8,0.2
18,2,7.13,42,92.8,13.9,98.1,0.3
18,3,6.91,30.7,93.2,24.9,86.7,0.3
18,4,6.82,30.1,50.2,22.3,82.3,0.3
18,5,7.22,38.4,83.4,13.7,91,0.4
18,6,7.13,40.9,57.2,11.2,92.1,0.4
18,7,7.25,47,36.9,33.5,86.6,0.4
18,8,7.19,34.1,56,27.4,95.1,0.5
18,9,7.34,44.2,82,15.2,86.9,0.5
18,10,6.71,41,32.4,8.9,93.4,0.6
18,11,6.83,30.9,88.5,15.3,91,0.6
18,12,7.22,46.6,75.4,17.3,89.9,0.6
18,13,7.16,37.2,36.9,14.5,84.9,0.6
18,14,6.84,41.7,96.9,28.1,88.1,0.7
18,15,7.15,30.2,75.5,17.4,82.7,0.7
18,16,7.1,34.1,84.4,21.3,95.4,0.8
18,17,6.71,42.4,35.1,7.6,87.5,0.8
18,18,6.91,44,53.3,31.3,85.5,0.8
18,19,7.33,47.6,103.9,25.2,94.2,0.9
18,20,6.98,48.2,83.2,22.2,84.1,0.9
18,21,6.91,33.5,41.2,33.9,86.2,0.9
18,22,7.14,30.5,31.6,15.8,86.5,1
18,23,7.03,47.4,84.6,24.7,87.8,1
18,24,7.38,34.9,73.4,18.7,84.9,1
18,25,6.78,44.5,104.9,30.3,85.7,1.1
18,26,7.24,38.1,95.8,21.6,95.8,1.1
18,27,6.85,36.1,88.6,22.2,97.1,1.2
18,28,7.35,30.2,76.1,14.4,87.5,1.2
18,29,6.99,38.1,69.2,32.9,92,1.2
18,30,6.88,37.2,92.8,10.8,84.5,1.3
18,31,7.45,39.6,37.4,23.3,81.3,1.3
18,32,7.35,31.9,100.2,9.2,91.9,1.3
18,33,7.08,33.9,78,17.7,95.2,1.4
18,34,7.01,30.8,96.2,27.4,97.6,1.4
18,35,7.48,33.3,36.6,16.3,89.3,1.4
18,36,7.32,43.2,106.4,7.9,82.1,1.5
18,37,7.41,35,53.5,16.4,82.8,1.5
18,38,6.95,46,63.6,32.5,89.1,1.5
18,39,6.78,33,83.3,6.8,93.2,1.6
18,40,7.1,34.1,88.6,24.1,87.4,1.6
18,41,7.21,41.9,90.2,17.5,94.5,1.6
18,42,6.89,35.6,44.4,32.8,97.4,1.7
18,43,7.11,39.8,106.5,5.3,92,1.7
18,44,7.25,35.5,94.7,8.7,95.7,1.8
18,45,6.72,30.4,85.1,13.9,92.1,1.8
18,46,6.72,36.6,52.5,6,83.3,1.8
18,47,7.38,31.4,32.6,12.1,93.4,1.9
18,48,6.89,47.3,91.4,31.6,98.7,1.9
18,49,7.49,39,65.3,25.1,96,1.9
18,50,6.78,41.4,57.1,18.1,88.4,2
19,0,7.25,47,30.9,29.9,92.7,0.2
19,1,6.84,46.2,86.6,33.2,84.7,0.2
19,2,7.46,41.9,61.4,32.5,99,0.3
19,3,7.02,35.3,90.6,15.9,82.1,0.3
19,4,7.36,39.3,106.7,5,88.8,0.3
19,5,6.86,37.2,91.3,12.3,88.8,0.4
19,6,7.47,33.6,47,13.5,98,0.4
19,7,7.37,43.9,64,28.5,93.1,0.4
19,8,7.21,48,102.4,22.7,92.9,0.5
19,9,7.17,40,49.6,19.9,97.6,0.5
19,10,7.4,46.7,37.8,16.4,84.6,0.6
19,11,6.94,43.3,96.1,9,93.3,0.6
19,12,6.91,40.1,37.5,22.2,82.4,0.6
19,13,6.83,35.9,77.6,6.6,87.7,0.6
19,14,6.87,41.6,58.7,9.3,81.2,0.7
19,15,6.94,39.2,63.5,30,85.2,0.7
19,16,7.07,48.3,59.6,12.6,81.5,0.8
19,17,7.35,40.1,92.6,24.6,95.5,0.8
19,18,7.01,35.5,34.6,5.8,89.2,0.8
19,19,7.5,49.9,51.2,8.9,81.9,0.9
19,20,6.9,42,71.9,16.6,95.8,0.9
19,21,7,31.8,94.5,10.1,98.7,0.9
19,22,7.35,34.7,75.2,11.7,94,1
19,23,6.73,37.7,53.7,9.6,91.8,1
19,24,6.77,34.8,90.7,18,94.4,1
19,25,7,48.2,99.8,13.2,90.8,1.1
19,26,6.79,44.8,64.8,21.8,80.7,1.1
19,27,6.74,46.1,58.1,30.6,83.7,1.2
19,28,6.95,37.8,62.3,15.9,94.7,1.2
19,29,7.24,37.6,99,26.6,90.5,1.2
19,30,6.85,43,91.6,30.2,82.5,1.3
19,31,7.41,41.4,53.6,8.3,94.5,1.3
19,32,6.98,47.8,90.4,17.1,96.1,1.3
19,33,7.23,39.9,60.3,6.2,84.6,1.4
19,34,6.9,33.9,92.4,34,89.6,1.4
19,35,7.43,31,93.5,6.5,86.3,1.4
19,36,7.07,41.2,33.5,26.8,97.4,1.5
19,37,7.47,45.6,45.6,16.2,96.9,1.5
19,38,6.83,41.1,99.1,29.6,80.4,1.5
19,39,7.46,49.9,54,7.4,85.8,1.6
19,40,7.49,42.2,65.9,17.7,88.9,1.6
19,41,7.26,33.9,84.5,18.3,94.2,1.6
19,42,7.2,48.6,54,11.8,89.4,1.7
19,43,6.95,45,42.9,20.8,92,1.7
19,44,6.98,48.5,30.1,29.7,93.8,1.8
19,45,6.77,44.6,93.8,34,93.1,1.8
19,46,7.02,47.2,85.1,21.1,83.2,1.8
19,47,7.28,36.4,100,27.6,85.2,1.9
19,48,7.24,36,52.9,16.9,92.2,1.9
19,49,7.49,39.8,38.7,26.5,80.2,1.9
19,50,7.04,35.4,99.4,33.5,92.1,2
20,0,7.43,47.4,106.1,7.9,93.5,0.2
20,1,7.09,41.8,42.8,34.2,94.1,0.2
20,2,6.71,49.6,59.2,20.4,89.9,0.3
20,3,7.41,47.8,104.3,34.6,88.3,0.3
20,4,7.02,39.3,98.9,33.1,95.1,0.3
20,5,6.96,38.6,47,27.9,90.7,0.4
20,6,7.26,31.6,60,16.5,86.5,0.4
20,7,6.83,40.9,45.7,16.1,81,0.4
20,8,6.96,46.1,48.7,16.7,84.1,0.5
20,9,7,35.1,40.5,29,93,0.5
20,10,7.22,37.7,55.8,27.2,93,0.6
20,11,7.1,32.8,102.1,31.3,94,0.6
20,12,6.72,34.2,47.1,21.8,86.6,0.6
20,13,7.39,31.4,46.6,31.1,80.7,0.6
20,14,6.85,45.9,57.8,29.4,98.2,0.7
20,15,6.95,38.5,30.2,22.1,92.6,0.7
20,16,7.45,44.1,43.5,13.5,97.5,0.8
20,17,7.12,30.2,62.7,8.9,98.7,0.8
20,18,7.46,36.6,51.6,28.9,90.8,0.8
20,19,7.21,46.5,87.4,6.6,80.7,0.9
20,20,6.98,42.7,98.9,29.5,85.4,0.9
20,21,6.73,48.4,46.6,25.4,85.4,0.9
20,22,7.27,36.7,36.1,8.3,89.7,1
20,23,7.04,47.7,109.7,26.8,87.9,1
20,24,7.47,46.5,96.9,27,98.9,1
20,25,6.73,32.8,97.5,5.4,93.3,1.1
20,26,7.47,49.3,41.9,15.8,83.6,1.1
20,27,6.73,42.3,33.1,31.9,90.5,1.2
20,28,7.46,42.9,98.1,23.8,83.9,1.2
20,29,7.36,34.2,47.7,22.3,97,1.2
20,30,7.07,37.7,109.7,14.6,88.4,1.3
20,31,6.75,32.7,87.4,20.8,98,1.3
20,32,7.31,49.6,44.8,24.1,93.2,1.3
20,33,7.22,42.2,84.8,30.1,86.6,1.4
20,34,7.32,43.6,82.1,11.2,92.5,1.4
20,35,7.24,46.9,66.4,25.4,89.3,1.4
20,36,7.24,30.7,37.4,8.8,89.9,1.5
20,37,6.85,34.9,45.5,30.1,90.6,1.5
20,38,6.89,41.1,76,32,82.5,1.5
20,39,6.92,42.6,59.2,16,98.5,1.6
20,40,6.98,47.2,97.9,15,95.2,1.6
20,41,6.9,44.9,70.8,18.9,87.6,1.6
20,42,7.09,42.8,42.7,20.3,95.9,1.7
20,43,7.28,43.1,53.8,31,87.6,1.7
20,44,6.98,33.1,53.4,32.9,96.7,1.8
20,45,7.13,38.3,76.1,10.9,90.4,1.8
20,46,7.15,38.4,91.3,16.1,95.3,1.8
20,47,6.76,35.7,64.1,14.7,81.7,1.9
20,48,6.85,48.9,30.9,8.5,94.4,1.9
20,49,7.17,48.6,75.8,5.2,84,1.9
20,50,6.97,34.8,65.2,15.7,90.8,2
21,0,7.02,38.1,109.6,31.7,80,0.2
21,1,7.37,39.4,94.9,26,96,0.2
21,2,7.19,39.7,63.9,18.3,98.6,0.3
21,3,7.06,45.1,86.7,26,90.7,0.3
21,4,6.71,41.4,105.9,27.8,88.6,0.3
21,5,7.34,31.7,74.4,8.8,92.2,0.4
21,6,7.27,42.1,55.7,28.8,93.3,0.4
21,7,6.72,38,52.6,21,83.7,0.4
21,8,6.87,45.9,77.7,22.3,90.1,0.5
21,9,6.88,35.1,45.6,31.7,97.2,0.5
21,10,6.72,43.5,78.5,12.3,84.3,0.6
21,11,6.92,38.6,106.3,27.8,92.5,0.6
21,12,7.15,30.3,70.4,31.9,86.2,0.6
21,13,6.9,31.6,100.1,14.7,90.1,0.6
21,14,7.17,33.5,77.9,11.4,92.4,0.7
21,15,7.49,47.4,41.4,31.7,95.1,0.7
21,16,7,39.9,68.3,5.9,97.3,0.8
21,17,6.71,30.9,44.2,7.1,88.6,0.8
21,18,7.09,33.5,39.6,19.5,92.8,0.8
21,19,7.45,42.2,38.6,15.9,84.3,0.9
21,20,6.73,47.4,62.1,20.7,95.5,0.9
21,21,7.28,42.1,93.8,17.3,89.3,0.9
21,22,7.16,31.4,94.6,21.1,85.2,1
21,23,7.03,35.3,82.3,20,80.3,1
21,24,7.47,37.8,95.6,30.4,96.5,1
21,25,7.11,37.1,89.1,12.7,84.3,1.1
21,26,6.97,41.2,65.2,13.2,84.2,1.1
21,27,7.5,37.5,35.1,18.4,96.5,1.2
21,28,7.1,41.1,41.2,23.3,91.2,1.2
21,29,7.22,43.4,81.2,34.4,89.4,1.2
21,30,6.77,43.7,93.7,9.7,95.9,1.3
21,31,7.44,34.7,103.7,13.5,97,1.3
21,32,7.14,44.9,72.1,27.8,82.7,1.3
21,33,7,45.7,94.4,19.3,81.2,1.4
21,34,6.91,47.1,108.5,30.9,80.7,1.4
21,35,6.99,37,109.4,25.3,95,1.4
21,36,7.17,35.9,98.6,33.2,90.9,1.5
21,37,7.4,31.6,56.6,18.7,83.3,1.5
21,38,7.22,41,71.7,5.3,82.2,1.5
21,39,6.88,31.4,58.8,23.9,84.7,1.6
21,40,7.17,36.4,82,31.3,96.3,1.6
21,41,6.89,47.1,54.7,10.2,93.6,1.6
21,42,6.78,48.7,102,16.9,84.3,1.7
21,43,7.3,49.1,31.7,29.6,89.1,1.7
21,44,6.79,36.8,46.1,27,88.2,1.8
21,45,7.34,46.3,31.5,7.1,87.7,1.8
21,46,6.77,34.5,80.5,29.7,91.8,1.8
21,47,7.07,46.9,47.3,11.6,80.4,1.9
21,48,7.06,32.8,66.6,28.4,94.1,1.9
21,49,7.35,31.1,76.7,19,92.3,1.9
21,50,7.27,41.6,53.8,29.1,84.3,2
22,0,6.85,45.6,46,6.5,98.9,0.2
22,1,7.11,34.6,67.2,16.3,94.5,0.2
22,2,7.46,48.8,46.3,26,98.6,0.3
22,3,6.94,49.9,62.1,20.6,97.9,0.3
22,4,7.23,31.5,52.1,15.9,83.2,0.3
22,5,7.01,31.7,80.5,15,93.9,0.4
22,6,7.13,47.4,35.2,32.6,91.1,0.4
22,7,7.45,46.2,86.1,13.9,93.6,0.4
22,8,7.36,30.1,78.4,11.5,92.2,0.5
22,9,7.33,41.2,90.2,18,81.7,0.5
22,10,7.44,35.7,52.8,20.5,84.7,0.6
22,11,7.44,37.5,90.2,27,81,0.6
22,12,6.88,35.6,53.3,10.3,80.4,0.6
22,13,7.16,47.6,73.4,32,96.1,0.6
22,14,6.89,33.6,47.6,31.2,81.8,0.7
22,15,7.47,44,41.2,23.1,87.4,0.7
22,16,7.45,41.2,52,18.9,87.9,0.8
22,17,7.34,39.7,103.2,9.2,94.2,0.8
22,18,6.96,30.6,96.5,11.2,98,0.8
22,19,7.4,33.2,102.8,14.4,88,0.9
22,20,7.28,46.6,107.5,14.9,82.4,0.9
22,21,7.32,36.9,95.9,27,93.5,0.9
22,22,6.78,34.8,51.7,11.6,87.6,1
22,23,7.09,40.8,39.1,30.1,97.9,1
22,24,6.94,34.3,35.9,33.8,97,1
22,25,6.89,38.9,108.1,24.3,92.6,1.1
22,26,6.91,49.1,60.4,15.5,95.3,1.1
22,27,7.05,45.7,74.1,23.8,89,1.2
22,28,6.84,46.8,62.8,12.3,87.9,1.2
22,29,7.08,35,86,22.4,89.9,1.2
22,30,6.92,43.5,69.2,19.9,80.9,1.3
22,31,7.4,43.1,31.5,14.3,91.6,1.3
22,32,6.96,41.8,92.9,16.7,95.8,1.3
22,33,6.9,42.4,64.8,28.9,87,1.4
22,34,6.76,38.1,77.1,31.5,98.8,1.4
22,35,6.92,38.8,60,13.5,89.9,1.4
22,36,7.04,30.2,79.1,10,90.2,1.5
22,37,7.13,47.3,67.3,16.1,81.4,1.5
22,38,6.79,34.4,36.7,20.5,85.1,1.5
22,39,6.99,41,94.2,8.8,97.4,1.6
22,40,7.21,36.3,67.1,7.2,87.2,1.6
22,41,7.23,33,32.3,13.7,82.7,1.6
22,42,6.74,46.1,48.1,26.6,93.4,1.7
22,43,6.81,47.5,34.1,9.9,91.8,1.7
22,44,6.73,46.6,54.1,12,83,1.8
22,45,7.3,43.7,50.5,19.3,80.6,1.8
22,46,7.49,42.7,77.6,11.2,90,1.8
22,47,7.39,32.7,74.6,27.3,83.9,1.9
22,48,7.37,33.5,50.6,33.8,92.1,1.9
22,49,6.87,47.1,43.6,29.6,97.9,1.9
22,50,7.28,48.1,31.9,14,98,2
23,0,7.06,43.5,100.6,27.6,89.7,0.2
23,1,7.11,49.4,54,24.2,91.1,0.2
23,2,6.85,49.1,52.9,31,86.1,0.3
23,3,7.41,30.6,52.5,24,86.2,0.3
23,4,7.24,47.3,106.5,20.3,87.8,0.3
23,5,7.06,39.1,49.1,5.7,83.3,0.4
23,6,7.19,50,103.3,16.8,84.6,0.4
23,7,7.47,42,32.8,21.1,90.7,0.4
23,8,7.29,31.5,43.1,27.9,94,0.5
23,9,6.84,37.5,76.9,19.1,95.7,0.5
23,10,7.44,37.5,72.5,14.7,94.9,0.6
23,11,7.42,36.1,93.2,25,84.7,0.6
23,12,7.24,46.6,39.6,22.5,91.4,0.6
23,13,7.15,44.3,50.9,32.7,95.8,0.6
23,14,7.4,45.1,32.5,28.8,98.2,0.7
23,15,7.05,47.1,108.9,8.9,91.9,0.7
23,16,7.03,38.5,95.8,18.6,89.2,0.8
23,17,7.19,47,86.2,13.8,83.8,0.8
23,18,7.06,33.2,96.3,28.1,88.2,0.8
23,19,6.96,30.9,77.5,9.7,99,0.9
23,20,6.84,40,38.6,32.9,95.5,0.9
23,21,6.84,41.6,91.6,23.4,92.8,0.9
23,22,7.11,37.5,60.2,30.6,93.5,1
23,23,7.27,43.3,36.8,10.1,96.3,1
23,24,7.38,34,62.7,32.3,83.3,1
23,25,7.49,43.4,82,12.4,90.8,1.1
23,26,7.41,34.3,51.8,29.2,98.1,1.1
23,27,7.06,45.9,105.8,16.4,86.2,1.2
23,28,7.13,42.8,53.5,8.9,96.8,1.2
23,29,7.09,45.2,33.7,21.3,98.3,1.2
23,30,6.74,39.3,77.7,22.2,95.5,1.3
23,31,7.05,46.2,41.4,34,92.1,1.3
23,32,6.88,38.3,67.1,23.2,98.8,1.3
23,33,6.99,33,80.6,8,92.9,1.4
23,34,7.4,42.9,88.6,14,81.1,1.4
23,35,6.77,48.9,75.1,28.2,94.5,1.4
23,36,6.91,41.4,58.9,33,96.9,1.5
23,37,7.39,35.1,88.1,10.5,89.3,1.5
23,38,7.08,31,99.8,10.5,83.2,1.5
23,39,7.07,43.8,50.6,23.1,93.5,1.6
23,40,6.88,34,45.2,9.8,87.6,1.6
23,41,7.1,42.2,93.9,26.6,82,1.6
23,42,7.38,36.2,64.7,19.2,81.3,1.7
23,43,7.33,37.9,34.9,23.3,80.1,1.7
23,44,7.29,32.7,64.7,13,83.2,1.8
23,45,7.21,44.2,52.3,27.5,87,1.8
23,46,6.72,45.6,45.6,23,93.7,1.8
23,47,7.28,47.8,75.5,21.8,87.6,1.9
23,48,7.34,47.6,92.1,9.2,81.6,1.9
23,49,7.32,32.4,57.1,14,86.2,1.9
23,50,6.71,45.1,84.4,14.8,81.5,2
24,0,6.96,30.6,67.4,7.2,98.9,0.2
24,1,7.29,30.4,53.6,28.6,91.7,0.2
24,2,7.04,48.5,96.8,14.1,97,0.3
24,3,7.29,36.5,75.8,27.2,98.7,0.3
24,4,7.28,48.1,103.7,18.6,95.8,0.3
24,5,7.18,35.5,56.5,22,97.7,0.4
24,6,7.44,34.5,107.2,16.3,93.9,0.4
24,7,7.24,30.9,80.5,23.4,80.2,0.4
24,8,7.1,30.6,37.3,24.8,94.4,0.5
24,9,6.71,47.4,73.6,18.8,86.7,0.5
24,10,6.8,32.9,83.9,10.3,98.3,0.6
24,11,6.87,49.4,105.2,17.9,83.1,0.6
24,12,7.19,43.5,39.3,18,92,0.6
24,13,6.71,48.4,60,34.4,84.9,0.6
24,14,7.05,38.5,56.1,19.2,91.4,0.7
24,15,7.16,42.9,88.8,20.5,85,0.7
24,16,7.41,37.4,53.8,22.9,93.9,0.8
24,17,6.88,36.1,69,7.3,82.8,0.8
24,18,6.76,48.3,65.5,15.2,98.9,0.8
24,19,7.28,40.1,52,31.7,95.7,0.9
24,20,7.33,47.4,40.6,22.6,91,0.9
24,21,7.01,33.3,77.2,27.6,82,0.9
24,22,7.33,33.6,99.4,8.1,93.2,1
24,23,7.43,31.7,109.7,23.9,88.1,1
24,24,7.08,37.8,80.7,26.2,88.4,1
24,25,6.88,41.8,88.4,6.3,88.2,1.1
24,26,7.41,34.3,58,18.1,85.5,1.1
24,27,7.08,36.9,41.8,7.4,95.1,1.2
24,28,6.71,40.8,43.1,34,86.5,1.2
24,29,6.93,39.3,78.2,12,81.4,1.2
24,30,6.74,40.2,39.1,18.2,82.9,1.3
24,31,6.73,44.8,103.9,28,84.1,1.3
24,32,7.41,40.3,107.9,27.9,90.9,1.3
24,33,7.24,43.3,71,21.7,93.2,1.4
24,34,7.08,32,109.6,28.8,88.9,1.4
24,35,6.9,34.4,78.6,17.3,98.1,1.4
24,36,6.79,48,39.1,12.3,98.9,1.5
24,37,7.38,45.1,89.5,24.9,95.3,1.5
24,38,7.23,36.9,76.4,18.7,96.8,1.5
24,39,6.86,43.7,68.9,6.2,94.6,1.6
24,40,6.88,34.3,35.4,29.7,88.2,1.6
24,41,7.49,35,72.5,17.7,95.7,1.6
24,42,6.71,35.8,94,23.3,86.9,1.7
24,43,7.25,33.2,107.4,33,85.3,1.7
24,44,6.72,31.6,105.7,25.8,89.8,1.8
24,45,6.72,35,102.9,33.9,95.9,1.8
24,46,7.25,40.1,82.3,18.9,85.6,1.8
24,47,7.41,48.6,41.8,9.2,89.6,1.9
24,48,6.91,49.7,52.5,10.1,82.6,1.9
24,49,7.43,36.6,81.8,11.7,81.5,1.9
24,50,7.18,47.9,33.7,26.8,95.8,2
25,0,6.8,30.1,96.4,27.8,92.7,0.2
25,1,7.05,45.9,99,24.4,85.7,0.2
25,2,6.7,38.8,90.3,23.7,83,0.3
25,3,7.18,41.1,39.3,25.9,95.3,0.3
25,4,6.79,38.8,33.5,21.5,89.6,0.3
25,5,7.32,41.1,94.1,34.9,88.5,0.4
25,6,6.8,37.5,38.5,26.8,86.3,0.4
25,7,6.97,48.8,34.4,14.3,95.2,0.4
25,8,6.81,42.6,42.2,27,83.5,0.5
25,9,6.86,31.8,86.6,26.7,87.3,0.5
25,10,6.94,45.6,48,13.4,86.7,0.6
25,11,7.13,35.5,40.1,24.6,97,0.6
25,12,7.42,33,48.4,28.9,85.9,0.6
25,13,6.83,41.4,79.3,21.6,94.3,0.6
25,14,6.84,49,61.1,24.3,95.5,0.7
25,15,7.09,39.7,104.2,15.2,93.6,0.7
25,16,7.25,45.8,80.9,23.1,83.7,0.8
25,17,7.19,38.5,106.9,7.6,90.1,0.8
25,18,7.28,41.6,71.8,17.6,93.1,0.8
25,19,6.74,40.1,89.7,19.1,87.9,0.9
25,20,7.23,31.4,85.7,19.6,93.2,0.9
25,21,7.2,43.1,97.3,31.5,84.1,0.9
25,22,6.71,37.4,103.3,8.4,87.3,1
25,23,6.82,42.3,74.5,32.2,93.5,1
25,24,7.16,47.6,69,12,96.6,1
25,25,7.32,46.6,90.7,19.3,90.4,1.1
25,26,6.75,35.7,50,34.2,94.6,1.1
25,27,6.97,42.7,40.5,18.7,88.6,1.2
25,28,7.39,36.6,85,16.8,81.5,1.2
25,29,7.42,37.9,107.2,6.2,86.6,1.2
25,30,7.08,42.7,51.4,11.6,92.3,1.3
25,31,7.3,33.8,45,23,97.2,1.3
25,32,6.93,38.9,52.1,10.4,80.3,1.3
25,33,6.81,34.4,86.5,18.6,88.9,1.4
25,34,7.28,42.5,58,10.8,86.5,1.4
25,35,7.37,49.8,76.4,11.1,86,1.4
25,36,7.18,35.7,76,15.7,85.3,1.5
25,37,6.96,40.9,98.1,24.3,96.9,1.5
25,38,6.74,35.3,82.7,19,82.5,1.5
25,39,6.77,45.2,56.8,34.5,99,1.6
25,40,6.95,30.4,48.7,22.9,90.6,1.6
25,41,6.88,40.5,39.7,5.7,90,1.6
25,42,7.15,45.3,73,21.4,81.1,1.7
25,43,6.8,49.1,83,28.4,81.3,1.7
25,44,7.06,35.7,76.1,25.4,93.6,1.8
25,45,7.28,33.7,67.8,32.3,89.1,1.8
25,46,7.12,37.5,53.8,6.3,83.8,1.8
25,47,6.91,44.1,58.2,26.6,98.7,1.9
25,48,7.38,41.6,57.3,16.4,87.4,1.9
25,49,6.96,45.4,90.9,18.9,97.1,1.9
25,50,7.05,36.9,65.8,27.1,82.8,2
26,0,7.15,33.7,30.4,27.9,80.1,0.2
26,1,6.7,31.5,98.9,11,89.4,0.2
26,2,7.26,49.1,50.6,15.4,96.9,0.3
26,3,7.38,46.9,54.5,18.2,95.2,0.3
26,4,6.82,43.6,60.5,12.4,83.3,0.3
26,5,7.02,40.5,34.7,24.9,96,0.4
26,6,7.43,37.5,54.6,8.5,84.8,0.4
26,7,6.83,34.9,83,22.7,90.4,0.4
26,8,6.91,38.3,58.9,16.2,82.7,0.5
26,9,7.16,36.7,75.1,25.5,87,0.5
26,10,7.22,34.8,60.7,32.9,81.1,0.6
26,11,6.84,36.6,30.6,21.6,82.5,0.6
26,12,7.47,42.8,92,25.2,91,0.6
26,13,6.95,35.6,77.5,6.4,93.4,0.6
26,14,7.11,46.5,77.4,22.7,93.7,0.7
26,15,6.81,31.5,35,9.1,96.1,0.7
26,16,7.36,47.5,54.2,11.6,80.8,0.8
26,17,7.09,45.1,102.3,7.5,92.6,0.8
26,18,6.83,37.4,90.4,9.1,91.7,0.8
26,19,6.75,46.4,52.8,32.9,93.4,0.9
26,20,6.82,44.3,35.3,28.1,82.2,0.9
26,21,6.82,45.9,99,17.7,98.7,0.9
26,22,7.2,41,53.2,25.1,85.3,1
26,23,7.1,48.5,36.7,25.3,80.1,1
26,24,7.13,40.6,96.3,7.6,81.5,1
26,25,6.72,33,50.2,26,92.8,1.1
26,26,7.22,47.7,66.1,18.4,90.8,1.1
26,27,7.31,42.5,100.6,21.2,88.4,1.2
26,28,7.1,41.7,66.2,7.5,84,1.2
26,29,7.44,36.4,39.9,27.9,97.7,1.2
26,30,7.21,40.5,95.9,17.7,91,1.3
26,31,7.26,43.6,64,5.4,89.7,1.3
26,32,6.72,41,94.7,11.4,92.5,1.3
26,33,7.38,37.7,62.5,24.6,93.1,1.4
26,34,7.43,32.3,91,28.3,85.6,1.4
26,35,6.86,48.7,61.1,21.1,89.3,1.4
26,36,6.8,35.5,34.6,25.9,96,1.5
26,37,6.96,47.4,74.5,35,94.3,1.5
26,38,7.08,39,91.8,5.9,92,1.5
26,39,6.72,31.8,69.3,15.5,97.7,1.6
26,40,6.72,49.7,108.1,22,92.9,1.6
26,41,6.94,42.9,80.9,26.2,81.7,1.6
26,42,7.49,47.6,85.6,29.3,92,1.7
26,43,6.86,48.3,49.5,30.2,97.2,1.7
26,44,6.97,36.3,79.7,29.8,88.3,1.8
26,45,7.43,46.3,69,28.8,88.3,1.8
26,46,6.97,39.9,96.8,7,96.6,1.8
26,47,7.35,44.9,87,19.2,80.3,1.9
26,48,6.83,37.2,57.7,26.6,97.5,1.9
26,49,6.79,49.6,105.4,9.6,90.1,1.9
26,50,6.79,36.5,50.5,30.4,85.6,2
27,0,7.25,38.3,93.3,24.1,83.3,0.2
27,1,7.15,42.1,84.6,28.1,88,0.2
27,2,6.79,38.1,34.4,14.5,87,0.3
27,3,6.77,41.5,32.5,11.3,92.5,0.3
27,4,7.41,32,102.1,30.9,86.6,0.3
27,5,6.93,45.5,83.5,18.4,97.9,0.4
27,6,7.42,40.9,87.6,20,92.6,0.4
27,7,7.07,33.5,60.4,14.5,83.2,0.4
27,8,7.16,44.2,85.1,11.5,90.8,0.5
27,9,6.85,34.4,67.6,22.7,84.6,0.5
27,10,6.77,46.5,44.2,9.3,87.3,0.6
27,11,7.44,42.8,84.6,15.1,98,0.6
27,12,6.89,37.7,97.9,26.2,90,0.6
27,13,7.46,41.6,82.8,6.9,92.3,0.6
27,14,7.4,45.6,97.1,17.9,82,0.7
27,15,6.74,44.8,47.2,16.6,91.1,0.7
27,16,7.19,34.1,59.6,6.2,86.6,0.8
27,17,7.24,37.7,58.9,14,81.2,0.8
27,18,7.5,35.7,81.6,21,83.9,0.8
27,19,6.84,32.4,56.2,22.4,97.4,0.9
27,20,7.34,37.3,43.4,18.5,86.4,0.9
27,21,6.77,49.4,104.5,32.3,82.1,0.9
27,22,7.35,48.6,90.7,28.5,81,1
27,23,7.05,38,41.1,14.7,96.8,1
27,24,7,49,60.8,22.1,94,1
27,25,7.21,31,68.9,20.8,83.6,1.1
27,26,7.33,43.9,63.6,24.4,93.3,1.1
27,27,6.81,35.2,66.8,6.4,89.1,1.2
27,28,6.87,38,96,21.8,87.5,1.2
27,29,7.48,31.3,104.2,8.8,93.6,1.2
27,30,6.84,39.2,108.5,16.4,82.2,1.3
27,31,7.37,40.4,44.2,33,96.2,1.3
27,32,6.73,31.7,107.3,15.5,90.1,1.3
27,33,7.41,42.7,106.7,18.2,95.6,1.4
27,34,6.73,39.2,42.8,19.6,92.3,1.4
27,35,7.45,39.5,42.1,19.7,97,1.4
27,36,7,45.9,102.4,11,81.2,1.5
27,37,7.4,45.8,100.4,8.2,80.7,1.5
27,38,7.06,30.4,53,5.1,88.2,1.5
27,39,7.16,33.6,72.8,6.3,86.7,1.6
27,40,7.14,45.1,89.7,27.4,83.5,1.6
27,41,7.31,48,105.3,28.6,95,1.6
27,42,6.84,48.8,31.3,17.3,89,1.7
27,43,7.23,34.6,42.7,19.1,81.1,1.7
27,44,6.91,33,32,30.8,92.3,1.8
27,45,6.85,40.8,91.9,26.9,91.7,1.8
27,46,6.78,33.2,71.7,34.9,93.7,1.8
27,47,7.16,32.1,67.9,32.6,81.9,1.9
27,48,7.48,30.2,49.2,17.2,88,1.9
27,49,6.73,43.3,107.9,33.2,90.2,1.9
27,50,7.13,46,30.3,26.7,90.9,2
28,0,7.13,48.9,40.3,8.8,87.5,0.2
28,1,7.03,45.8,108.4,29.5,89.5,0.2
28,2,7.15,38,97.1,33.5,82.3,0.3
28,3,6.77,44.3,44.1,21.7,97.4,0.3
28,4,6.76,38.5,35.7,18.5,94.7,0.3
28,5,7.16,47.8,108.4,15.3,89.6,0.4
28,6,7.34,37,93.5,23.1,89.7,0.4
28,7,7.39,36.3,43.5,28.9,84.2,0.4
28,8,7,43.9,87.5,11.4,92.1,0.5
28,9,7.46,31.5,104.5,17.4,83.9,0.5
28,10,7.4,32.5,49.3,12,85.9,0.6
28,11,7.5,39,50,12.3,83.7,0.6
28,12,6.96,45,102.2,28.1,82.9,0.6
28,13,6.75,31.1,60.7,28.4,88.1,0.6
28,14,7.28,39,86.8,8.3,87.2,0.7
28,15,7.17,41.5,62,18.6,80.2,0.7
28,16,6.9,44.2,89.6,14.3,91.1,0.8
28,17,7.31,33.6,104.8,33.7,81.3,0.8
28,18,7.35,38.4,67.5,18.8,86.1,0.8
28,19,7.33,48,89.2,27.7,81.3,0.9
28,20,7.12,38.1,48.8,15.4,94.1,0.9
28,21,7.17,42.9,78.8,7.9,86,0.9
28,22,6.75,40.4,34.9,8.6,92.2,1
28,23,6.94,39.1,107.3,34.1,89.4,1
28,24,6.76,41.4,64.4,15,98.6,1
28,25,7.34,30.5,78,14.6,95.1,1.1
28,26,7.42,33.6,106.9,13.3,80.4,1.1
28,27,7.17,36.3,60.6,20.6,84.2,1.2
28,28,6.8,35.8,106.6,21.7,86,1.2
28,29,7.15,47.7,66.9,5.6,88.7,1.2
28,30,6.88,46.7,62.4,5.3,87.5,1.3
28,31,7.18,31.7,76.1,33.6,82,1.3
28,32,7.2,38.8,84.3,23.9,82.8,1.3
28,33,7.06,45.7,50.4,20.7,81.4,1.4
28,34,6.75,45.1,41.4,13.8,85.5,1.4
28,35,7.05,35.3,30.1,20.4,88.9,1.4
28,36,7.33,45.9,46.8,5.4,91.4,1.5
28,37,7.23,37.4,55.5,12.2,89.6,1.5
28,38,6.91,44.7,104.8,22.6,81.6,1.5
28,39,7.29,31.7,64.4,27.5,83.8,1.6
28,40,7.1,46.9,56.5,16.2,94,1.6
28,41,7.39,35.2,101.6,21.4,87.6,1.6
28,42,6.71,32.7,59,5.2,81.4,1.7
28,43,6.89,37.4,42.4,29.6,97.2,1.7
28,44,7.13,47.4,67.6,10,89.2,1.8
28,45,7.31,47.8,45.7,15.1,83.8,1.8
28,46,7.41,30,77.6,6.8,98,1.8
28,47,7.27,34.5,38.2,11.8,85.4,1.9
28,48,7.04,38.4,48.2,6.8,98.4,1.9
28,49,7.28,44.1,40.5,26.1,80.6,1.9
28,50,7.18,43.2,35.7,9.8,91.5,2
29,0,7,39,66.8,28.6,97,0.2
29,1,7.38,42.4,76.5,21.3,83.1,0.2
29,2,7.08,36.1,55.2,16,95.7,0.3
29,3,7.39,36.3,91.7,20.9,81.8,0.3
29,4,6.71,30.9,43.9,17.8,91.2,0.3
29,5,7.44,45.7,45.3,30.5,84.2,0.4
29,6,7.3,39.9,55.8,21.3,81,0.4
29,7,7.29,38.7,86.6,29.4,94.2,0.4
29,8,7.14,37.9,77.5,21.6,85.2,0.5
29,9,6.95,40.5,84.6,16.4,89.1,0.5
29,10,7.17,35.4,61.9,34.5,82.1,0.6
29,11,7.46,42.4,86.9,8.8,84,0.6
29,12,6.75,39.1,50,17.1,80.2,0.6
29,13,6.77,48,100.8,29.1,92,0.6
29,14,6.87,35.4,101.6,18.2,90.4,0.7
29,15,7.21,39.6,109.9,10,90.5,0.7
29,16,6.96,48,39.7,14.2,88.7,0.8
29,17,7.09,34.9,66.6,31,81.9,0.8
29,18,7.31,45.8,105.8,14.5,83,0.8
29,19,7.33,40.6,94.2,33.1,93.2,0.9
29,20,6.97,30,44.8,23.8,88.9,0.9
29,21,7.47,44.3,32.8,19.3,84.7,0.9
29,22,7.23,45.5,75.5,28.7,89.4,1
29,23,7.48,39,46.8,19.3,97.5,1
29,24,7.25,32.8,95.8,18.5,90.2,1
29,25,7.03,47.5,108.8,9,83.8,1.1
29,26,6.73,46.4,51,10.3,84.8,1.1
29,27,6.78,39.8,95.9,18.5,83.5,1.2
29,28,6.9,47.8,35,8.6,84.5,1.2
29,29,7.4,35.3,87.6,19.6,90,1.2
29,30,7.2,45.6,58,23.6,93,1.3
29,31,6.81,49.5,98.5,33.7,83.8,1.3
29,32,6.92,30.1,49.2,28.6,93,1.3
29,33,7.07,41.5,101.8,19.2,87.8,1.4
29,34,7.41,45,35.7,25.6,88.6,1.4
29,35,7.36,37.4,46.9,23.4,90.7,1.4
29,36,7.41,38.4,43.2,18.6,83.7,1.5
29,37,7.03,43.7,107.1,20.5,90.7,1.5
29,38,7.03,35.2,77.2,29.9,80.7,1.5
29,39,7.32,42.4,57.6,14.5,87.1,1.6
29,40,6.95,46.5,43,13.8,80.9,1.6
29,41,7.5,30.5,89.9,17.3,89.3,1.6
29,42,7.07,48.7,57.9,10.2,82.7,1.7
29,43,6.78,37.8,88,33.6,90.9,1.7
29,44,7.23,30.1,74,5.9,86.4,1.8
29,45,7.14,43.6,65.8,5.5,95.4,1.8
29,46,6.8,31.9,34.1,30.1,81.6,1.8
29,47,6.78,43,86.7,19.4,87.1,1.9
29,48,7.12,38.7,56.9,31.1,96.2,1.9
29,49,7.26,39.1,36.1,34.2,89.1,1.9
29,50,7.19,42.6,98,30.4,86.4,2
30,0,7.29,43.7,75.6,6.9,90,0.2
30,1,7.48,39.2,76.5,32.4,97.3,0.2
30,2,6.78,46.9,66.5,31.5,94.8,0.3
30,3,7.44,35.3,101.7,8.8,88.2,0.3
30,4,6.72,40,65.7,9.7,97.5,0.3
30,5,7.27,36.2,78.1,14.5,87.3,0.4
30,6,6.9,45.1,108.2,25.8,83.9,0.4
30,7,7.22,41.8,33,14.8,98.5,0.4
30,8,7.4,42.4,31,14,95.3,0.5
30,9,6.83,44.1,93.6,15.6,92,0.5
30,10,7.28,37.4,87.8,23,81.8,0.6
30,11,6.75,46.3,39.9,18.2,96.2,0.6
30,12,7.33,39.7,63.8,15.8,83.7,0.6
30,13,7.34,34.2,83.6,26,84.7,0.6
30,14,7.22,38.5,57.2,14.6,90.1,0.7
30,15,7.21,40.6,91,33.1,83.9,0.7
30,16,7.39,37.5,42.2,19.7,92.2,0.8
30,17,7.23,46.6,90.4,18.7,97.8,0.8
30,18,7.19,45.1,38.6,7,90.8,0.8
30,19,7.07,30.5,60.5,15.9,88.5,0.9
30,20,7,34.1,100.5,16.3,81.3,0.9
30,21,6.73,41,32.1,17.1,93.1,0.9
30,22,7.14,36.9,84.5,30.4,93.5,1
30,23,7.23,37.9,99.6,34.8,84.2,1
30,24,7.37,40.6,94.5,29.1,83,1
30,25,7.44,38,79.6,16.1,86,1.1
30,26,7.26,37.8,77.2,14,86.9,1.1
30,27,6.76,47.2,66.2,25.9,96.7,1.2
30,28,7.35,33.6,44.8,11.1,89.4,1.2
30,29,6.95,48.1,88.4,33.1,80.8,1.2
30,30,7.13,30.8,75.9,21.6,95,1.3
30,31,7.46,45.2,46.1,19.8,89.2,1.3
30,32,6.99,42.7,65.1,7.9,89.5,1.3
30,33,7.04,41.9,59.9,25.6,98.9,1.4
30,34,6.89,47.2,34.6,15.3,96.1,1.4
30,35,7.32,38.3,71.6,16.2,90.8,1.4
30,36,6.92,40.3,65.7,22.4,85.7,1.5
30,37,6.9,41.4,58.4,10.6,92.9,1.5
30,38,6.96,41,93.1,11.2,84.2,1.5
30,39,7,40.6,66.5,19.8,81.1,1.6
30,40,7.19,40.7,95.6,29.6,95.8,1.6
30,41,7.01,43.3,84.8,30.4,95.8,1.6
30,42,7.08,44.4,40,16,82.3,1.7
30,43,7.21,40.4,47.2,5.3,97.1,1.7
30,44,7.08,39,99.1,15.6,96.9,1.8
30,45,7.16,30.9,40,20.1,97.3,1.8
30,46,7.38,48.7,108.2,5.6,82.2,1.8
30,47,6.82,33.9,53,15.3,97.8,1.9
30,48,7.37,37.4,38.8,32,85.6,1.9
30,49,7.14,39.6,107.5,7.1,97,1.9
30,50,6.91,34.8,92.9,16.4,90.3,2
31,0,7.39,44.3,31.4,13.9,90.9,0.2
31,1,7.41,43.1,60,20.4,91.1,0.2
31,2,7.17,30.7,83.2,23.7,80.9,0.3
31,3,6.86,38.6,34.2,34.4,82,0.3
31,4,7,43.9,99.7,6.2,92.4,0.3
31,5,7.41,49.1,86,17.6,95.1,0.4
31,6,6.74,41.1,76.4,20.8,84.5,0.4
31,7,7.09,43.7,95.1,28.7,92.6,0.4
31,8,7.37,43.3,80.6,16.3,96.3,0.5
31,9,7.33,34.4,40.1,24.6,90.7,0.5
31,10,7.06,31.4,45,33.7,95.5,0.6
31,11,6.98,36.8,60.5,5.7,81.4,0.6
31,12,6.84,42.7,94.4,22.3,82,0.6
31,13,7.12,32.6,102.2,21,95.6,0.6
31,14,7.39,45.8,74.7,6.7,91.2,0.7
31,15,7.44,46.3,96.9,20.9,95.4,0.7
31,16,7.29,44.9,62,25.1,88.9,0.8
31,17,7.48,46.2,69.4,8.9,94.6,0.8
31,18,7.41,35.8,85.9,6.2,94.9,0.8
31,19,7.37,46,31.4,28,96.4,0.9
31,20,6.87,39.7,62.2,18.8,98.1,0.9
31,21,7.22,35.9,103.5,22.2,97.2,0.9
31,22,6.88,38.6,50.8,27.2,96.2,1
31,23,7.16,39,46.2,32.6,85.5,1
31,24,7.4,49.1,105.7,12.7,85.6,1
31,25,7.03,37.9,51.7,26.7,83,1.1
31,26,7.17,40.6,93.9,27.3,95.7,1.1
31,27,7.22,30.6,37.4,18.6,83.9,1.2
31,28,7.17,49.8,107,32.3,95.5,1.2
31,29,7.23,45.3,107.1,34.1,84.1,1.2
31,30,7.28,41,69.4,26.3,89.2,1.3
31,31,6.99,42,33.9,14.2,85,1.3
31,32,7.22,47.7,41.4,17.4,89.9,1.3
31,33,7.06,37.5,103.5,19.5,90.4,1.4
31,34,6.85,43.1,67.1,14.1,90.7,1.4
31,35,7.26,44.5,88.3,9.2,83.4,1.4
31,36,6.74,38.3,78,5.3,88.8,1.5
31,37,7.2,48.6,63.7,7.6,97.8,1.5
31,38,7.32,37,43.6,14,80.2,1.5
31,39,7.15,39.4,78.6,28,97.2,1.6
31,40,7.01,36,84.2,15.3,84.2,1.6
31,41,6.78,43.3,108,35,83.3,1.6
31,42,7.16,44.3,67.4,14.6,81.1,1.7
31,43,7.24,45.2,47.3,32.9,87.5,1.7
31,44,6.9,45.2,59.6,12,90.7,1.8
31,45,6.83,40.6,54,5.3,98.4,1.8
31,46,6.92,34.8,39.8,5.3,84.6,1.8
31,47,6.84,33.9,68.9,29.6,88.7,1.9
31,48,6.8,42.8,96.1,33,94.9,1.9
31,49,7.45,44.6,38.7,27.1,83.6,1.9
31,50,6.74,34.4,103,20.3,85.4,2
32,0,7.43,41.3,39.8,32.7,89.3,0.2
32,1,7.38,45.9,71.3,33.7,83.1,0.2
32,2,6.94,49.7,49.6,10.4,87.3,0.3
32,3,6.84,43.1,34.7,17.8,95.4,0.3
32,4,7.32,30.8,106.5,24.3,83.4,0.3
32,5,7,47,98.4,24.5,84.8,0.4
32,6,7.08,39,102.7,27,89.4,0.4
32,7,7.42,44.4,89.8,27.4,98.5,0.4
32,8,6.79,37.6,88,28.1,86.2,0.5
32,9,7.02,35.1,65.4,27.3,80,0.5
32,10,7.29,38,84.4,17.1,83.3,0.6
32,11,6.77,49.7,66.9,17.9,80.3,0.6
32,12,7.11,46.2,56,9.3,91.6,0.6
32,13,6.98,39.9,67.3,30.5,90.5,0.6
32,14,7.14,30.4,105.8,9.3,81.3,0.7
32,15,6.89,46.4,53.4,17.1,88.4,0.7
32,16,7.08,30.6,38.3,24.3,85.9,0.8
32,17,7.39,48.2,48.9,31.8,84.1,0.8
32,18,6.9,30.9,57.5,11.1,84.7,0.8
32,19,7.38,33.6,75,12.9,96.4,0.9
32,20,7.24,33,106.4,30.2,82.6,0.9
32,21,6.97,44,32.9,11.5,91.6,0.9
32,22,7.21,34.9,93,13.2,82.4,1
32,23,7.3,41.4,71.8,23.4,86.7,1
32,24,7.19,35.7,72.2,26.3,93.8,1.1
32,25,7.22,40.4,63.9,16.2,97.7,1.1
32,26,6.82,39.9,54,24.9,83.8,1.1
32,27,6.72,48,53.2,13.8,98.3,1.2
32,28,7.18,43.5,93.6,10.8,84.1,1.2
32,29,7.03,46.8,64,10,86.9,1.2
32,30,7.22,34.1,54.8,26.1,80.9,1.3
32,31,7.15,46.2,35.6,27.3,95.6,1.3
32,32,7.11,37.5,68.9,24,82.9,1.3
32,33,7.27,30.1,107.2,13.8,84.5,1.4
32,34,6.72,32.6,87.1,18.8,86.4,1.4
32,35,7.41,31.1,99.4,23.6,95.1,1.4
32,36,7.12,35.1,61.4,5.5,93.5,1.5
32,37,7.39,38.6,35.3,9.3,91,1.5
32,38,6.95,33.7,79.2,23,89.2,1.5
32,39,6.77,49.9,32.8,26.8,96.9,1.6
32,40,6.98,36.4,94.4,23.5,81.1,1.6
32,41,7.3,39.4,32.7,7.1,89.4,1.6
32,42,7.42,47.8,45.5,15.9,86.4,1.7
32,43,7.4,39.9,62,20.7,80.9,1.7
32,44,7.19,45.3,32.3,17.4,98.1,1.8
32,45,7.45,33.6,57.8,32.2,94.4,1.8
32,46,6.71,47.3,39.7,28.3,82.3,1.8
32,47,6.78,40.1,107.7,10.2,90.3,1.9
32,48,7.12,34.3,45,30.5,81,1.9
32,49,7.08,32.4,94.7,25.8,85.3,1.9
32,50,6.75,46.6,82.6,33.7,84.8,2
33,0,7.28,45.4,85.4,10.7,80.3,0.2
33,1,7.16,33.8,64.2,21.5,85.6,0.2
33,2,6.96,47.3,37.5,14.6,92.5,0.3
33,3,7.35,43.4,31.5,13,89.6,0.3
33,4,7.23,43.8,67.3,9.2,90.4,0.3
33,5,7.31,49.8,105.8,25.8,85.8,0.4
33,6,7.41,40.1,74.3,10,81.4,0.4
33,7,6.81,42.1,83.7,22.7,88.7,0.4
33,8,7.42,32.5,45,10.1,89.4,0.5
33,9,6.98,41.2,65,22.9,96.8,0.5
33,10,7.29,49.2,76.6,21.4,97.7,0.6
33,11,7.41,49,66.7,19.4,83.2,0.6
33,12,7.47,36.5,48.5,14.1,84.5,0.6
33,13,7.12,42.4,85.4,28,84.9,0.7
33,14,6.85,38.1,42.7,29.8,91,0.7
33,15,7.01,39.9,91.2,18.3,80.4,0.7
33,16,7.44,36.9,104.2,22,96.3,0.8
33,17,7.18,48.6,35.8,29,88.9,0.8
33,18,7.12,38,61.3,13.7,98,0.8
33,19,6.88,35,79.9,27.8,81.3,0.9
33,20,7.06,34.5,61.9,5.8,96.7,0.9
33,21,7.05,40.9,101.3,26.4,94.6,0.9
33,22,7.24,49.6,34.3,32.7,88.7,1
33,23,7.11,38.1,96.8,6.1,93.8,1
33,24,7.03,30.3,107.7,8.6,91,1.1
33,25,6.77,48.1,101.4,21.1,87.9,1.1
33,26,7.15,38.9,85.4,18,95.7,1.1
33,27,7.13,37.8,60.5,8.6,90.3,1.2
33,28,6.93,30.7,106.3,32.3,80.1,1.2
33,29,7.4,43.8,68.8,5.1,81.4,1.2
33,30,7.42,40,98.8,18.2,87.3,1.3
33,31,6.9,44.3,68.7,19.4,99,1.3
33,32,7.05,32.3,108.4,28,83.3,1.3
33,33,7.2,33.5,76.6,24.3,80.2,1.4
33,34,6.79,42.5,73.1,27.7,87.5,1.4
33,35,7.2,40.2,96.2,18.2,89.3,1.4
33,36,6.9,47,71,19.1,97.8,1.5
33,37,7.06,44.8,101.5,11,95.7,1.5
33,38,7.05,40.5,87.3,7.8,97.7,1.5
33,39,7.42,33.2,69.2,26.9,89.9,1.6
33,40,7.05,34.9,65.7,14.6,97.7,1.6
33,41,7.12,30.3,75.9,12.4,82.4,1.6
33,42,6.83,43.1,46.8,19.1,94.3,1.7
33,43,7.41,46.5,90.8,19.1,97.6,1.7
33,44,6.86,30.8,104,11.7,98.8,1.8
33,45,7.22,32.5,98.4,20.5,80.9,1.8
33,46,6.76,36.4,88.5,26.4,91.2,1.8
33,47,7.3,48.6,52.3,8.5,82.4,1.9
33,48,7.39,38.1,36.5,7.2,82.7,1.9
33,49,7.09,48.9,70.2,23.6,93.5,1.9
33,50,6.75,35.8,52.5,31.5,96,2
34,0,6.73,32.5,59.4,13.7,88.7,0.2
34,1,7.06,32.8,49.9,34.9,83.1,0.2
34,2,7.26,49.2,101.4,32.4,80.2,0.3
34,3,6.9,40,79.1,29.9,96.9,0.3
34,4,7.34,48.3,50.5,14.6,93.2,0.3
34,5,6.71,48.1,97.4,26.7,98.2,0.4
34,6,7.35,42.3,52.3,17.6,83.6,0.4
34,7,7.16,41.8,81.8,34.5,89.6,0.4
34,8,7.31,47.7,69.1,34.1,89.1,0.5
34,9,6.81,30.5,97.3,33.9,92.5,0.5
34,10,7.39,44.6,53.2,11,94.9,0.6
34,11,7.46,41.5,66.5,23,96.8,0.6
34,12,6.84,32.1,57.1,9.5,81.3,0.6
34,13,7.4,47.2,82.4,26.7,94.1,0.7
34,14,6.88,35.3,67.3,18.2,96.5,0.7
34,15,6.81,49.7,86.8,25.2,92.5,0.7
34,16,7.32,49,68.3,20.9,83.7,0.8
34,17,7.18,32.1,66.5,11.1,93.9,0.8
34,18,6.72,49,108.5,35,81.7,0.8
34,19,6.75,38.7,45.4,19.9,97.8,0.9
34,20,7.28,30.5,78,29.8,90.1,0.9
34,21,7.26,35,96.2,29.2,97.5,0.9
34,22,7.18,46.6,40.2,33.4,97.4,1
34,23,7.12,41.9,71.5,24.7,84.8,1
34,24,7.2,35.1,76.1,26.3,87.7,1.1
34,25,7.5,48.3,92.4,15,83.7,1.1
34,26,6.87,42.3,70.1,34.6,80.6,1.1
34,27,6.87,37.4,39,9.3,95.1,1.2
34,28,7.13,48,35.6,31.6,80.8,1.2
34,29,7.34,41.4,32.9,31.2,92.4,1.2
34,30,7.03,41.9,87.5,30.2,95.5,1.3
34,31,7.46,49.1,43.2,24.7,90.5,1.3
34,32,7.22,32.9,73.1,27.1,82.1,1.3
34,33,6.89,33.6,108.5,30.4,92.9,1.4
34,34,7.22,47.5,78.9,15.9,83.7,1.4
34,35,6.92,33.2,101.3,13.5,95.9,1.4
34,36,6.71,36.6,109.1,16.4,95,1.5
34,37,6.81,48.7,90.9,8.9,91.1,1.5
34,38,7.07,43.8,83.1,20.3,91.8,1.5
34,39,7.3,35.8,93.1,9.7,94.4,1.6
34,40,7.01,49.8,65.8,16.6,90.3,1.6
34,41,7.44,30.5,86.5,16.5,84.6,1.6
34,42,7.48,40.1,89.7,34.3,96.8,1.7
34,43,6.72,32,43,29.7,87.2,1.7
34,44,6.84,49.1,59.8,10.8,81,1.8
34,45,6.71,47.2,80.8,33,87.7,1.8
34,46,6.76,44.1,38.5,10.4,94.6,1.8
34,47,7.48,40.4,96.7,22.6,94.9,1.9
34,48,7.38,32.5,85.8,31.2,90.9,1.9
34,49,6.72,40.1,51.4,24,87.9,1.9
34,50,7.02,48.8,71.6,12.3,83.5,2
35,0,7.09,48,91.8,14,80.2,0.2
35,1,7.4,32.1,92.8,32,95.2,0.2
35,2,7.33,40.7,40.5,18.3,97.5,0.3
35,3,6.97,35.7,50.1,29.7,86.9,0.3
35,4,7.42,41.3,55.7,21.9,91.5,0.3
35,5,6.97,40.4,41.4,27.4,98.7,0.4
35,6,7.38,39.3,59.2,23.9,98.3,0.4
35,7,7.3,48.7,62.3,25.5,89.1,0.4
35,8,7.36,44.6,39.1,13.1,97.2,0.5
35,9,7.24,44.4,91,29.4,93.1,0.5
35,10,7.19,44.6,48.3,22.9,97.8,0.6
35,11,6.79,38.2,43.5,10.1,85.4,0.6
35,12,7.34,34.7,37.2,21.1,83.9,0.6
35,13,6.72,41.1,61.4,12,80.1,0.7
35,14,7.11,37.5,66.8,27,87.5,0.7
35,15,6.71,30.6,82.1,26.3,86.1,0.7
35,16,6.85,33.3,42.1,28,93.4,0.8
35,17,6.71,34.3,81.2,16.3,82.1,0.8
35,18,7.47,47.6,59,5,91.3,0.8
35,19,6.83,35.7,74.6,23.6,96.8,0.9
35,20,7.07,48.7,36.3,26.3,94,0.9
35,21,6.73,39,99.5,21,94.8,0.9
35,22,7.24,49.5,41.9,24.8,84,1
35,23,7.11,37,47,9.2,97.5,1
35,24,7.03,46.8,101.1,25.5,95.3,1.1
35,25,7.05,30.3,41.5,18.2,94.6,1.1
35,26,7.12,48.2,59.6,17.5,97.3,1.1
35,27,6.9,39.2,68,19.4,89.5,1.2
35,28,7.43,49.9,56,10.1,89.4,1.2
35,29,7.11,41.6,36.8,16.7,80,1.2
35,30,7.12,38.4,101.5,33.7,86.6,1.3
35,31,7.24,31.4,87.8,23.4,82.2,1.3
35,32,7.3,44,53.5,27.5,98.3,1.3
35,33,7.38,34.5,95.1,31.9,85.9,1.4
35,34,7.2,47.3,50.1,12.1,86.4,1.4
35,35,6.73,50,56.8,20.4,86.1,1.4
35,36,6.78,32.8,37.7,23.1,82.1,1.5
35,37,7.29,34.3,48.1,26.8,80.5,1.5
35,38,7.27,37,80.9,19.4,98.7,1.5
35,39,7.15,37.3,84.6,7.3,95,1.6
35,40,7.48,47.1,109.7,18.5,80.8,1.6
35,41,7.01,45,76.9,20.8,96.1,1.6
35,42,7.17,31.8,93.1,34.3,81.2,1.7
35,43,7.15,48,101.5,5.1,80.3,1.7
35,44,7.16,36.4,89.4,23.1,91.7,1.8
35,45,7.27,30.7,80.2,9.4,90.7,1.8
35,46,7.08,49.2,48.2,8.4,80.4,1.8
35,47,7.22,31.4,109.6,10.3,95.2,1.9
35,48,7.14,43.9,87.4,19,85.6,1.9
35,49,7.29,31.9,70.8,10.6,87.8,1.9
35,50,7.18,42.9,68.5,31,88.8,2
36,0,7.31,36.6,101.4,11.8,96.4,0.2
36,1,7.38,43.2,33.9,11.1,94.2,0.2
36,2,7.45,41.4,101.1,23.1,94.6,0.3
36,3,6.88,39.8,74,10,91.7,0.3
36,4,7.14,41.2,54,11,90.9,0.3
36,5,7.27,40.9,45.9,15.5,89.8,0.4
36,6,7.38,40.6,73.5,7.2,83.8,0.4
36,7,7.49,40.8,46.1,11.7,80.6,0.4
36,8,6.99,49.7,35.5,32.7,91.3,0.5
36,9,6.72,38.1,77.9,7.8,94.9,0.5
36,10,7.37,34.4,90.4,13.7,94.6,0.6
36,11,6.96,39.1,93.7,27.2,86.1,0.6
36,12,6.82,39.5,104.8,6.9,91.5,0.6
36,13,7.46,35.1,63.6,24,92.8,0.7
36,14,6.87,37.2,90.3,28.4,87.8,0.7
36,15,7.09,44.6,69.8,24.3,97.4,0.7
36,16,6.98,42.1,33.4,19.5,82.4,0.8
36,17,6.86,43.4,71,33.8,82.5,0.8
36,18,7,35.8,107.8,16.5,94,0.8
36,19,6.77,33.5,96.7,7.6,87.8,0.9
36,20,7.02,35.8,55.8,19.8,96.8,0.9
36,21,7.5,40.4,56.4,16.3,90.3,0.9
36,22,6.84,36.8,47.1,27.5,81.3,1
36,23,6.76,39.8,78.2,30.6,84.8,1
36,24,7.45,31.2,62.7,25.5,91,1.1
36,25,7.15,41.9,31.5,25.4,87.9,1.1
36,26,7.41,31,37.7,9.6,81.1,1.1
36,27,7.12,32.7,70.1,32,82,1.2
36,28,7.46,46.1,65.3,13.1,84,1.2
36,29,7.35,32.6,85.1,19.9,97,1.2
36,30,6.85,48.9,96.4,12.6,97.1,1.3
36,31,7.41,40.2,82.3,12.6,97.1,1.3
36,32,7.35,30.6,81.7,14.9,82.1,1.3
36,33,7.19,33.1,51,5.8,97.3,1.4
36,34,7.02,32.8,85.8,18.2,80.4,1.4
36,35,7.16,40.3,30.3,18.9,87.8,1.4
36,36,7.27,35,83.6,10,90.1,1.5
36,37,6.99,30.1,91.7,28.2,91.4,1.5
36,38,7,47.4,32.7,24.3,85.3,1.5
36,39,7.12,46.5,65.7,15.3,83.9,1.6
36,40,7.06,31.5,109.3,33.5,98.4,1.6
36,41,7.12,37.9,67.8,31,95.7,1.6
36,42,6.97,37.8,72.5,9.4,82.3,1.7
36,43,6.87,45.1,37.4,34.7,90.6,1.7
36,44,7.41,31,105,26.4,95.5,1.8
36,45,7.29,34.9,74,19.1,83.4,1.8
36,46,6.81,49.7,67.6,31.6,80,1.8
36,47,7.43,31.7,53,30.2,91.6,1.9
36,48,6.87,41.5,51.1,34.4,92.7,1.9
36,49,7.48,48.4,71.4,7.2,95,1.9
36,50,6.78,35.6,56.6,13.6,81.9,2
37,0,7.09,44.5,87.6,5.8,83.2,0.2
37,1,6.91,38.5,43.6,12.1,87.9,0.2
37,2,7.44,41,31.8,5.4,89.8,0.3
37,3,6.74,41.2,99,14.5,91.2,0.3
37,4,7.39,49.4,42.5,6.6,96,0.3
37,5,6.91,34.5,63.8,28,87.4,0.4
37,6,7.13,34.4,100.9,13.7,97.4,0.4
37,7,6.74,38.8,47.6,17.1,89.3,0.4
37,8,7.11,39.4,103.8,15.4,92.3,0.5
37,9,7.21,40.7,43.2,29.6,86.1,0.5
37,10,6.96,38.3,96.5,21.9,81.3,0.6
37,11,7.39,49.4,67.9,14.9,82.5,0.6
37,12,7.33,46.9,96.3,16,92,0.6
37,13,7.43,41.2,73.2,24.9,89.8,0.7
37,14,6.82,48.2,96.4,20,86.8,0.7
37,15,7.02,44.9,87.2,14.9,88.1,0.7
37,16,7.07,43.4,107.7,16.9,97.8,0.8
37,17,6.76,32.9,108.3,5.6,90.7,0.8
37,18,7.07,47,48.3,9.9,89.3,0.8
37,19,7.1,32.7,92.4,5.4,85.1,0.9
37,20,7.26,31.5,69.6,5.2,95.6,0.9
37,21,7.31,33.1,98,22.5,89.5,0.9
37,22,6.91,38.8,30,21.5,86.7,1
37,23,7.21,35.8,56.7,34.9,81.6,1
37,24,7.32,47,74.7,23,97.6,1.1
37,25,7.3,33.6,31.4,34.9,86.6,1.1
37,26,7.33,38.9,48.2,32.7,98.3,1.1
37,27,7.24,31.5,31.5,29.9,93.9,1.2
37,28,7.16,34.7,82.1,11,83.6,1.2
37,29,6.77,41.2,104.5,25.2,88.2,1.2
37,30,6.71,41.3,88.3,18,83.9,1.3
37,31,7.12,39.5,57.9,7.3,97.3,1.3
37,32,6.9,37.7,94.1,10,94.5,1.3
37,33,6.84,47.1,59.5,33.3,88.2,1.4
37,34,6.74,42.6,42.4,8.1,82.6,1.4
37,35,6.7,33,34.8,33.6,83.8,1.4
37,36,7.5,44.5,75.8,32.4,93.7,1.5
37,37,6.99,36.7,44.3,16.9,85,1.5
37,38,6.8,35.4,39.1,18.9,94.6,1.5
37,39,7.05,34.3,82.7,9,89,1.6
37,40,7.01,41.9,54.7,20.5,82.7,1.6
37,41,6.8,35,94.8,22.8,93.8,1.6
37,42,7.04,36,91.2,31,81.1,1.7
37,43,6.74,49.2,33.2,5,95.3,1.7
37,44,6.91,32.9,75.5,22.5,86.9,1.8
37,45,7.19,36.2,94.1,27.5,98.1,1.8
37,46,7.02,30.8,80.5,13.3,85.9,1.8
37,47,6.92,38.4,54.7,6,89.7,1.9
37,48,7.24,38.3,64.9,6.8,93.7,1.9
37,49,6.89,40.2,49,33.2,97.7,1.9
37,50,6.98,38.7,56.9,10.7,86.4,2
38,0,7.33,42.5,34.7,23.9,83.8,0.2
38,1,7.11,33.5,74.1,16.5,94.6,0.2
38,2,6.75,37.6,64.3,26.7,88.3,0.3
38,3,7.32,44,108.2,14.3,96.1,0.3
38,4,6.71,47.4,77.1,19.3,87.2,0.3
38,5,6.78,46,60.4,9.2,97,0.4
38,6,7.16,49.7,110,24.2,94.1,0.4
38,7,7.29,48.2,106.8,26.2,96.5,0.4
38,8,7.22,41.2,65.6,31.8,80.9,0.5
38,9,7.28,49.7,92.1,33.2,89.6,0.5
38,10,6.91,38.1,104.6,26.2,91.4,0.6
38,11,6.88,43.6,97.4,34,82,0.6
38,12,7.01,44.6,102.5,20.7,85.2,0.6
38,13,7.21,31.5,30.3,33,83.5,0.7
38,14,6.96,47.2,32.5,18.7,96.9,0.7
38,15,7.16,36.3,57.9,26.5,90.7,0.7
38,16,7.03,35,40.9,25.5,80.7,0.8
38,17,7.28,38.5,56.6,13.2,84,0.8
38,18,7.17,43.4,57.9,20.3,86.7,0.8
38,19,7.5,31.7,58.1,10.3,91.1,0.9
38,20,6.88,39.9,99.9,9.9,90,0.9
38,21,7.06,34.2,39.8,18.9,98.8,0.9
38,22,7.04,48.6,87.8,29.6,82,1
38,23,6.89,43,33.3,20.6,94.7,1
38,24,7.16,49.6,59.2,14.1,88.2,1.1
38,25,6.89,32.6,106.8,34.4,86.1,1.1
38,26,6.96,32.9,32.1,28.5,83.4,1.1
38,27,6.95,45.1,100.7,15.3,95.4,1.2
38,28,7.43,34.2,53.5,29.7,97.9,1.2
38,29,6.81,44.3,90.4,13.2,90.6,1.2
38,30,7.23,39.8,40.4,23.8,95.7,1.3
38,31,6.93,39.3,50.7,20.8,82.3,1.3
38,32,7.27,43.6,73.4,7.2,98.1,1.3
38,33,6.8,47.5,83.8,20.8,89.5,1.4
38,34,7.18,35,76.1,16,83,1.4
38,35,7.22,43.4,59.2,8,93.2,1.4
38,36,6.86,41.3,31.4,13.5,93,1.5
38,37,7.35,36,60.3,28.6,97.4,1.5
38,38,6.96,47.6,105.7,17.1,96.8,1.5
38,39,6.77,34.2,87.7,7.8,95.7,1.6
38,40,7.26,31.6,98.3,31.8,84.9,1.6
38,41,7.2,48.3,49.5,7.3,98.3,1.6
38,42,7.09,38.4,87.9,17.6,87.1,1.7
38,43,6.78,32.2,46.6,11.1,87.2,1.7
38,44,7.13,36.1,66.9,31.5,96.8,1.8
38,45,7.48,40.3,95.2,6.5,81.7,1.8
38,46,6.89,33.6,96.7,23.8,95.6,1.8
38,47,6.81,30.3,54.6,29.9,86.9,1.9
38,48,6.82,48.9,83.2,32.3,83.6,1.9
38,49,7.28,36.1,81,24.9,90.5,1.9
38,50,6.87,32.3,46.8,9.7,90.1,2
39,0,7.08,48,84.7,26.6,86.8,0.2
39,1,7.01,33.1,92.4,27.6,89.7,0.2
39,2,7.05,41,33.2,11.9,82.5,0.3
39,3,7.13,43.6,104.8,21.8,89.9,0.3
39,4,7.01,41.1,32.1,15.5,86.3,0.3
39,5,6.79,30.1,58.7,33.8,96.4,0.4
39,6,7.25,40.3,92.8,29.8,86.8,0.4
39,7,7.35,44.9,58.3,22,95.2,0.4
39,8,6.92,34.1,52.1,20.5,98.1,0.5
39,9,7.33,48.7,42.9,31.4,94.9,0.5
39,10,7.46,46.5,78.2,28.4,95.2,0.6
39,11,6.81,35.6,103.3,17.3,96.9,0.6
39,12,7.14,35.2,107,16.9,94.3,0.6
39,13,7.3,50,64.3,27.8,81.4,0.7
39,14,7.34,42.4,47.3,14.8,89.7,0.7
39,15,7.21,49.5,105.1,17.1,85.1,0.7
39,16,7.34,39.6,99.9,8.1,86.5,0.8
39,17,7.01,46.1,99.9,31.2,93.8,0.8
39,18,7.42,32,31.4,12.5,80.2,0.8
39,19,6.95,46.5,62.6,33.1,95.2,0.9
39,20,7.43,33.4,49.5,23.1,91.3,0.9
39,21,7.28,35.1,77.5,15.2,88.7,0.9
39,22,7.16,42.4,75.2,29.5,95.2,1
39,23,6.84,37.5,63.1,20.6,81.6,1
39,24,7.41,36.6,61.6,9.8,82.8,1.1
39,25,7.31,48.5,42.8,23,96.3,1.1
39,26,6.72,48.9,32.7,21.6,88.9,1.1
39,27,7.26,32.7,73.9,10.3,83.6,1.2
39,28,7.29,36.2,45.2,14,88.8,1.2
39,29,7.22,41.3,74.9,6.3,81.1,1.2
39,30,6.9,37.2,45.6,11.2,91.2,1.3
39,31,7.47,43.1,39.6,8.5,93.3,1.3
39,32,7.28,41.5,82.5,5.5,93,1.3
39,33,7.21,44.7,38.5,12.4,83.1,1.4
39,34,7.33,42.5,91.1,20.4,90.7,1.4
39,35,6.82,35.3,72.4,14.8,86,1.4
39,36,6.77,33.6,51.3,26.4,98.6,1.5
39,37,7.11,31.3,35.3,26,89.2,1.5
39,38,7.06,45.3,80.6,24.9,82.3,1.5
39,39,6.72,39.6,61.7,32.7,97.9,1.6
39,40,7.09,41.7,40.8,24.4,94.8,1.6
39,41,6.75,38,38.6,22.8,84.6,1.6
39,42,6.97,45.8,68.7,14.9,94.7,1.7
39,43,7.46,30.1,49,12.1,94.1,1.7
39,44,7.46,39.5,73.4,18.6,82.5,1.8
39,45,7.11,45.5,70.2,27.5,97.3,1.8
39,46,6.7,31.4,83.5,20.7,96.3,1.8
39,47,7.49,43.5,61.5,28.9,90.7,1.9
39,48,7.03,45.4,82.9,22.3,93,1.9
39,49,7.14,41.9,47,17.8,83.1,1.9
39,50,7.31,34.9,105,28,98.6,2
40,0,7.45,42.6,82.1,28.7,85.7,0.2
40,1,6.97,48.7,90,34.5,91.7,0.2
40,2,7.07,36,63.3,30.1,88.3,0.3
40,3,6.78,40.1,36.5,14.4,93.2,0.3
40,4,6.95,47.5,107.1,6.4,87,0.3
40,5,7.36,42.2,68,12.6,84.5,0.4
40,6,7.45,47,35.9,30.1,90.5,0.4
40,7,6.77,30.7,45.2,25.2,90.3,0.4
40,8,7.1,39.7,105.1,21.2,99,0.5
40,9,7.06,36.1,57.1,31.2,89.9,0.5
40,10,7.5,32.4,57.8,31.8,94.5,0.6
40,11,7.21,34.4,71.2,10.5,81.1,0.6
40,12,7.09,39.9,40.2,7.2,97.1,0.6
40,13,6.77,43.7,35.6,29.5,90.8,0.7
40,14,7.23,33,34.2,31.7,86.4,0.7
40,15,7.44,43.8,76.3,21.4,91.8,0.7
40,16,7.01,39.5,102.7,30,98.5,0.8
40,17,6.87,36.4,85.6,16.8,87.9,0.8
40,18,7.33,43.5,37.9,8.9,97.9,0.8
40,19,6.88,37.3,53.2,11.5,87.4,0.9
40,20,7,39.9,100.7,27.1,96.8,0.9
40,21,7.4,47.1,72.6,17.4,88.2,0.9
40,22,7.39,48.4,31.6,5.8,92.2,1
40,23,6.92,44.7,75.8,24.4,94.7,1
40,24,7.2,43.8,61.1,30.1,94.6,1.1
40,25,6.78,47,52.1,12.4,84,1.1
40,26,7.14,38.3,74.9,32.3,96.3,1.1
40,27,7.49,46.3,85,18.8,96.7,1.2
40,28,7.13,33.6,48.2,22.7,89.1,1.2
40,29,6.98,40.6,57.6,28.3,80.4,1.2
40,30,7.07,34.9,40.4,22.7,95.9,1.3
40,31,6.85,37.2,77.9,11.2,90.2,1.3
40,32,6.77,45.1,30.8,17.3,81.4,1.3
40,33,7.02,32,107.6,29.2,86,1.4
40,34,7.13,33.5,58.1,25.3,87,1.4
40,35,7.2,42.4,66.1,30.7,83.3,1.4
40,36,7.34,43.6,98.3,34.4,87.2,1.5
40,37,7.17,30.7,53.1,27,93.9,1.5
40,38,6.76,37.6,35.6,34.7,96.6,1.5
40,39,7.28,44.1,41.2,19.5,87.4,1.6
40,40,7.39,41.3,75.4,6,90.2,1.6
40,41,6.79,36,64.3,30.8,96.6,1.6
40,42,7.12,36.8,51.3,9.3,98.2,1.7
40,43,7.41,31.5,70.9,28.7,84.5,1.7
40,44,6.92,45,64.7,7.4,93.9,1.8
40,45,7.45,44.3,50.7,28.4,98,1.8
40,46,7.4,41.2,35,22.3,89.9,1.8
40,47,7.11,31.7,63.1,8.6,81.2,1.9
40,48,7.27,35.7,73.4,20.2,94.5,1.9
40,49,7.38,48.9,35,23.9,89.9,1.9
40,50,7.34,44.8,80.8,22.7,94.6,2
41,0,7.14,47.7,43.9,28.9,94.6,0.2
41,1,7.33,42.8,77.4,14.4,88.7,0.2
41,2,6.83,44.8,94.5,27.1,83.6,0.3
41,3,7.1,43.4,48.6,15.1,80.2,0.3
41,4,7.1,45.7,85.2,33.4,83.8,0.3
41,5,7.33,40.5,84.4,25.8,90.2,0.4
41,6,7.35,32.3,34.9,6.9,89.1,0.4
41,7,7.1,35.6,103,16.9,81.4,0.4
41,8,7.35,34,93.4,6.2,88.9,0.5
41,9,7.4,42.5,51.5,14.1,83.6,0.5
41,10,6.96,48.3,39.6,27.8,82.3,0.6
41,11,7.46,31.8,30.2,29,91.3,0.6
41,12,6.89,48.4,50.3,17.5,84,0.6
41,13,7.45,46.3,76,16.1,97.2,0.7
41,14,7.36,48.4,89.1,16.9,91.9,0.7
41,15,6.81,30.5,109.4,10.1,80.7,0.7
41,16,7.04,39,86.3,21.4,97.2,0.8
41,17,7.03,42.6,68.3,33.8,98.6,0.8
41,18,6.86,38.3,42.8,27,90.3,0.8
41,19,7.42,38.9,53.9,28.4,87.8,0.9
41,20,7.47,39,59.5,24.2,91.5,0.9
41,21,7.2,32.2,39,34.3,94.5,0.9
41,22,6.77,49.6,40.5,24.7,82.6,1
41,23,7.29,30.3,62.8,13.6,89.5,1
41,24,7.33,48.8,103.5,17.8,96.6,1.1
41,25,6.72,37,79.8,24.4,95.7,1.1
41,26,6.74,44.9,100,9.1,89.9,1.1
41,27,7.4,48,41.3,13.4,85,1.2
41,28,6.92,48.1,45.9,28.9,89.4,1.2
41,29,7.14,31.2,45.8,31,98.7,1.2
41,30,7.33,48,68.1,28.9,86,1.3
41,31,7.04,46.6,86.7,8.6,94.5,1.3
41,32,6.94,47.4,74.7,24.2,82.9,1.3
41,33,7.44,33.4,60.6,16.3,93.5,1.4
41,34,6.94,45.2,73.4,18.2,93.3,1.4
41,35,7.45,40.6,40.6,7.8,94.1,1.4
41,36,6.77,36.6,42.2,29.5,82.4,1.5
41,37,6.87,48.5,107.4,27.6,98.3,1.5
41,38,6.94,34,92.4,28.7,82.1,1.5
41,39,6.91,34.6,107.7,5.1,90.9,1.6
41,40,7.39,32.9,34.6,18.1,88.4,1.6
41,41,7.25,44.8,68.9,24.9,87.6,1.6
41,42,6.85,35.3,100.1,12.2,97.2,1.7
41,43,6.85,34,86.2,32.8,86.9,1.7
41,44,7.2,38.5,53.5,8.5,96.7,1.8
41,45,7.38,48.3,96.5,24.4,89.2,1.8
41,46,6.92,47.6,88.9,7.4,82.7,1.8
41,47,6.91,49,106,26.5,94.6,1.9
41,48,7.33,35.2,93.1,9.2,97.3,1.9
41,49,6.74,30.6,109.9,19.3,92.9,1.9
41,50,6.87,30.5,103.6,11.6,88.6,2
42,0,7,35.9,100.8,14.7,97.3,0.2
42,1,7.29,36.7,89.6,16.8,82.5,0.2
42,2,7.22,44.9,40.2,17.9,91,0.3
42,3,6.91,30.6,38.2,21.7,93.7,0.3
42,4,7.49,30.1,46.5,34,82.3,0.3
42,5,6.91,42.2,90.3,23.5,85.8,0.4
42,6,6.77,38.9,55.3,20,96.7,0.4
42,7,7.45,32.1,75.2,8.6,88.1,0.4
42,8,7.3,39.1,55.3,32.8,94.1,0.5
42,9,6.79,36.4,56.1,20.1,96.5,0.5
42,10,6.96,35.1,77.5,19,82.5,0.6
42,11,7.15,45.3,67.4,18.4,94.7,0.6
42,12,7.05,49.8,106.9,7.2,83.8,0.6
42,13,7.22,33,57.9,13.1,93.3,0.7
42,14,6.86,34,62.4,8.6,80.1,0.7
42,15,7.18,45,45.3,7.7,94.3,0.7
42,16,7.12,40.3,92.3,18.8,90,0.8
42,17,6.83,45.4,95.3,19.2,80.2,0.8
42,18,7.32,30.9,32.4,16.8,83.1,0.8
42,19,7.16,36,78.6,21.2,83.5,0.9
42,20,6.77,30.7,38.7,24.6,96.9,0.9
42,21,6.93,44,56.2,14.1,98,0.9
42,22,7.44,39.9,93.5,31.9,85.3,1
42,23,7.11,35.2,79.4,19.4,98.3,1
42,24,7.18,37.1,91.6,5.1,98.7,1.1
42,25,6.97,38.6,32.8,24.5,84.6,1.1
42,26,6.83,30.5,30.3,23.5,95.9,1.1
42,27,7.01,42.7,82.5,24.2,95.8,1.2
42,28,6.99,43.3,43.4,16,85.8,1.2
42,29,7.15,49,74.9,17.7,80.4,1.2
42,30,7.5,49.5,58.5,29.7,87.2,1.3
42,31,7.43,43.6,62.1,21.6,98.5,1.3
42,32,7.23,32.8,69.9,11.6,89.2,1.3
42,33,7.3,41.8,56,11.4,92.5,1.4
42,34,7.46,43.7,91.7,11,98,1.4
42,35,6.73,38.9,64.1,21.2,81,1.4
42,36,6.98,47.9,53.8,29.6,87.7,1.5
42,37,7.11,31.3,38,20.3,89.1,1.5
42,38,7.38,31.4,54.2,17.7,87.8,1.5
42,39,7.2,45.2,94.7,9.7,90,1.6
42,40,7.33,43.2,44.1,25.1,87.4,1.6
42,41,7.23,46.2,50,31.2,90.9,1.6
42,42,6.78,48.8,38.5,33.4,83.7,1.7
42,43,6.74,39.4,86.2,27.8,92.3,1.7
42,44,7.47,40.9,109.2,31.8,91.4,1.8
42,45,6.82,32.4,37.1,15.2,95.1,1.8
42,46,6.73,30.4,100.3,17.8,80.8,1.8
42,47,7.04,41.3,91.5,26.3,81.1,1.9
42,48,7.11,43.3,54.7,19.5,88.3,1.9
42,49,6.74,41.3,51.4,19.7,94.2,1.9
42,50,7.42,42.3,47.7,26.1,89.3,2
43,0,7.45,41.6,54.4,19.9,83.3,0.2
43,1,7.49,39.6,63.1,18.7,96.4,0.2
43,2,6.99,35.7,45.4,30,87.8,0.3
43,3,7.39,36.8,93.8,13.6,90.4,0.3
43,4,7.44,44.7,63.8,29.3,92.9,0.3
43,5,7.29,49.7,54.1,21,80.9,0.4
43,6,7.02,37.9,31.1,19.6,86.6,0.4
43,7,7.06,47.7,83.9,25.5,89.8,0.4
43,8,6.78,41,72.8,31.4,89.9,0.5
43,9,6.74,43.9,83.4,28.9,80.7,0.5
43,10,7.4,35.6,31.2,34.8,85,0.6
43,11,7.16,48.4,100.9,8,90.1,0.6
43,12,7.2,41.7,55.1,13.2,92.1,0.6
43,13,7.38,32.8,72,31.5,90.9,0.7
43,14,6.9,35.3,57.9,17.6,96.7,0.7
43,15,6.8,40.4,40.4,20.5,92.3,0.7
43,16,7.09,40.7,84.4,16.1,82.2,0.8
43,17,7.06,38.7,65,5.4,90.1,0.8
43,18,6.88,30.5,81.2,18.4,85.2,0.8
43,19,7.37,37.7,107,18.8,91.9,0.9
43,20,7.22,44.7,108.2,10,88.5,0.9
43,21,6.97,39.3,109.5,16.1,97.8,0.9
43,22,6.75,39.4,74.8,34.3,81.6,1
43,23,7.1,31.3,69.7,8.3,91.3,1
43,24,7.3,45.8,72.7,15.9,89.5,1.1
43,25,7.35,30.5,46.8,29,98.4,1.1
43,26,6.74,41.9,89.6,10.2,83.5,1.1
43,27,7.33,49.9,102.4,25.7,80.2,1.2
43,28,6.72,48.2,95.2,11,88.5,1.2
43,29,6.86,33.1,63.6,22.4,94.6,1.2
43,30,6.78,30.8,91.6,23,85,1.3
43,31,7.17,33.4,58.5,21.3,86.8,1.3
43,32,7.03,33.2,91.6,5.2,81.9,1.3
43,33,7.48,44.8,94.5,20.5,83.6,1.4
43,34,6.8,31.1,78.5,31.5,87.8,1.4
43,35,7.23,42.3,87.3,27.9,82.6,1.4
43,36,6.99,38.8,96.3,27.4,94.5,1.5
43,37,6.97,33.6,79,17.8,85.6,1.5
43,38,6.79,47.3,85.1,32.4,91.3,1.5
43,39,6.73,32.4,87.9,20,93.3,1.6
43,40,6.96,38.2,88.5,28.1,92.8,1.6
43,41,6.7,35.1,37.8,16.5,81.3,1.6
43,42,6.76,33.4,95.6,33.2,82.4,1.7
43,43,7.09,32.8,42.6,19.2,80.4,1.7
43,44,7.36,30.7,38.1,12.4,91.9,1.8
43,45,6.79,46.6,68.9,30,96.7,1.8
43,46,6.83,48.5,88.9,17,83.3,1.8
43,47,7.01,46.9,78,31.7,93.2,1.9
43,48,7.25,35.3,102.7,9.2,91.7,1.9
43,49,7.43,48.6,99.2,16.6,95.6,1.9
43,50,6.95,40.3,46.4,6.5,81.6,2
44,0,6.95,32.3,63.8,24.6,81.5,0.2
44,1,7.11,46,87.5,25.5,84.7,0.2
44,2,7.17,33.9,54.4,31.9,85,0.3
44,3,7.4,45.6,33.5,29.7,97.4,0.3
44,4,7.31,33,45.8,31.8,95.7,0.3
44,5,6.81,37.6,51.3,30.7,93.3,0.4
44,6,6.78,43.3,76.5,21.7,88.4,0.4
44,7,7.43,30.9,43,17.3,95.9,0.4
44,8,6.87,39.1,67.6,7.1,92.3,0.5
44,9,7.21,39.6,80.8,34.6,89.8,0.5
44,10,6.78,32.9,61.5,10.4,89.8,0.6
44,11,6.78,48.1,99.4,5.3,96.4,0.6
44,12,6.8,48.4,36.7,30.8,94.3,0.6
44,13,7.46,38.2,100.4,28.4,98.7,0.7
44,14,6.83,47.3,43.4,8.7,86.5,0.7
44,15,7.23,32.5,87.9,20.4,83.3,0.7
44,16,7.16,43.9,87.5,19.1,85.5,0.8
44,17,7.3,42.1,96.5,11.1,96,0.8
44,18,7.49,39.9,100.5,21.6,92.1,0.8
44,19,7.04,35.1,31.9,28.3,80.8,0.9
44,20,7.03,40.8,100.3,10.8,84.2,0.9
44,21,6.98,32.1,43.9,14.9,81,0.9
44,22,7.28,38.7,51,28.5,82.9,1
44,23,7.15,35.1,89.3,23.6,80.7,1
44,24,7.02,46.8,66.6,5.1,81.8,1.1
44,25,7.29,39.5,83.8,23.5,82.3,1.1
44,26,6.76,36.2,35.1,16.3,94.4,1.1
44,27,7.41,39.1,87.4,7.2,81,1.2
44,28,6.92,41.2,82.6,12.8,90.8,1.2
44,29,7.15,32.1,34.4,12.8,80.3,1.2
44,30,7.21,41.6,56.7,33.2,96.6,1.3
44,31,6.98,37.9,73.8,30.6,85.2,1.3
44,32,7.13,47,32.1,13.8,90.6,1.3
44,33,6.75,40,92.5,10.8,88.2,1.4
44,34,6.92,31.8,105.5,33.6,91.5,1.4
44,35,6.87,35.5,42.3,7.1,92.6,1.4
44,36,7.28,40.7,70,33.2,96.7,1.5
44,37,7,47.2,76.2,34.6,85.9,1.5
44,38,7.45,41.1,50.1,12,85.9,1.5
44,39,7.1,48.6,92.8,10.1,85.1,1.6
44,40,6.97,32.6,85,13,90.4,1.6
44,41,7.33,49.6,70.6,20,85.8,1.6
44,42,6.95,39,44.1,22.6,84.3,1.7
44,43,7.16,37.1,84.8,27.1,94.9,1.7
44,44,7.4,48.3,64,16.1,89.8,1.8
44,45,6.9,31.2,78.5,18.8,82,1.8
44,46,6.74,32.1,92.8,34,92.5,1.8
44,47,7.12,41.3,65.6,12,82.5,1.9
44,48,7.21,36.2,51.1,11,87.9,1.9
44,49,6.87,34.8,50.9,22.7,81.3,1.9
44,50,6.86,42.9,86.9,11.7,87.3,2
45,0,7.45,32.6,31.2,18.3,96.5,0.2
45,1,6.79,36.8,69.6,33.7,89.3,0.2
45,2,7.09,43.6,87.3,7.9,90.6,0.3
45,3,7.15,44.7,71.8,6,83.9,0.3
45,4,6.8,44.7,77.2,32.2,83.9,0.3
45,5,6.99,49,66.3,30.7,81.5,0.4
45,6,6.93,36.9,47.6,27.1,93.2,0.4
45,7,6.94,39.2,86.2,28.3,95.1,0.4
45,8,6.81,34.2,45.4,13.1,90.5,0.5
45,9,7.32,32.8,105.1,30.7,95.7,0.5
45,10,7.33,32.8,69,19.5,91,0.6
45,11,7.35,45.3,34.6,16,82.5,0.6
45,12,7.4,36,77.3,12,95.5,0.6
45,13,6.73,43.8,93.5,24.2,83.2,0.7
45,14,7.03,33.9,81.6,13.7,86.2,0.7
45,15,7.09,41.1,33.6,31.1,91.9,0.7
45,16,7.38,31.6,96.4,9.1,82.1,0.8
45,17,6.83,45.4,42.9,31.5,85,0.8
45,18,7.19,33.6,98.6,23.5,80.1,0.8
45,19,6.83,48.8,100.6,21.2,80.7,0.9
45,20,7.37,39.7,91.8,6.4,93.6,0.9
45,21,7.09,40,72.9,32.3,86.1,0.9
45,22,7.18,35.1,56.7,11.9,90.3,1
45,23,6.99,47.4,34.8,33,88.6,1
45,24,7.34,40.8,33.3,21.4,90.7,1.1
45,25,7.03,38.2,44.4,19.9,96.5,1.1
45,26,6.98,33.3,37.9,6.3,94.5,1.1
45,27,6.91,38.1,47.4,7.4,81.9,1.2
45,28,7.31,35,79.7,29.1,94.9,1.2
45,29,7.4,43.1,31.8,24.3,91.9,1.2
45,30,7.43,32.3,69.7,20.6,86.9,1.3
45,31,7.28,42.2,90.5,33,85.5,1.3
45,32,7.07,49.8,106,30.3,83.2,1.3
45,33,6.9,35,86,21.5,97.2,1.4
45,34,7,46.8,42.3,23.4,88.1,1.4
45,35,7.25,44.2,87.3,31.1,96.6,1.4
45,36,7.39,31.9,97,27.1,88.3,1.5
45,37,7.3,32.8,48,32.6,90.4,1.5
45,38,7.15,34.6,61.1,32.9,84.5,1.5
45,39,7.47,44.8,45,7.2,82,1.6
45,40,7.25,44.4,75.5,25.6,86.7,1.6
45,41,7.21,38.2,31.4,31.8,82.8,1.6
45,42,7.46,45.4,61.8,22.9,82.6,1.7
45,43,7.17,39.5,61.4,25.3,92.2,1.7
45,44,7.49,46.9,32.8,16.7,93.2,1.8
45,45,7.1,46.7,56.5,7.3,80.3,1.8
45,46,7.48,47.9,56.2,22.7,94.1,1.8
45,47,7.41,43.5,69.2,9.5,81.2,1.9
45,48,6.77,46.5,36.9,25.7,89.7,1.9
45,49,6.75,43.7,57,11.5,90.6,1.9
45,50,7.38,43.9,31.6,25.8,88,2
46,0,7.02,34.8,84.2,28.2,80.5,0.2
46,1,6.89,48.9,49.1,23.6,81.2,0.2
46,2,6.72,46.7,109.4,19.9,86.5,0.3
46,3,7.25,46.6,106.2,21.9,94.3,0.3
46,4,7.07,33.3,64.6,34.6,90.1,0.3
46,5,7.44,43.5,45,24.6,93.7,0.4
46,6,6.73,34.6,104.5,21.9,97.8,0.4
46,7,7.46,30.6,44.2,32.2,88.3,0.4
46,8,6.8,45.4,37.8,18.3,85.7,0.5
46,9,7.2,49.3,106.1,5.1,84.1,0.5
46,10,7.29,45.4,53.9,8.4,88.8,0.6
46,11,7.04,31.8,68.6,8.3,83.2,0.6
46,12,7.36,37,71.9,22.8,82.7,0.6
46,13,6.71,34.8,38.8,8.7,91.8,0.7
46,14,6.86,38.2,73,32.9,89.6,0.7
46,15,7.1,30.4,62.9,22,93.6,0.7
46,16,7.22,34.9,95.1,31.4,97.5,0.8
46,17,7.41,42.3,51.6,11.5,91.7,0.8
46,18,7.06,41.3,39.6,12.2,90.9,0.8
46,19,6.79,37.2,52.2,15.8,88.3,0.9
46,20,7.22,38.3,86.8,10.1,81.7,0.9
46,21,6.78,41.7,88.1,13.3,81.8,0.9
46,22,7.44,36.3,98.1,18,95.3,1
46,23,7.11,45.6,71.4,26.9,95.7,1
46,24,6.73,32.7,45.8,23.6,88.1,1.1
46,25,7.36,42.2,74.3,21.8,85.4,1.1
46,26,6.76,33.9,55.4,21.9,83.6,1.1
46,27,6.72,38.5,57.8,27.4,84.8,1.2
46,28,6.87,32.1,70.7,23,90,1.2
46,29,6.82,46.2,63.7,18,93.9,1.2
46,30,6.94,31.5,31.4,16.3,97.8,1.3
46,31,7.13,31.6,51.4,27.4,91.3,1.3
46,32,6.99,43.2,41.4,19,87.7,1.3
46,33,7.36,47.3,81.2,18.3,85.1,1.4
46,34,6.84,41.8,31.7,29.5,90.7,1.4
46,35,6.79,34.3,43.7,12.8,85.3,1.4
46,36,7.37,44.1,88.1,5.3,96.8,1.5
46,37,6.88,38,54,9.2,86.7,1.5
46,38,6.71,43.1,89.7,24.7,86.2,1.5
46,39,7.01,31.6,30.9,15,98.1,1.6
46,40,6.99,48.1,105.4,9,84.3,1.6
46,41,6.72,38.5,102,9.5,80.6,1.6
46,42,7.25,36,45.1,9.4,92.8,1.7
46,43,7.1,47.4,105.7,18.2,95.2,1.7
46,44,6.79,37.4,40.5,30.7,85.6,1.8
46,45,7.33,36.4,104.3,21.4,81.7,1.8
46,46,7.45,42.4,77.9,5.8,86.1,1.8
46,47,7.42,41.3,84.4,34.3,93.6,1.9
46,48,7.11,41,44.3,13.6,83.5,1.9
46,49,7.29,37,81.1,33.7,82.6,1.9
46,50,6.78,42,107.7,17.6,81.2,2
47,0,6.73,41.1,62.9,7.6,98.9,0.2
47,1,7.22,40.3,81.4,9,87.9,0.2
47,2,7.44,38.8,50.6,12.3,98.1,0.3
47,3,6.92,37.9,96.5,23.2,95.3,0.3
47,4,6.96,32.9,53.7,19.3,82.3,0.3
47,5,7.42,40.1,55.9,34.5,88.7,0.4
47,6,7.25,45.8,31.8,7.8,84.5,0.4
47,7,7.08,42.9,36.2,19.3,85.7,0.4
47,8,6.71,37.5,76.6,14,89.7,0.5
47,9,7.43,40.4,77.4,25.3,90,0.5
47,10,6.75,30.5,90.4,14,93.2,0.6
47,11,6.71,32,52.1,29.3,81.3,0.6
47,12,7.04,39.6,32.5,20.9,84.4,0.6
47,13,6.86,37.9,90.4,22.4,96.5,0.7
47,14,7.43,47.5,58.4,20.5,98.1,0.7
47,15,7.06,39.4,80.1,13.2,86.4,0.7
47,16,7.05,32.5,68.9,28.7,83.1,0.8
47,17,7.46,32.9,39.5,25.9,91.2,0.8
47,18,7.43,43.8,84.1,13,83.2,0.8
47,19,7.1,48.7,51.1,20.6,80.6,0.9
47,20,7.22,39.8,40.3,34.5,89.5,0.9
47,21,7.42,35.2,84.7,22.9,82.7,0.9
47,22,7.42,49.9,96.2,7.5,80.6,1
47,23,7.24,32.3,104.3,12.4,95.8,1
47,24,6.81,39,97.8,6.5,98.2,1.1
47,25,7.15,39.9,98,8,85.2,1.1
47,26,7.48,38.1,44.6,30.7,81,1.1
47,27,7.32,46.2,42.4,26.4,80.2,1.2
47,28,6.75,37.7,67.7,22.9,98.3,1.2
47,29,7.26,43.4,55.8,18.4,90.6,1.2
47,30,7.25,41.3,107.8,7.2,84.2,1.3
47,31,7.17,45.8,87.4,9.8,84,1.3
47,32,6.95,42.3,43.4,24.3,84,1.3
47,33,7.05,30.9,93.6,5.5,98,1.4
47,34,6.79,40.4,73.6,6.8,80.9,1.4
47,35,6.96,49.8,51.3,24.8,86.4,1.4
47,36,6.85,32.5,84.2,17.8,82.9,1.5
47,37,6.72,43.3,48.5,18.1,86.6,1.5
47,38,7.26,31.6,36.7,31.1,96.4,1.5
47,39,6.72,42.2,43.3,32.6,92.4,1.6
47,40,6.92,46.7,84.4,8.6,90.5,1.6
47,41,6.85,48.9,77,25.8,93.3,1.6
47,42,7.26,34.5,83,30.3,95.5,1.7
47,43,7.42,35,62.4,30.1,95.1,1.7
47,44,7,31,67.5,13.3,89.3,1.8
47,45,6.84,34.5,60.4,11.8,81.5,1.8
47,46,6.75,36,96.3,33.3,95.3,1.8
47,47,6.74,45.1,31.1,20.3,93.9,1.9
47,48,7.25,49.3,64,17.7,85.2,1.9
47,49,7.25,42,85.1,30.2,84.9,1.9
47,50,6.73,44.9,32.6,15.8,84.5,2
48,0,7.3,47,31,5.2,96.2,0.2
48,1,7.19,42.7,33.3,21.2,96.3,0.2
48,2,6.89,47,108.3,15.6,84.8,0.3
48,3,7.38,47.8,69.4,31.8,98.6,0.3
48,4,7.22,42.8,78.5,10.3,94,0.3
48,5,7.41,47.8,97.6,12.4,95.5,0.4
48,6,7.46,46.7,108.3,24,86.1,0.4
48,7,7.13,42.5,74.3,20.4,80.3,0.4
48,8,7.46,46.9,55.8,7.7,81.6,0.5
48,9,6.71,38.4,86.6,25.6,90.2,0.5
48,10,6.79,49,44.8,30.1,85.5,0.6
48,11,6.79,40.8,43.2,13.5,84.1,0.6
48,12,7.42,34,40.1,18.6,83.1,0.6
48,13,7.17,39.7,83.1,15.9,92.2,0.7
48,14,7.44,31.3,35.8,10.2,92.1,0.7
48,15,7.01,44.3,89,16.4,86.1,0.7
48,16,6.74,43.3,51.6,19,84,0.8
48,17,7.48,35.3,46.7,13.5,96,0.8
48,18,7.02,47,79.6,6.5,91.5,0.8
48,19,7.4,41.9,68.6,14.7,92.8,0.9
48,20,7.5,36.5,49.5,25.3,83,0.9
48,21,7.49,45.9,97.3,11.9,94.8,0.9
48,22,6.91,36.5,96.1,14.8,85,1
48,23,6.95,36.2,100.2,22.6,94.2,1
48,24,7.03,34.1,88.1,27.7,92.6,1.1
48,25,7.49,36.5,108.2,17.9,83.4,1.1
48,26,7.32,48.9,91.3,26.7,85.4,1.1
48,27,7.25,34.9,78.7,33.8,85.1,1.2
48,28,7.25,43.2,102.9,16.4,81.6,1.2
48,29,7.01,37,93.5,30.7,90.7,1.2
48,30,7.08,36.5,74.9,33,80.8,1.3
48,31,6.98,36.8,105.6,21,89.8,1.3
48,32,7.26,40.3,55,23.5,96.5,1.3
48,33,7.31,40.5,98.4,12.8,84.8,1.4
48,34,6.93,42.4,99.7,27.6,80.1,1.4
48,35,7.28,32.4,51.8,25.9,84.8,1.4
48,36,7.13,32.7,77.6,31.4,89.6,1.5
48,37,6.77,46.3,82.5,9.7,93.9,1.5
48,38,7.03,48,58,15.8,91.7,1.5
48,39,7.43,50,93.3,24.7,88.6,1.6
48,40,7.44,37,38.6,17.3,84.9,1.6
48,41,6.73,48.3,34.7,24.8,88.1,1.6
48,42,7.3,34.5,37.1,16.1,86.8,1.7
48,43,6.8,35.3,44.9,21.6,94.3,1.7
48,44,6.79,33.8,80.7,11.1,92.5,1.8
48,45,7.09,36.9,64.8,31.4,81.6,1.8
48,46,6.87,38.4,37.6,6.2,87.6,1.8
48,47,6.79,47.7,41,21.1,93.2,1.9
48,48,7.05,35.2,44.8,7,85.2,1.9
48,49,7.12,48.6,86.8,30,80.2,1.9
48,50,6.89,32.4,39.7,33.9,80.8,2
49,0,7.35,42,74.2,27.9,81.2,0.2
49,1,6.72,30.5,49.2,19.5,80.4,0.2
49,2,7.39,36.7,109.5,24.2,94.5,0.3
49,3,7.27,44.2,109.9,30.8,95,0.3
49,4,6.87,37.1,87.6,26.2,92.6,0.3
49,5,7.39,45.5,39.5,12.1,83.2,0.4
49,6,7.48,34.3,96.6,9.6,80.4,0.4
49,7,6.77,30.9,59.4,17.1,98.3,0.4
49,8,7.31,38.1,109.8,25,85.1,0.5
49,9,7.05,42.4,35.7,16.2,93.2,0.5
49,10,6.99,34.6,45.6,18.5,80.5,0.6
49,11,6.81,35.2,103.5,12.6,92.9,0.6
49,12,7.24,35.6,74.9,5.4,85.2,0.6
49,13,7.06,33.9,46.9,13.9,87.9,0.7
49,14,6.92,42.4,39.4,17.3,92.2,0.7
49,15,7.03,30.9,54.1,27.5,88.4,0.7
49,16,7.5,36,93.8,15.6,92.5,0.8
49,17,7.41,46,53.1,30.7,85.2,0.8
49,18,7.24,44,81.8,27.9,90.7,0.8
49,19,7.34,39.7,79.6,17.5,83.8,0.9
49,20,7.1,34.3,91.9,31.6,82.2,0.9
49,21,6.92,46.7,59.4,13.8,87.7,0.9
49,22,6.99,32.6,50.3,5.3,90.8,1
49,23,6.8,31,68.9,30.7,80.4,1
49,24,6.96,44.3,71,34.2,95.1,1.1
49,25,6.87,39.7,46.7,34.5,82,1.1
49,26,7.02,46.4,109.6,25.5,86.5,1.1
49,27,7.29,46.8,53.7,6.9,89.5,1.2
49,28,6.93,48.8,70.1,32.8,93.1,1.2
49,29,6.88,34.3,78.7,18,91.2,1.2
49,30,7.23,42.7,96.1,29.4,87.6,1.3
49,31,6.72,44.5,85.3,26.2,93.8,1.3
49,32,7.25,49.7,105.9,26.2,83,1.3
49,33,7.08,36.5,68.2,20.4,96.1,1.4
49,34,7.42,42,95.2,33.9,96.9,1.4
49,35,7.14,37.6,62.6,10.9,87.5,1.4
49,36,7.28,35.6,96.7,24.1,88.4,1.5
49,37,7.32,44.9,87.4,6.8,93.5,1.5
49,38,7.06,49.6,52.1,33.6,86,1.5
49,39,7.17,46.2,81.6,21.4,96.3,1.6
49,40,7.26,39.3,35.3,7.4,91.5,1.6
49,41,7.42,42.7,64.1,18.9,98.3,1.6
49,42,7.04,42,85.9,31.8,82,1.7
49,43,6.89,35.8,65.8,31.2,88.1,1.7
49,44,7.49,42.2,86.3,24.2,81.4,1.8
49,45,6.8,37.4,54,16.5,90.3,1.8
49,46,7.42,44.2,73.8,15.8,96.9,1.8
49,47,7.42,46.4,39.9,6.4,94.8,1.9
49,48,7.35,41.9,52.5,26.8,92.3,1.9
49,49,7.25,45.7,31.7,21.5,91.4,1.9
49,50,7.29,30.9,36.6,32.8,89.2,2
50,0,6.98,31.3,31.3,27.7,88.8,0.2
50,1,6.71,47.7,55.5,19.8,98.1,0.2
50,2,7.45,30.3,43.7,31.6,82.2,0.3
50,3,6.84,34.7,107.2,9.6,87.1,0.3
50,4,7.13,42.5,91.5,26.4,85.3,0.3
50,5,6.98,42.2,103.1,7.4,91.2,0.4
50,6,7.36,37.6,45.7,26.3,90.1,0.4
50,7,7.06,36.3,34.5,13.1,85.1,0.4
50,8,7.3,45.3,77.6,17.5,83.3,0.5
50,9,7.01,49.4,85.1,33.1,88.2,0.5
50,10,6.96,49.6,45.2,19.9,85.4,0.6
50,11,6.85,37.1,47,23.3,81.8,0.6
50,12,7.04,48.9,91.3,12.6,88.1,0.6
50,13,6.77,48.3,66.5,17,83.8,0.7
50,14,6.79,36.3,79,33.9,92.2,0.7
50,15,6.78,34,99.7,33,94.2,0.7
50,16,7.47,31.4,50.4,8.2,88.1,0.8
50,17,6.77,47.6,100,14.5,84.2,0.8
50,18,6.82,49.2,43.7,19.7,97.1,0.8
50,19,6.87,40.1,70.8,34.4,82,0.9
50,20,7.11,32.8,59,14,98.6,0.9
50,21,6.76,30.7,88.5,32,92.9,0.9
50,22,7.27,41.5,102.3,31.7,81.4,1
50,23,7.19,31.6,108.9,18.7,93.6,1
50,24,6.96,41,96.1,30.7,90.8,1.1
50,25,7.08,40.5,75.2,33.8,90.6,1.1
50,26,7.34,39.3,80.2,25.2,84.7,1.1
50,27,6.99,45.7,69.5,9.1,95.3,1.2
50,28,6.84,47.5,42.9,16.1,82.4,1.2
50,29,6.99,38.4,67.4,8.1,93.3,1.2
50,30,6.9,40.4,56,23.8,91.4,1.3
50,31,6.71,40.3,103.1,12.8,95,1.3
50,32,7.29,45,86.6,20.1,94,1.3
50,33,6.94,34.2,93.9,17.7,93.4,1.4
50,34,6.97,35.1,79.2,34.5,90.9,1.4
50,35,6.93,32.6,106,12.5,92.9,1.4
50,36,6.83,36.1,93.8,26,92,1.5
50,37,6.79,34.5,52.4,32.7,84.4,1.5
50,38,7.17,39.6,87.8,29.9,90.1,1.5
50,39,7.13,41.7,56.2,28.9,85.8,1.6
50,40,6.87,35.4,52,12.8,90.2,1.6
50,41,7.34,43.2,95,9.9,96.7,1.6
50,42,7.18,33.2,50.5,10.4,96.4,1.7
50,43,7.31,46.1,56.2,13,98.4,1.7
50,44,7.39,49.6,83.6,21.9,83.3,1.8
50,45,7.12,32.2,109.2,29,90.6,1.8
50,46,6.93,33.8,97.6,34.3,84.4,1.8
50,47,7.33,45.7,47.2,16.2,82.6,1.9
50,48,6.86,41.4,69.4,7,94.8,1.9
50,49,7.29,36,94.5,18.2,98.7,1.9
50,50,7.34,31.9,72.5,25.5,95.7,2
51,0,6.71,45,34.4,28.7,84.8,0.2
51,1,6.81,30.5,68.2,5.7,88.7,0.2
51,2,6.94,48.6,97.2,27,84.8,0.3
51,3,7.19,48.8,84.5,15.6,94.1,0.3
51,4,7.32,37.5,42.8,18.8,84.5,0.3
51,5,7.09,37.3,108.3,13.1,93.9,0.4
51,6,7.25,44.6,89.9,11,97.4,0.4
51,7,7.34,40.7,103.3,32,86.6,0.4
51,8,7.26,41.5,79.7,20,95.5,0.5
51,9,7.31,35,106.8,23.1,91.4,0.5
51,10,7.35,35.1,69.7,9.8,80.7,0.6
51,11,7.15,34.8,94.4,21,93.9,0.6
51,12,7.25,31.3,103.5,5.8,80.1,0.6
51,13,7.5,44.4,48.9,15.9,85.7,0.7
51,14,7.31,39,63.4,23.6,89.6,0.7
51,15,6.74,34.8,47.2,32.1,97.4,0.7
51,16,7.13,31.9,52.9,9.7,95.3,0.8
51,17,7.45,46.3,53.5,25.7,82.4,0.8
51,18,7.43,36.5,42.3,18.8,91,0.8
51,19,7.43,48.6,105.3,19,94.9,0.9
51,20,6.95,32.1,54.7,18.6,82.1,0.9
51,21,7.22,45.5,64.8,7.9,80.2,0.9
51,22,7.26,30.4,83.3,25.2,93.6,1
51,23,6.95,49.4,81.7,30.9,93.5,1
51,24,6.91,48.1,40.8,7.3,81.1,1.1
51,25,6.86,49.4,99.5,31.3,87.3,1.1
51,26,7.03,49.2,39.5,21.1,80,1.1
51,27,6.8,49.3,107.7,28.2,96.9,1.2
51,28,7.16,37,92.6,10.1,89.1,1.2
51,29,7.1,44.3,85.8,33.3,83.6,1.2
51,30,7.43,42.3,90.9,30.8,90.5,1.3
51,31,6.77,47.4,63.2,24.8,94.7,1.3
51,32,7.02,48.4,35.4,7.3,90.1,1.3
51,33,7.1,41.3,53.7,13.4,85.1,1.4
51,34,7.44,49.1,80.2,31.8,85.9,1.4
51,35,7.44,41.5,60,32.1,80.8,1.4
51,36,6.73,40.2,100,21.5,82.8,1.5
51,37,6.94,40,44,7.6,97.6,1.5
51,38,7.02,46.8,85.3,24,92.4,1.5
51,39,7.5,35.7,67.3,13.8,86.5,1.6
51,40,7.39,46.8,104.8,14.6,85.1,1.6
51,41,6.76,36.2,82.6,11.4,88,1.6
51,42,7.03,40.5,30.2,11.8,91.2,1.7
51,43,6.98,43.2,80,8.8,87.1,1.7
51,44,6.85,43,88.4,19.6,96.5,1.8
51,45,6.76,33.1,81.4,33.5,92.1,1.8
51,46,6.92,44.3,103.5,15.9,83.3,1.8
51,47,7.01,49.7,65.3,32.5,97.8,1.9
51,48,7.43,48.3,67,26.4,85.3,1.9
51,49,6.8,35.6,54.3,35,84.3,1.9
51,50,6.83,40.8,33.1,27.4,84.6,2
52,0,6.75,41.5,41.2,13.7,82.8,0.2
52,1,6.8,48.2,70.5,25.7,82.6,0.2
52,2,7.16,41.9,58.1,10.1,83,0.3
52,3,7.45,37.2,86.3,22.1,80.2,0.3
52,4,7.43,43.6,49.2,22.6,95.8,0.3
52,5,6.9,36.7,77,13.7,89.4,0.4
52,6,6.77,45.7,33.3,32.9,89.2,0.4
52,7,7.37,47.5,45.3,14.1,95.8,0.4
52,8,6.96,38.5,94.7,7.8,81.6,0.5
52,9,6.96,33.4,109.9,24.4,90.8,0.5
52,10,7.16,32.8,95.4,7.6,88.7,0.6
52,11,6.88,44.9,108.8,31.7,96.4,0.6
52,12,6.7,46.4,53.7,19.5,87.7,0.6
52,13,7.09,32.1,65.9,17.1,84.4,0.7
52,14,7.04,48.8,92.7,23.4,84.6,0.7
52,15,7.42,45.6,67.2,24.5,94,0.7
52,16,7.32,42.2,66.6,5,89.7,0.8
52,17,6.81,42.3,50.8,10.5,84.2,0.8
52,18,7.23,37.1,48.3,29,96.2,0.8
52,19,6.98,30.3,61.5,33.4,98.4,0.9
52,20,7.14,44.5,80.5,13.6,94.6,0.9
52,21,7.32,31.9,72.8,12.3,90.8,0.9
52,22,6.9,49.2,91,27.8,93.1,1
52,23,7.49,39,98.3,14.2,96.6,1
52,24,7.33,46.5,64.6,31.7,81.3,1.1
52,25,7.29,31.9,38.2,9.3,92.8,1.1
52,26,6.98,34.8,88.1,13.6,80.4,1.1
52,27,7.07,33.3,66.9,11,92,1.2
52,28,6.71,37,83.3,21,98.1,1.2
52,29,7.33,33.8,41,6.9,95.2,1.2
52,30,6.94,42.8,46.5,32.4,91.3,1.3
52,31,7.12,32.3,68.1,11.3,96.5,1.3
52,32,6.82,34.3,107.5,8.7,93.9,1.3
52,33,7.29,35.9,95.6,21.1,96.8,1.4
52,34,6.82,32.2,61.1,24.9,85.1,1.4
52,35,7.39,48.6,40,15,95.2,1.4
52,36,7.17,37.2,83.5,25.4,80.9,1.5
52,37,7.45,40.8,82.9,7.1,90.5,1.5
52,38,7.08,31.9,92.8,34,97.1,1.5
52,39,6.87,46.9,34.6,34.3,86.9,1.6
52,40,7.23,31.5,76.8,5.6,84.6,1.6
52,41,6.71,39.4,62.3,21.8,92.7,1.6
52,42,7.47,41.1,54.9,19.3,92.8,1.7
52,43,6.88,34,51.1,34.9,90.5,1.7
52,44,6.93,42.1,89.9,27,86.5,1.8
52,45,7.26,31.4,87.3,5,95,1.8
52,46,6.89,37.3,39.6,17.8,97.1,1.8
52,47,7.09,38.6,104.7,22.7,83.2,1.9
52,48,7.05,32.2,83.8,5.5,87.2,1.9
52,49,6.73,36.3,40.9,12.9,87.7,1.9
52,50,7.39,33.6,52.2,27.5,91,2
53,0,7.38,31.3,86.7,24.7,84,0.2
53,1,7.4,33.4,91.5,28.7,98.5,0.2
53,2,6.9,32.6,109.3,27.1,97.6,0.3
53,3,6.96,46.2,53.4,5.8,87.4,0.3
53,4,7.39,37.5,36.8,21.3,82.1,0.3
53,5,7.34,44.7,58.1,21.2,97.4,0.4
53,6,7.43,47.6,109,19.3,94,0.4
53,7,6.76,32.1,35.7,19.1,97.7,0.4
53,8,6.75,37.4,97.2,18.5,84.3,0.5
53,9,7.13,45.1,102.5,34,91.9,0.5
53,10,7.13,42.7,54.4,9.2,88.3,0.6
53,11,6.73,46.2,76.5,7.1,91.9,0.6
53,12,6.92,47.9,65.3,28,82.2,0.6
53,13,7.36,46.5,63.7,17,85.7,0.7
53,14,6.99,42.5,45.2,13,82.7,0.7
53,15,6.71,30.4,87.7,15.8,96,0.7
53,16,6.77,36.1,69.5,14.1,84.4,0.8
53,17,7.31,31.7,106.8,22.8,92.6,0.8
53,18,6.89,45.3,57.2,34.8,87.6,0.8
53,19,6.92,34.6,79.7,34.7,84.9,0.9
53,20,7.37,45.6,38.8,6.9,87.6,0.9
53,21,7.41,36.7,84.2,13.2,94.7,0.9
53,22,6.89,44.9,74.9,5.3,96.9,1
53,23,7.35,37,79.8,27.3,84.8,1
53,24,6.98,44.7,71.2,26.8,91.3,1.1
53,25,6.77,49.1,52.7,15.6,83.1,1.1
53,26,7.09,42.9,50.3,20.2,88.5,1.1
53,27,6.71,33.5,64.9,16.2,82.5,1.2
53,28,7.17,46.4,81.4,26.1,89.3,1.2
53,29,7.06,41.6,104.6,24.2,95.7,1.2
53,30,7.26,48.5,70.3,31.3,97.8,1.3
53,31,7.06,35.9,41.7,18.3,91.7,1.3
53,32,7.3,35,56.9,16.3,89.5,1.3
53,33,7.08,42.4,75.5,24.4,83,1.4
53,34,6.97,48.2,50.7,12.1,91.2,1.4
53,35,7.34,49.5,51.6,23.8,97,1.4
53,36,6.88,44,49.7,7.2,81.3,1.5
53,37,7.26,30.2,59.9,8.7,85,1.5
53,38,7.25,37.3,107.6,30,97,1.5
53,39,7.02,30.7,38.2,19.7,87.7,1.6
53,40,7.35,38.4,75.9,9.5,90.4,1.6
53,41,7.41,43.6,60.7,21,86.7,1.6
53,42,7.34,48.8,43.5,26.7,91.2,1.7
53,43,7.23,49.8,90.8,26.6,87.1,1.7
53,44,6.81,49.1,73.9,19.2,97.1,1.8
53,45,7.12,41.5,93,13.8,95.8,1.8
53,46,6.78,40.8,96.4,30.9,95.5,1.8
53,47,7.26,34.5,36.2,31.2,91.5,1.9
53,48,7.27,33.7,34.7,29.8,85.5,1.9
53,49,6.78,39.6,50.9,31.5,85.4,1.9
53,50,7.05,44,107.6,14.1,90.2,2
54,0,7.19,38.9,42.8,18.8,85.7,0.2
54,1,6.94,46.8,100.9,13.6,84.6,0.2
54,2,7.1,42.7,88.7,23.4,83.9,0.3
54,3,7.24,39.3,36.3,26.9,84.9,0.3
54,4,7.28,30.2,74.3,6.2,96.1,0.3
54,5,7.49,46.7,46.5,15.6,86.6,0.4
54,6,7.34,47.1,30.7,5.8,86.4,0.4
54,7,6.8,35.5,99.6,7,90.3,0.4
54,8,6.76,41.3,87.5,21.9,87.7,0.5
54,9,7.22,45,34.7,15.3,81.3,0.5
54,10,6.86,32.2,75.6,8.7,96.6,0.6
54,11,7.24,36.9,98.4,34.5,96.3,0.6
54,12,6.92,43,56.8,29.2,98.9,0.6
54,13,7.13,39.6,38.1,21.9,96.9,0.7
54,14,6.7,30,95.9,29.9,87.8,0.7
54,15,6.8,43.4,105.4,7.6,86,0.7
54,16,7.36,43.2,66.3,32.7,86.6,0.8
54,17,6.79,40,53.2,33.9,85.3,0.8
54,18,6.71,48.1,36.7,31.1,86.7,0.8
54,19,7.19,30.3,56.4,5.4,83,0.9
54,20,6.96,48.9,90.7,15.7,97.7,0.9
54,21,6.83,47.2,42.3,29.7,87.7,0.9
54,22,6.85,40.5,32,33.6,90.9,1
54,23,7.22,37.7,49.3,26.3,88.9,1
54,24,7.37,37.6,55,31.5,91.1,1.1
54,25,6.78,48.2,106.4,33,90.4,1.1
54,26,6.85,36.1,67.6,8.8,89.6,1.1
54,27,7.2,31.1,56.3,11.5,86.7,1.2
54,28,7.46,37.9,33.6,7.6,84,1.2
54,29,7.06,45.8,74.5,32.7,89.9,1.2
54,30,6.99,40.3,90.9,25.9,95.1,1.3
54,31,7.23,32.2,108.4,33.5,82.2,1.3
54,32,6.8,40.8,48.2,24.9,92.6,1.3
54,33,7.1,31.9,44,15.6,83.9,1.4
54,34,7.06,44.6,30.5,18,88.3,1.4
54,35,7.34,46.4,105.9,7.9,85.9,1.4
54,36,6.89,30.2,90.6,30.2,83.1,1.5
54,37,7.47,48.6,41,32,82.9,1.5
54,38,6.85,40.6,77,22.8,93.5,1.5
54,39,6.91,47,100.5,30.5,90.8,1.6
54,40,7.16,42.3,82.7,8.4,88.3,1.6
54,41,6.93,48.7,50.5,28.7,88.6,1.7
54,42,7.22,46,88.3,10.2,90.6,1.7
54,43,7.38,32.3,74.3,7.7,96.3,1.7
54,44,7.22,33.7,102.9,7.2,96.6,1.8
54,45,6.96,48.4,39.4,20.1,98.2,1.8
54,46,7.26,33.3,73,8.4,97.3,1.8
54,47,7.01,37.1,80.6,8.5,81.7,1.9
54,48,7.27,36.7,97.4,20.2,90.9,1.9
54,49,6.73,31.9,71.2,26.5,86.6,1.9
54,50,7.38,45.4,67.4,6.1,94.8,2
55,0,7.01,40.5,77.5,16.1,95.3,0.2
55,1,7.25,43,64.3,8.2,88.4,0.2
55,2,6.99,30.1,68.6,13.1,85.8,0.3
55,3,6.88,49.3,83.8,27.2,95.8,0.3
55,4,7.4,47.6,80.4,28.7,94.5,0.3
55,5,6.76,46,40.5,13,98.3,0.4
55,6,7.3,31.4,33.3,29.6,88.6,0.4
55,7,6.78,31.5,55.8,8.1,96.2,0.4
55,8,7.13,46.1,90.3,31.9,95.8,0.5
55,9,6.81,40.8,47.7,34.4,89.4,0.5
55,10,6.73,38.6,103.7,27.5,92.3,0.6
55,11,6.92,41.8,95.4,15.6,90.2,0.6
55,12,7.04,35.9,91,27.5,89.6,0.6
55,13,6.83,44.1,88.4,11.6,93.9,0.7
55,14,7.05,44.6,62.8,7.4,86.3,0.7
55,15,7.4,33.3,31.4,11,81.5,0.7
55,16,7.4,44.2,93.2,6.4,94.9,0.8
55,17,7.32,45.6,81.1,28.8,90.8,0.8
55,18,7.36,45.8,86.2,22.8,87.3,0.8
55,19,6.92,37.6,72.9,17.6,83.9,0.9
55,20,7.28,32.7,90.2,31.2,97.6,0.9
55,21,7.32,45.4,54.5,10.9,95.7,0.9
55,22,6.83,38.2,32.6,23.3,84.3,1
55,23,6.85,36.7,84.1,30.1,86.8,1
55,24,7.21,39.4,77.7,9,82.1,1.1
55,25,6.78,31.7,60.2,33.1,94.2,1.1
55,26,7.35,49,86.9,20,84.4,1.1
55,27,6.79,41.5,95.8,18.1,96.6,1.2
55,28,6.72,37.9,56.2,34.6,87.5,1.2
55,29,7.45,36.4,43.7,23.4,89.5,1.2
55,30,7.24,39.4,83.1,18.7,87.4,1.3
55,31,7.26,39.2,58.5,19.8,90.9,1.3
55,32,7.14,34.8,52.2,5.5,88.6,1.3
55,33,6.87,30.1,47.4,7.6,92,1.4
55,34,7.3,31.5,49.7,9.3,86.3,1.4
55,35,7,30.7,72.4,31.3,98.1,1.4
55,36,7.07,35.6,36.5,30.6,84.2,1.5
55,37,6.76,33,80.2,6,88.2,1.5
55,38,6.8,31.6,78.3,19.3,86.5,1.5
55,39,7.27,44.9,43.2,33.8,80.2,1.6
55,40,7.09,44,33.8,23,94.5,1.6
55,41,7.24,37.3,31.1,25.9,91.6,1.7
55,42,7.35,48.1,57.8,33,83.9,1.7
55,43,7.24,30.5,46.4,19.4,84.8,1.7
55,44,7.41,33.4,87.1,34.3,97,1.8
55,45,6.74,30.8,31.4,24,83.5,1.8
55,46,7.34,33.3,43.7,27.3,83.6,1.8
55,47,6.98,47.2,70.9,30.2,87.9,1.9
55,48,7.16,46.8,70.9,34,86.5,1.9
55,49,6.93,31,43.7,23.1,87.2,1.9
55,50,7.3,38.6,33.3,5.3,94.1,2
56,0,7.35,48.7,73.2,20.6,96.5,0.2
56,1,7.44,43.2,75.7,21.3,82.3,0.2
56,2,7.31,44.9,68.5,6.3,95.1,0.3
56,3,7.49,44.6,39.2,11.9,91.7,0.3
56,4,7.25,46.8,78.1,15.3,90.8,0.3
56,5,7.41,32.8,77.9,23.9,96.7,0.4
56,6,7.13,44.1,83.2,29.6,81.6,0.4
56,7,7.42,32,94.9,17.9,97.3,0.4
56,8,6.84,43.8,54.8,32.1,97.7,0.5
56,9,7.03,34.9,30.2,15.4,83.3,0.5
56,10,7.06,44.9,49.7,14,80.1,0.6
56,11,7.13,39.9,36.7,13.9,88.5,0.6
56,12,6.8,47.9,86.3,23.4,84.6,0.6
56,13,6.92,39.9,39.8,10.3,97.9,0.7
56,14,6.97,31.2,66,16.7,83.6,0.7
56,15,7.03,44.6,81.6,27.4,84,0.7
56,16,7.47,47.4,86.6,31.9,86.3,0.8
56,17,7.42,31.3,39.4,19.2,95.8,0.8
56,18,7.2,44.1,77.2,19.8,89.5,0.8
56,19,6.76,49.1,88.7,14.1,84.2,0.9
56,20,7.32,49.6,42.1,22,97,0.9
56,21,7.42,37.4,65.5,17.1,83.6,0.9
56,22,7.33,48,109.1,26.8,89.6,1
56,23,7.48,38.4,37.8,21.4,98.2,1
56,24,6.85,46.2,103.5,9.7,94.5,1.1
56,25,6.89,37.6,89.9,11,89,1.1
56,26,7.21,30.8,92.6,33.7,92.6,1.1
56,27,7.13,32.2,32.6,7.2,81.8,1.2
56,28,7.15,44.6,71.1,14,89.6,1.2
56,29,7.19,35.9,75.1,8.7,81.4,1.2
56,30,6.85,46.3,93.9,21.5,81.9,1.3
56,31,7.01,46.2,78.4,22.5,82.4,1.3
56,32,6.96,34.5,40.4,15.7,96.5,1.3
56,33,7.42,49.5,55.7,32.2,81.9,1.4
56,34,7.5,32.6,58.3,24.1,96.4,1.4
56,35,7.21,32.5,49.4,12.2,88.3,1.4
56,36,7.49,33.3,97.3,30.2,80,1.5
56,37,6.88,35,47.8,19.6,92.9,1.5
56,38,7.07,40.8,57.6,22.2,80.5,1.5
56,39,7.49,36.8,104.3,28.5,94.2,1.6
56,40,7.47,46.2,73.5,28,84.9,1.6
56,41,6.82,47.6,65.4,5.7,95.7,1.7
56,42,6.86,39.3,104.2,13.3,83.2,1.7
56,43,7.49,37.5,79.9,34,80.5,1.7
56,44,7.44,48.2,71.9,7.7,88.6,1.8
56,45,7,32.6,95.1,28.7,95.3,1.8
56,46,7.04,32.2,97.5,14.5,83.8,1.8
56,47,7.13,35.2,94.4,30.9,81.7,1.9
56,48,7.19,43.5,54.3,6.2,84.8,1.9
56,49,7.04,40.7,76.1,15.3,80.8,1.9
56,50,6.71,47.8,61.7,5.2,93.1,2
57,0,6.88,30.9,57.1,11.2,84.7,0.2
57,1,7.4,40.2,82,26.7,94.8,0.2
57,2,6.94,40.2,51.2,10.4,95.5,0.3
57,3,7.1,32.6,85.3,20.8,87.9,0.3
57,4,7.29,30.8,107.5,31.6,89.9,0.3
57,5,6.8,34.4,59.1,6.6,87.6,0.4
57,6,6.7,44.3,50.1,28.3,88.2,0.4
57,7,7.48,30.4,45.8,10.6,80.3,0.4
57,8,7.35,45.8,59.6,30.2,97.6,0.5
57,9,6.96,40.2,61.2,18.2,83.5,0.5
57,10,6.81,40.4,65.1,33,84.8,0.6
57,11,6.71,39.6,107.5,6.5,80.6,0.6
57,12,6.78,36.8,47.9,23.1,97.1,0.6
57,13,7.39,49.8,47.8,19.5,80.4,0.7
57,14,7.29,35.6,91.3,17,94.5,0.7
57,15,6.82,43.1,80.7,11.2,93.6,0.7
57,16,7.18,47.4,86,11.2,81.9,0.8
57,17,6.75,32.2,67.8,8.1,88.1,0.8
57,18,7.36,43.5,77.2,11.8,80.6,0.8
57,19,6.81,44.2,48.1,29.6,82.3,0.9
57,20,7.25,30.2,87.3,33.9,87.8,0.9
57,21,7.21,47,74.7,30.2,80.8,0.9
57,22,7.11,31.1,43.6,24.9,84.1,1
57,23,7.4,38.4,74.6,33,95.1,1
57,24,7.27,47.8,79.5,29.2,82.4,1.1
57,25,7,36.3,89.7,16.7,85.3,1.1
57,26,7.4,40.9,82.3,9,87.2,1.1
57,27,7.23,45,96.2,10,87.4,1.2
57,28,7.14,30.8,66.9,23.1,81.9,1.2
57,29,7.17,35,62.3,15.3,95.5,1.2
57,30,6.73,33.9,84.4,20.7,90.4,1.3
57,31,7.31,33.7,95.8,33.1,92.3,1.3
57,32,7.41,36.5,75.3,9.1,98.3,1.3
57,33,7.21,32.7,105.1,15.2,84,1.4
57,34,6.71,42.9,101.9,15.8,86.2,1.4
57,35,7.21,43.2,31.8,9,90.5,1.4
57,36,6.75,32.8,36.2,13.5,80.6,1.5
57,37,6.89,39.7,71,28.9,80.5,1.5
57,38,6.91,41.3,53.7,32.6,97.7,1.5
57,39,7.14,47.8,44,23.5,92,1.6
57,40,6.89,44.2,88.6,10.9,93.8,1.6
57,41,7.12,48.7,92.6,22.5,88,1.7
57,42,6.91,47.8,47.4,19.5,95.9,1.7
57,43,7.04,49.7,85.9,20.3,88.1,1.7
57,44,7.08,45,39.5,32.3,91.9,1.8
57,45,6.95,31.1,80.3,32.7,82.8,1.8
57,46,7.04,42.3,104.1,12.7,91.7,1.8
57,47,7.4,32.7,69.5,25,93.2,1.9
57,48,6.76,47.1,53.1,6.7,93,1.9
57,49,7.12,38.8,40.3,5.6,85.9,1.9
57,50,6.79,43.5,48.3,11.3,89.1,2
58,0,6.78,48.3,91.8,18.7,95,0.2
58,1,7.21,44,100.4,26.3,89.7,0.2
58,2,7.19,40.8,56.7,5.8,95.8,0.3
58,3,7.29,35.2,62,19.9,89.2,0.3
58,4,7.01,42,48.7,12.4,83.4,0.3
58,5,7.26,33,71.8,14.6,80,0.4
58,6,7.24,35.6,48.1,5.5,85.3,0.4
58,7,6.97,49.9,50.9,32.5,89.2,0.4
58,8,7.19,37.3,106.8,14.1,82,0.5
58,9,7.06,47.2,75.7,20.7,92.6,0.5
58,10,6.73,45.8,89.9,21.1,90.2,0.6
58,11,7.24,44.5,65.5,12.6,93.7,0.6
58,12,7.46,42.9,36.4,9.6,85.4,0.6
58,13,6.98,41.9,65.2,27.1,97.6,0.7
58,14,6.73,39.1,84.3,30.3,87.6,0.7
58,15,7.46,33.8,36.7,28.5,82.8,0.7
58,16,7.2,37.8,34.9,29.7,87.8,0.8
58,17,7.4,49.2,51.3,33.8,90,0.8
58,18,6.78,36.4,85.7,23.3,80,0.8
58,19,6.87,39.3,60.7,31.4,82.3,0.9
58,20,6.73,43.6,38.2,25.8,85.5,0.9
58,21,7.37,34.2,102.1,30.4,86.1,0.9
58,22,7.3,47.5,98.5,29.8,85.5,1
58,23,6.89,32.9,97.5,6.9,96.8,1
58,24,6.85,36.9,108.5,32,85.3,1.1
58,25,7.01,49.4,65.1,17.5,81.8,1.1
58,26,6.94,34.7,35.4,7.1,84.9,1.1
58,27,6.75,30.9,35.4,32.4,80.4,1.2
58,28,6.8,48.4,79,15.6,96.7,1.2
58,29,7.05,45.7,104.3,8.2,94.9,1.2
58,30,7.33,42.3,47.3,24.6,84.8,1.3
58,31,6.89,44.6,66.7,14.2,91.5,1.3
58,32,7.29,49,81.2,15.1,92.6,1.3
58,33,6.96,32.3,105.3,16.6,90.2,1.4
58,34,7.29,48.2,94.7,24.1,96.2,1.4
58,35,7.01,36.2,93.9,26.2,80.8,1.4
58,36,7.48,42,32.2,18.6,82.3,1.5
58,37,7.03,48.7,65.1,19.5,87.6,1.5
58,38,7.23,31.3,53.1,32.6,90.7,1.5
58,39,7.32,42.3,75.9,11.4,80.4,1.6
58,40,7.45,36.6,31.4,12.2,97.1,1.6
58,41,6.91,31,96.2,9.4,80.8,1.7
58,42,7.06,44.5,48.4,18.2,93.1,1.7
58,43,7.33,40.5,58,6.5,98.3,1.7
58,44,7.29,37.4,50.3,26.8,86.8,1.8
58,45,7.07,39.2,41.1,28.7,85.3,1.8
58,46,7.02,36.9,75.6,20.7,94.3,1.8
58,47,6.72,38,106.6,24,92.7,1.9
58,48,6.86,39.8,49.1,22.6,96.5,1.9
58,49,7.12,37.5,74.5,10.9,98.5,1.9
58,50,6.89,37.2,96.1,23.8,94.5,2
59,0,6.9,32.5,57.7,25.9,88.2,0.2
59,1,7.41,37.7,39.2,9.6,97.7,0.2
59,2,7.02,35,69,25.5,90.6,0.3
59,3,6.88,38.7,72.5,5.7,89.7,0.3
59,4,7.41,43.7,95.7,12.6,95.8,0.3
59,5,7.1,31.4,101.8,6.4,89.1,0.4
59,6,7.4,43,108.8,15.2,98.1,0.4
59,7,7.37,41.3,77.9,31.8,86.8,0.4
59,8,7.16,48.7,79.5,11.8,97.2,0.5
59,9,7.17,30.6,77.6,17,81.9,0.5
59,10,7,31.4,85.8,28.2,85.5,0.6
59,11,7.06,39.6,68.2,16.7,98.4,0.6
59,12,6.87,48.2,51.6,9.2,80.8,0.6
59,13,7.22,49,50.3,29.7,89,0.7
59,14,7.33,47.6,55.2,24.1,87,0.7
59,15,7.41,31.6,34.4,17,92.8,0.7
59,16,7.34,40.4,102.2,33.3,91.8,0.8
59,17,6.98,38.3,99.4,10.1,89.4,0.8
59,18,7.07,37.4,97.9,29.1,91.7,0.8
59,19,7.03,47.3,83.6,18,84.1,0.9
59,20,7,43,46.8,27.5,85,0.9
59,21,7.08,39.7,45.2,29.4,90.1,0.9
59,22,7.48,38.5,86.3,34.3,89,1
59,23,7.49,42.3,92.1,26.5,95.9,1
59,24,6.81,39,93.9,13.5,92.3,1.1
59,25,6.82,32.7,30.2,33,88.4,1.1
59,26,7.46,34.9,95.2,31.2,98.9,1.1
59,27,7.36,34.8,55.4,7.6,88.9,1.2
59,28,7.43,36.4,93.9,6.5,84.7,1.2
59,29,6.84,31.7,60.8,33.7,84.8,1.2
59,30,7.26,35.9,101.8,34.9,87.7,1.3
59,31,6.73,37.2,107.3,31.8,92.8,1.3
59,32,7.37,36.6,72.9,14.5,86.4,1.3
59,33,7.05,30,85.8,27.9,92.3,1.4
59,34,6.93,44.2,95.3,34.6,88.9,1.4
59,35,6.7,37.7,94.9,19.8,97.8,1.4
59,36,7.28,30.9,73.9,31.9,81.3,1.5
59,37,6.7,34,87.9,20.2,83.9,1.5
59,38,6.82,35.4,86.2,27.2,98.7,1.5
59,39,7.11,40.6,74,15.8,87.2,1.6
59,40,7.16,43.1,45.5,24.3,94.5,1.6
59,41,7.46,45.8,82.2,24.2,87.4,1.7
59,42,7.1,49.8,59.2,5,88.3,1.7
59,43,7.35,36.7,43.3,22.3,92.1,1.7
59,44,6.95,32.3,77.9,12.1,91.3,1.8
59,45,7.36,31.7,108.2,28.8,89.6,1.8
59,46,6.85,36.8,59.9,21.4,96.2,1.8
59,47,6.7,31.2,48.6,34.2,86,1.9
59,48,7.24,44.9,57.5,13.6,83,1.9
59,49,7.06,36.5,41.1,17.1,89.8,1.9
59,50,7.49,43.1,32.5,9.2,92.7,2
60,0,7.15,33.9,65.1,16.6,93.7,0.2
60,1,6.87,40.9,36.2,7.5,89.6,0.2
60,2,7.09,48.9,109,21.3,96.5,0.3
60,3,7.43,32.2,31.4,7.8,93.9,0.3
60,4,6.74,44.8,102.4,21.1,98.9,0.3
60,5,6.83,49.1,90.5,13.3,81.3,0.4
60,6,7.05,44.3,83.6,33.7,83.7,0.4
60,7,7.37,45.3,62.6,5.5,88.2,0.4
60,8,7.31,36.4,71.2,23.2,85.3,0.5
60,9,7.01,41.2,47.1,9.8,93.2,0.5
60,10,7.04,30.1,69.9,5.5,95.9,0.6
60,11,6.93,43.4,76.2,18.6,98.5,0.6
60,12,6.91,44.2,45.4,31.2,82.1,0.6
60,13,6.73,32.5,40.8,11.4,80.3,0.7
60,14,6.83,35.2,89.7,20.3,80.3,0.7
60,15,6.8,39.4,43.3,22.9,87.4,0.7
60,16,7.11,46.9,62.5,8.1,92.9,0.8
60,17,6.71,40.3,69.7,6.2,80,0.8
60,18,7.05,44.7,36.3,32.5,94.2,0.8
60,19,7.48,40.2,56.4,31.2,81.4,0.9
60,20,7.12,32.7,52.3,31.3,98.3,0.9
60,21,6.88,39,83.8,28.2,91.5,0.9
60,22,7.34,33.9,87.6,27.5,84.9,1
60,23,6.7,48.4,104.7,6.1,89.9,1
60,24,7,47.7,77.3,6.7,94.5,1.1
60,25,7.19,37.2,71.6,24.1,85.2,1.1
60,26,6.94,40.7,56.4,29.5,80,1.1
60,27,7.09,33.3,44.8,31.7,90.4,1.2
60,28,7.05,34.3,100.4,26.6,92.4,1.2
60,29,6.81,36.5,83.6,20.6,95.8,1.2
60,30,6.75,42.5,53.6,27.5,95.5,1.3
60,31,6.85,45.8,79.8,30,91.8,1.3
60,32,7.27,35.5,34.8,25.1,92.2,1.3
60,33,7.41,47.1,34.8,22.1,80.7,1.4
60,34,6.8,40.8,30.8,21.3,83,1.4
60,35,7.24,31.5,85.1,29.5,92.3,1.4
60,36,7.19,37.4,91.7,14.5,87.5,1.5
60,37,6.94,42.3,106.9,11.9,86.9,1.5
60,38,6.9,32.9,68.6,18.9,86.7,1.5
60,39,7.34,42.2,82.2,14.4,95.8,1.6
60,40,7.02,39.4,36.6,32.7,94.6,1.6
60,41,6.76,46.3,37.7,8.9,92.8,1.7
60,42,7.2,37.1,93.3,16.2,91.9,1.7
60,43,6.96,45.1,69.7,20.5,96.9,1.7
60,44,7.45,44.5,48,12.5,97.8,1.8
60,45,7.23,43.1,43.7,24.7,93.2,1.8
60,46,7.49,33.7,60.5,25.3,89.7,1.8
60,47,7.13,38.3,108.4,5.2,93.3,1.9
60,48,6.71,47.6,51,7.1,92,1.9
60,49,7.46,45,37.4,29.6,96.7,1.9
60,50,6.83,48.4,87.5,13.3,82.9,2
61,0,7.29,30.2,96.3,24.2,83.5,0.2
61,1,7.1,31,40.1,30.3,96.2,0.2
61,2,6.86,33.8,33.6,6.9,97.9,0.3
61,3,6.97,47.2,54.4,13.4,94.5,0.3
61,4,7.31,48.2,49.8,21.4,98,0.3
61,5,6.78,37.9,89,11.2,91.4,0.4
61,6,7.24,45.8,39.5,11.3,93.5,0.4
61,7,7.24,44.4,48.8,29.7,98.5,0.4
61,8,7.07,38.2,55,31.8,90,0.5
61,9,6.78,35.1,43.5,28,88,0.5
61,10,6.9,30.2,60.5,14.6,98.7,0.6
61,11,7.24,45.4,51.6,13.7,91.2,0.6
61,12,7.14,39.4,69.3,27.3,90.7,0.6
61,13,7.35,40.8,83.8,22.1,82.6,0.7
61,14,6.91,31.1,101.9,29.1,87.4,0.7
61,15,7.49,35.8,91.7,34.1,88,0.7
61,16,6.7,47.4,44.2,31.7,88.6,0.8
61,17,7.22,32,91.2,10,81,0.8
61,18,7.33,46.3,105.3,24.2,97.8,0.8
61,19,6.95,47.8,68.1,12.1,94.2,0.9
61,20,7.11,48.5,38,11.3,93.2,0.9
61,21,7.08,49.3,93.2,14.4,84.4,0.9
61,22,7.21,32.3,51.3,21.2,95.5,1
61,23,7.22,37.9,30.8,28.6,98.1,1
61,24,7.02,32.2,44.2,15.1,87.4,1.1
61,25,6.78,41.6,52.7,6.1,92,1.1
61,26,6.85,33.8,72.7,23.1,95.8,1.1
61,27,6.71,30.1,94.5,32.4,94.9,1.2
61,28,7.32,48.2,54,15.6,98.9,1.2
61,29,7.1,41.8,53.3,5.8,84.2,1.2
61,30,6.81,44.5,106.1,10.3,80.9,1.3
61,31,6.88,40.5,70.9,19.2,90.5,1.3
61,32,7.17,45.6,30.5,28.2,98,1.3
61,33,7.32,36,69.4,34.1,96.2,1.4
61,34,7.01,46.2,93.8,14.9,94.4,1.4
61,35,7.04,38.8,103.3,24.7,81,1.4
61,36,7.43,35.6,84.3,10.6,95.5,1.5
61,37,6.82,30.6,33.6,11.5,86,1.5
61,38,7.08,30.9,86.5,29.9,86.3,1.5
61,39,7.47,49.4,47.3,8.3,96.9,1.6
61,40,6.93,35.5,79.8,10.8,91.2,1.6
61,41,7.09,49.8,61.8,30.4,90.3,1.7
61,42,7.18,38.5,87.9,5.2,95.2,1.7
61,43,6.71,34.9,67.8,33.4,80.1,1.7
61,44,6.84,40.5,44.1,17.9,85.8,1.8
61,45,7.45,33.1,70.7,9.9,90.1,1.8
61,46,6.99,44.9,97.8,27.5,89.2,1.8
61,47,7.28,31.7,105.2,17.5,95.8,1.9
61,48,7.2,44,38.7,32.4,95.1,1.9
61,49,7.15,49,40.5,32.1,95.2,1.9
61,50,7.47,45.4,78.7,17.4,85.5,2
62,0,7.34,40.6,71,22,93.3,0.2
62,1,6.9,38,78.2,9.8,89.4,0.2
62,2,7.1,49.1,100.2,24.8,92.8,0.3
62,3,7.29,45.2,70.4,20.5,90.7,0.3
62,4,7.34,49,41.7,16.4,93.5,0.3
62,5,6.85,48.4,90.1,6.4,88.7,0.4
62,6,6.95,30.4,78.8,34.7,84.4,0.4
62,7,7.48,31.1,63,27.1,83.2,0.4
62,8,7.04,31.4,99.4,5.4,97.5,0.5
62,9,7.1,48,44,5.9,87.9,0.5
62,10,7.24,31.4,57,7,98.6,0.6
62,11,6.75,35.4,36.6,14.2,88.5,0.6
62,12,7.15,36,47.1,21.2,92.1,0.6
62,13,6.72,40.7,46,7.7,93.6,0.7
62,14,7.44,48.9,46.8,29.8,81.4,0.7
62,15,7.06,41.7,97.1,16,90,0.7
62,16,7.37,35.4,41.7,8.8,90.9,0.8
62,17,6.96,38.5,108.7,32.1,94.5,0.8
62,18,7.45,34.5,93.9,10.3,87.7,0.8
62,19,7.19,36,88.1,18.3,83.2,0.9
62,20,6.81,31.9,54.9,22.5,96.5,0.9
62,21,7.36,47.8,62.7,20.3,80.7,0.9
62,22,6.87,46.6,62.6,5.7,87.3,1
62,23,7.42,40.8,45.2,5.7,86.5,1
62,24,6.98,40.9,67.6,22.2,81.1,1.1
62,25,6.98,30.6,50,17.5,92.7,1.1
62,26,6.96,45.9,61.6,26.2,90.2,1.1
62,27,7.11,30.8,38.7,23.6,92,1.2
62,28,7,41.7,89.8,6.5,94.9,1.2
62,29,7.23,38.4,108.1,12.3,85,1.2
62,30,6.85,39.5,37,13.3,92.9,1.3
62,31,7.29,34.2,54.8,27.4,88,1.3
62,32,7.03,35.9,54.7,14.6,84.1,1.3
62,33,7.13,38.7,101.6,11.4,82.9,1.4
62,34,7.15,33.1,93.9,7.1,84.1,1.4
62,35,6.98,46.1,85,24.3,91.9,1.4
62,36,7.01,30.2,87,10.7,83.2,1.5
62,37,7.27,47.8,55.5,5.9,85.8,1.5
62,38,7.32,46.6,105.2,20.3,99,1.5
62,39,7.41,32.5,96.6,6.1,93.1,1.6
62,40,7.25,48,94.8,26.6,88.2,1.6
62,41,6.83,39.6,80.7,14,93.1,1.7
62,42,7.15,44,90.4,24,85.4,1.7
62,43,7.48,30.4,99.1,30.9,95.9,1.7
62,44,7.23,30.2,33.7,26.1,82,1.8
62,45,6.88,34.8,30.4,23.4,80.9,1.8
62,46,6.91,41.6,49.4,25.3,92.3,1.8
62,47,6.96,35.4,105.3,30.1,96.4,1.9
62,48,6.71,47.7,94.3,7.9,94.2,1.9
62,49,6.73,47.7,58.6,5.9,94.8,1.9
62,50,7.11,47.3,41.4,8,98.7,2
63,0,7.14,33.2,68.9,9.6,97.3,0.2
63,1,7.2,39.6,70,21.7,98,0.2
63,2,7.5,46,97.1,29.6,82.4,0.3
63,3,7.49,48.8,89.1,29,86,0.3
63,4,6.81,33.5,95.3,34.1,85.6,0.3
63,5,7.42,44.8,61.6,32.7,87.8,0.4
63,6,6.87,36,77,22.8,98.7,0.4
63,7,6.81,40,91.6,19.6,93.6,0.4
63,8,7.36,34.1,85,31.1,90.2,0.5
63,9,6.96,38.7,91,10.9,82.2,0.5
63,10,7.29,45.7,31.9,6.7,80.8,0.6
63,11,7.36,43.1,64.7,31.4,90.3,0.6
63,12,6.92,47.9,42,6.9,91.9,0.6
63,13,7.41,38.5,57.9,27.5,86.7,0.7
63,14,7.47,45.1,101,21.8,80.1,0.7
63,15,7.3,43.2,70.7,24.8,95.3,0.7
63,16,6.94,45.2,79.2,10.6,94.6,0.8
63,17,7.05,37.6,71.2,26.1,80.5,0.8
63,18,6.94,31.1,67.6,28,80.3,0.8
63,19,6.93,43.7,33.5,6.1,91.4,0.9
63,20,6.75,42.4,108.9,22.2,83.6,0.9
63,21,6.9,44.5,92.4,15.8,82.4,0.9
63,22,7.18,31.3,53.8,8.4,90.1,1
63,23,7.47,42.7,46.7,30.5,91.4,1
63,24,6.89,38.2,46.3,9.7,82.4,1.1
63,25,7.17,37.1,41.8,7.9,93.3,1.1
63,26,7.26,30.4,81.3,32.6,95.5,1.1
63,27,7.37,48.5,96.1,23.9,96.7,1.2
63,28,6.75,40.3,95.3,32.6,91.4,1.2
63,29,7.07,47.8,86.1,18.5,96.4,1.2
63,30,7.19,49.2,41.7,15.9,87.4,1.3
63,31,6.91,40.5,83.6,7.7,83.8,1.3
63,32,7.49,40.3,103.3,29.8,83.7,1.3
63,33,7.38,41.1,49,26.2,89,1.4
63,34,6.95,41.3,80.2,19.1,83.8,1.4
63,35,7.29,37.8,57.2,17.7,84.1,1.4
63,36,6.85,38,68.7,20.2,82.1,1.5
63,37,6.81,32.3,67.3,28,82.8,1.5
63,38,6.85,30.1,60.2,20.4,82.8,1.5
63,39,7.21,42.3,42.3,9.8,97.8,1.6
63,40,7.39,37.4,100.4,15,80.6,1.6
63,41,7.18,45.2,46.6,27.1,93.2,1.7
63,42,6.78,49,67.2,25.7,87.9,1.7
63,43,7.15,44.7,60.2,15.2,95.2,1.7
63,44,6.88,48.7,30.5,28.1,91.8,1.8
63,45,7.43,31.1,45.8,33,84.4,1.8
63,46,6.93,43.5,58.6,16.2,96.3,1.8
63,47,7.06,38.6,86,29.3,93.4,1.9
63,48,6.98,30,107.9,17.6,90.9,1.9
63,49,6.92,30.7,65.1,13.3,87.6,1.9
63,50,7.05,40.7,34.2,6.7,91.8,2
64,0,7.35,42.8,30.9,31.5,91.4,0.2
64,1,7.31,47.3,80.1,31.9,94.6,0.2
64,2,7.05,33,69.2,18,97.7,0.3
64,3,6.83,38.5,75.5,7,84.3,0.3
64,4,7.14,44,104.7,21.1,88.8,0.3
64,5,7.05,33.6,31.4,18.5,98,0.4
64,6,7.23,44,38.2,33.1,95.8,0.4
64,7,6.86,40.3,91.7,6.1,88.2,0.4
64,8,7.29,32.5,76.3,30.2,82.2,0.5
64,9,7.07,38.4,64.6,13.6,90.6,0.5
64,10,6.87,49.4,94.5,31.5,80.1,0.6
64,11,6.76,36.9,37.9,21.6,90.3,0.6
64,12,7.15,34.9,97,20.9,95.9,0.6
64,13,7.34,37.7,81.1,10.3,81.2,0.7
64,14,7.26,47.1,75,32.8,80.8,0.7
64,15,6.91,31.6,92.7,14.1,97.2,0.7
64,16,7.03,31.4,68,30.6,92.7,0.8
64,17,7.24,39.5,67.5,6.3,83.3,0.8
64,18,7.31,47.4,85.1,11.6,97,0.8
64,19,7.38,35.7,82.2,9.3,86.9,0.9
64,20,7.46,31.9,97.3,14.6,90.3,0.9
64,21,7.22,45.7,87.3,29.8,85.4,0.9
64,22,7.3,30.8,47.4,22.7,93.8,1
64,23,6.84,33.3,45.1,32.2,83.2,1
64,24,7.26,36.6,67.9,31.5,96.9,1.1
64,25,6.73,34.2,99.1,15.5,97.5,1.1
64,26,6.8,30.4,64.7,8.4,94.1,1.1
64,27,6.79,40.3,88.3,5.1,92,1.2
64,28,6.72,47.9,91,8,85.2,1.2
64,29,6.72,43.5,52.1,22,83.6,1.2
64,30,6.84,38.1,31.2,22.7,86.4,1.3
64,31,6.74,38,81,23.1,90.7,1.3
64,32,7.14,33.5,70.9,34.1,91.1,1.3
64,33,6.72,31.4,99.1,30.2,92.3,1.4
64,34,7.33,43.6,63.4,28.1,90.1,1.4
64,35,7.33,34.1,58.5,24.4,95.3,1.4
64,36,6.79,37.6,88.1,26.6,81,1.5
64,37,7.04,45.3,41,10,84,1.5
64,38,7.13,33.7,47.6,24.2,88.7,1.5
64,39,7.07,46,91.6,11.4,96.2,1.6
64,40,6.83,40.5,31.7,15.1,99,1.6
64,41,6.95,38.8,107,22.5,90.5,1.7
64,42,6.76,46.8,77.4,5.7,94.2,1.7
64,43,6.78,50,76.3,12,92.7,1.7
64,44,7.35,33.8,81.3,16.5,82.6,1.8
64,45,6.93,40.6,75.2,20.4,85.1,1.8
64,46,7.14,32,71.9,19.3,89.9,1.8
64,47,7.05,36.7,35.8,10.8,83.2,1.9
64,48,7.06,48.9,52,24.4,87.9,1.9
64,49,6.78,41.9,104.1,20.7,89.2,1.9
64,50,7.09,32.6,49.5,5.2,96.9,2
65,0,7.44,30.6,42.4,14.1,90.7,0.2
65,1,7.21,42.7,109.6,29.5,93.7,0.2
65,2,7.1,36.5,33.5,8.6,92,0.3
65,3,7.47,42.7,84,24.2,89.3,0.3
65,4,7.2,42.5,67.5,15.8,89.9,0.3
65,5,7.43,39.6,74.7,9.8,85.8,0.4
65,6,7.41,38.9,33.9,10.1,84.9,0.4
65,7,7.12,37.7,86.9,12.5,90.7,0.4
65,8,7.33,31.5,86.7,12,89.6,0.5
65,9,7.1,45,74.2,19.1,80.8,0.5
65,10,7.27,32.8,105.8,7.9,85.2,0.6
65,11,7.29,37.1,38.6,17.9,81.9,0.6
65,12,7.43,35.2,78,12,89.7,0.6
65,13,7.26,42.4,85.7,28,91.9,0.7
65,14,6.92,31.4,80.6,27.9,91.7,0.7
65,15,7.47,44.4,85.7,28.8,92.5,0.7
65,16,7.14,43.9,47,33.2,85.8,0.8
65,17,7.32,43.6,84.1,19.4,98.9,0.8
65,18,6.75,36.7,87.8,5.7,96.1,0.8
65,19,6.88,45.7,94.5,6.4,87.6,0.9
65,20,7.43,43.8,36.3,15.7,90.9,0.9
65,21,7.33,45.7,48.3,26.2,80,0.9
65,22,7,46.7,51.8,24,87.6,1
65,23,7.28,36.9,88.9,20.4,92.9,1
65,24,6.71,36.1,92.6,22.3,94.8,1.1
65,25,7.48,41.6,64.2,21.3,90,1.1
65,26,6.85,35.7,95.9,18.9,82.8,1.1
65,27,7.04,38.1,108.3,8.5,96.3,1.2
65,28,7.36,47.6,57.9,16.1,81.5,1.2
65,29,6.77,44.3,64.5,10.9,80.9,1.2
65,30,7.28,45.2,43.9,27.7,94.3,1.3
65,31,7.32,43.4,79.4,13.4,80.5,1.3
65,32,7,36.5,101.8,19,91.7,1.3
65,33,6.71,46,36.2,34.3,84.6,1.4
65,34,7.21,31.5,84.3,23.4,90.5,1.4
65,35,7.34,49.6,78.1,32.1,84.6,1.4
65,36,7.37,39,55.7,6.3,80.7,1.5
65,37,7.44,43.5,108.8,9.3,96.3,1.5
65,38,7.42,36.1,75,21.7,87.3,1.5
65,39,6.88,38.3,106.2,32,88.3,1.6
65,40,7.04,49.1,47.4,28.1,91.1,1.6
65,41,6.84,32.7,43,32.5,84,1.7
65,42,7.38,38.1,56.6,12.6,91.7,1.7
65,43,7.18,36.6,49.8,7.9,87.2,1.7
65,44,6.81,40.5,94.9,26.1,97,1.8
65,45,7.15,49.1,50.1,20.6,96.9,1.8
65,46,6.73,42.2,98.9,24.7,97.1,1.8
65,47,6.86,41,78.3,34.2,82.6,1.9
65,48,7.02,46,79.3,20.3,82.7,1.9
65,49,7.12,32.6,91.8,14.2,97.4,1.9
65,50,7.16,44.2,98,15.9,94.2,2
66,0,7.39,31.5,76.5,25.6,89,0.2
66,1,6.99,48.2,102.3,7.6,90.9,0.2
66,2,6.99,31.2,35.4,29.9,83.9,0.3
66,3,7.48,39.1,104.5,10.6,83.6,0.3
66,4,6.83,45.1,95,7.9,82.7,0.3
66,5,6.75,46.2,58.6,19.9,95.2,0.4
66,6,6.97,38.9,84.2,22.5,92.8,0.4
66,7,7.12,35.1,49.6,21.1,89.1,0.4
66,8,6.99,35.8,87.8,30.3,95.2,0.5
66,9,6.88,45.8,48.6,29.6,98.2,0.5
66,10,7.37,37.3,80.4,19.6,90.3,0.6
66,11,7.42,36.3,82.6,25.7,86.9,0.6
66,12,6.99,37.4,67.1,22.8,89.3,0.6
66,13,7.32,41.9,92,23.6,94.2,0.7
66,14,7.15,37.8,103.8,6,88.8,0.7
66,15,7.34,47.3,99.5,23.3,80.3,0.7
66,16,7.33,47.5,67.7,6.9,98.8,0.8
66,17,7.38,40.1,103.8,28.2,90.3,0.8
66,18,7.29,32.3,73.8,24.3,94.2,0.8
66,19,7.16,31.2,61.9,10.5,81,0.9
66,20,6.78,37.2,33.2,8.7,88,0.9
66,21,6.99,45.9,73.5,29.8,82.7,0.9
66,22,7.24,46.4,44.2,13.8,95.1,1
66,23,6.87,35.6,88.3,34.9,93.6,1
66,24,7,31.9,32.1,34.7,81.1,1.1
66,25,7.28,48.7,82.5,29.1,88.2,1.1
66,26,6.84,46,34.3,18.4,93.2,1.1
66,27,7.33,46.7,108.1,19,87.5,1.2
66,28,7.14,45.2,40,27.6,96.4,1.2
66,29,6.93,42.8,37.7,8.7,93.6,1.2
66,30,7.05,50,49.8,27.3,91.2,1.3
66,31,6.86,36.8,105,5.9,95.3,1.3
66,32,7.2,35.2,63.1,11.9,82.5,1.3
66,33,7.12,32.1,91.3,25.2,94.1,1.4
66,34,6.94,38.5,38.3,14,95.4,1.4
66,35,6.83,41.1,70,6.4,83.1,1.4
66,36,6.93,45.3,45.2,14.6,80.5,1.5
66,37,7.06,40.7,45.1,19.1,85.4,1.5
66,38,7.22,43.3,73.7,21.1,92.5,1.5
66,39,7.14,49.6,38.8,25.7,89.5,1.6
66,40,6.98,48.5,53.8,14.1,95.7,1.6
66,41,7.25,32.8,69.9,22.7,82.2,1.7
66,42,6.98,42.1,96.2,32.2,98.1,1.7
66,43,7.18,48.3,104.7,13.3,92.1,1.7
66,44,6.87,32.8,37.4,10.6,91.3,1.8
66,45,7.38,33.2,58.8,12.9,95.1,1.8
66,46,6.85,42.9,104.7,23,91.4,1.8
66,47,7.39,31,59.3,26.1,88.6,1.9
66,48,6.82,49,36,6,97.8,1.9
66,49,7.04,39.1,64.5,26.6,98.2,1.9
66,50,7.06,31.4,38.8,31.5,83.9,2
67,0,7.41,32.2,58.6,20.7,80.6,0.2
67,1,7.42,33,62.3,28.8,98.1,0.2
67,2,6.9,39.4,59.4,27.9,93.4,0.3
67,3,7.47,34.2,65.3,31.5,86.6,0.3
67,4,7.43,42,85.9,24.8,85.1,0.3
67,5,7.01,33.2,68.2,32.6,84.7,0.4
67,6,7.29,45.4,86.1,12.6,85.4,0.4
67,7,6.71,36.4,91.7,18.9,90,0.4
67,8,7.31,44,97,17.7,96.2,0.5
67,9,7.11,37.2,98.1,7.8,96,0.5
67,10,7.48,40.1,37.7,32.9,98.1,0.6
67,11,7.15,43.5,63.5,27.9,80.1,0.6
67,12,7.45,33.9,48.9,6.4,88,0.6
67,13,7.29,45.5,50,25.1,89.6,0.7
67,14,7.22,48.1,58,15.5,95.7,0.7
67,15,7.03,45.5,81.9,31.4,96.8,0.7
67,16,6.93,43.9,95.7,6.7,80.7,0.8
67,17,6.91,42.8,53.3,30.7,96,0.8
67,18,6.95,49.8,99,18,85.8,0.8
67,19,7.21,36.7,93.8,26.6,86.1,0.9
67,20,7.42,46.8,44.8,5.6,83.4,0.9
67,21,7.27,47.7,47.8,23.5,92.2,0.9
67,22,7.47,33.3,48.6,32.4,90.3,1
67,23,6.91,34.6,80.5,5.7,80.9,1
67,24,7.3,39.9,55,10.1,86,1.1
67,25,7.19,37,73.1,5.4,88.7,1.1
67,26,6.76,35.7,76.3,19.5,82.4,1.1
67,27,7.45,33.1,30.9,17.2,89.8,1.2
67,28,6.74,43.2,65.7,17.4,84.3,1.2
67,29,7.31,46.6,102.4,9.4,90.2,1.2
67,30,7.06,45.3,63.7,11.1,92.4,1.3
67,31,7.46,42.8,68.3,6.4,96.4,1.3
67,32,7.49,35.8,42.5,13.4,82.7,1.3
67,33,6.87,48.4,88.3,27.2,82.9,1.4
67,34,6.74,30.1,100.1,25.3,90.1,1.4
67,35,7.13,43.7,71.3,6.9,80.6,1.4
67,36,6.92,41,85.8,18.8,85,1.5
67,37,6.88,42.8,57.2,5.4,90.4,1.5
67,38,7.41,40,97.9,26,89.7,1.5
67,39,7.4,45,93.4,20,97.5,1.6
67,40,7.19,48.4,40.2,6.2,85.4,1.6
67,41,6.82,38.5,36.9,5.1,80.3,1.7
67,42,7.28,33.2,32.1,14.8,88.1,1.7
67,43,7.27,38.6,98.9,6.6,95.8,1.7
67,44,7.49,40.5,50.8,7.4,90.1,1.8
67,45,7.35,45.5,33.5,11,97.8,1.8
67,46,7.18,43.6,61.5,13,93.3,1.8
67,47,7.09,38.2,98.6,10.3,90.2,1.9
67,48,7.08,38.6,51.1,28.3,81.9,1.9
67,49,7.3,45.3,40.5,25.3,95.9,1.9
67,50,6.73,39.1,50.6,19.9,83.6,2
68,0,7.22,44,88.7,34.2,97.7,0.2
68,1,7.26,38.8,59.3,22.7,95.9,0.2
68,2,6.86,47,40.8,20.5,87.9,0.3
68,3,7.2,44.7,94.6,12.8,97.5,0.3
68,4,7.38,46.1,94.7,28.4,88.1,0.3
68,5,7.03,34,47.8,31.1,80.2,0.4
68,6,7.17,32.2,66.5,16.7,96.2,0.4
68,7,7.09,48.7,91.8,10.3,96.7,0.4
68,8,6.83,31.9,54.9,7.4,98.3,0.5
68,9,6.92,46,105.9,23.8,84.3,0.5
68,10,6.92,47.9,88.3,10.7,92.5,0.6
68,11,7.33,40.9,40.8,6.2,81.2,0.6
68,12,7.3,34.1,59.5,8.1,92.7,0.6
68,13,7.11,41.1,56.3,12.5,91.2,0.7
68,14,6.74,30.5,41.6,34.6,98.5,0.7
68,15,6.87,44.4,32.5,16.4,87,0.7
68,16,6.72,41.2,62.7,16.8,80.8,0.8
68,17,6.77,30.3,91.9,33.3,87.3,0.8
68,18,7.25,45.9,52.4,29.8,84.5,0.8
68,19,6.92,39.8,56.7,26.1,81.6,0.9
68,20,6.96,43.6,55.9,7.1,96.7,0.9
68,21,6.75,33.8,55,18.4,95.4,0.9
68,22,7.06,49.8,75.8,5.5,83.2,1
68,23,6.74,30.4,45.3,17.7,81.3,1
68,24,7.45,40.9,72.5,28.9,93.9,1.1
68,25,7.34,49.2,52.6,24.4,85.4,1.1
68,26,7.31,40.7,78.1,33.7,83.1,1.1
68,27,6.97,46.3,76.2,8.5,94,1.2
68,28,7.01,41,106.4,29.5,92.1,1.2
68,29,7.39,30.6,103,20,91.2,1.2
68,30,7.39,35.2,97,32.4,80.4,1.3
68,31,6.77,32.6,101.2,17.7,86.7,1.3
68,32,7.49,35.2,47.5,33.1,88.9,1.3
68,33,6.82,41.8,93.9,28.5,87.3,1.4
68,34,7.11,41.1,59.5,26.3,92.5,1.4
68,35,7.24,43.9,61.1,25.2,88.9,1.4
68,36,6.9,49.1,74.6,19.7,81.2,1.5
68,37,7.41,40.9,57.2,21.6,86.5,1.5
68,38,6.86,40.8,91.1,33.9,80.2,1.5
68,39,7.37,33.3,43,21.8,87.5,1.6
68,40,7.26,46.1,40.1,33.5,82.8,1.6
68,41,7.34,45.4,107.2,19.4,81.5,1.7
68,42,7.26,46.3,53.9,30,98.5,1.7
68,43,6.73,48.1,89.9,20.7,96.7,1.7
68,44,7.27,49.5,94.1,32.7,89.3,1.8
68,45,7.03,48.9,58,33.3,96,1.8
68,46,6.92,39.3,45.2,23.8,81,1.8
68,47,7.28,46.7,82.8,30.1,96.3,1.9
68,48,7.19,49,41.6,14.8,82.6,1.9
68,49,7.35,40.9,97,33.7,86.5,1.9
68,50,7.25,32.6,97.2,29.2,86.4,2
69,0,6.97,48.7,92.4,19.1,89.3,0.2
69,1,7.2,38.3,52.8,23,92.6,0.2
69,2,6.86,40.4,78.1,15.4,83.6,0.3
69,3,6.71,49.2,106.5,7.3,86.1,0.3
69,4,6.97,46.2,89.7,16.8,96.3,0.3
69,5,6.91,49,68.4,21.2,92.2,0.4
69,6,6.82,37.5,62.2,21.4,80.9,0.4
69,7,7.46,39,97,16.4,97.8,0.4
69,8,7.38,42.4,103.1,8.6,89.9,0.5
69,9,6.79,35,75.8,22.7,82.1,0.5
69,10,7.14,36.5,54.8,25.9,84.2,0.6
69,11,6.82,37.9,52.1,9.8,91.3,0.6
69,12,6.7,30.7,59.3,20.9,85.5,0.6
69,13,7.28,48,34.6,17.7,93.1,0.7
69,14,6.84,30.2,43.4,26.3,87.6,0.7
69,15,6.79,40.5,68.2,29.6,98.8,0.7
69,16,6.75,39.3,95,31.8,96,0.8
69,17,7,48.8,75.9,28,92.6,0.8
69,18,6.77,40.2,93.1,11.3,84.5,0.8
69,19,6.89,44.6,55.8,27.8,95,0.9
69,20,6.72,47.3,97.7,21,91.6,0.9
69,21,6.88,39.3,33.5,23.2,84.7,0.9
69,22,7.49,41.8,45.5,13.3,83.4,1
69,23,7.39,49.8,70.9,18.5,80.6,1
69,24,7.31,48.2,41.3,32.5,95.2,1.1
69,25,7.27,38.7,95.7,12.8,89.6,1.1
69,26,7.39,30.9,105.1,23.8,86.1,1.1
69,27,6.82,30.1,77,27.3,90.1,1.2
69,28,7.09,48.8,40.8,14.3,89.2,1.2
69,29,7.21,37.9,81.9,21,97.2,1.2
69,30,7.46,37.5,43.3,17.9,90.5,1.3
69,31,7.27,43.2,90.8,9.7,97.4,1.3
69,32,7.2,47.9,96.4,35,83.8,1.3
69,33,7.47,42.9,56.7,21.7,95,1.4
69,34,7.14,34.1,34.9,17.5,85.6,1.4
69,35,7.42,45.3,74.1,10.5,87.1,1.4
69,36,7.37,37.7,40.6,34.6,81.4,1.5
69,37,6.85,46.6,39.3,22.4,84.4,1.5
69,38,7.1,48.1,50.4,24.3,84,1.5
69,39,7.17,33.5,45.7,30.1,81.7,1.6
69,40,7.46,36.5,58.6,34.6,86,1.6
69,41,7.21,47.7,49.1,6.1,91.6,1.7
69,42,6.88,33,108.8,32.3,95.8,1.7
69,43,7.37,41.9,82.5,10.4,83.5,1.7
69,44,7.32,48.5,96.5,22.4,85.8,1.8
69,45,6.83,30.7,53.7,7.3,91.4,1.8
69,46,6.93,48.8,46.2,27.4,82.2,1.8
69,47,6.94,47.3,94.7,13.4,80.2,1.9
69,48,7.37,48.2,35.6,21.8,92.9,1.9
69,49,7.47,30.5,63.7,34.6,98.3,1.9
69,50,6.99,40.3,39,10.6,97.9,2
70,0,7.03,48.4,93.7,21.9,91.1,0.2
70,1,6.94,47.9,78.7,9.7,90.2,0.2
70,2,7.25,39.9,32.9,27.4,90.8,0.3
70,3,7.34,49.3,107.3,6.3,93.1,0.3
70,4,7.05,35,98.4,31.8,82.7,0.3
70,5,7.29,49.4,83.5,9.7,94.2,0.4
70,6,6.94,35.3,53.5,6.9,84.5,0.4
70,7,7.22,47.2,107,16.6,83.8,0.4
70,8,6.79,40.5,59.5,23.5,87.2,0.5
70,9,7.29,41.1,34.2,14.2,98.2,0.5
70,10,7.33,34,46.1,10.5,94.7,0.6
70,11,7.33,48.1,101.1,11,93.6,0.6
70,12,7.39,46.1,107.8,9.2,88.4,0.6
70,13,7.01,32,63.5,9.3,95.1,0.7
70,14,7.25,43.5,42.4,18.3,90.5,0.7
70,15,7.18,45.6,61.6,15.2,81.8,0.7
70,16,7.26,33.1,98.4,7.2,80.1,0.8
70,17,7.25,32.8,49,22.3,92.5,0.8
70,18,7.26,30.1,92.6,14.4,95.5,0.8
70,19,6.92,40.4,67.9,31.3,88.5,0.9
70,20,7.26,33.1,89.7,21,86.4,0.9
70,21,7.38,44,91.9,34.3,82.7,0.9
70,22,7.32,43.9,90.4,15.9,96.8,1
70,23,6.98,46.3,52.7,8.9,83.6,1
70,24,7.27,32,30.3,5.9,94.4,1.1
70,25,7.23,38.1,109.1,7.7,91.8,1.1
70,26,7.49,31.4,65.2,7.4,81.4,1.1
70,27,7.16,48,102.3,23.2,96.4,1.2
70,28,7.5,47.3,45.1,17.3,89.1,1.2
70,29,6.76,37.7,92.9,24,88.4,1.2
70,30,6.77,43.6,81.2,15.7,88.9,1.3
70,31,6.74,49.9,52.3,21.8,85,1.3
70,32,7.19,47,41.8,27.5,86.4,1.3
70,33,6.93,45.6,51.5,15.5,93.6,1.4
70,34,6.74,33.8,105.9,30.6,97.2,1.4
70,35,7.06,49.2,61.1,20.3,83.9,1.4
70,36,6.87,33.1,105.7,30.8,81.2,1.5
70,37,6.7,33.6,80.3,19.4,96.1,1.5
70,38,7.23,45.7,69.3,21.1,96.1,1.5
70,39,7.49,43.4,49,5.6,88.2,1.6
70,40,7.1,44.3,60.2,16.1,82.6,1.6
70,41,7.49,39.6,30.4,15.4,85.5,1.7
70,42,7.25,31.9,48.1,26.7,84.7,1.7
70,43,7.03,36.1,70.3,32.1,96.6,1.7
70,44,7.26,35.5,72.8,8.9,98.1,1.8
70,45,7.17,41.9,80.2,31.1,85.7,1.8
70,46,7.3,36,34.7,12.5,92.1,1.8
70,47,6.86,42.4,106.5,15.6,89,1.9
70,48,7.16,46.4,98.8,35,85.5,1.9
70,49,7.39,47.5,105.8,10.2,83.3,1.9
70,50,6.93,41.7,54.1,27.2,97.1,2
71,0,7.2,43.4,104,8.3,83.2,0.2
71,1,6.98,41.8,91.5,18.3,85.9,0.2
71,2,7.19,40.7,35.4,34.5,88.6,0.3
71,3,7.12,47.4,102.1,19.4,87.3,0.3
71,4,6.8,36.8,74.5,28.4,95.6,0.3
71,5,7.3,49.1,41.2,27.2,97.7,0.4
71,6,7.16,49.8,106.1,31.3,89.4,0.4
71,7,7.08,41.1,73.6,13.8,85.8,0.4
71,8,6.84,49,109.6,7.8,95,0.5
71,9,6.92,30.8,92.1,33.6,83.2,0.5
71,10,7.02,43.5,66.8,26.1,95.8,0.6
71,11,7.35,34.8,89,10.2,92.4,0.6
71,12,7.03,47.1,32.5,21.7,96.6,0.6
71,13,7.31,38.2,70.8,14.6,82,0.7
71,14,7.1,42,63,10,84.3,0.7
71,15,7.02,30,40.3,5.5,81.2,0.7
71,16,7.32,36.6,83,20.4,86.2,0.8
71,17,6.95,30.3,53,5.2,85.4,0.8
71,18,7.48,45.2,102.8,14.5,80.5,0.8
71,19,7.16,36.1,42.1,8,87.4,0.9
71,20,6.96,47.3,74.8,33.1,85.4,0.9
71,21,7.01,42.7,75.6,7,95.5,0.9
71,22,6.83,42.3,67.6,30.5,98.3,1
71,23,6.95,32.3,70.9,32.7,87,1
71,24,7,44.1,105.9,24.8,90.4,1.1
71,25,6.88,37.3,89.5,24.4,98.9,1.1
71,26,7.14,42.5,34.8,20.6,81,1.1
71,27,6.92,30.6,73.1,27.3,97.4,1.2
71,28,6.95,30.5,55,31.6,85,1.2
71,29,7.45,33.3,79.8,26.4,83.9,1.2
71,30,7.08,33.5,43.7,24.7,94.8,1.3
71,31,6.96,35.3,41.4,18.6,89,1.3
71,32,7.42,39,85.4,15.6,96.6,1.3
71,33,6.77,43.4,101,10.5,94.7,1.4
71,34,7.46,42.5,88.8,16.4,98.7,1.4
71,35,7.27,31.8,61.2,24.1,92.6,1.4
71,36,7.17,45.3,71.7,8.1,88.9,1.5
71,37,6.73,45.9,67,24.3,97.6,1.5
71,38,7.47,41.2,89,23.3,80.4,1.5
71,39,6.71,42.7,67.3,32.1,98.8,1.6
71,40,7.49,36.5,68.4,15.9,83.6,1.6
71,41,6.8,49.8,98.2,15.6,94.6,1.7
71,42,7.12,39.9,45.7,30.7,87.7,1.7
71,43,7.28,47.6,71.5,27.9,86.9,1.7
71,44,6.85,41.3,71.6,25.6,96.4,1.8
71,45,6.75,32.3,30.5,28.5,89,1.8
71,46,6.77,40.6,73.1,23.5,89.5,1.8
71,47,7.34,37.1,102.9,15.9,81,1.9
71,48,7.34,45.5,93.4,24.2,97.1,1.9
71,49,7.41,36.9,65.9,31,97.2,1.9
71,50,7.37,46.1,73,24.5,98.2,2
72,0,7.15,31.9,93.5,31.3,89.8,0.2
72,1,7.5,38.2,45.7,22.7,89.8,0.2
72,2,7.31,45.6,37.1,30.1,82.6,0.3
72,3,7.01,46.5,49,20.7,87.2,0.3
72,4,7.31,41.4,41,11.6,85.8,0.3
72,5,7.24,45.5,107.8,5.3,85.1,0.4
72,6,6.95,34.5,93.9,19.7,94.1,0.4
72,7,7.09,42.8,87.6,5.8,89.3,0.4
72,8,7.19,38.6,90.7,30,98.1,0.5
72,9,7.15,30,74.2,31,94,0.5
72,10,7.36,34.2,94.9,25.8,94.2,0.6
72,11,6.93,47.5,84.8,15.4,96.9,0.6
72,12,7.47,30.3,65.1,32.6,81.4,0.6
72,13,7.38,44,40.7,25.4,90.4,0.7
72,14,7.37,36.1,56.2,28.1,93.3,0.7
72,15,7,39.9,78.6,14.5,83.7,0.7
72,16,7.18,38.8,100.5,17.2,81.9,0.8
72,17,6.75,30.8,84.6,5.1,89.7,0.8
72,18,7.4,49,46.7,15.9,84.4,0.8
72,19,7.04,33.9,90.8,20.7,93.4,0.9
72,20,7.01,36.1,95.9,29.3,89.7,0.9
72,21,6.82,39.2,70.8,16.8,81.7,0.9
72,22,7.3,46.2,57.4,32.8,84.1,1
72,23,7.17,34.1,63.5,30.1,86.8,1
72,24,6.81,39.6,107.4,30.2,80.1,1.1
72,25,7.02,39.1,72.7,16.8,96.2,1.1
72,26,6.85,46.8,70.9,26.5,84.2,1.1
72,27,7.39,36.7,32.2,13.6,98.8,1.2
72,28,7.07,40.2,68.8,11.3,89.6,1.2
72,29,6.71,44.3,33.7,21,98.8,1.2
72,30,7.3,35.2,93.5,34.9,80.7,1.3
72,31,7.32,35.2,50.7,17.8,95.5,1.3
72,32,7.38,35.3,66.1,33.9,85.9,1.3
72,33,7.21,44.7,82,26.6,97.6,1.4
72,34,6.75,43.1,89.7,32.9,94,1.4
72,35,7.45,45.4,36.8,19.6,87.8,1.4
72,36,7.37,38.4,108.6,11.8,88.6,1.5
72,37,7.3,30.7,96.8,31.7,90.8,1.5
72,38,6.77,39.5,78.7,15,93.3,1.5
72,39,6.76,30.4,70.3,21.9,91.1,1.6
72,40,6.76,43,81.9,17.4,98.7,1.6
72,41,7.28,30.5,54.8,33,83.5,1.7
72,42,6.72,39,76.3,18,98.5,1.7
72,43,7.45,49.1,107.2,6.8,92.8,1.7
72,44,7.31,48.7,48.5,23.9,96.9,1.8
72,45,6.71,30.1,61.4,14.9,89.1,1.8
72,46,7.45,36.1,45.9,5.3,89.5,1.8
72,47,7.4,48.6,48.4,20.1,88.6,1.9
72,48,7.33,46.6,101.5,7.7,81.3,1.9
72,49,7.3,46.6,33.3,17.7,86.4,1.9
72,50,6.82,37.6,55.9,20.5,82.3,2
73,0,7.24,36.4,92.1,6.2,81.7,0.2
73,1,7.1,40.3,44.2,13.9,80.5,0.2
73,2,7.13,40.4,83,29.7,94.7,0.3
73,3,7.11,33.5,92.8,23.5,85.8,0.3
73,4,7.1,37.5,64.6,16.7,88.8,0.3
73,5,6.72,49.7,79.1,14.1,90.2,0.4
73,6,7.25,36.2,104.6,16.4,82.8,0.4
73,7,7.37,31.5,101.3,33.4,90.3,0.4
73,8,6.77,39.3,98.2,8.9,82.4,0.5
73,9,7.48,47.2,86.8,27,88.2,0.5
73,10,7.1,35.5,94.9,12.4,97.6,0.6
73,11,7.07,37.4,63,25,89.8,0.6
73,12,6.93,45.9,47.3,27.3,87.3,0.6
73,13,6.8,38.8,54.8,8.5,82.5,0.7
73,14,7.41,42,54.4,18.2,88.9,0.7
73,15,7.49,48,81,24.4,89,0.7
73,16,7.23,36.8,93.9,34.3,87.9,0.8
73,17,7.42,43.1,51.7,30.5,80.9,0.8
73,18,7.44,49.5,74,27.9,84.6,0.8
73,19,7.35,36.6,64.7,23,81.4,0.9
73,20,6.83,47.9,35,10.3,84.1,0.9
73,21,7.28,40.9,37.4,22.2,88.1,0.9
73,22,7.43,41.8,108.8,10,98.1,1
73,23,6.98,34.1,94.3,27.4,91.9,1
73,24,7.08,36.4,67.8,23.3,93.1,1.1
73,25,7.27,39.3,39.6,9.7,81.5,1.1
73,26,7.14,49.9,56.9,12.4,89.1,1.1
73,27,7.24,41.4,108.1,29.1,83.2,1.2
73,28,7.03,46.9,87.6,9.2,86,1.2
73,29,7.3,42.8,60.4,27.9,82.5,1.2
73,30,7.29,35.2,73,26.4,98.7,1.3
73,31,7.18,40.9,74.6,29.5,81,1.3
73,32,7.31,47.2,93.3,5.4,91.5,1.3
73,33,7.42,32.6,95.8,22.9,82,1.4
73,34,7.13,36.2,91.2,13.7,97.4,1.4
73,35,7.07,38.6,106.6,14.2,98.2,1.4
73,36,7.12,39,86.6,16.5,84,1.5
73,37,6.95,36.5,101.9,9.5,90.3,1.5
73,38,7.31,38,34.5,17.5,88.6,1.5
73,39,7.1,34.4,98.3,20.7,83.4,1.6
73,40,7.04,40.3,83.4,11,82.7,1.6
73,41,7.37,34.4,31,7.6,90.4,1.7
73,42,7.18,34.7,70.9,17.9,84.3,1.7
73,43,7.23,44.1,55.2,23.4,90.1,1.7
73,44,6.98,49.6,44.9,8.9,83.9,1.8
73,45,7.04,40.3,44.9,14,86.6,1.8
73,46,7.03,31.6,57.9,24.6,88.2,1.8
73,47,7.27,35.3,82.3,16.1,98.8,1.9
73,48,7.1,38.5,51.7,22.8,85.9,1.9
73,49,6.99,43.3,44,16.5,98.6,1.9
73,50,7.19,43,33.4,29.2,89,2
74,0,6.88,32.8,106.4,25,86.9,0.2
74,1,7.29,43.9,35.7,24.5,92.4,0.2
74,2,7.39,48,43.8,29.5,95.2,0.3
74,3,7.33,31,82.7,32.1,86.3,0.3
74,4,7.19,44.3,61.4,32.8,85.1,0.3
74,5,7.04,43.8,47.2,10.3,82.6,0.4
74,6,7.44,31.9,85.5,32.1,92.9,0.4
74,7,6.79,38.5,48.1,32.5,88.6,0.4
74,8,6.81,48.9,104,7.9,88.7,0.5
74,9,7.11,48.2,72.7,31.9,83.1,0.5
74,10,7.07,43.8,93.2,24.4,88.7,0.6
74,11,7.45,47.3,85.2,18.1,85.3,0.6
74,12,7.09,43.5,90.1,12.6,81.5,0.6
74,13,7.42,34.6,65.8,9.6,95,0.7
74,14,7.24,44.4,31.5,10.4,86.4,0.7
74,15,7.38,37.3,32,8.8,90.7,0.7
74,16,7.29,34.8,72.4,18.7,87.9,0.8
74,17,6.71,34.3,78.3,19.9,93.6,0.8
74,18,7.28,35.9,33.6,22.3,88.7,0.8
74,19,7.08,39,30.6,32.8,97.7,0.9
74,20,7.29,46.4,72.5,8.5,87.9,0.9
74,21,6.94,33.9,58.9,27.7,88.5,0.9
74,22,7.31,37.5,97.6,15.2,89.4,1
74,23,6.88,42.6,109.3,6,81.5,1
74,24,6.71,45.1,88.1,25.3,96,1.1
74,25,6.95,46.1,48.8,25.5,95.2,1.1
74,26,6.78,42.9,42.3,18.7,84.9,1.1
74,27,6.73,36.3,105.3,21.4,87.1,1.2
74,28,6.94,44.5,95.9,33.5,81.8,1.2
74,29,7.01,48.8,40,22.9,94.7,1.2
74,30,6.91,43.9,68,34.6,97.3,1.3
74,31,7.01,39.4,83,12.7,87.1,1.3
74,32,6.91,36.2,81.4,16.2,81.8,1.3
74,33,7.17,39.9,39.9,5.3,84.6,1.4
74,34,6.93,33.3,89.5,12.8,87.2,1.4
74,35,7.06,40.8,61.1,32.6,96.3,1.4
74,36,7.07,48.8,47.6,13.1,80,1.5
74,37,6.97,33.9,97.2,7.1,93.5,1.5
74,38,7.48,36.7,84.8,33.8,81.5,1.5
74,39,7.34,30.1,76.7,34.5,85.9,1.6
74,40,7.33,40.8,70.4,30.7,85.7,1.6
74,41,7.27,40.5,40.9,17.8,86.1,1.7
74,42,6.74,40.6,102.8,12.7,97.1,1.7
74,43,7.39,48.3,78.1,6.6,87.5,1.7
74,44,7.03,36.7,77.5,8.2,87.3,1.8
74,45,7.45,41.4,68.6,12.2,98.9,1.8
74,46,6.84,50,50.4,11.2,92.4,1.8
74,47,7.48,31.4,82.1,14.6,98,1.9
74,48,7.09,40.1,73.7,11.3,87.1,1.9
74,49,6.91,45.2,52.8,13.1,98.5,1.9
74,50,7.42,31,35.6,24.8,82.4,2
75,0,7.22,35.3,100.3,26,88.3,0.2
75,1,7.49,40.8,93.1,6.2,88.3,0.2
75,2,6.79,31.6,53.3,28,89.1,0.3
75,3,7.44,35.9,109,15.6,96.2,0.3
75,4,7.41,48.1,49,9.3,90.6,0.3
75,5,7.19,41.9,86.2,6.2,88.1,0.4
75,6,7.47,39.5,106.4,13.7,85.6,0.4
75,7,7.29,31,104.9,22.9,98.2,0.4
75,8,7.23,41.2,34.4,10.3,90.6,0.5
75,9,6.93,47.4,76,21.2,92,0.5
75,10,7.12,47,37,18.2,86.3,0.6
75,11,7.11,47,101.9,6.3,91.8,0.6
75,12,7.14,38.9,108.8,27.6,88.9,0.6
75,13,7.43,32.8,58.9,5.4,96.8,0.7
75,14,7.42,34.5,104.5,30,97.7,0.7
75,15,7.13,42.3,66.3,29.4,85.3,0.7
75,16,6.75,40.2,39.9,8.1,85,0.8
75,17,7.13,41.8,100.5,16.3,98.1,0.8
75,18,7.01,36.2,65.9,16,80.2,0.8
75,19,6.79,46.9,63.9,19.6,80.1,0.9
75,20,6.76,45.3,88.3,10,80,0.9
75,21,7.39,33.1,80.3,11.8,88.2,0.9
75,22,7.04,35.4,99.1,21.1,92.3,1
75,23,6.87,45.9,58.1,24,93.2,1
75,24,7.13,38.3,43.4,26.9,84.1,1.1
75,25,7.38,33.7,54.7,26.5,82.6,1.1
75,26,6.71,40.8,96.4,9.9,91.4,1.1
75,27,6.85,47.5,42,7.3,95.3,1.2
75,28,7.03,34.3,34.5,13.1,97.9,1.2
75,29,6.76,36.5,47.4,16.3,94.9,1.2
75,30,7.01,32.2,80.7,14.4,97.9,1.3
75,31,7.45,31.7,61.6,19.6,85.4,1.3
75,32,6.88,40.7,99.9,33.9,85.8,1.3
75,33,6.86,36.8,82.6,33.6,86.3,1.4
75,34,7.12,45.2,106.1,15.2,87.7,1.4
75,35,7.16,48,42.2,18.3,92.5,1.4
75,36,7.45,34.5,61.5,34.4,97.8,1.5
75,37,6.92,48.7,77.4,21.5,80.4,1.5
75,38,7.18,31.8,50.3,25.7,94.3,1.5
75,39,7.35,43.8,59.5,29.2,88.8,1.6
75,40,7.19,31.1,73.4,17.3,80.6,1.6
75,41,6.91,41.9,46.4,31.5,87.1,1.7
75,42,6.82,35.8,46.2,23.6,81.1,1.7
75,43,6.76,37.8,107.4,16.6,98.5,1.7
75,44,7.34,34.5,31.2,9.7,89.7,1.8
75,45,6.76,43.9,48.1,6.6,86.2,1.8
75,46,7.4,30,79.3,26.6,88.9,1.8
75,47,7.02,46.1,33.7,21.2,94.5,1.9
75,48,7.49,47.8,73.5,8,96.9,1.9
75,49,7.18,34.2,79,26.2,90.7,1.9
75,50,7.01,38.7,52,20.7,84.8,2
76,0,6.94,42.4,65.4,27.3,89.9,0.2
76,1,7.09,43.6,82.5,27.4,96.4,0.2
76,2,7.36,33.4,65.4,16.4,96.8,0.3
76,3,6.73,49.4,31.1,21.6,87.2,0.3
76,4,7.18,45.1,73,31.1,83.5,0.3
76,5,7.43,49,62.9,17.7,87.5,0.4
76,6,7.34,47.6,64.9,6.2,86.1,0.4
76,7,7.07,45.2,103.6,9.4,86.8,0.4
76,8,7.48,34.6,99.6,7,82.1,0.5
76,9,7.06,30.6,78.9,5.6,96.8,0.5
76,10,7.46,30.3,77.3,25.7,86.8,0.6
76,11,7.39,39.4,57.3,6.1,80.6,0.6
76,12,6.82,36.3,91.1,27.8,89.3,0.6
76,13,7.27,36.8,89,32.7,93.7,0.7
76,14,7.32,44.1,57.7,10.2,94.7,0.7
76,15,6.97,33.9,58.4,11.9,87.1,0.7
76,16,6.89,44.2,59.9,29.1,86.7,0.8
76,17,6.9,48,36,20.3,86.9,0.8
76,18,7.3,32,40,25.8,84.9,0.8
76,19,7.42,40.8,84,13.4,91,0.9
76,20,6.75,49.7,70.1,31.1,90.6,0.9
76,21,6.75,39.9,91.4,25.5,96.9,0.9
76,22,6.71,38.8,106.9,34.7,87,1
76,23,6.71,42.5,94.8,15,88.2,1
76,24,7.08,32.6,32.6,8.7,88.7,1.1
76,25,6.93,41.7,91.8,8.5,96,1.1
76,26,7.13,34.8,101.5,31.4,86.1,1.1
76,27,6.97,47.3,99,6.2,92.1,1.2
76,28,6.8,37.6,77.6,21,98,1.2
76,29,7.31,39.9,96.1,17.6,95.5,1.2
76,30,7.4,32.4,108.8,24.7,87.1,1.3
76,31,7.41,48.4,93.4,21.5,85.3,1.3
76,32,6.79,34.1,37.3,34,97.7,1.3
76,33,7.11,44.6,100.2,10.5,91.6,1.4
76,34,6.93,40,100.1,11.9,95.9,1.4
76,35,7.11,33.1,64.8,25.9,95.7,1.4
76,36,7.18,49.2,92.9,9.9,92.8,1.5
76,37,7.32,42.5,80.2,21.6,96.9,1.5
76,38,7.3,49.3,81.1,28.8,98.7,1.5
76,39,7.04,46.1,49.6,21.7,83,1.6
76,40,7.14,37.9,78.6,10.9,81,1.6
76,41,6.91,30.6,44.3,29.1,93.6,1.7
76,42,7.05,44.5,33.4,30.5,91.2,1.7
76,43,6.77,34,85.8,7.8,80.2,1.7
76,44,7.32,38,103.2,34.6,89.5,1.8
76,45,6.83,39.2,95.3,6.9,84.6,1.8
76,46,6.84,36,47.3,13.5,90,1.8
76,47,7.17,35.4,51.9,20.8,80.3,1.9
76,48,7,36.8,58,20.9,95.5,1.9
76,49,6.72,46.1,84.1,15.5,95.9,1.9
76,50,7.44,38.1,59.6,17.7,81,2
77,0,7.28,34.9,68.4,8.6,94.6,0.2
77,1,7.32,36.8,99.5,21.4,92.8,0.2
77,2,6.89,44.6,106.3,15.4,94.7,0.3
77,3,7.07,38.2,47,15.9,82.3,0.3
77,4,7.49,44.1,72,27.9,82.4,0.3
77,5,6.92,45.1,59.3,28.4,80.6,0.4
77,6,7.1,42.6,88.1,7.5,95.8,0.4
77,7,7.22,36.6,72.1,33.9,81.7,0.4
77,8,7.31,40.3,75,26.7,83.2,0.5
77,9,6.9,43.8,91.6,15.7,91.1,0.5
77,10,6.9,40.3,34.9,23.5,87.2,0.6
77,11,7.4,33,81.2,11.7,80.8,0.6
77,12,7.21,36.7,81.1,5.3,94.9,0.6
77,13,6.88,42.5,57,25.5,82.7,0.7
77,14,6.85,49,39.4,25,90,0.7
77,15,7.14,48.9,67.5,25.5,82.6,0.7
77,16,6.8,36.5,70.6,5.3,90.1,0.8
77,17,7.11,45.1,33.8,22.4,86.7,0.8
77,18,7.09,42.1,72.1,23.5,91.2,0.8
77,19,6.81,49.5,94.9,5.5,87,0.9
77,20,7.46,33.7,108,19.2,96.6,0.9
77,21,6.93,35.7,59.6,29.8,94.8,0.9
77,22,6.73,40.8,78.3,33.6,83.9,1
77,23,7.32,35.4,56.9,8.2,98.8,1
77,24,7.35,43.1,60.7,21.4,93.2,1.1
77,25,6.76,43.5,78.4,8.3,80.2,1.1
77,26,6.75,41.6,51.5,8.7,93.7,1.1
77,27,7.46,47.1,81,22,81.6,1.2
77,28,6.76,46.8,106.2,20.8,98.4,1.2
77,29,7.18,31.5,105.7,32.4,83,1.2
77,30,6.97,40.2,80.5,23.5,98.2,1.3
77,31,6.76,44.2,69.9,21.8,93.1,1.3
77,32,7.41,30.3,41.7,8.3,91.8,1.3
77,33,7.37,41.4,64.2,28.9,89.7,1.4
77,34,6.86,46.4,30.9,20.6,98.4,1.4
77,35,7.03,45.4,79,25.9,91.9,1.4
77,36,7.4,49.5,43.1,21,88.4,1.5
77,37,6.85,44.1,50.1,33.8,88.7,1.5
77,38,6.87,36.5,47.6,5.6,91.2,1.5
77,39,7.19,38.1,106.4,29,85.8,1.6
77,40,7.39,39.6,95.3,15.1,87.2,1.6
77,41,7.12,43.2,87.7,32.3,98,1.7
77,42,6.75,39.1,81.8,28.4,89.4,1.7
77,43,6.96,42.5,60.2,15.4,86.9,1.7
77,44,7.24,47.2,86.4,21.6,83.4,1.8
77,45,6.84,34.2,36.4,20.5,87.1,1.8
77,46,7.16,30.6,83.6,23.7,96.8,1.8
77,47,6.98,47.3,32.9,34.8,83.1,1.9
77,48,6.9,44.3,102.7,30.2,86.3,1.9
77,49,7.42,35,89.1,27.1,86.1,1.9
77,50,7.16,49.4,108.7,11.3,80.2,2
78,0,7.08,41.7,32.8,25.8,90,0.2
78,1,6.97,36.3,92.9,30,97.8,0.2
78,2,7.33,39.1,41,5.6,94.4,0.3
78,3,6.91,47.3,78.6,33.9,97.4,0.3
78,4,7.33,49.9,89.5,26.8,95.9,0.3
78,5,6.83,43.6,94.3,29.1,92.8,0.4
78,6,7.32,46.1,51.5,19.5,90.3,0.4
78,7,7,46.6,93.1,6.6,84.5,0.5
78,8,6.81,30.3,39.1,28.8,94.1,0.5
78,9,7.34,47.9,33.1,20.2,96.3,0.5
78,10,6.94,49.7,105.5,11,97.9,0.6
78,11,7.39,45.4,55.6,22.9,95.9,0.6
78,12,6.87,33.9,65.6,24.7,98.8,0.6
78,13,7.27,41.8,70.2,21.4,93,0.7
78,14,7.01,39.7,93,19.5,87.1,0.7
78,15,7.03,48.5,64.3,31.3,94.9,0.7
78,16,7.35,47.3,40,16.8,82.2,0.8
78,17,7.5,39.7,55.4,11.1,82.2,0.8
78,18,7.39,42.3,98.6,10.4,84.4,0.8
78,19,7.37,37.7,68.5,21.8,94.3,0.9
78,20,7.41,42.7,76.6,14.6,81.2,0.9
78,21,7.01,49.8,100,26.3,89.8,0.9
78,22,6.74,30.6,56.4,11.7,98.2,1
78,23,7.01,34.4,75.3,14.6,87.3,1
78,24,7.27,46.9,66.4,22.6,85.7,1.1
78,25,7.34,47.9,76.2,29,81.9,1.1
78,26,7.32,41,30.4,12.7,95.2,1.1
78,27,6.81,41,36.5,20.3,91.4,1.2
78,28,6.97,33.6,81.3,34.6,93.9,1.2
78,29,7.4,33.6,30.3,32.8,85,1.2
78,30,7.14,33.1,93.9,31,84.1,1.3
78,31,6.86,37.4,98,35,83.5,1.3
78,32,7.35,30.3,45.7,17.1,88.7,1.3
78,33,7.36,36.5,102.5,18.9,80.8,1.4
78,34,6.82,35.7,102.5,7.9,84.7,1.4
78,35,6.9,35.6,97.9,22.8,93.2,1.4
78,36,7.49,43.1,38,29.8,98.1,1.5
78,37,7.27,41.6,36.1,30.5,83.7,1.5
78,38,6.93,37,68.6,12.2,82.6,1.5
78,39,6.75,31.9,57.7,12.6,82.4,1.6
78,40,7.37,32.2,97.6,24.2,81.5,1.6
78,41,7.04,33.4,74.2,25.3,91,1.7
78,42,6.82,44.5,102.8,21.7,98.6,1.7
78,43,7.49,35.2,57.6,29.5,81.7,1.7
78,44,7.05,47.6,48.4,17.5,85.6,1.8
78,45,7.22,38.8,39.9,8.8,84.4,1.8
78,46,7.03,38,50.5,12.5,80.1,1.8
78,47,7.17,43.1,93.1,12.9,91.9,1.9
78,48,7.07,40.1,80.7,29,87.7,1.9
78,49,6.76,38.2,109.4,25.3,84.6,1.9
78,50,6.82,45.3,68.9,21.5,83.4,2
79,0,7.28,45.4,30.6,14.3,90.7,0.2
79,1,7.19,37,92.9,17.6,95.7,0.2
79,2,6.95,38,52.7,7,89.6,0.3
79,3,7.18,34.2,60.5,7.8,85.7,0.3
79,4,7.38,43,95.5,26.8,85.4,0.3
79,5,7,49.9,86.3,18.3,86,0.4
79,6,7.45,43.9,99,15.9,95,0.4
79,7,7.13,31,76,11.5,90.5,0.5
79,8,7.05,46.2,100.6,12.2,90.3,0.5
79,9,7.23,40.1,77.6,11.5,94.1,0.5
79,10,6.95,33.6,86.5,10.1,89.9,0.6
79,11,7.11,36,88.2,11.1,90.4,0.6
79,12,7.18,37.4,109.4,19.2,86.4,0.6
79,13,7.11,35.2,66.6,23.1,93.9,0.7
79,14,6.81,49.7,73.8,34.4,89.6,0.7
79,15,7.5,34.9,102.4,11.2,85.3,0.7
79,16,7.07,33.8,31,9.3,93.8,0.8
79,17,7.08,45.4,49.9,23,96.7,0.8
79,18,7.19,30.3,56.9,12.5,89.6,0.8
79,19,7.14,46.5,92.7,9.6,81.4,0.9
79,20,7.37,41.1,61.5,27.9,80.2,0.9
79,21,7.18,47.7,73.4,11.1,82.2,1
79,22,7.38,35.6,52.5,34.6,88.9,1
79,23,6.92,36.7,54.5,14.5,97.2,1
79,24,7.28,39.2,44.1,21.2,82.9,1.1
79,25,7.13,35.2,56.5,27.4,92.4,1.1
79,26,7.41,30.9,54.5,34.4,83,1.1
79,27,7.39,48.1,34.9,15.2,81.1,1.2
79,28,6.8,45.8,39.2,13.2,96.5,1.2
79,29,7.44,36.6,84.5,12.1,90.5,1.2
79,30,7.16,44.3,47.6,32.7,90.4,1.3
79,31,6.83,34.8,35.6,34.6,90,1.3
79,32,7.36,33.9,62.3,18.8,93,1.3
79,33,7.33,35.4,76.5,34.9,82.7,1.4
79,34,7.27,31,93.2,18.8,85.7,1.4
79,35,7.04,46.7,74,29,97.9,1.4
79,36,7.25,38.1,76.9,13.2,86.8,1.5
79,37,6.74,47.5,32.1,29.5,90.2,1.5
79,38,7.07,47.2,48.5,17.1,84.5,1.5
79,39,7.36,38.1,54.6,13.9,96.6,1.6
79,40,7.16,47.7,38.3,24.8,80.4,1.6
79,41,7.17,46.9,46,11.4,84.8,1.7
79,42,6.99,32.5,66.3,9.9,96.8,1.7
79,43,7.16,37.3,49.4,5.9,90.5,1.7
79,44,7.35,43,49.6,31.7,82.5,1.8
79,45,7.13,30.8,52.2,32.6,93.6,1.8
79,46,7.19,38.6,90.7,24.2,89.7,1.8
79,47,6.72,45.2,34.9,14.3,83.5,1.9
79,48,7.06,47.8,36.6,17.7,96.1,1.9
79,49,6.96,48,62.1,17.6,84.9,1.9
79,50,7.06,47.6,101.8,5.9,85.2,2
80,0,7.41,47.2,55.8,32.8,88.7,0.2
80,1,7.21,39.2,67.7,33.9,90.3,0.2
80,2,7.22,36.4,33.6,23.1,96.3,0.3
80,3,7.13,30,108.3,6.9,90.9,0.3
80,4,7.5,46.5,86.3,22.9,89.5,0.3
80,5,7.06,45.3,97.9,18.3,85,0.4
80,6,7,46.9,76,13.6,93.5,0.4
80,7,6.98,46.5,73.4,20.9,92.4,0.5
80,8,6.9,31,43.3,29.5,95.4,0.5
80,9,7.16,49.1,109.4,5.8,85.9,0.5
80,10,7.27,35.7,99.7,9.9,84.1,0.6
80,11,6.99,32.2,98,10.1,95.7,0.6
80,12,6.93,36.1,45.3,30.9,80.3,0.6
80,13,6.75,44.3,59.4,23.6,96.4,0.7
80,14,7.39,36.7,51.1,25.8,96.6,0.7
80,15,7.36,47.2,67.1,6.1,84.8,0.7
80,16,7.19,38.6,90.2,28.2,96.4,0.8
80,17,7.03,34.8,106.8,13.9,97.8,0.8
80,18,6.74,33.6,83.5,26.5,86.5,0.8
80,19,7.42,40.5,60.4,9.3,93.5,0.9
80,20,7,46.9,82.6,18.4,87.8,0.9
80,21,7.15,37.9,99.1,28,98.5,1
80,22,6.81,30.5,61.3,9.7,90,1
80,23,6.93,48,75.3,17.7,80.6,1
80,24,7.38,34.3,108.2,24.4,96,1.1
80,25,7,33,107.1,34.5,90.1,1.1
80,26,6.98,48.8,63.9,6.3,82.1,1.1
80,27,7.18,43.1,99,25.8,98.3,1.2
80,28,7.41,34.6,79.2,31.4,97.5,1.2
80,29,7.06,33.2,91.4,33.5,85.5,1.2
80,30,6.95,42.9,80.8,32.3,89.4,1.3
80,31,7.34,44,109.2,29.3,90.5,1.3
80,32,7.49,36.2,42.7,6.7,85,1.3
80,33,6.83,42.2,79.2,32,82.9,1.4
80,34,7.13,46.2,67.1,22.7,93.8,1.4
80,35,7.13,31.7,73,26.1,95.7,1.4
80,36,6.81,43.6,62.2,7.9,92.8,1.5
80,37,6.98,39,91.7,26.4,83,1.5
80,38,7.18,47.9,96.9,28.9,88.7,1.5
80,39,6.92,49.3,78.4,29,92,1.6
80,40,6.74,32.8,71.2,7,83.1,1.6
80,41,6.93,39.6,76,18.6,95.1,1.7
80,42,6.76,41,65.7,6,93.1,1.7
80,43,7.27,43.1,89.1,16.3,94.6,1.7
80,44,6.97,33.8,82.2,29.4,82.7,1.8
80,45,6.8,45.2,91.7,15.9,92.4,1.8
80,46,7.49,49.8,54.2,14.5,84.4,1.8
80,47,6.87,48.1,39.9,20.5,91.7,1.9
80,48,7.09,43.3,68.1,6.1,86.2,1.9
80,49,6.8,45.5,67.9,21.8,95.2,1.9
80,50,7.49,38,85.7,22.6,89,2
81,0,7.3,42.2,94.1,30.2,98.6,0.2
81,1,7.24,31,102.8,7.2,97.6,0.2
81,2,6.76,44.7,79.3,32.1,81.7,0.3
81,3,6.87,34.1,51.6,27.2,91,0.3
81,4,7.29,37.3,62.4,19.9,88.6,0.3
81,5,6.92,38,66.2,12.2,94.7,0.4
81,6,6.71,49.3,105.9,12,96.9,0.4
81,7,7.32,45.5,56.8,29.9,81.3,0.5
81,8,6.96,31.4,42.3,5.1,86.3,0.5
81,9,7.18,36,64.1,31.5,97.3,0.5
81,10,6.96,35.5,92.9,14.9,97.4,0.6
81,11,6.97,38.8,54,22.9,98.2,0.6
81,12,6.91,41.1,108,9,86.9,0.6
81,13,7.23,40.8,108.1,18.6,92.2,0.7
81,14,7.38,46.7,93.8,34.9,86.1,0.7
81,15,7.45,39.7,72,16.6,85.1,0.7
81,16,7.32,48.3,80.4,32.5,81.4,0.8
81,17,6.99,32.4,69.5,26.9,84.4,0.8
81,18,6.72,37.9,36.3,15.7,87.9,0.8
81,19,7.11,41.5,56.2,35,91.5,0.9
81,20,6.93,47.2,50.8,10.6,89.2,0.9
81,21,6.96,42.4,77.6,13.4,88.8,1
81,22,7.21,41.3,40.2,15.8,84.2,1
81,23,7.33,37.1,45.9,7.5,85.4,1
81,24,7,41.7,74.1,30.4,97.3,1.1
81,25,7.42,44.7,102.5,30.7,97.4,1.1
81,26,7.31,47.4,48.7,32.4,95,1.1
81,27,6.89,33.4,109.7,7.7,93.8,1.2
81,28,7.28,43,61.4,31.7,98.2,1.2
81,29,7.01,44.5,56,16.6,80.7,1.2
81,30,7.09,33.4,50.4,21.6,81.2,1.3
81,31,7.31,36.1,34.7,32.9,98.9,1.3
81,32,6.77,34.8,58.3,23.2,94.2,1.3
81,33,7.1,48,40.6,15.9,95.6,1.4
81,34,7.39,40.8,69.7,31,98.8,1.4
81,35,6.8,43,73.6,25,89.5,1.4
81,36,6.98,37.7,100.5,27.6,81.8,1.5
81,37,6.98,47.7,64,31.3,95.2,1.5
81,38,6.88,43.6,45.2,10.5,92.6,1.5
81,39,7.37,39.5,63.1,28,97.4,1.6
81,40,7.32,48,73.5,34.3,83.2,1.6
81,41,7.1,45.7,86.2,20.1,98.1,1.7
81,42,6.92,43.3,34.1,34.5,98.5,1.7
81,43,6.85,50,72.3,16.1,94.4,1.7
81,44,6.74,30.3,63.1,31,85,1.8
81,45,7.28,44.6,41.3,28.8,94.4,1.8
81,46,7.34,45.7,52.2,21,94.3,1.8
81,47,6.89,49.2,54.1,30.9,92,1.9
81,48,7.34,37.1,56.2,15.7,94.2,1.9
81,49,6.99,48.8,37.4,12.4,97.3,1.9
81,50,7.16,34,77.3,12.9,88.2,2
82,0,7.05,41.9,64.7,26.7,97.5,0.2
82,1,7.24,43.9,95.2,6.8,95,0.2
82,2,7.44,43.4,52.8,6.1,92.2,0.3
82,3,7.47,43.7,107.4,16.2,84.8,0.3
82,4,7.06,48.7,94.3,24.2,97.4,0.3
82,5,7.08,43.3,92,17.9,88.2,0.4
82,6,6.74,39.8,83.1,30.9,81.6,0.4
82,7,7.19,45.3,65.7,6.1,85.3,0.5
82,8,7.5,30.5,103.4,20.2,96.1,0.5
82,9,6.95,44,57.6,13.8,94.8,0.5
82,10,6.8,42,64.9,16.6,96.3,0.6
82,11,6.98,34.2,78.3,33.2,80.8,0.6
82,12,7.46,48.3,46.5,16,90.7,0.6
82,13,7.05,47.7,31.8,25.7,93.8,0.7
82,14,6.81,30.1,39.1,27,94.7,0.7
82,15,6.86,37.1,58.3,26.7,90,0.7
82,16,7.48,38.5,57.3,6.7,85.4,0.8
82,17,7.12,40,75.8,34.4,89.9,0.8
82,18,6.98,45.3,68.5,21.1,84,0.8
82,19,7.33,38.6,76,27.2,88.1,0.9
82,20,7.28,44.5,63.5,22.3,96.6,0.9
82,21,7.4,39.3,73.4,11.1,85.4,1
82,22,6.76,32.3,97,23.9,84.6,1
82,23,7.02,32.5,61.9,28.3,97.7,1
82,24,7.42,40.3,38.4,28.4,90.3,1.1
82,25,6.78,39.9,39.7,14.8,83.4,1.1
82,26,7.06,45.2,102,26.2,81.3,1.1
82,27,7.04,49.6,69.1,15.7,90.3,1.2
82,28,7.44,46.2,64.5,20.4,93.6,1.2
82,29,7.35,35,100.4,5.8,91.8,1.2
82,30,7.08,48.6,34.9,33.5,89,1.3
82,31,7.5,42.3,48.2,7.3,90.8,1.3
82,32,7.47,36.5,37.7,22.7,84.6,1.3
82,33,6.81,43.2,36.6,27,98.2,1.4
82,34,6.85,49,65,18.5,98.1,1.4
82,35,7.04,37.1,67,22.1,84.6,1.4
82,36,6.92,38.8,40.4,5.4,86.6,1.5
82,37,6.79,43,47.9,13.7,86.9,1.5
82,38,7.12,34.6,37.9,24.6,87.7,1.5
82,39,6.88,30.6,79.3,28.5,90.4,1.6
82,40,6.76,30.9,84.4,9.4,92.5,1.6
82,41,6.79,31.4,90.3,18.9,97.5,1.7
82,42,7.4,49,108.2,30.6,84.9,1.7
82,43,7.47,33.7,95.3,17.6,92.2,1.7
82,44,6.98,34.1,35.3,9.9,83.7,1.8
82,45,7.06,35.2,56.1,25.6,99,1.8
82,46,6.92,39.1,87.1,28.2,88.3,1.8
82,47,7.1,36.3,70.6,29.6,86,1.9
82,48,6.94,33.2,107.6,16.4,95.5,1.9
82,49,6.74,46.1,99.1,32.5,94.2,1.9
82,50,6.81,48,43.8,30.1,90.5,2
83,0,7.38,33.7,30.2,11,82.8,0.2
83,1,6.86,40.6,104.8,22.5,80.6,0.2
83,2,7.04,30.9,41.8,27.5,82.3,0.3
83,3,6.95,36.1,39.5,28.4,98.7,0.3
83,4,7.47,44.9,87.6,18.3,81.2,0.4
83,5,6.72,32.3,69.1,34.1,88,0.4
83,6,6.91,33,72.9,29,82.7,0.4
83,7,7.06,42.1,45.6,23.6,83.9,0.5
83,8,7.08,48.2,30.2,14.6,83.2,0.5
83,9,6.81,47.5,72.8,13.5,82.6,0.5
83,10,7.42,36.2,49.4,34.8,97.3,0.6
83,11,7.17,46.3,88.9,8.5,94.8,0.6
83,12,7.07,38.5,44.8,5.5,94.2,0.6
83,13,7.29,33.4,39.2,33,92.1,0.7
83,14,7.13,37.5,91.8,7.5,86.9,0.7
83,15,7.17,34.4,42.2,34,98.5,0.7
83,16,7.31,43.6,62.1,8.8,88.5,0.8
83,17,7.49,35,94.6,10.2,88.1,0.8
83,18,7.38,39.8,30.8,6.4,84.9,0.8
83,19,7.17,36,105.2,24.2,90.2,0.9
83,20,6.93,46.5,65.3,14.3,84.4,0.9
83,21,7.24,45.2,59.7,26.4,85.6,1
83,22,7.19,46.3,101.5,22.1,97.6,1
83,23,6.98,37.1,85.9,12.3,82.6,1
83,24,7.41,32.9,109.1,34.5,82.3,1.1
83,25,6.87,30.4,43.5,19.9,81.8,1.1
83,26,7.32,43.9,103.6,16.7,94.1,1.1
83,27,6.74,41.8,89.4,21.8,83.5,1.2
83,28,7.01,40.1,66.4,34.5,96.7,1.2
83,29,6.77,39.7,85.9,25.9,93,1.2
83,30,6.79,38,89.9,18.2,83.6,1.3
83,31,6.85,49.4,74.4,14.8,80.2,1.3
83,32,7.05,35.5,71.2,19.5,95.2,1.3
83,33,7.27,37.2,56.4,34.4,84,1.4
83,34,6.89,31.6,59.1,29.2,85.1,1.4
83,35,7.03,33.1,42.7,31.4,92.3,1.4
83,36,6.74,31.8,89,34.8,82.5,1.5
83,37,7.45,39.4,78.7,5.6,80.3,1.5
83,38,6.8,45.2,84.6,14.9,83.3,1.5
83,39,6.78,37.9,77,22.7,81.6,1.6
83,40,7.3,44.2,42.5,32.2,82.7,1.6
83,41,7.01,38.8,58.7,14.8,91.9,1.7
83,42,7.45,38.7,103.8,18.5,81.7,1.7
83,43,7.22,40.5,94.7,11.3,92.8,1.7
83,44,7.38,44.7,84.6,15.2,87.8,1.8
83,45,7.38,31.3,86.6,9.3,97.9,1.8
83,46,7.13,41.8,85.6,17.5,88.7,1.8
83,47,7.4,32.6,107.1,23.4,85.7,1.9
83,48,7.41,39.5,68.5,21.7,89.5,1.9
83,49,6.81,46.9,67.3,11.7,89,1.9
83,50,7.16,47.8,54.1,15.6,83.7,2
84,0,7.49,39.8,51.5,33.8,96.6,0.2
84,1,6.89,42.8,76.1,20.2,96.4,0.2
84,2,7.34,41.5,54.7,9,91.2,0.3
84,3,7.34,43.3,45,23.8,83.3,0.3
84,4,7.24,33.8,106.6,30.5,86.8,0.4
84,5,7.23,32.2,43,19.2,83.7,0.4
84,6,7.43,31.3,106.1,19.4,82.6,0.4
84,7,6.93,48.4,60.1,20.6,96,0.5
84,8,6.95,32.7,85.6,18.3,81.9,0.5
84,9,7.33,36.5,92,25,85.8,0.5
84,10,7.27,49.3,106.2,17.8,98.7,0.6
84,11,6.74,44.9,104.3,33,97.5,0.6
84,12,6.93,41.7,52.5,20.6,87.4,0.6
84,13,6.77,36.4,79.6,21.9,93.8,0.7
84,14,7.34,39.4,32.4,21.2,84.8,0.7
84,15,6.84,30.7,66.5,15.8,88.9,0.7
84,16,6.93,34.7,45.2,16.4,95.2,0.8
84,17,6.84,44.3,55.2,28.8,85.2,0.8
84,18,7.03,41.6,51.7,32.9,94,0.8
84,19,6.8,37.9,81.9,26.3,90.3,0.9
84,20,6.89,49.3,53.6,24.5,91.2,0.9
84,21,6.75,30.5,40.6,22.9,80,1
84,22,6.71,32.1,89.2,7.2,88.1,1
84,23,7.43,49.3,33.8,17.1,94.9,1
84,24,6.83,41.7,92.1,13,80.3,1.1
84,25,7.22,38.8,104,15.5,82.6,1.1
84,26,7.34,32.8,65.7,31.4,84.9,1.1
84,27,7.14,39,105.8,14.3,98.5,1.2
84,28,6.87,49.9,83,24,94.3,1.2
84,29,7.44,42.5,36.7,24.6,97.1,1.2
84,30,6.73,38.5,63.2,23.2,86.7,1.3
84,31,6.7,44.3,37,5.2,92.8,1.3
84,32,7.31,49.7,90.6,17,93.2,1.3
84,33,7.15,31.2,89.8,25.7,85.5,1.4
84,34,6.97,33.4,63.9,25.3,94.3,1.4
84,35,7.08,36.9,53.8,10.2,84.2,1.4
84,36,7.01,49.5,77.2,14.4,86.6,1.5
84,37,7.34,30.1,65.1,30.2,94.2,1.5
84,38,6.74,46.3,55,10.2,81.2,1.5
84,39,7.16,48.1,82.5,9.4,95.9,1.6
84,40,7.31,36.3,37.2,19.1,96.7,1.6
84,41,7.1,36.8,105.6,27.9,93.8,1.7
84,42,7.19,46.3,82.5,28.6,86.5,1.7
84,43,7.34,40.6,109.8,9.1,90.7,1.7
84,44,7.06,31.8,101.5,22.4,84.7,1.8
84,45,7.08,41.9,44.1,21.7,81.5,1.8
84,46,7.31,40.8,104.9,8.1,91.3,1.8
84,47,6.7,42.3,51.3,6.4,91,1.9
84,48,6.98,35.8,63.7,31.3,90.7,1.9
84,49,6.92,45.3,50.7,11.1,81.1,1.9
84,50,6.73,46.6,55.4,21.2,82.6,2
85,0,7.42,36.2,89.1,26.2,88,0.2
85,1,7.1,47.3,35.1,29.6,89,0.2
85,2,7.41,49.9,104.8,17.6,89.4,0.3
85,3,7.41,48.9,47.7,25.1,82.5,0.3
85,4,7.38,42.1,104.7,31,98.1,0.4
85,5,6.86,42.7,85.7,15.7,86.9,0.4
85,6,7.23,39.2,33.1,26.4,85.8,0.4
85,7,6.86,38.7,93.3,23.7,84.4,0.5
85,8,7.35,33.1,80.8,12.2,94,0.5
85,9,7.17,38.2,89.5,17,89,0.5
85,10,6.87,30,97.6,23.3,91.2,0.6
85,11,7.5,48.1,73.6,7.5,90.6,0.6
85,12,7.28,33.5,74.9,21.8,90,0.6
85,13,6.79,34.8,31.5,28.7,80,0.7
85,14,7.13,39.7,80.1,21.8,85.9,0.7
85,15,6.97,46.5,90,22.2,91.5,0.7
85,16,7.02,42.5,106.2,5.2,88.1,0.8
85,17,6.79,49.3,101.3,23.8,90.3,0.8
85,18,7.07,43.6,54,18.3,86.2,0.8
85,19,7.35,41.4,70.6,8.1,84.7,0.9
85,20,6.77,33.5,47.3,22.9,90.9,0.9
85,21,7.48,41.2,72.6,33.5,87.6,1
85,22,7.11,30.1,48.3,34.4,90.4,1
85,23,6.88,49.8,102.5,28.6,95.3,1
85,24,6.9,43.6,35.6,10.6,85.2,1.1
85,25,7.31,39,37.3,12.1,92.9,1.1
85,26,7.12,39.6,46.4,5.8,95.1,1.1
85,27,6.79,36.1,81.3,27.3,96.3,1.2
85,28,6.86,44.8,44.2,29.8,81.3,1.2
85,29,6.71,35,84,10.3,96.1,1.2
85,30,7.34,37.8,103.2,27.5,82.1,1.3
85,31,6.91,43.4,33.5,23.8,84.5,1.3
85,32,7.32,39.7,81.5,5.3,93.7,1.3
85,33,6.71,37.3,109.8,14.1,97.1,1.4
85,34,6.9,43.7,34.8,11.7,87,1.4
85,35,6.7,47.4,53.5,11.2,94.1,1.4
85,36,7,40.9,107.7,9.5,97,1.5
85,37,6.84,39.3,92.8,15.2,88.6,1.5
85,38,7.06,32.9,50.3,8.3,94.9,1.5
85,39,6.72,31.6,109.7,21.3,85.8,1.6
85,40,7.39,37.3,57.3,25.3,96.2,1.6
85,41,7.29,37.4,62.1,27.1,82.6,1.7
85,42,6.78,39.4,98.3,13.7,94.5,1.7
85,43,7.04,40.6,59.7,13.8,86.4,1.7
85,44,6.98,43.8,86.9,24,98.9,1.8
85,45,7.09,38.8,46.3,30.8,90.9,1.8
85,46,7.21,33.4,79.1,29,96.2,1.8
85,47,7.34,41.6,74.8,19.3,81.2,1.9
85,48,7.11,32.1,98.2,23.9,92.6,1.9
85,49,7.33,43,109.8,19.5,92.1,1.9
85,50,6.9,40.5,92.9,26.2,85.7,2
86,0,7.42,32.8,48.5,28.4,97.1,0.2
86,1,6.89,47.2,79.8,8,92.4,0.2
86,2,7.25,48.3,69.6,27.2,83,0.3
86,3,7.4,35.1,71.5,21.8,84.8,0.3
86,4,7.11,35.7,81.8,19.5,82.9,0.4
86,5,7.1,45.4,42.9,32.3,85.6,0.4
86,6,6.81,44,67.2,10.7,87.5,0.4
86,7,7.33,36,94,23.2,95.8,0.5
86,8,6.81,41.2,75.7,22.3,93.8,0.5
86,9,7.23,41.8,32.7,10.9,96.3,0.5
86,10,7.42,36,99.5,13.5,98.8,0.6
86,11,7.49,39.8,44.8,17.6,94.5,0.6
86,12,6.84,45,47.7,32.9,86.7,0.6
86,13,7.37,34.9,32.9,15.3,96.9,0.7
86,14,7.2,33,57.8,13.1,84.3,0.7
86,15,6.85,34.4,87.2,26.7,94.8,0.7
86,16,6.89,32.2,30.8,14.2,87.8,0.8
86,17,6.8,46.3,95.4,23.8,82.8,0.8
86,18,7.19,46.5,92.8,23.1,92.4,0.8
86,19,7.1,44.9,73.8,14.1,98,0.9
86,20,6.84,33,100,19.7,93.6,0.9
86,21,7.3,37.6,90.3,21.3,84.8,1
86,22,6.78,49.8,31.7,34.8,98.2,1
86,23,6.91,45.5,57.4,33.5,81.3,1
86,24,6.84,30.5,54.9,21.7,86.4,1.1
86,25,7.24,36.7,97.7,8.7,94.5,1.1
86,26,7.16,31.9,88.3,34.6,82.5,1.1
86,27,7,39.2,80.5,29.1,96.7,1.2
86,28,7.46,40.9,33.3,13.7,89.5,1.2
86,29,7.37,43.7,55.1,22.5,88.5,1.2
86,30,7.42,32,60.4,8.1,82,1.3
86,31,6.84,35.4,100,23.7,90.2,1.3
86,32,7.34,35.1,56.4,5.2,86.5,1.3
86,33,7.32,49.8,84.9,7.4,82.4,1.4
86,34,7.33,42.4,53.2,6.1,87.9,1.4
86,35,7.25,49.8,73.2,27.6,80.6,1.4
86,36,6.84,33.4,67,28.9,84.6,1.5
86,37,7.39,32.5,59.3,24.4,89.1,1.5
86,38,7.43,49,71.7,13,82.1,1.5
86,39,7.39,47.9,89.9,19.5,89,1.6
86,40,7.14,36.5,57.1,17.9,97.8,1.6
86,41,6.85,37.8,35.4,22.1,98.8,1.7
86,42,7.16,41.9,65.5,19.5,95,1.7
86,43,6.89,49.4,65,32.7,95.2,1.7
86,44,7.32,34.2,94.4,28.8,93.7,1.8
86,45,7.01,38.3,97.9,25.7,82.3,1.8
86,46,6.95,41.7,61.9,20,97.3,1.8
86,47,7.25,43.5,45.2,8.2,82.6,1.9
86,48,6.9,34.8,35.9,33.3,92.8,1.9
86,49,7.43,34.2,41.7,27.7,98,1.9
86,50,6.78,30.9,83.1,31.9,92.3,2
87,0,7.32,33.4,56,31,89.9,0.2
87,1,7,32,103,12.4,95.3,0.2
87,2,6.83,33.8,48.4,23.9,93.4,0.3
87,3,7.47,34.3,86.1,20.3,94.2,0.3
87,4,6.76,36.3,41.6,7.6,81.8,0.4
87,5,6.94,39.5,110,21.5,95.4,0.4
87,6,7.01,40,63.3,20.2,93.6,0.4
87,7,6.72,49.2,100.6,11.9,91.9,0.5
87,8,7.32,32.2,48,19.9,91.5,0.5
87,9,7.37,46.6,69.5,17.3,95.1,0.5
87,10,6.98,38.5,96.3,21.1,94.7,0.6
87,11,7.43,36.9,92.8,19.5,99,0.6
87,12,7.32,38.1,59.3,32.7,81.8,0.6
87,13,6.91,30.9,68.6,30,91.9,0.7
87,14,6.98,33.3,34.2,29.4,87.8,0.7
87,15,6.81,41.3,108.6,19.6,80.6,0.7
87,16,6.74,45.6,81.8,26.6,96.7,0.8
87,17,6.72,37.8,58.3,30.5,81.4,0.8
87,18,7.45,32.3,95.9,32,86,0.8
87,19,6.88,46.6,58.2,23.2,91.4,0.9
87,20,7.26,40.3,95.2,17.9,86.2,0.9
87,21,7,45.3,84.5,6.1,98.4,1
87,22,7.26,40.2,93.4,21.6,87.5,1
87,23,6.79,30.7,87.9,32.5,87,1
87,24,6.92,46.6,70.4,30,92.7,1.1
87,25,7.35,35.1,107.8,30.3,95.5,1.1
87,26,7.19,30.9,34.8,32.2,85.2,1.1
87,27,6.78,43.7,98.4,26.2,83,1.2
87,28,7.36,32.7,86.6,31,81.2,1.2
87,29,7.32,40.5,94.7,25.4,98,1.2
87,30,7.37,48.7,96,6.5,81.6,1.3
87,31,7.41,38.5,75.9,15.7,83,1.3
87,32,6.72,33,51.8,17.1,86.4,1.3
87,33,7.1,43.2,46.3,23.7,91.1,1.4
87,34,6.96,35.5,80.8,7.8,86.8,1.4
87,35,7.14,30.3,103.2,17.2,88.9,1.4
87,36,6.82,45.4,44,11.5,86.3,1.5
87,37,6.77,33.2,104.1,7.7,83.8,1.5
87,38,7.08,49.6,31.8,21,90.8,1.5
87,39,7.25,31.6,96.5,31,83.6,1.6
87,40,7.44,38.4,108.6,21.2,84.2,1.6
87,41,6.99,37,99.5,34.5,80.9,1.7
87,42,7.06,41.7,77.8,34.7,92.5,1.7
87,43,7.28,36.2,92.6,9.2,93.8,1.7
87,44,7.46,47.5,100.9,23.9,88.1,1.8
87,45,6.85,31.6,68.4,9.4,89,1.8
87,46,7.18,40.4,95.1,30.5,82.1,1.8
87,47,6.93,44.8,107.9,30.3,96.9,1.9
87,48,7.42,41.3,40.4,23,89.8,1.9
87,49,7.32,46.6,107.3,20.6,83,1.9
87,50,6.78,38.8,53.5,23.9,95.3,2
88,0,6.9,39.5,77.1,32.3,97.9,0.2
88,1,6.72,49,40.2,7.8,81.8,0.2
88,2,6.9,46.3,81.4,32.9,81.4,0.3
88,3,7.23,46,76.4,20.5,91.8,0.3
88,4,7.05,30.6,100.6,21,93.4,0.4
88,5,7.27,34.9,85.2,17.7,97.7,0.4
88,6,6.82,36.6,98.4,29.8,94.3,0.4
88,7,7.21,38.4,66.4,10.6,94.9,0.5
88,8,6.9,39.3,69.8,12.9,98.4,0.5
88,9,7.06,40.6,90.2,21.8,89.7,0.5
88,10,6.83,35.6,89.5,25.9,87.6,0.6
88,11,6.88,47.8,43.7,14.2,89.6,0.6
88,12,6.79,46.4,39.1,18.2,91.4,0.6
88,13,6.99,43.4,105.1,33.9,88.7,0.7
88,14,7.04,38,94.6,19.4,86.4,0.7
88,15,6.85,33.1,49.4,9.7,84.4,0.7
88,16,7.22,35.3,99.4,21.3,89.1,0.8
88,17,7.11,44.3,105.2,16.9,96.9,0.8
88,18,7.23,39.8,68,19.2,96.6,0.8
88,19,6.88,36.2,87.1,33.7,82.8,0.9
88,20,7.05,38.5,42.5,24.1,91.3,0.9
88,21,6.85,40.1,75.1,7.9,96.9,1
88,22,6.73,42.1,104.9,28.9,95.1,1
88,23,7.36,49.8,96,12.1,91.3,1
88,24,7.2,49.1,57.8,7.2,86.8,1.1
88,25,6.77,34,69.8,31.3,97.8,1.1
88,26,6.87,42.1,61.9,10.6,93.7,1.1
88,27,7.45,48.9,53,8.2,95.6,1.2
88,28,7.22,49.9,32.1,32.9,94.5,1.2
88,29,6.92,37.2,90.1,34.5,93.9,1.2
88,30,7.3,34.5,59,33.6,93.7,1.3
88,31,6.98,49.3,71.8,9.7,95.2,1.3
88,32,6.7,47.2,66.3,30.2,90.8,1.3
88,33,7.02,49,48.4,22.4,97,1.4
88,34,6.91,32.6,61.5,24.6,95.6,1.4
88,35,7.31,38.5,105,17.8,80.4,1.4
88,36,7.35,35.8,41.1,8.5,91.1,1.5
88,37,7.18,48.5,80.5,10.8,94,1.5
88,38,6.93,50,39.4,22.9,84.1,1.5
88,39,7.22,45,89.8,12.3,98.7,1.6
88,40,7.39,46.4,82.1,5.7,86.3,1.6
88,41,7.07,45.5,99.7,6.5,84.1,1.7
88,42,6.86,39.7,109.1,7.1,91.4,1.7
88,43,6.85,40.9,42,6.8,88.7,1.7
88,44,7.05,49.3,46,9.6,86.3,1.8
88,45,6.85,30.5,70.1,8.8,86.3,1.8
88,46,7.13,43.2,30.4,25.2,95.1,1.8
88,47,7.06,33.2,64,11.8,94.1,1.9
88,48,6.71,42.4,47,22.6,98.3,1.9
88,49,7.03,42.3,81.7,24.1,80.2,1.9
88,50,7.14,33.3,36.8,7.7,87.3,2
89,0,7.33,49.8,80.5,23.5,82.3,0.2
89,1,6.74,45.7,93.1,7.7,98.9,0.2
89,2,7.15,35.5,48.8,33.2,89,0.3
89,3,6.86,40.1,34.9,27.2,85.4,0.3
89,4,6.82,44.9,104.4,6.4,81.7,0.4
89,5,7.38,33.4,34.2,27.9,80.2,0.4
89,6,7.07,30.9,57.1,19.6,81.5,0.4
89,7,7.4,44.9,78.3,18.3,89.7,0.5
89,8,6.93,46.7,44.7,16,90.2,0.5
89,9,7.18,44.8,93.1,29.2,96.3,0.5
89,10,7.4,37.1,30.3,20.2,88.9,0.6
89,11,6.71,31.9,67.1,21.1,81.2,0.6
89,12,7.27,33.4,35.1,30.8,83.9,0.6
89,13,7.47,35.2,56.8,9.3,93.4,0.7
89,14,7.25,48.8,68.7,14.5,82.1,0.7
89,15,7.25,47.4,72.4,6.5,90.4,0.7
89,16,7.18,36.3,89.6,34.2,91,0.8
89,17,7.23,40.2,40.1,30.7,90.6,0.8
89,18,6.84,32.7,46.5,30.5,82.7,0.8
89,19,7.14,42.6,61.5,11.3,92,0.9
89,20,7.38,42.3,59.9,30.1,82.3,0.9
89,21,7.11,48.2,33.4,23.5,95.5,1
89,22,6.83,45.4,49.9,18.7,88.6,1
89,23,7.47,31.7,53.1,18.5,90.8,1
89,24,7.47,33.2,108.8,32.8,81.3,1.1
89,25,7.15,37.6,101,27.6,85.4,1.1
89,26,7.15,33.3,92.5,19.1,94.1,1.1
89,27,7.48,31.7,57.1,7,89.7,1.2
89,28,7.2,34.1,85,26.4,91.6,1.2
89,29,6.73,46.4,109.3,21.1,81.4,1.2
89,30,6.81,46,41.1,7,92.2,1.3
89,31,7.44,36.3,80.9,29.6,80.2,1.3
89,32,7.5,46.5,37,31,93.9,1.3
89,33,6.79,36.6,46.6,6.9,92.7,1.4
89,34,6.77,43.7,89.4,34.7,85.5,1.4
89,35,6.71,41.3,76.6,27.5,84.4,1.4
89,36,7.28,46,86.5,23.8,83.6,1.5
89,37,7.43,33.7,39.8,34.5,93.9,1.5
89,38,6.87,31,77.5,17.5,89.9,1.5
89,39,6.98,34.4,65.7,16.9,97.8,1.6
89,40,6.93,32.1,47.6,16.9,85.1,1.6
89,41,7.17,44.8,42.9,29.8,92.7,1.7
89,42,6.92,47.1,48.9,20,82.4,1.7
89,43,6.93,30.3,69.2,14.5,84.1,1.7
89,44,7.1,33.6,84.9,17.6,89.7,1.8
89,45,7.09,45.6,73.5,14.8,86.9,1.8
89,46,7.07,35.1,90,8.4,95.1,1.8
89,47,7.31,46.1,60.2,8.2,92.2,1.9
89,48,7.31,38.3,94.7,32.8,91.6,1.9
89,49,6.91,38.1,56.1,17.1,88.8,1.9
89,50,7.04,44.1,92.6,30.7,90.1,2
90,0,7.24,47.2,34.8,34.6,87.1,0.2
90,1,6.92,39.7,44.7,10.1,97.7,0.2
90,2,7.16,43.8,76.1,11.4,94,0.3
90,3,7.1,42,62.1,25.5,98.2,0.3
90,4,6.9,33.2,90.6,11.4,91.2,0.4
90,5,7.26,49,43.3,19.3,89.6,0.4
90,6,7.13,37.8,32,13.9,81,0.4
90,7,7.3,48.4,30.6,5.3,87.5,0.5
90,8,7.15,42.7,39,25.5,86.3,0.5
90,9,7.26,35.8,74.2,32.1,82.5,0.5
90,10,6.88,49.7,56.1,32.6,81.3,0.6
90,11,7.2,47.4,46.4,18.2,81.4,0.6
90,12,6.81,39.6,56.6,14.8,92.8,0.6
90,13,6.92,39,53.3,18.7,97.1,0.7
90,14,7.16,46.6,85.8,9.6,87.6,0.7
90,15,6.89,34.2,44.2,9.6,83.5,0.7
90,16,6.93,42.6,90.1,34.4,94.5,0.8
90,17,7.21,43.6,62.7,6.3,92.7,0.8
90,18,7.18,31.3,63.2,6.1,80.2,0.9
90,19,6.85,49.9,34.1,15.7,92.7,0.9
90,20,6.93,44.1,61.5,19.5,81.8,0.9
90,21,7.45,42.8,38.9,19.7,84.5,1
90,22,7.25,35.4,72.9,27.1,98.6,1
90,23,7.24,44.5,53,14.6,90.6,1
90,24,7.36,48.2,93.7,10.7,93.5,1.1
90,25,7.35,45.4,87.9,6.2,90.4,1.1
90,26,6.86,31,60.4,16.6,84.3,1.1
90,27,7.28,34,103.9,28.7,96.7,1.2
90,28,7.18,43.3,76.9,15.6,81.5,1.2
90,29,7.45,30.9,95.6,8.7,82.2,1.2
90,30,6.98,43.5,91.2,28.4,87.4,1.3
90,31,7.41,39.3,48.9,23,93.8,1.3
90,32,7.03,33.7,93.1,5.1,98.8,1.3
90,33,7.25,34.9,106.5,11.8,85.7,1.4
90,34,6.99,39.2,43.4,19.3,86.9,1.4
90,35,7.01,32.1,41.3,28.4,94.9,1.4
90,36,6.79,49.5,30.2,27.5,82.2,1.5
90,37,6.71,48.8,33.4,16.3,95.9,1.5
90,38,6.83,44.7,49.1,11.5,84.8,1.5
90,39,7.3,42.2,40.2,9.8,94.3,1.6
90,40,6.85,33,100.5,11.6,82.9,1.6
90,41,7.05,41.3,102.5,28.9,94.3,1.7
90,42,7.06,37.4,50.5,7.6,94.4,1.7
90,43,7.12,40.9,85.4,9.9,89,1.7
90,44,7.47,43.5,94.1,30.9,97.5,1.8
90,45,7.26,30.8,70.5,11.8,84.1,1.8
90,46,7.26,42.8,72.3,34.4,96,1.8
90,47,7.16,47.1,57.9,16.7,82.5,1.9
90,48,7.4,42.8,65.3,8.7,94.7,1.9
90,49,7.35,33.5,86.2,26.2,86.4,1.9
90,50,7.2,45.6,79.1,20.8,94,2
91,0,7.38,34.7,106.4,10.2,94.3,0.2
91,1,7.01,35.5,30.4,11,82.2,0.2
91,2,7.06,45.8,37.7,7,92.5,0.3
91,3,6.82,46.6,32.3,30,91.8,0.3
91,4,7.19,32.3,45.7,16.6,89,0.4
91,5,7.26,33.4,75.3,16.5,82.3,0.4
91,6,7.09,39.7,105,24.3,96.1,0.4
91,7,6.84,39.6,63.2,28.7,95.7,0.5
91,8,7.26,36.4,59.2,26.3,81,0.5
91,9,6.7,32.2,63.4,24.6,96,0.5
91,10,6.9,35,55.1,12,83.6,0.6
91,11,7.38,37.3,46.6,18.7,83,0.6
91,12,7.04,48.9,99.8,23.8,86.6,0.6
91,13,6.7,42.7,58.7,15,98.8,0.7
91,14,6.91,38.3,89.8,22,83,0.7
91,15,7.3,47.5,46.1,26.6,91.9,0.7
91,16,7.45,36.3,68.6,22.3,89.2,0.8
91,17,7.28,41.1,37,32.5,98.8,0.8
91,18,6.9,36.6,78.7,27,85.4,0.9
91,19,7.1,42.1,93.3,23.9,91.2,0.9
91,20,7.42,45.2,106.2,19,83.2,0.9
91,21,6.78,34.6,40.4,11.1,95.2,1
91,22,6.94,32.7,66.7,20.9,81.7,1
91,23,7.39,43.9,47.5,17.9,89.3,1
91,24,6.98,30.3,38.1,16.2,96.5,1.1
91,25,7.15,43,56.7,16.6,81.9,1.1
91,26,7.3,43.2,45.2,31.7,98.6,1.1
91,27,7.24,47.3,72.7,10.3,80.1,1.2
91,28,6.9,39.3,62.9,33,97.3,1.2
91,29,7.37,43,82.4,31.4,90.1,1.2
91,30,6.77,36.7,83.2,7.2,88.3,1.3
91,31,6.97,37.6,73,22.5,96.9,1.3
91,32,7.28,42.8,108.4,11.4,80.8,1.3
91,33,7.31,30.2,42.6,22.7,89.3,1.4
91,34,7,33.4,83,7.2,81.5,1.4
91,35,7.17,35.8,85,28.1,90,1.4
91,36,7.19,45,86.2,25.8,85.2,1.5
91,37,7.19,32.1,91.8,22.1,91.3,1.5
91,38,7.07,44.3,62.1,12.7,96.3,1.5
91,39,6.8,39.8,87.8,22.7,90.4,1.6
91,40,7.07,33.2,49.2,9.6,87.9,1.6
91,41,7.36,36.7,47.4,31.9,93.4,1.7
91,42,6.81,48.5,47.6,11.6,82.5,1.7
91,43,6.88,33.9,71.2,27,89.4,1.7
91,44,6.9,30.4,78.2,9.3,91.5,1.8
91,45,6.95,36.8,62.3,7.6,85.7,1.8
91,46,6.72,44.5,73.3,31.1,91.7,1.8
91,47,7.2,34.9,93.5,5.7,95,1.9
91,48,6.73,30.3,95.9,19.1,91.7,1.9
91,49,6.96,45.6,84.1,25.6,86.9,1.9
91,50,7.49,35.3,93.1,23.5,87.3,2
92,0,6.75,43.5,50.3,23,90.7,0.2
92,1,6.73,43.3,35.7,15.2,80.3,0.2
92,2,7.08,36.1,66.9,6.2,86.5,0.3
92,3,7.06,49.6,63.8,32.9,96.1,0.3
92,4,6.84,34,71,23.7,83.6,0.4
92,5,6.79,43.8,95.8,34.7,83.4,0.4
92,6,6.83,43,55.3,28.1,92.6,0.4
92,7,7.15,47.4,106.6,27.8,92.1,0.5
92,8,7.17,45.5,37.8,24.2,95.5,0.5
92,9,7.05,41.3,97.4,14.1,87.4,0.5
92,10,7.48,42.3,30.9,23,91.9,0.6
92,11,7.21,30.8,85.3,13.8,81.4,0.6
92,12,7.11,47.7,70,29.7,89.4,0.6
92,13,7.4,40.9,35.3,31.1,80.9,0.7
92,14,6.84,45,76.9,19.9,83.1,0.7
92,15,6.88,44.6,57.7,9.7,81.1,0.7
92,16,7.16,32.1,35.1,15.6,84.9,0.8
92,17,7.17,49.4,70.7,21.2,98.3,0.8
92,18,7.18,31.8,67.5,11.8,85.8,0.9
92,19,7.07,40.3,39.6,21.2,91.3,0.9
92,20,7.37,42.3,100.2,6.1,90.3,0.9
92,21,7.15,43.5,58.3,11,91.9,1
92,22,7.32,49.6,39.5,32.8,83.8,1
92,23,7.14,46.4,66.8,11,94.7,1
92,24,7.25,39.9,104.4,9.4,95.2,1.1
92,25,6.98,32.9,43.8,16.8,82.5,1.1
92,26,7.04,32.3,88.3,16.7,92.7,1.1
92,27,7.26,39.3,40,5.1,95.7,1.2
92,28,7.25,38.1,31.4,32.5,92.8,1.2
92,29,7.19,41.1,43,28.3,84,1.2
92,30,7.36,49.7,105.1,18.6,96.5,1.3
92,31,6.9,40,109.8,10.1,83.6,1.3
92,32,6.78,38.4,55.1,27.7,88.5,1.3
92,33,7.26,39.4,93.2,24,98.1,1.4
92,34,6.83,49.3,61,29.2,88.2,1.4
92,35,6.86,49.8,65.2,19,87.5,1.4
92,36,6.71,42.2,52.8,32.4,87.3,1.5
92,37,7.23,33,97.1,8.5,90.6,1.5
92,38,6.8,40.7,71,23.5,91.9,1.5
92,39,6.85,39.6,89.2,10.7,94.8,1.6
92,40,6.75,42,98.2,30.5,98.1,1.6
92,41,7.35,44.8,57.4,16.2,94.1,1.7
92,42,7.19,37.9,95.3,23.1,85,1.7
92,43,6.96,32.1,46.1,23.2,87.5,1.7
92,44,7.09,36.3,79.8,32.9,87.1,1.8
92,45,6.73,37.8,58.9,9.8,94.5,1.8
92,46,7.06,42.3,102.4,33.3,85,1.8
92,47,7.35,37.4,48.7,10.8,85.9,1.9
92,48,7.42,31.6,74.1,10,87.9,1.9
92,49,6.93,45,97.1,19.9,98.9,1.9
92,50,7.1,47,46.8,24.4,84.2,2
93,0,7.35,34.9,71,22.2,81,0.2
93,1,7.23,35.4,36.9,5,85.7,0.2
93,2,7.06,48.9,82.9,24,88.9,0.3
93,3,7.05,35.9,75.8,12.5,90.4,0.3
93,4,7.27,45.4,79.5,16.3,81.5,0.4
93,5,7.31,36.9,57.7,27.5,85.2,0.4
93,6,7.31,34.4,107.7,24.5,93.4,0.4
93,7,6.72,48.4,38.9,19.5,95.2,0.5
93,8,6.86,37.8,68.1,8.4,85.9,0.5
93,9,7.2,44.1,76.1,14,92.6,0.5
93,10,7,44.7,67.1,14.7,82.4,0.6
93,11,7.4,36.3,69.1,8,93.6,0.6
93,12,7.09,41.5,60.9,12.3,98.1,0.6
93,13,7.42,36.8,44.4,22.4,96.6,0.7
93,14,7.17,47.5,69.6,25.6,80.2,0.7
93,15,6.85,49.4,90.5,35,89.5,0.7
93,16,7.04,45.7,56.7,32.5,98.4,0.8
93,17,7.03,38.9,93,22.9,94.8,0.8
93,18,7.41,36,59.8,5.3,85.3,0.9
93,19,7.14,37.7,60.1,10.1,93.1,0.9
93,20,7.12,43.3,39.8,7.4,82.4,0.9
93,21,6.83,43.2,33.8,9,83.9,1
93,22,7.47,35.1,68.3,10.5,83.2,1
93,23,7.42,48.1,78.1,24.9,97.9,1
93,24,7.43,44.7,36.9,15.2,92,1.1
93,25,7.06,30.2,107.5,10.1,83.6,1.1
93,26,7.49,49.8,58,12.3,92.3,1.1
93,27,7.15,49,59.6,16.6,98.8,1.2
93,28,7.38,44.8,34,13,94.3,1.2
93,29,6.73,48.2,37.4,17.2,89.9,1.2
93,30,7.06,38.4,59.7,25.2,80.4,1.3
93,31,7.01,40.2,32.9,14.8,85.2,1.3
93,32,7.13,32.7,92.6,7,94.3,1.3
93,33,6.83,47.2,51.1,27.2,83.5,1.4
93,34,7.13,45.9,97.4,6.5,85.7,1.4
93,35,7.46,30.6,80,5.8,95.1,1.4
93,36,6.85,48.6,44.1,9.9,97.7,1.5
93,37,6.82,35.3,49.7,13.5,83.2,1.5
93,38,7.45,34.9,86.6,19.7,89.1,1.5
93,39,7.32,36.8,43.1,10.8,85.2,1.6
93,40,7.42,45,82.5,23.5,98.1,1.6
93,41,7.16,48,96.1,11.6,96.9,1.7
93,42,6.96,33.9,76.6,22.9,81.6,1.7
93,43,7.05,41.5,71.9,13.5,98.8,1.7
93,44,7.11,45,93.3,34,94.7,1.8
93,45,7.16,41.5,72.1,31.8,91.2,1.8
93,46,7.11,32.9,93.6,10.1,84.2,1.8
93,47,6.71,37.9,42.9,17.6,87,1.9
93,48,7.04,40.8,87.9,18.5,89.3,1.9
93,49,7.09,39.7,105.6,18.5,92.3,1.9
93,50,6.77,45.3,49.3,32.6,92,2
94,0,7.45,33.3,34.9,34,83.1,0.2
94,1,6.73,45.2,87.1,23.9,84.8,0.2
94,2,7.28,36.3,34.8,11.3,90.9,0.3
94,3,7.45,32.3,70.3,18,98.7,0.3
94,4,6.91,45.2,35.4,5.9,96.8,0.4
94,5,7.07,38.4,55.6,27.6,93.8,0.4
94,6,7.33,30.4,108.8,6.8,95.5,0.4
94,7,6.89,45.1,32.3,14.4,83.1,0.5
94,8,6.87,33.5,77.7,32.1,94.1,0.5
94,9,6.82,30.1,59.8,24.5,95.5,0.5
94,10,7.44,43.1,80.8,24.4,81.3,0.6
94,11,7.05,41.3,58.8,34.5,84.3,0.6
94,12,6.97,41.4,102.1,19.5,87.1,0.6
94,13,7.35,45.9,34.1,6.1,80.1,0.7
94,14,7.17,49.5,108.4,23.3,83.4,0.7
94,15,7.39,35.2,74,24.6,93.4,0.7
94,16,7,42.4,41.3,26.1,88.4,0.8
94,17,7.12,42,83.1,19.2,83.7,0.8
94,18,7.07,39.4,36,9.7,80.5,0.9
94,19,6.95,49.2,102.7,21.5,86.9,0.9
94,20,6.79,41.6,47.8,17.4,82.9,0.9
94,21,7.09,47,70.7,33.1,92.6,1
94,22,7.47,43.7,40.9,29,89.8,1
94,23,7.05,38.4,54.2,27.9,96.8,1
94,24,7.49,31.6,55.6,15.8,89.3,1.1
94,25,7.5,38.4,46.8,6,98.6,1.1
94,26,7.47,38.9,42.6,11,93.3,1.1
94,27,6.9,31.1,60.4,20.2,98.3,1.2
94,28,6.98,38,89.6,12.8,98.6,1.2
94,29,6.84,39.2,106.2,22.8,82.1,1.2
94,30,7.11,37.2,54.3,28.1,88,1.3
94,31,6.89,36.6,39.3,34.9,82.4,1.3
94,32,7.34,33.5,44.3,28.3,93,1.3
94,33,6.97,49.8,67.3,9,95.4,1.4
94,34,7.04,41.7,101.9,25.5,88.7,1.4
94,35,7.23,42.7,76.8,6.1,95.2,1.4
94,36,7,41.6,89.1,25.2,91.1,1.5
94,37,7.41,38.4,109.6,33.3,82.9,1.5
94,38,7.47,44.1,103,28.6,80.2,1.5
94,39,7.15,39.2,51.3,9.2,96.4,1.6
94,40,7.38,40,109.2,22.1,86,1.6
94,41,7.28,43.1,81.8,34,88.5,1.7
94,42,6.88,32.8,107.2,5.6,89.4,1.7
94,43,6.98,42.9,86.9,21,96.9,1.7
94,44,7.47,34.7,75.8,9.5,92.2,1.8
94,45,7.34,40.6,57.4,8.9,90.3,1.8
94,46,7.39,44.7,43.6,29.4,94.7,1.8
94,47,6.94,42.9,46.4,24.4,97.5,1.9
94,48,7.21,47,37.1,31.7,95.1,1.9
94,49,6.9,39.5,89.8,25.9,89.9,1.9
94,50,6.87,47.9,73.8,34.8,98.9,2
95,0,7.18,48.5,80,29.3,90.5,0.2
95,1,7.3,47.3,98.1,10,86.6,0.2
95,2,7.1,45.8,45.5,14.2,84.6,0.3
95,3,7,44.7,72,26.1,83.6,0.3
95,4,7.18,39.6,93.2,22.1,89.1,0.4
95,5,7.5,30.7,86.3,8,85,0.4
95,6,7.17,45.3,66.7,23.8,98,0.4
95,7,6.79,31.2,43.6,7.3,83.3,0.5
95,8,7.26,41.9,74.9,9.7,86.6,0.5
95,9,7.33,39.4,103.3,5.9,83.7,0.5
95,10,6.85,34.8,33.2,17.2,94.5,0.6
95,11,7.18,44.8,93.2,13.8,89.4,0.6
95,12,6.98,44.7,105.1,18.5,83.2,0.6
95,13,7.28,49.4,101.8,10.5,84.2,0.7
95,14,7.48,31.6,56,21.3,91.8,0.7
95,15,7.14,43.9,30,21.2,85,0.7
95,16,7.1,38.4,70,29.2,82.8,0.8
95,17,7,43.2,72.7,15.4,93,0.8
95,18,6.88,46.8,80.2,14.1,86.9,0.9
95,19,6.88,32.4,103.2,20,89,0.9
95,20,7.01,31.7,84.3,15.4,88.2,0.9
95,21,7.47,46.4,52.2,8.1,87.9,1
95,22,7.21,44.9,54.8,34.7,84.6,1
95,23,7.21,37.1,107.4,10,92.1,1
95,24,6.76,39.7,62.1,12.7,96.4,1.1
95,25,7.42,43.1,61.2,5.4,92.5,1.1
95,26,7.19,36.7,74.6,23.1,80.4,1.1
95,27,7,32.1,75.3,8.8,91.2,1.2
95,28,7.45,37.3,47.7,8.8,85.8,1.2
95,29,7.39,36.1,105.6,30.8,96.7,1.2
95,30,7.05,37.2,34.9,21.4,95.1,1.3
95,31,7.12,36.2,72.5,18.8,87.1,1.3
95,32,6.97,40.2,40.5,30.3,85.6,1.3
95,33,7.31,48.1,41.9,17.5,85.6,1.4
95,34,7.24,47.5,65.1,9.5,93.2,1.4
95,35,7.19,47.5,96.7,25,96.1,1.4
95,36,7.48,32.2,43.3,28.3,98.1,1.5
95,37,6.73,31.3,96.3,19.2,93.5,1.5
95,38,6.81,46.1,87.7,22.3,88.5,1.5
95,39,7.02,41.6,55.9,26.5,86,1.6
95,40,7.48,47.5,52.8,22.5,95.8,1.6
95,41,7.49,30.9,78.9,15.7,80.9,1.7
95,42,6.91,45.6,76.3,25.5,80.9,1.7
95,43,7.1,37,98.8,30.7,81,1.7
95,44,7,34.6,86.9,31.2,83.7,1.8
95,45,6.79,33.3,74,13.9,92.8,1.8
95,46,7.11,36.9,84.3,19,93.7,1.8
95,47,7.02,49.1,87.5,7.1,81.8,1.9
95,48,7.15,42.7,62.7,7.1,82.7,1.9
95,49,7.3,34.2,108.2,14.8,80.1,1.9
95,50,7.25,39.8,108,8.3,92.5,2
96,0,6.75,37.6,95.4,22.1,92,0.2
96,1,7.3,44.8,38.7,22.9,98.1,0.2
96,2,7.38,37.5,59.7,29.6,87,0.3
96,3,6.88,35,107.7,26,92.6,0.3
96,4,7.31,44.8,45.6,15.2,85.5,0.4
96,5,7.28,39.6,108.6,29.3,83.7,0.4
96,6,6.8,44.7,55.7,30.3,83.4,0.4
96,7,6.77,48.3,93.1,16,92.9,0.5
96,8,7,35.2,52.6,25.2,86.7,0.5
96,9,7.47,42.7,77.1,8.4,81.4,0.5
96,10,7.01,41,41,29.5,81.7,0.6
96,11,6.76,43.9,48.5,6.4,98.1,0.6
96,12,7.1,30.6,99.3,17,90.7,0.6
96,13,7.19,38.9,87.4,31.3,85.2,0.7
96,14,7.33,47.5,79.3,5.2,82.8,0.7
96,15,6.72,46.6,79.9,21.8,90.5,0.7
96,16,7.02,30,34.9,23.2,90.8,0.8
96,17,7.05,41.3,108.1,24.8,85.9,0.8
96,18,7.19,41.4,81.1,22.4,81.5,0.9
96,19,7.22,39.6,38.9,17.3,98.7,0.9
96,20,7.07,38.8,71,19.9,85.9,0.9
96,21,7.09,35.5,91.1,5.4,80.1,1
96,22,7,30.5,39.4,11.9,93.3,1
96,23,7.41,34.6,102,17.2,94.2,1
96,24,7.28,32,84.5,28.8,88.6,1.1
96,25,7.17,48.1,42.3,32.3,88,1.1
96,26,7.35,30.5,62.2,19.7,90.1,1.1
96,27,7.17,45.5,75.2,31.5,94.5,1.2
96,28,7.15,40.2,107.8,17.7,89.8,1.2
96,29,7.1,38.8,41.7,18.3,92.6,1.2
96,30,6.84,36.4,64,21,91.3,1.3
96,31,7.23,32.1,65.8,33.5,87.1,1.3
96,32,7.29,45.2,109.9,22.4,81.3,1.3
96,33,6.81,44.2,72.8,28.7,94.1,1.4
96,34,7.25,37,37.6,26.2,87.9,1.4
96,35,7.16,44,32.9,21.3,95.2,1.4
96,36,6.8,44.9,51.1,34.9,84.6,1.5
96,37,7.06,30.9,57.9,15.5,80.7,1.5
96,38,7.32,44.4,70.4,30.6,96.9,1.5
96,39,7.03,36.6,44.3,13.4,80.9,1.6
96,40,7.06,37.9,80.3,16.8,87.5,1.6
96,41,7.42,31,86.1,27.5,89,1.7
96,42,7.4,30.5,87.3,12.9,80.1,1.7
96,43,6.91,45.8,55.4,18.7,85.4,1.7
96,44,7.07,36.2,76.4,5.6,87.1,1.8
96,45,7.43,42.7,50.4,8.8,98.3,1.8
96,46,7.13,32.2,86.4,29.8,89.2,1.8
96,47,7.1,41.6,30.8,14.1,83.7,1.9
96,48,6.72,49,40.7,21,90.9,1.9
96,49,6.97,36.3,90.9,18.3,97.5,1.9
96,50,7.02,44.7,104.9,11.3,81.9,2
97,0,7.1,33.3,69.8,14.6,90.6,0.2
97,1,6.88,39.9,39.5,27.6,87.2,0.2
97,2,7.13,37,52.6,21.4,87.7,0.3
97,3,7.44,31.1,102.9,34.9,93.6,0.3
97,4,7.46,46.6,40.3,33.7,85.9,0.4
97,5,6.79,41.1,43,14.7,92.2,0.4
97,6,7.19,49.2,61.6,16.5,84.1,0.4
97,7,7.08,36.9,109.4,27.8,87.6,0.5
97,8,6.82,38.7,51.2,34.3,97.8,0.5
97,9,6.95,42.5,69.5,7.8,81.8,0.5
97,10,7.46,40,66.1,18.7,96.9,0.6
97,11,7.09,48.1,59.7,21,82.8,0.6
97,12,7.29,44.7,36,16.7,85.1,0.6
97,13,7.23,39.7,98.9,11.3,84.7,0.7
97,14,6.74,32.1,106.3,8.5,98.7,0.7
97,15,7.31,32.4,82.9,25.3,82.4,0.7
97,16,6.86,32.3,85.7,34.9,80.5,0.8
97,17,6.73,35.4,67.9,14.3,88.1,0.8
97,18,7.45,36.4,105.4,14.1,96.8,0.9
97,19,6.91,37.1,43.6,6.4,85.9,0.9
97,20,7.18,32.6,104.1,8.1,91.2,0.9
97,21,7.29,35.2,39.9,23.9,81.5,1
97,22,7.46,38.4,60.6,29.4,88.9,1
97,23,7.34,39.6,107.3,27.6,98.1,1
97,24,7.37,34.6,107,10.4,85.9,1.1
97,25,7.49,30.2,46.6,12.8,88.8,1.1
97,26,7.36,38.2,70.2,6.5,83.6,1.1
97,27,7.24,45.9,94.3,16.7,84.3,1.2
97,28,7.12,39.3,36.2,27.1,84.8,1.2
97,29,6.94,42.5,40.6,33.4,94.9,1.2
97,30,6.76,31.8,57.1,11.9,94.8,1.3
97,31,7.3,39.9,106.9,11.9,90.1,1.3
97,32,7.18,38.9,38.7,15.8,88.5,1.3
97,33,7.07,41.2,66.5,23.5,85.4,1.4
97,34,6.92,38.6,101.2,15.8,81.5,1.4
97,35,6.98,38.7,39.8,15.2,89.5,1.4
97,36,6.87,32.4,96.2,8.3,96.4,1.5
97,37,6.81,30,107.3,32.9,91.5,1.5
97,38,6.96,40.4,57.8,8.6,88.5,1.5
97,39,6.96,33.4,77.4,18.9,94,1.6
97,40,7.16,42,68.7,34.5,87.3,1.6
97,41,7,43.2,68.8,16.8,97.4,1.7
97,42,7,39.2,95.7,26.6,86.4,1.7
97,43,6.83,49.6,102.6,26.9,91.1,1.7
97,44,7.29,43.1,49.3,27.4,97.1,1.8
97,45,7.17,46.5,31.3,15.3,80,1.8
97,46,6.96,33.6,76.1,25,80.4,1.8
97,47,7.39,49.3,68.8,29.3,89.3,1.9
97,48,7.27,43.5,72.7,26.2,88.7,1.9
97,49,6.88,43.9,104.6,19.5,95.1,1.9
97,50,7.12,33.5,93.3,7.8,83.2,2
98,0,7.41,32.9,94.6,5.4,86.7,0.2
98,1,7.25,32.9,85.5,29.9,80.8,0.2
98,2,6.95,34.2,91.8,13.8,86.4,0.3
98,3,6.79,44.2,38.8,17.2,91.7,0.3
98,4,7.19,48.6,109.1,27,92,0.4
98,5,6.73,41.5,49.3,23.8,85.2,0.4
98,6,6.96,33.6,89.4,34.7,84.3,0.4
98,7,7.45,42.1,43.9,29.4,87,0.5
98,8,6.85,37.9,59,25.4,80.2,0.5
98,9,7.06,36.1,60.2,24.8,86.5,0.5
98,10,6.73,37.7,52.6,11,95.3,0.6
98,11,7.19,34.3,47,9.8,86.9,0.6
98,12,7.38,46.5,32.9,24.4,82,0.6
98,13,7.23,34.3,42.2,25.6,98,0.7
98,14,6.81,49.5,98.9,13,80.3,0.7
98,15,7.31,45.7,45.7,12,87.1,0.7
98,16,6.79,35.2,38.8,26.8,85.3,0.8
98,17,6.84,32.2,104.1,18.7,85.9,0.8
98,18,7.09,30.2,107.4,6.2,88.7,0.9
98,19,6.94,43.4,71,13.9,84.5,0.9
98,20,7.49,44.7,57.7,27.4,89,0.9
98,21,7.27,35.6,68.5,33.2,89.5,1
98,22,7.34,44.3,62.1,32.4,91.2,1
98,23,7.22,33,48,30,89.4,1
98,24,7.26,35.7,89.8,5.5,85.5,1.1
98,25,6.79,33.8,31.8,32.5,95.6,1.1
98,26,7.5,42.4,49.9,24.9,89.4,1.1
98,27,6.74,43.6,65.4,16.2,98,1.2
98,28,7.1,38.5,109.5,31.4,93,1.2
98,29,7.42,34.1,53,24.3,81.5,1.2
98,30,6.85,48,86.9,33.4,93.6,1.3
98,31,6.92,33.1,61.6,12.8,97.7,1.3
98,32,6.76,40,104.4,16.3,86.2,1.3
98,33,7.32,44.7,70.3,31.6,94.3,1.4
98,34,7.44,41.9,36.2,7.9,87.3,1.4
98,35,7.22,38.4,30.5,9.6,81.5,1.4
98,36,7.06,38.4,87.4,22.6,85.1,1.5
98,37,6.74,33.2,66.4,5.3,94.7,1.5
98,38,7.2,37.7,109.2,33.5,92.9,1.5
98,39,7.06,37.6,78.9,8.1,91.8,1.6
98,40,6.87,48.7,99,24.6,87.6,1.6
98,41,6.9,40,40,20.1,91.4,1.7
98,42,6.96,47.7,84.1,27.9,83.7,1.7
98,43,7.13,36.5,75,8.5,83.9,1.7
98,44,7.03,45.2,79.4,6.8,93.2,1.8
98,45,6.97,34.7,47.6,20.8,98,1.8
98,46,7.44,38.3,34.1,30.4,91.5,1.8
98,47,6.76,46.6,50.6,19.4,93.9,1.9
98,48,7.01,48.1,107,22.4,88.2,1.9
98,49,7.06,35.5,107.2,33.7,98.3,1.9
98,50,7.18,40.5,49.6,29.5,86.1,2
99,0,6.7,37.9,103.7,12.4,81.5,0.2
99,1,6.99,30.4,73.8,13.4,87.2,0.2
99,2,7.04,37.3,83.2,33,86.7,0.3
99,3,6.7,48.8,83.4,28.1,93,0.3
99,4,6.83,46.1,104,20.4,96.6,0.4
99,5,6.78,48.1,33.8,30.1,89.2,0.4
99,6,7.34,39.2,57.1,18.7,93.8,0.4
99,7,6.8,37.3,42.4,28.6,93.1,0.5
99,8,6.82,30.1,108.9,22.9,81.1,0.5
99,9,7.37,30.4,91.3,32,83.4,0.5
99,10,6.93,39.3,106.8,26.5,97.7,0.6
99,11,7.24,30.3,66.5,21.4,83.5,0.6
99,12,7.32,34.2,99.7,16.4,81.5,0.6
99,13,7.48,31.8,108.1,26.7,89.2,0.7
99,14,7,34.1,47.8,12.1,93,0.7
99,15,6.82,42.7,32,11.3,97.1,0.7
99,16,6.81,30.9,84.2,14,85.6,0.8
99,17,7.28,34.2,80.8,29.9,87.4,0.8
99,18,6.73,38.8,51.1,32,95.6,0.9
99,19,6.72,43,106,19.5,89.2,0.9
99,20,7.23,49.7,100,21.9,91.3,0.9
99,21,7.49,41.1,109.9,21.8,87.3,1
99,22,6.84,34.1,32,19.9,86.5,1
99,23,7.24,45.4,49.2,5.6,93.7,1
99,24,7.49,44.8,96.1,6.5,81,1.1
99,25,6.81,39.4,56.8,18.2,91.7,1.1
99,26,6.78,32.6,32.7,12.9,82.5,1.1
99,27,6.73,44.3,47.8,33.8,84,1.2
99,28,7.42,47.6,100.8,28,83.1,1.2
99,29,7.44,48.1,54.4,18.9,84.2,1.2
99,30,7.34,36.4,107.1,34.9,84.9,1.3
99,31,7.28,49.6,78.2,26.2,84.9,1.3
99,32,6.87,49.2,57,22.4,96,1.3
99,33,6.7,36.2,34.6,34.3,90,1.4
99,34,6.88,41,81.7,5.6,85.4,1.4
99,35,7.11,43.4,109.4,21,82.7,1.4
99,36,7.47,37.3,81.6,27.3,83.7,1.5
99,37,6.95,45.8,33.6,31.6,83.8,1.5
99,38,7.27,40.8,53.8,22.8,80.9,1.5
99,39,7,41.2,104,22.8,89.2,1.6
99,40,7.14,32,75.1,29.6,95.2,1.6
99,41,6.97,41.2,54,34.4,84.7,1.7
99,42,7.22,42.5,52.6,25.2,94.7,1.7
99,43,7.35,47.1,64.4,27,98.6,1.7
99,44,7.12,34,51.1,9.2,92.1,1.8
99,45,7.19,39.5,45.7,19.7,96.3,1.8
99,46,6.78,44.7,63.1,16.6,86.3,1.8
99,47,7.23,32.4,84,23.4,84.9,1.9
99,48,7.33,39.4,53.9,28.5,96.6,1.9
99,49,7.05,38.7,108.3,29.1,82.7,1.9
99,50,6.72,35.9,81.8,11.3,90.6,2
100,0,7.21,30.9,106.9,19.6,89.4,0.2
100,1,6.73,48.3,72.6,22.4,92.4,0.2
100,2,7.42,34,63.9,20.5,83.3,0.3
100,3,6.91,49.6,39.4,22.7,94.1,0.3
100,4,6.9,43.3,92,9.4,87.8,0.4
100,5,7.48,30.2,79.5,27.3,96.7,0.4
100,6,7.35,37.6,79.8,11.2,97.4,0.4
100,7,7.5,46.1,102,11.1,81.6,0.5
100,8,7.03,35.7,45.4,7.3,85.7,0.5
100,9,7.26,38.1,106.1,8.9,94,0.5
100,10,7.04,38.3,64,22.6,82.7,0.6
100,11,6.93,38.9,41.5,31.9,81.3,0.6
100,12,7,44.2,86.8,5.5,85,0.6
100,13,6.97,49.1,34.5,23.9,93,0.7
100,14,6.79,40.3,89.8,12.6,96.7,0.7
100,15,6.78,49.9,77,18.2,96.6,0.7
100,16,7.27,45.8,103.5,18.5,93.5,0.8
100,17,7.32,31.9,31.7,13.8,87.4,0.8
100,18,6.99,49.7,37.1,13.1,92.9,0.9
100,19,6.93,32.2,49.2,9.5,98.5,0.9
100,20,7.3,34.5,72.7,15.9,90.8,0.9
100,21,7.38,49.2,89.7,34.6,97.4,1
100,22,6.75,48,68.8,6.6,93.8,1
100,23,6.84,46.4,104.7,28,98.2,1
100,24,7.16,45.3,37.2,34.7,82.9,1.1
100,25,7.46,35.6,56,13.8,95.3,1.1
100,26,7.37,31.5,94.9,27.2,83.5,1.1
100,27,6.74,47.7,68.6,34.6,88.6,1.2
100,28,6.95,33.2,35,32.8,98.6,1.2
100,29,7.2,32.7,55.5,14.3,87.8,1.2
100,30,7.17,30.4,101.1,11.9,95.2,1.3
100,31,7.23,36,50.8,20.8,91.3,1.3
100,32,7.18,30.3,107.5,29.8,82.1,1.3
100,33,7.07,38.5,88.4,32.3,97.4,1.4
100,34,7.29,49.8,64.9,34.3,82.7,1.4
100,35,6.89,36.3,84.4,21.6,89.6,1.4
100,36,7.07,43,70.3,17.8,81.9,1.5
100,37,6.73,34,68.2,26.8,93.9,1.5
100,38,7.22,45.3,102.7,16.7,88.2,1.5
100,39,7.47,39.5,32.4,28.2,80.5,1.6
100,40,7.28,35.3,52.1,20.7,93.9,1.6
100,41,7.03,47.3,36.6,19.3,90.6,1.7
100,42,7.4,31,44,26,98.5,1.7
100,43,6.9,42.8,35,23.6,94.3,1.7
100,44,6.78,49.7,49,29.1,81.2,1.8
100,45,7.28,44.9,100.4,21.3,80,1.8
100,46,7.47,38.6,62.2,23.6,90.5,1.8
100,47,7.2,40.7,50,7.7,92.2,1.9
100,48,6.89,42.5,44.3,31.9,81.3,1.9
100,49,7.17,39.7,86.3,17.3,91.5,1.9
100,50,6.98,45.1,100.1,28.3,92.9,2
101,0,6.89,32.3,49.1,31.2,98.1,0.2
101,1,7.08,30.1,92.1,32.6,94.2,0.2
101,2,6.79,45.5,33.2,34.3,87.5,0.3
101,3,6.93,31.7,105.4,5.8,81.8,0.3
101,4,6.92,42.9,98.4,29.1,80.6,0.4
101,5,7.49,33.3,59.8,29.4,99,0.4
101,6,7.44,31.3,89.9,17.6,93.2,0.4
101,7,7.14,38.4,93,34.8,88.8,0.5
101,8,7.17,33.6,63.1,21,98.8,0.5
101,9,6.86,40.6,71.7,10.3,93.3,0.5
101,10,7.34,46.9,39.7,20.4,85.3,0.6
101,11,7.06,37.2,42,30.9,97.8,0.6
101,12,7.33,34.9,98.9,19.1,87.5,0.6
101,13,7.31,36.5,43.3,28.7,95.8,0.7
101,14,7.12,33,92,31.9,95.1,0.7
101,15,7.16,44.4,78.6,10.7,88.3,0.7
101,16,7.08,46.3,58.8,27.3,85.8,0.8
101,17,6.9,37.4,61.5,16.6,90.5,0.8
101,18,6.78,30,41.9,15.8,89.6,0.9
101,19,6.88,46.3,57.8,33.3,90.4,0.9
101,20,6.94,40.6,80.3,28.6,92.4,0.9
101,21,6.83,43.1,96.8,13.1,94.5,1
101,22,7.24,31.4,72.4,8,90.1,1
101,23,6.73,33.9,73.4,29.1,85.4,1
101,24,6.71,33.8,38,13.4,85.8,1.1
101,25,6.92,47.7,45.4,34.4,83.7,1.1
101,26,7.1,48.9,47,12.2,86.2,1.1
101,27,7.13,34.3,96,25.2,83,1.2
101,28,6.72,40,57.3,30.2,92.4,1.2
101,29,6.79,30.5,79,34.8,90.3,1.2
101,30,6.9,44,104.5,13.6,98.6,1.3
101,31,6.84,30.9,96.1,16.2,88,1.3
101,32,7.5,48.9,105.8,29.8,92.8,1.3
101,33,7.42,34.1,58.5,11,86.7,1.4
101,34,6.78,35.3,85.9,7.4,90.6,1.4
101,35,7.24,36.8,106.5,30.5,88.7,1.4
101,36,7.47,32,60.2,28.6,80.5,1.5
101,37,7.39,33.2,66,9.5,80.3,1.5
101,38,6.88,44.5,89.9,14.2,98.3,1.5
101,39,7.15,41.2,43.6,32.4,92.6,1.6
101,40,6.94,36.9,69,12.3,91.5,1.6
101,41,7.09,39.7,107,17.6,87.2,1.7
101,42,7.48,35,91.1,17.2,82.2,1.7
101,43,6.82,43.7,82.9,13.6,82.4,1.7
101,44,7.48,45.1,39.4,18.8,90.4,1.8
101,45,6.71,48.6,34.6,11.4,83.8,1.8
101,46,7.06,47.6,101.8,28.3,83.3,1.8
101,47,6.97,49.5,63.6,30.8,96.9,1.9
101,48,6.74,36.2,60.2,30.3,81.4,1.9
101,49,6.72,31.3,60.5,25.9,86.1,1.9
101,50,7.26,41.2,56.8,33.8,90.7,2
102,0,7.42,44.3,47.5,22.5,90.9,0.2
102,1,7.07,43.9,73.8,31.8,85.5,0.2
102,2,6.97,42.7,68.3,30.4,89.1,0.3
102,3,6.91,36.6,51.9,7.1,86.9,0.3
102,4,7.03,42.4,96,22.1,93.9,0.4
102,5,7.25,43.5,35.4,10.3,80.8,0.4
102,6,6.88,49.8,49.7,16.9,88.8,0.4
102,7,7.41,37.3,82.1,25.9,89.4,0.5
102,8,7.08,37.2,49.9,5.3,86.9,0.5
102,9,6.79,31.1,36.4,28.7,95,0.5
102,10,7.38,35.6,78,20.6,96.9,0.6
102,11,7.48,32.6,77.3,21.8,93.5,0.6
102,12,6.87,33,78.9,9.5,84.2,0.6
102,13,7.36,48,45.8,20.9,81,0.7
102,14,6.95,47.6,32.5,32.7,92.9,0.7
102,15,7.27,40.7,73.5,21.6,93.4,0.7
102,16,7.02,40.7,54.2,29.6,89.5,0.8
102,17,7.13,41.7,109.8,5,83.2,0.8
102,18,6.9,48.3,86.7,32.5,88.9,0.9
102,19,7.32,39.7,84.6,30.3,86.1,0.9
102,20,6.95,41.8,103.9,8.8,89.5,0.9
102,21,7.4,35.9,83.8,10.7,82.5,1
102,22,6.81,47.1,59.1,6.9,90.3,1
102,23,7.14,42.3,94.9,27.7,84,1
102,24,7.31,34.5,97.5,31.2,81.7,1.1
102,25,7.34,31.8,54.6,25.1,82.3,1.1
102,26,6.93,30.4,90.3,27.2,88.5,1.1
102,27,7.04,41.3,38.4,14.3,89.5,1.2
102,28,7.03,36.9,74.2,25.3,85.7,1.2
102,29,7.49,38.7,62.2,22.7,82,1.2
102,30,6.82,35.6,45.3,22.5,97.6,1.3
102,31,7.21,42.7,31.9,6.6,96,1.3
102,32,6.74,33,89.4,30.3,80.9,1.3
102,33,7.08,39.4,87.2,14.4,96.7,1.4
102,34,7.04,36.7,73.1,12.1,97.3,1.4
102,35,7.35,35.9,73.7,34,95.2,1.4
102,36,6.83,30.8,35.4,32.9,82.2,1.5
102,37,6.92,35.6,99.2,8.8,84.6,1.5
102,38,7.49,32.8,81.3,31.4,84.2,1.5
102,39,7.13,34.8,62.7,9.4,93.5,1.6
102,40,6.97,42.9,80.2,15.9,93.6,1.6
102,41,7.07,37,105.1,5.4,92.9,1.7
102,42,6.91,46.4,69.9,24.9,81.1,1.7
102,43,7.46,44.2,100.7,24.9,85.8,1.7
102,44,6.83,34.3,102.6,7.5,84.2,1.8
102,45,6.84,46.3,46.9,16.9,96.6,1.8
102,46,7.23,46.5,96.9,20.1,83.8,1.8
102,47,7.02,49.5,30.7,31.7,80.1,1.9
102,48,7.18,39.8,78.2,19.8,82.7,1.9
102,49,7.32,43.8,97.5,18.9,91.8,1.9
102,50,7.04,43.7,91.4,31.2,85.9,2
103,0,7.37,46.6,58.1,31.4,92.3,0.2
103,1,7.37,48.2,101,14.7,97.2,0.2
103,2,7.06,44,70.6,25.8,94.3,0.3
103,3,7.09,41.3,46.6,32.1,85.9,0.3
103,4,7.19,31.4,75.5,27.2,98.1,0.4
103,5,7.28,32.1,32.4,5.3,92.1,0.4
103,6,7.15,46.8,101.5,10,85.9,0.4
103,7,6.99,43.1,104.2,23.9,94.3,0.5
103,8,7.17,42.6,54,6.9,90.9,0.5
103,9,7.33,33.3,40.4,19,82.3,0.5
103,10,7.37,40.6,35.5,26,94.2,0.6
103,11,7.1,31.3,48.9,5.1,93.4,0.6
103,12,6.82,42.5,73.9,34.6,92.6,0.6
103,13,7.29,44.1,54,20.8,87.4,0.7
103,14,7.3,38.1,79.9,21.1,89.2,0.7
103,15,6.76,36.5,98.6,7.2,88,0.7
103,16,7.22,39.9,88.5,14.6,92.1,0.8
103,17,7.13,33.4,59.3,28.1,88.8,0.8
103,18,7.48,37.1,33.9,27.8,98.9,0.9
103,19,7.21,41.1,82.9,10.1,95.1,0.9
103,20,6.89,38.1,85.2,16.3,97.3,0.9
103,21,6.99,41.5,96.9,10.8,82.5,1
103,22,6.82,33.1,83.3,12.3,81,1
103,23,7.05,45.3,97.8,8.8,93.9,1
103,24,7.34,38.2,93.5,28,96.7,1.1
103,25,6.74,36.4,65.8,17.2,91,1.1
103,26,7.02,33.3,63.2,13.5,81.4,1.1
103,27,7.4,34.9,57.2,17.5,91.6,1.2
103,28,6.85,46,57.2,19.1,82.5,1.2
103,29,6.86,46.3,87.5,31.3,81.3,1.2
103,30,7.3,38,68.5,11.1,88.1,1.3
103,31,6.91,35,56.2,23.9,98.4,1.3
103,32,7.39,38.8,102.9,29.2,80,1.3
103,33,7.42,38.7,47.9,5.1,81.1,1.4
103,34,7.29,43,55.5,25.6,82,1.4
103,35,7.16,48.7,107.9,6.2,95.3,1.4
103,36,6.76,44.8,102.2,30.1,95.4,1.5
103,37,6.98,49.5,101.2,27.5,90.6,1.5
103,38,7.04,39.3,73.1,25.8,91.5,1.5
103,39,6.98,34.6,33.3,16.1,98.6,1.6
103,40,6.97,44.9,101.2,24.9,82.4,1.6
103,41,7.13,47,96.4,16.2,86.1,1.7
103,42,6.87,33.1,76.8,33.6,90.2,1.7
103,43,7.25,36.9,76.6,16.2,92.6,1.7
103,44,6.76,49.9,60.5,19.5,89.1,1.8
103,45,6.94,35.2,85.8,12.4,90.7,1.8
103,46,7.36,43.7,64.1,30.2,86.7,1.8
103,47,6.96,32.4,56.6,16,83.6,1.9
103,48,7.04,41.4,58.8,6.6,82.7,1.9
103,49,7.22,45.1,54.9,29.3,91.6,1.9
103,50,7.29,46.3,45.1,5.2,80.9,2
104,0,6.72,40.9,98.7,20,99,0.2
104,1,6.87,45.5,63.2,25.3,98.1,0.2
104,2,7.48,36.2,66,12.7,85.6,0.3
104,3,7.3,43.5,30.7,17.5,93.5,0.3
104,4,6.73,44.4,34.1,25.4,93.2,0.4
104,5,7.38,34.8,75.4,27.1,80,0.4
104,6,7.19,43.1,41.9,15.5,97,0.4
104,7,7.02,38.7,60.6,8.6,86.1,0.5
104,8,7.49,35.6,42.7,18.3,88.6,0.5
104,9,6.72,46.6,103.8,20.4,88.9,0.5
104,10,7.12,41.8,49.9,14,95.6,0.6
104,11,6.98,34.4,45.6,6.6,82.5,0.6
104,12,7.11,38.3,96,19.5,98.1,0.6
104,13,7.18,32,55.6,33.7,94.8,0.7
104,14,6.81,37.5,46.8,33.4,83.4,0.7
104,15,7.11,45.6,44.8,32.4,93.5,0.7
104,16,6.83,40.7,52.9,30.9,92.9,0.8
104,17,7.05,48.7,60.1,21.4,93.8,0.8
104,18,7.24,31.2,42.5,19.6,98.3,0.9
104,19,7.35,30.5,54,24,90.5,0.9
104,20,6.74,41.2,104.2,7,97.9,0.9
104,21,6.91,30.6,62,28.5,82.1,1
104,22,7.46,41.4,94.2,12.6,95.4,1
104,23,7.18,34.3,54.5,7.5,95.1,1
104,24,7.07,41.8,43.5,13.7,81.3,1.1
104,25,6.85,35.4,71.1,21.9,82.1,1.1
104,26,7.32,33.1,53.2,9,85.5,1.1
104,27,7.3,48.2,65.6,34.9,95.9,1.2
104,28,6.7,40.1,53,34,90.1,1.2
104,29,6.87,35.9,102.5,31.1,83.8,1.2
104,30,7.03,43.9,98.6,29.8,94.2,1.3
104,31,7.28,43.7,71.6,20.7,83.6,1.3
104,32,7.01,48.5,80.4,30.7,97.6,1.3
104,33,7.24,35.6,60.4,14.4,99,1.4
104,34,6.74,48.8,83.7,24.9,80.6,1.4
104,35,7.24,39.5,75.5,9.5,87.4,1.4
104,36,7.26,34.4,92.1,7,84,1.5
104,37,7.15,46.9,82.4,25.9,88.4,1.5
104,38,7.01,44.8,37.1,33.8,96.3,1.5
104,39,7.09,37.3,41.5,8.7,86.9,1.6
104,40,7.12,43.6,65.7,9.8,94.8,1.6
104,41,7.47,44.1,75.5,22.5,87.7,1.7
104,42,7.32,39.1,58.1,30.6,82.4,1.7
104,43,7.17,49.7,34.7,19.2,83,1.7
104,44,7.2,32.4,100.3,9.6,93.3,1.8
104,45,7.23,44.9,98.4,16.9,97.5,1.8
104,46,7.02,30.2,35.4,17.5,94.1,1.8
104,47,7.08,44.8,36.3,22.2,82,1.9
104,48,7.46,35.9,101.8,29.8,99,1.9
104,49,6.86,39.9,92.2,29.1,89.9,1.9
104,50,6.81,33.6,82.5,17,84.6,2
105,0,7.23,38.4,51,27.1,93,0.2
105,1,7.02,32.4,32.4,17.8,81.7,0.2
105,2,7.06,30.5,47,31.8,80.8,0.3
105,3,6.78,47.7,90,8.9,90.4,0.3
105,4,7.33,40.2,41.1,12.3,81.9,0.4
105,5,7.38,46.4,98.7,16,81.1,0.4
105,6,7.39,33.6,90.8,8.3,98,0.4
105,7,7.41,42.3,59.9,24.2,96.7,0.5
105,8,6.85,35.4,66.9,22.7,92.3,0.5
105,9,7.34,43,34.9,23,90.4,0.5
105,10,7.43,33.9,77.8,17.9,89.7,0.6
105,11,7.3,37.9,86.8,17.4,88.8,0.6
105,12,6.82,31.5,63.9,27.7,89.7,0.6
105,13,7.4,47.1,57,29.5,89.2,0.7
105,14,7.47,48.2,80.4,20.6,92.1,0.7
105,15,6.96,47,82.2,28.6,81.8,0.7
105,16,7.42,48.3,58.9,22,80.1,0.8
105,17,7.07,48.9,53.8,9.2,95.8,0.8
105,18,7.41,49.1,32.8,9.4,93.1,0.9
105,19,7.03,40.1,98.7,17.5,82.6,0.9
105,20,7.46,41.9,70.7,18.6,84.8,0.9
105,21,7.16,45.4,49.3,17.4,84.7,1
105,22,7.36,44.9,62.2,20.3,96.6,1
105,23,6.91,42.9,42.8,23,88.3,1
105,24,7.41,31.8,90.2,22,92.1,1.1
105,25,7.11,46.7,54.6,17.7,95.9,1.1
105,26,7.08,36.7,42.6,14.1,97.9,1.1
105,27,6.99,36,54.2,22.9,83,1.2
105,28,7.43,46.3,98.3,28.7,80.5,1.2
105,29,6.71,48.2,96.7,14.4,89.7,1.2
105,30,7.2,38,66.1,23.4,95.8,1.3
105,31,7.1,38,47.2,19.8,93.2,1.3
105,32,6.79,45.7,92.4,29.1,87.1,1.3
105,33,6.76,35.1,70.2,23.8,93.1,1.4
105,34,7.19,34.8,65.5,27.2,94.7,1.4
105,35,6.93,40.6,101.9,17.8,93.8,1.4
105,36,6.88,36.4,74.6,23.1,89.3,1.5
105,37,7.24,42.7,80.5,10.6,94.3,1.5
105,38,7.27,39.4,31,12.8,80.6,1.5
105,39,7,34.8,36.9,30.4,81,1.6
105,40,6.8,43.2,71.7,5.3,90.9,1.6
105,41,7.35,35.6,51.8,12.4,80.4,1.7
105,42,7.2,45,73.2,8.8,90.8,1.7
105,43,7.31,35,38.2,24.8,96.7,1.7
105,44,7.31,41.1,71,25,80.1,1.8
105,45,7.33,42.2,55,6.4,91.5,1.8
105,46,7.27,48.6,36.8,22,84,1.8
105,47,6.88,36.5,33,34.1,84,1.9
105,48,7.01,35.2,77.8,34,91.9,1.9
105,49,6.75,41.8,91.9,17.1,84.2,1.9
105,50,6.81,40.8,57.1,26,92.3,2
106,0,7.29,32.8,32.6,28.9,88.7,0.2
106,1,6.83,31.4,41,28.6,83.6,0.2
106,2,6.81,41.6,32.1,20.3,82.6,0.3
106,3,7.36,35.6,42.8,11.2,90.7,0.3
106,4,7.16,48.6,31,14.3,93.5,0.4
106,5,6.94,48.4,90.2,25.7,83.5,0.4
106,6,7.37,42.3,66.7,15.1,92.3,0.4
106,7,6.87,32.7,91.9,17.9,91,0.5
106,8,6.93,47.8,103.9,24,95.4,0.5
106,9,7.49,31.9,92.8,10.7,87.7,0.5
106,10,6.98,42.6,51.9,33.9,89.1,0.6
106,11,7.4,48.6,100.4,17.2,90.6,0.6
106,12,7.03,47.9,33.9,31.2,92.7,0.6
106,13,7.09,32.9,101.1,20.7,87.4,0.7
106,14,7.28,33.4,109.1,33.5,95.8,0.7
106,15,7.08,42.1,40.6,15.3,88.6,0.7
106,16,6.92,33.8,84.3,34.3,81,0.8
106,17,7.13,30.8,89.9,8.9,95.1,0.8
106,18,6.76,35.2,48.7,23.4,82.7,0.9
106,19,7.32,34.1,64.3,22,91.7,0.9
106,20,7.29,34.7,76.8,32,83.6,0.9
106,21,7.39,40.8,106.8,21.7,91.9,1
106,22,6.8,44.7,51.7,25.6,93.3,1
106,23,7.41,32.8,59.5,7.7,91.7,1
106,24,6.85,41.7,106.7,19.4,86.1,1.1
106,25,7.46,36.4,86.9,7.9,87.3,1.1
106,26,7.28,37.7,77.5,32.8,96.5,1.1
106,27,6.78,45.2,82.4,9.9,89.9,1.2
106,28,6.82,40.9,33.1,25.2,82.7,1.2
106,29,7.29,30.3,41.3,34.4,90.9,1.2
106,30,6.91,31.1,90,26.1,86.1,1.3
106,31,7.35,34.8,74.5,14.2,93.8,1.3
106,32,7.38,40.1,65.8,20.1,96.9,1.3
106,33,7.05,33.8,36.6,8.4,82.8,1.4
106,34,7.21,30.5,103.9,12.8,83,1.4
106,35,6.96,43.6,73.4,31.1,85.8,1.4
106,36,7.34,38.1,77.7,21.4,80.6,1.5
106,37,7.18,35.3,49.6,11,82.2,1.5
106,38,6.89,42.3,32.8,12,86.8,1.6
106,39,7.14,32.1,42.2,19.9,80,1.6
106,40,7.15,48.5,92.8,14.3,87.7,1.6
106,41,6.85,32.8,73,18.1,86.1,1.7
106,42,6.87,44.7,100,26.2,88.1,1.7
106,43,6.77,35.3,82.2,25.7,81.6,1.7
106,44,7.43,37.5,96.1,26.1,90.4,1.8
106,45,7.04,40,52.6,29.7,85.3,1.8
106,46,7.26,37,58.5,15.4,98.8,1.8
106,47,7.11,45.1,109.5,16,97.4,1.9
106,48,7.32,35.2,89.1,27.8,98.1,1.9
106,49,7.43,40.9,35.7,23.3,96.7,1.9
106,50,7.18,44.3,41,29.3,94.7,2
107,0,7.18,32.4,104.8,31.6,85,0.2
107,1,7.14,32.4,42.6,27.9,85.5,0.2
107,2,7.07,47.6,36.1,23.6,86.6,0.3
107,3,6.77,42.3,62.8,31.9,83,0.3
107,4,6.78,39.3,65.4,27,87.8,0.4
107,5,7.39,41.6,30.1,25.8,97.7,0.4
107,6,7.22,48,75.2,5.3,82.1,0.4
107,7,7.1,49.6,78.2,12,89.2,0.5
107,8,7.27,42.5,105.6,12.5,97.4,0.5
107,9,7.43,48.8,35.7,17.1,93.4,0.5
107,10,6.93,35,67.6,11.8,86.7,0.6
107,11,7.4,45.4,108.1,32.3,96.8,0.6
107,12,7.1,35.5,38.1,19.8,97.8,0.6
107,13,6.84,40.1,91.3,26.6,89.4,0.7
107,14,7.26,45.9,96.6,16.1,94.9,0.7
107,15,7.09,34.2,86.7,20.5,93.5,0.7
107,16,7.28,43,97.7,25.4,90,0.8
107,17,7.3,44.4,50.9,10.8,94.4,0.8
107,18,6.93,37.1,87.8,19.9,89.1,0.9
107,19,6.93,40.9,52.8,33.8,82.1,0.9
107,20,7.13,48.3,30.1,16.4,94.2,0.9
107,21,7.44,31.9,61.4,8.2,82.3,1
107,22,7.29,37.6,108.7,31.5,82.8,1
107,23,7.07,49.9,52.8,11.7,87.8,1
107,24,6.78,42.3,93.1,18.2,88.6,1.1
107,25,6.78,38.7,63.7,25.3,95.7,1.1
107,26,7.26,47.5,102.6,9.2,97.9,1.1
107,27,7.22,44,32.9,11.2,80.7,1.2
107,28,7.05,30.6,90.9,10.5,94.4,1.2
107,29,7.22,34.6,98.4,9.5,98.8,1.2
107,30,6.79,43,108.5,20.1,84.1,1.3
107,31,6.77,41.5,31.3,31.9,89.8,1.3
107,32,6.87,37.6,44.3,34.4,81.7,1.3
107,33,7.44,33.5,109.1,10,81.2,1.4
107,34,6.9,36.7,91.9,12.6,97.9,1.4
107,35,6.8,39.3,51.8,26.8,97.8,1.4
107,36,7.49,41.3,108.1,6.3,97.9,1.5
107,37,6.78,42.2,67.6,23.3,80.7,1.5
107,38,6.94,30.7,83.7,15,80.8,1.6
107,39,7.12,30.8,37.7,28.9,80.1,1.6
107,40,7.37,34.5,94.5,23.8,81.1,1.6
107,41,7.06,45.9,83.8,21,84.6,1.7
107,42,7.11,46.3,87.4,6.8,88.6,1.7
107,43,7.31,43.7,94,24.7,91.6,1.7
107,44,7.16,32.7,48.7,7.5,92.6,1.8
107,45,6.81,47.5,77.8,22.1,96.8,1.8
107,46,7.33,30.7,83.3,6.3,94.1,1.8
107,47,6.86,44.2,88.1,27,82.3,1.9
107,48,6.9,45.6,30.3,11.8,91.6,1.9
107,49,6.76,41.6,52.6,13.7,82.2,1.9
107,50,7.45,48.3,37.1,5.2,90.1,2
108,0,6.93,45.3,109.9,8.4,95.7,0.2
108,1,7.34,34.3,98.5,16.5,81.5,0.3
108,2,7.02,39.6,64.5,15.6,83.6,0.3
108,3,6.93,36.4,53.9,14.6,95,0.3
108,4,6.75,45.7,93.6,27,80.6,0.4
108,5,7.15,30.7,84.8,10.2,86.9,0.4
108,6,7.06,40.6,44.7,33.3,84.2,0.4
108,7,7.23,46.7,77.1,30.1,83.2,0.5
108,8,7.3,37.8,105.5,28.2,84.8,0.5
108,9,7.48,42.5,50.2,16.8,84.3,0.5
108,10,7.24,45.8,76.5,30.3,94.7,0.6
108,11,6.9,36.2,49.3,21.5,93.7,0.6
108,12,6.92,39.9,107.6,26.5,81.9,0.6
108,13,7.18,39.5,84.4,14.6,93.2,0.7
108,14,7.2,32.9,87.7,29.6,93.6,0.7
108,15,7.15,30.3,87.1,24,95,0.7
108,16,6.74,40.7,40.5,28.3,80.4,0.8
108,17,6.81,39.7,91.6,16.5,86.6,0.8
108,18,7.15,48.9,48.7,24.8,87.4,0.9
108,19,7.01,46.4,42,12.6,94.5,0.9
108,20,7.41,44,100.7,31.3,97.3,0.9
108,21,6.96,32.1,82.3,29.9,92,1
108,22,7.27,33.6,52.1,9.9,85.1,1
108,23,7.49,40.2,39.9,21.5,85.8,1
108,24,7.49,46.4,71,27.9,82.4,1.1
108,25,6.92,41.9,32.5,17.1,96.9,1.1
108,26,6.95,38.8,77.9,20.2,85.3,1.1
108,27,6.89,47.6,80.6,31.3,85.2,1.2
108,28,6.76,44.4,72.2,7.7,84.6,1.2
108,29,6.99,41.1,53.8,24.5,92.1,1.2
108,30,7.25,49.1,93.7,12.5,96.1,1.3
108,31,7.27,46.1,43.4,5.3,98,1.3
108,32,7.01,38.1,100.6,20.8,94.3,1.3
108,33,7.47,44.5,90.4,19.2,92.2,1.4
108,34,7.34,42.7,48.7,27.5,94.8,1.4
108,35,7.33,32.3,40.4,8.8,80.1,1.4
108,36,7.45,46.4,82.2,25.5,93.2,1.5
108,37,6.9,30.1,106.5,34.5,85.4,1.5
108,38,7.4,45.7,69.5,23.9,96.4,1.6
108,39,7.48,43,31.5,15.5,85.1,1.6
108,40,7.38,35.3,39.1,29.8,94.3,1.6
108,41,7.15,42.2,78.9,34,89.4,1.7
108,42,7.09,46.9,85.2,30,90.9,1.7
108,43,6.83,49.8,84.9,5.5,95.1,1.7
108,44,7.35,34,96.3,15.6,97.8,1.8
108,45,6.91,31.4,103.9,30.8,89.9,1.8
108,46,7.18,35.3,48.8,14.4,98.4,1.8
108,47,6.89,43.4,72.7,19.5,88.2,1.9
108,48,7.33,38.4,94.3,24.3,87.7,1.9
108,49,7.37,39.6,93.1,6.3,97.9,1.9
108,50,7.46,35.9,71.3,16.7,88.1,2
109,0,6.93,44.9,87.2,11.6,99,0.2
109,1,7.44,41.3,65,25.3,80.8,0.3
109,2,6.82,43.9,69.7,17.1,94,0.3
109,3,7.24,35.5,75.7,29.2,92.5,0.3
109,4,7.23,45.8,89.1,21.8,92.4,0.4
109,5,6.9,43.5,66.7,22.1,82.4,0.4
109,6,6.75,31.5,35.6,28.7,86.8,0.4
109,7,6.74,34.4,85.6,23.7,81.7,0.5
109,8,7.06,42.3,35.9,33.3,89.9,0.5
109,9,7.02,45.4,65.9,16.3,91,0.5
109,10,7.13,31.8,34.8,27,82.7,0.6
109,11,7.29,45.1,65.5,16.1,97,0.6
109,12,7.09,36.5,103.8,19.1,82.9,0.6
109,13,7.41,44,44,31.6,88.4,0.7
109,14,7.16,45.7,75.2,33.1,81,0.7
109,15,7.38,47.4,45.5,11.4,93.7,0.7
109,16,7.02,46,62,11.8,92.3,0.8
109,17,7.37,45.1,59.3,7,94.2,0.8
109,18,6.99,41.9,66.6,28.1,85.3,0.9
109,19,7.14,43.2,71.5,12.3,83.4,0.9
109,20,7.44,36.4,54.1,12.4,92.2,0.9
109,21,7.48,48.2,39.7,12.8,86.8,1
109,22,6.92,41.2,81,12.5,90.4,1
109,23,7.07,37.4,52,30.2,93.5,1
109,24,7.48,30.4,108.8,9.3,90,1.1
109,25,7.01,42.4,69.6,33.1,86.6,1.1
109,26,6.95,49.6,67.6,21.5,98.5,1.1
109,27,7.05,44.8,98.4,19.2,92.5,1.2
109,28,7.39,34.5,108.1,26.7,95.8,1.2
109,29,6.78,43.3,82.6,12.5,98.9,1.2
109,30,7.39,37.1,35.5,19.5,88.6,1.3
109,31,6.71,35.7,100.1,21.6,92.9,1.3
109,32,7.16,39,104.7,10.1,85.9,1.3
109,33,7.28,34.3,47,12.6,84.9,1.4
109,34,7.47,31.6,77.6,33.8,85.8,1.4
109,35,6.78,35.6,56.4,22.1,82.8,1.4
109,36,7.27,45.3,43.9,20.1,82.6,1.5
109,37,7.2,30.7,60.9,8.8,80.2,1.5
109,38,6.97,47.8,52.7,33.3,85.5,1.6
109,39,6.87,40.4,100.5,13.1,84.1,1.6
109,40,7.18,33.9,97.7,19.8,94.8,1.6
109,41,7.22,35,104.4,18.9,84.2,1.7
109,42,6.84,32,45.8,10.5,89.2,1.7
109,43,6.75,37,59.2,26.9,90.4,1.7
109,44,7.14,43,66.1,8.9,82.8,1.8
109,45,7.24,30.7,97.6,25.9,91.4,1.8
109,46,7.01,48.7,109.9,27.3,84.1,1.8
109,47,7.09,38.6,59,20,82.6,1.9
109,48,6.94,41.7,101.5,7,85.1,1.9
109,49,7.49,43.7,100.4,26,91.5,1.9
109,50,7.02,42.6,44.1,25.7,91.7,2
110,0,7.44,38.6,95.4,19.7,86.7,0.2
110,1,7.3,32.1,34.6,8.3,91.7,0.3
110,2,7.23,38.5,101.8,21.9,90.7,0.3
110,3,7.49,39.8,101.6,33,96.1,0.3
110,4,7.25,34.8,54.8,20.6,81.4,0.4
110,5,6.88,42.8,96.6,23.6,92,0.4
110,6,7.49,43.7,80.9,14.2,90.1,0.4
110,7,7.09,33.7,48.9,10.6,87.1,0.5
110,8,7.12,31.7,69.6,33.4,83.2,0.5
110,9,6.94,32.2,49.1,15.2,81.1,0.5
110,10,6.91,45.5,47.8,14.9,88.3,0.6
110,11,7.11,37.2,104.4,34.3,90.2,0.6
110,12,7.34,32.1,86.8,11.7,90.9,0.6
110,13,7.24,43.3,87.1,5.7,85.8,0.7
110,14,7.19,45.4,67.3,30.8,90.7,0.7
110,15,7.18,38.6,32.9,30.9,90.4,0.7
110,16,7.2,44.8,83.3,32.6,84.3,0.8
110,17,6.88,38.1,109.1,16.6,85.1,0.8
110,18,6.86,37,59.1,25.6,95.7,0.9
110,19,7.18,48.4,86.5,12.2,80.9,0.9
110,20,7.33,47.6,65.1,18.8,95.5,0.9
110,21,7.45,36.3,91.3,32.8,96.6,1
110,22,7.39,32.4,34.8,7.7,81.9,1
110,23,6.87,48.5,75.9,15,86.9,1
110,24,6.85,46.6,48.4,14.6,83.2,1.1
110,25,6.91,42.8,36.2,15.3,93.8,1.1
110,26,6.84,35.6,62.9,14.2,86.4,1.1
110,27,7.48,40.1,96.3,9.4,92,1.2
110,28,7.07,38.8,47.3,9.1,84.9,1.2
110,29,7.01,46.8,45.4,31.9,91.5,1.2
110,30,7.05,31.7,75.1,20.5,91,1.3
110,31,6.73,37.8,101.1,17.5,80.1,1.3
110,32,6.74,36.2,56.7,14.8,96,1.3
110,33,7.29,48.3,74,18.7,92.9,1.4
110,34,7.33,47.2,73.5,29.5,84.5,1.4
110,35,6.94,41.6,49,17.7,83.3,1.4
110,36,7.45,40,44.1,8,81.7,1.5
110,37,7.43,32.7,96.4,24,83.2,1.5
110,38,7.13,30.8,63.2,10.2,82.6,1.6
110,39,6.88,33.3,108,28.4,86.4,1.6
110,40,7.28,35.4,57.3,27.8,90.3,1.6
110,41,6.83,47.4,70.8,27.9,90.5,1.7
110,42,6.77,40.5,109,10.9,84.4,1.7
110,43,7.12,48.3,75.1,21.1,91.9,1.7
110,44,7.07,46.6,99.5,29,95.8,1.8
110,45,7.24,46.1,108.3,9.2,89,1.8
110,46,6.92,34.3,87.4,14.1,83.6,1.8
110,47,6.91,34.7,30.1,29.2,89.5,1.9
110,48,6.95,38.9,50.5,32.9,90.9,1.9
110,49,7.25,30.9,40.5,23.4,86.7,1.9
110,50,7.13,31.8,48.3,6.1,92.8,2
111,0,7.14,44.7,52.2,25.5,82.8,0.2
111,1,7.27,34.5,45.7,13.4,86.2,0.3
111,2,7.42,40.6,94.2,17.5,90.7,0.3
111,3,7.18,44.9,81.1,6.7,98.2,0.3
111,4,7.3,37.9,105,34.6,96.6,0.4
111,5,6.73,42.5,70.4,13.2,93.9,0.4
111,6,7.15,44,57.8,19,93.6,0.4
111,7,7.09,49.4,101.5,33.6,90.2,0.5
111,8,6.87,42.1,45.2,6.8,98.1,0.5
111,9,7.27,34.6,106,25.1,88.1,0.5
111,10,6.83,36.2,61.6,25.9,80.5,0.6
111,11,7.11,42.9,51.7,26.1,95.3,0.6
111,12,7.05,38.7,76.7,26.8,91.8,0.6
111,13,6.77,42.2,43.5,30.9,90.5,0.7
111,14,7.22,32.6,82.2,10.7,87.8,0.7
111,15,6.95,31.1,100.3,25.9,96.6,0.7
111,16,7.06,49.3,40.4,7.8,80.1,0.8
111,17,7.04,46.8,56.1,32.9,86.2,0.8
111,18,6.99,36.1,83.9,18.4,89.7,0.9
111,19,6.83,36.2,40,10.3,80.4,0.9
111,20,7.46,40,98.2,6.8,95.7,0.9
111,21,6.79,35.5,44.3,28.5,98.4,1
111,22,7.48,44.8,45.1,19.5,89.3,1
111,23,7.39,40.8,30.8,25.4,95.3,1
111,24,6.79,47.4,61.9,22.2,84.6,1.1
111,25,6.85,36.7,39.2,15.2,90.5,1.1
111,26,7.11,37.4,99.3,23.2,83.8,1.1
111,27,6.72,47.4,56.8,11.4,82.2,1.2
111,28,7.23,35.1,30.1,24.6,87.5,1.2
111,29,7.05,48.7,70.7,12.4,81.5,1.2
111,30,7.25,30.6,54,5.3,95.7,1.3
111,31,7.09,42.3,81.9,6.7,91.4,1.3
111,32,7.15,47.4,86.5,13.8,85.4,1.3
111,33,6.72,30.4,94.2,12.5,93.5,1.4
111,34,7.27,31.2,41.1,6.4,98.3,1.4
111,35,6.95,30.2,68.9,34.5,87.4,1.4
111,36,6.94,32.5,68.1,5.2,97.3,1.5
111,37,7.19,47.6,76.7,14.3,96.2,1.5
111,38,7.06,41.1,69,19.4,93.7,1.6
111,39,6.86,34.3,59.6,6.2,97.5,1.6
111,40,6.92,39.5,77,26.3,82.7,1.6
111,41,6.76,31.6,103.5,26.2,96.5,1.7
111,42,6.8,38.1,55.6,28,92.4,1.7
111,43,6.76,47.6,55.3,16.3,97.5,1.7
111,44,7.22,31.4,93.4,12.3,80.1,1.8
111,45,6.88,33.4,106.6,34.5,86.6,1.8
111,46,7.3,36.1,47.9,10.8,87.5,1.8
111,47,7.01,35.3,73,32.2,87.3,1.9
111,48,7.23,42,91.1,33.1,92.3,1.9
111,49,7.17,47.7,103,34.6,96.7,1.9
111,50,6.98,37.4,32.9,16.5,89.9,2
112,0,7.49,45.7,74.9,25.1,88.5,0.2
112,1,7.04,40.4,37.2,29.2,95.7,0.3
112,2,6.92,36.3,82.5,29.9,89.7,0.3
112,3,7,49.8,95.4,33.1,95.1,0.3
112,4,7.4,31.8,42.9,13.7,94.4,0.4
112,5,6.89,44.2,34.5,18.8,81.8,0.4
112,6,7.5,49.6,32.2,25.8,83.1,0.4
112,7,7.21,42,51.9,10.1,80.8,0.5
112,8,7.46,38.7,41.7,23.3,91.4,0.5
112,9,7.21,40.5,63.5,23.4,82.1,0.5
112,10,6.71,36.2,49.1,19.5,85.5,0.6
112,11,6.81,46.4,64.6,15.3,88.7,0.6
112,12,6.74,34.8,94.8,15.3,90.9,0.6
112,13,7.17,43.1,49.1,18,83,0.7
112,14,7.06,35.6,40.9,19.5,85.8,0.7
112,15,7.04,49.7,88.8,10.6,83.1,0.7
112,16,6.84,49.7,87.7,21.3,93.5,0.8
112,17,7.06,34.2,66,18.1,95.2,0.8
112,18,7.44,30.1,62.3,18.5,88.4,0.9
112,19,7.37,38.3,105.2,32.8,97.6,0.9
112,20,6.71,38.2,74.6,27.4,91.2,0.9
112,21,7.42,35.5,60.4,14.6,86.7,1
112,22,7.46,39.7,65.3,29.9,89.4,1
112,23,7.41,33.3,95.6,10.9,92.4,1
112,24,7.18,45.2,38.3,6.6,95.4,1.1
112,25,6.72,49.5,98.1,33.1,84.3,1.1
112,26,7.42,31,40.4,15.2,86.2,1.1
112,27,7.26,31.7,41,24.3,87.2,1.2
112,28,7.3,34.1,101.2,18.7,94,1.2
112,29,7.02,49,58.4,15.6,93.4,1.2
112,30,6.92,36.8,97.4,10.4,80.1,1.3
112,31,6.82,35.9,34.9,17.7,82,1.3
112,32,6.95,35.5,72.7,16.1,90,1.3
112,33,6.76,40.6,107.6,18.4,82.9,1.4
112,34,7.34,35.7,101.2,6.3,82,1.4
112,35,7.41,42.4,66.2,6.1,86.3,1.4
112,36,7.18,48.6,86.7,12.1,93,1.5
112,37,6.86,46.6,47.5,12.9,89.6,1.5
112,38,6.95,39.6,58.8,7.7,86.4,1.6
112,39,7.24,46.5,43.7,23.3,86.3,1.6
112,40,7.27,43.9,67.4,14.9,93,1.6
112,41,6.71,34.4,32.2,26,96.7,1.7
112,42,7.17,49.6,82.3,20,88.4,1.7
112,43,7.13,45.7,76.4,19,84.6,1.7
112,44,6.87,48.8,45.7,17.7,94.6,1.8
112,45,6.84,35.7,98.3,30,92.9,1.8
112,46,7.34,34.2,96.2,13.8,87.5,1.8
112,47,7.45,36.5,68.7,20.3,83.7,1.9
112,48,6.76,44.2,79.9,11.4,91.4,1.9
112,49,6.95,36.2,108.3,26.8,82.7,1.9
112,50,7.49,39.2,61.9,8.2,84.4,2
113,0,6.96,37.6,80,16.2,95.7,0.2
113,1,7.06,40.5,85.7,9.6,85.4,0.3
113,2,7.39,38,85.9,18.7,88.3,0.3
113,3,6.77,35,98.4,16.4,83.3,0.3
113,4,7.49,36.2,96.2,32.2,86.8,0.4
113,5,7.08,40.3,87.2,25.8,86.7,0.4
113,6,7.05,31.7,81.9,14.8,92.5,0.4
113,7,7.14,42.2,48.7,8.7,93.6,0.5
113,8,7.12,32.9,88.4,33.2,84.9,0.5
113,9,6.89,39.8,42.8,19.1,87.9,0.5
113,10,6.95,38.1,50.6,15.3,88.2,0.6
113,11,7.05,34.7,79,7.6,85.7,0.6
113,12,7.28,38.9,75.5,24.3,80.1,0.6
113,13,7.24,42.1,44.6,13.3,81.2,0.7
113,14,6.92,43.6,101.6,11.4,89.5,0.7
113,15,6.79,41.8,35.6,24.9,82.2,0.7
113,16,7.35,49.1,70.6,28.3,88.2,0.8
113,17,6.99,33.3,63.9,14.2,92.1,0.8
113,18,7.08,49.6,32.5,13.4,87.8,0.9
113,19,6.73,49.6,81.4,11.3,97.2,0.9
113,20,7.35,44.4,82.2,31.5,96.1,0.9
113,21,7.42,36.4,103.9,21.2,83.3,1
113,22,7.46,46.3,52,20.7,83.8,1
113,23,7.13,48.2,106.1,22.8,85.2,1
113,24,6.84,34.6,96.8,22.1,83.1,1.1
113,25,7.14,32.1,43.8,14.7,97.6,1.1
113,26,7.35,37.8,79.7,9.6,99,1.1
113,27,7.34,34.7,59.6,34.4,94.4,1.2
113,28,6.97,46.8,95.4,30.8,84.2,1.2
113,29,7.38,34,35.8,11.9,88.9,1.2
113,30,6.87,47.3,98.6,17.1,87.1,1.3
113,31,7.47,46.4,61.6,15.1,83.6,1.3
113,32,7.28,45.5,64.5,15.8,88.8,1.3
113,33,7.24,43.9,88.3,32.2,87.4,1.4
113,34,7.32,49.2,36.8,32,80.1,1.4
113,35,6.7,44.6,87.3,26.7,96.3,1.5
113,36,7.43,36.7,79.3,12.9,92,1.5
113,37,6.78,41.1,59.5,22.1,94.6,1.5
113,38,6.79,32.3,90.6,11.5,88.1,1.6
113,39,7.47,36.4,86.9,32.7,89.1,1.6
113,40,7.08,35.3,36,8.3,94.7,1.6
113,41,6.85,32,52.6,33.7,86.9,1.7
113,42,7.05,36.5,46.3,18.7,97.4,1.7
113,43,7.11,30.4,73.6,14.1,85.1,1.7
113,44,7.46,30.1,44.3,7.6,89.4,1.8
113,45,6.93,48.9,68.5,20.5,88.4,1.8
113,46,7,47.2,51.2,15.1,83.1,1.8
113,47,7.34,47.6,108.6,34.8,84.4,1.9
113,48,7.28,33.6,48.5,32.2,98.1,1.9
113,49,7,35.9,60.5,5.1,81.7,1.9
113,50,7.07,32.5,84.3,14.1,82.6,2
114,0,7.21,43.1,102.8,29.3,88.3,0.2
114,1,7.25,44,80.9,25.7,81.6,0.3
114,2,7.14,43.3,91.8,6.2,81.5,0.3
114,3,7.34,45.6,100.2,27.6,88.7,0.3
114,4,7.02,34.6,38.1,14.6,82.2,0.4
114,5,6.73,30.1,91,20.6,81.5,0.4
114,6,7.2,37.4,44.6,25.2,87.2,0.4
114,7,6.99,47.3,102.4,30.7,98.4,0.5
114,8,7.08,34,77.3,23.8,82.8,0.5
114,9,7.07,36.6,101.8,32.7,94.9,0.5
114,10,7.09,32.9,53.5,31.2,84.2,0.6
114,11,7.47,47.3,105.4,19.3,91.7,0.6
114,12,6.71,39.5,84.1,9.1,80.3,0.6
114,13,7.14,45.6,48.2,30.6,97.6,0.7
114,14,7,39.1,90.5,21.6,98.3,0.7
114,15,7.07,45.9,47.4,19.9,81.5,0.7
114,16,6.91,48.1,98.7,11.8,80.4,0.8
114,17,7.12,41.3,105.8,10.9,81.5,0.8
114,18,7.23,31.8,47.5,32.7,94.1,0.9
114,19,6.89,33.5,95.6,22.3,90.1,0.9
114,20,6.75,32.9,58.1,15.1,98.5,0.9
114,21,7.02,35.9,62.2,7.5,97.4,1
114,22,6.71,36.6,76.4,32.5,98.5,1
114,23,7,33.4,71,6.3,90.1,1
114,24,7.08,48.4,65.7,27.3,81.8,1.1
114,25,7.03,32.9,73.2,19.5,97.7,1.1
114,26,6.8,34.1,85.3,19.9,86,1.1
114,27,6.98,48.3,48,24.2,96.4,1.2
114,28,6.89,43.1,92.7,12.7,89.7,1.2
114,29,7.05,42.3,87.5,20.8,89,1.2
114,30,7.34,45.5,45.4,10.6,87,1.3
114,31,7.25,44.3,67.2,8.5,90,1.3
114,32,7.13,46,93.5,7.7,85,1.3
114,33,7.24,31.4,96.4,28.2,94.4,1.4
114,34,7.45,45,37,34.4,82.3,1.4
114,35,6.79,48.5,51.3,5.6,85,1.5
114,36,7.48,39.3,76.5,24.1,98,1.5
114,37,7.07,44.4,73.7,26.5,83.8,1.5
114,38,7.18,34.5,108.9,23.6,96.1,1.6
114,39,7.34,49.2,55.4,15.5,86.2,1.6
114,40,7.03,48,72,23.5,89.8,1.6
114,41,7.25,32.7,31.1,33.5,92.6,1.7
114,42,7.46,44.8,48.1,22,80.4,1.7
114,43,6.87,47.7,108.3,20.5,81.3,1.7
114,44,7.02,44.5,80.9,12.8,98.1,1.8
114,45,7.01,46.8,88.9,9.2,94.8,1.8
114,46,7.08,42.8,64.4,16.7,93.4,1.8
114,47,7.37,31.1,77.8,27.6,87.4,1.9
114,48,6.87,40.7,108.9,9.1,93.4,1.9
114,49,6.95,32.7,79.6,29.1,82.9,1.9
114,50,6.89,47.7,60.3,34.7,97.5,2
115,0,7.01,31.9,47,19.3,96.8,0.2
115,1,7,38.6,97.1,14.1,95.8,0.3
115,2,7.18,48.5,100.9,26.7,98.4,0.3
115,3,7.38,44.8,109.2,19.2,94.8,0.3
115,4,6.84,42.7,52.1,29.5,82.9,0.4
115,5,7.01,41,59.5,30.4,82.6,0.4
115,6,6.86,32.7,72.6,8.1,89.4,0.4
115,7,7.24,38,79,13.2,81.9,0.5
115,8,7.07,35.3,40.9,24.9,93,0.5
115,9,6.95,30.9,33.1,28.2,88,0.5
115,10,6.81,30.1,105.7,27.1,96.5,0.6
115,11,7.25,31,47.6,30.4,97.5,0.6
115,12,7.45,40.6,109.3,14.1,85.2,0.6
115,13,7.48,40.6,99.6,24.2,93.7,0.7
115,14,7.14,35.8,72.7,8.1,90.8,0.7
115,15,7,47.4,94.1,28.9,90.4,0.7
115,16,7.14,42.4,39.9,34.1,94.3,0.8
115,17,7.01,30.9,99.3,21,87.9,0.8
115,18,7.14,31.8,86.4,18,90.5,0.9
115,19,7.28,46.3,98.3,21.9,94.9,0.9
115,20,7.32,40.3,48,21.6,86,0.9
115,21,6.88,39.3,55.4,14.7,90.3,1
115,22,7,37.7,56.1,31.1,85.1,1
115,23,6.81,48.3,102.1,6.4,90.4,1
115,24,7.3,39.1,52.9,31.2,98.3,1.1
115,25,6.98,36.1,69.6,11,90.8,1.1
115,26,7.26,48.7,66.4,14.9,87.2,1.1
115,27,7,36.6,50.1,16.9,81.3,1.2
115,28,6.95,36,81.4,19,90.6,1.2
115,29,6.83,39,97.4,23.7,92.9,1.2
115,30,6.84,46,93.5,32.9,84.2,1.3
115,31,7.12,46.3,70.5,12.4,94.1,1.3
115,32,7.13,30.1,35.2,24.8,88.1,1.3
115,33,7.36,36.6,53.2,7.9,95,1.4
115,34,6.73,34.9,66.4,15.2,96.8,1.4
115,35,7.43,41.5,109.3,22,97.5,1.5
115,36,7.06,43.2,84.8,16,98.9,1.5
115,37,7.33,49.8,82.1,32.4,93.3,1.5
115,38,7.03,37.2,79.5,29.1,92.5,1.6
115,39,6.91,46.6,81.5,31.8,83.6,1.6
115,40,6.72,38,31.1,15.9,90.8,1.6
115,41,7.06,35,63.2,12.7,87.1,1.7
115,42,7.27,49.5,37.9,30.6,92.3,1.7
115,43,7.16,31.1,106.8,23.4,82.4,1.7
115,44,7.25,34.6,83.6,33.6,92.6,1.8
115,45,7.49,32.8,98.7,19.1,81.1,1.8
115,46,6.73,37.9,30.2,16.6,83.4,1.8
115,47,6.77,30.3,34.9,9.5,88,1.9
115,48,7.04,47.9,98.3,6.1,84.5,1.9
115,49,7,43.8,36.3,9,85.4,1.9
115,50,7.44,42.8,89.4,27.6,90,2
116,0,7.1,41.2,53.3,22.4,92.9,0.2
116,1,6.71,34.9,65.7,30.8,90.4,0.3
116,2,7.24,38,53.2,13.4,92.4,0.3
116,3,7.43,34.7,59.6,34.5,80.7,0.3
116,4,6.89,37.9,56.2,20.1,82.2,0.4
116,5,7.18,34.9,51.8,25.9,98.9,0.4
116,6,7.44,44.7,65,28.4,87.7,0.4
116,7,7.43,44.4,79.4,15.2,85.5,0.5
116,8,7.04,48.9,89.2,13.7,87.2,0.5
116,9,7.35,32.1,102.6,21.4,82.5,0.5
116,10,6.87,30.4,92.6,18.4,94.4,0.6
116,11,7.48,46.3,63.3,34.1,85.1,0.6
116,12,6.94,46.9,31.4,23.9,98.6,0.6
116,13,7.4,38.6,94.4,14.1,81.4,0.7
116,14,7.18,39.8,38.5,31.4,86.7,0.7
116,15,6.85,41.8,107.1,34.7,81.9,0.7
116,16,7.11,30.2,43.2,33.9,94.4,0.8
116,17,7.17,42.3,54.6,25.1,89.7,0.8
116,18,6.92,34.1,35.7,16.6,96,0.9
116,19,7.49,32.6,78.6,19.5,87.5,0.9
116,20,6.82,48.6,60.5,28.1,93.5,0.9
116,21,7.23,49.6,100.9,22.4,84.3,1
116,22,6.78,43.3,99.2,22.9,92.4,1
116,23,7.36,47.1,38.2,17,92.3,1
116,24,7.11,41.5,69,32.5,96.7,1.1
116,25,7.24,45.8,100.5,18.4,90.3,1.1
116,26,7.42,33.5,59,11,89,1.1
116,27,7.03,35,47.2,19.3,98.3,1.2
116,28,7.22,40,47,5.5,89,1.2
116,29,7.17,30.6,36.3,5.2,95.5,1.2
116,30,7.44,39.3,79.3,29.2,94.4,1.3
116,31,7.5,30.2,39.7,18.5,90.6,1.3
116,32,6.87,30.4,45.5,23,81.7,1.3
116,33,6.81,32.9,58.1,16.2,80.2,1.4
116,34,7.4,48.9,97.8,22.2,92.2,1.4
116,35,7.06,45.5,46.9,16.4,84.9,1.5
116,36,7.42,40.4,46.1,17.9,85.3,1.5
116,37,7.03,48.2,44,16.5,90,1.5
116,38,7.43,47.5,32.2,34.1,92.7,1.6
116,39,7.14,35.9,52.8,28.9,92.4,1.6
116,40,7.19,41.9,40,11.4,92,1.6
116,41,7.35,41.5,74.9,28.8,98.7,1.7
116,42,7.14,35.7,87.2,9.3,80,1.7
116,43,7.02,36.7,103.5,22.6,95.2,1.7
116,44,7.19,48,33.7,14,96.5,1.8
116,45,6.97,42.6,102.2,18.3,92.1,1.8
116,46,7.18,44.5,63.9,24.6,81.8,1.8
116,47,6.82,43.2,66,30,97.7,1.9
116,48,7.38,38.1,39.5,14.7,85.6,1.9
116,49,7.09,47.1,77.1,28.2,95.6,1.9
116,50,6.99,34.4,56.5,10.1,92.5,2
117,0,6.75,46.2,53.5,34.5,82.5,0.2
117,1,7.06,44.6,97.6,31.3,86.8,0.3
117,2,7.01,45.8,96.9,9.3,86.2,0.3
117,3,7.21,49.6,73.8,7.7,97.4,0.3
117,4,6.79,43.6,46,9.3,87.6,0.4
117,5,7.1,30.5,78.8,31.3,85.9,0.4
117,6,6.89,37.1,41.5,16.6,82.7,0.4
117,7,6.79,35.3,33,14.4,83.4,0.5
117,8,7.21,35.5,106.7,27.4,81.6,0.5
117,9,7.49,47.9,94.2,20.2,90.9,0.5
117,10,6.93,38.2,52.4,22.6,83.8,0.6
117,11,6.89,32.6,67.4,28.4,92.3,0.6
117,12,7.5,37.8,84.3,32.3,88.2,0.6
117,13,7.02,31,34.9,6.8,80.3,0.7
117,14,7.15,39.9,73.8,14.7,89.4,0.7
117,15,6.96,34.5,102.4,12.2,93.7,0.7
117,16,7.42,47.3,104.5,26.9,84.5,0.8
117,17,6.93,33.8,39.1,21.6,90,0.8
117,18,6.78,45.6,65,6.4,92.4,0.9
117,19,7.16,34.4,109.5,29.5,85.1,0.9
117,20,6.74,33.8,32.4,31.2,86.1,0.9
117,21,6.97,47.7,79.5,31.9,82.5,1
117,22,6.71,49,67,13.1,89.7,1
117,23,7.3,30.7,69.9,31.9,92.3,1
117,24,7.05,36.2,72.4,7.1,98.6,1.1
117,25,7.14,48.4,54.8,24.4,88.5,1.1
117,26,7.18,30.9,93.6,12.7,89,1.1
117,27,6.97,45.8,89.6,34.4,94.6,1.2
117,28,7.09,48.5,79.2,34.2,86.1,1.2
117,29,7.03,46.3,88.7,21.3,81.4,1.2
117,30,7.39,48.6,69.2,18.5,94.7,1.3
117,31,7.02,49.9,38.2,21,94.4,1.3
117,32,6.74,34.6,45.6,18.2,81.7,1.3
117,33,7.07,41,104.6,34.1,82.9,1.4
117,34,6.82,34,102.6,12.9,81,1.4
117,35,7.41,49.3,95.5,12.6,86.1,1.5
117,36,7.09,37.4,52.4,15.2,85.7,1.5
117,37,7.09,32.8,86.7,23.3,86.5,1.5
117,38,6.73,34.9,85.1,25.1,97.5,1.6
117,39,7.28,41.9,54.2,6.4,95.8,1.6
117,40,6.8,32.5,69.7,26.2,91.2,1.6
117,41,6.73,33.7,78.4,6.1,96.8,1.7
117,42,6.9,32.9,61.4,18.8,97.3,1.7
117,43,7.31,47.4,31.6,13.1,88.3,1.7
117,44,7.44,43.8,87.3,24.1,97.1,1.8
117,45,6.76,39.3,49.5,26.8,85.8,1.8
117,46,6.97,49.7,34.7,7.8,92.4,1.8
117,47,7.25,47.1,62.2,17.6,87.6,1.9
117,48,7.37,49.3,93,9.5,86.4,1.9
117,49,6.99,35.2,55.7,13.9,85.1,1.9
117,50,7.25,50,83.7,26,94,2
118,0,6.74,34.5,35.2,31.2,98.7,0.2
118,1,7.26,48.1,43.8,22.4,86.6,0.3
118,2,7.2,40.8,78.4,21.7,92.5,0.3
118,3,7.41,42.2,53.7,26,90.8,0.3
118,4,6.81,41.8,98.7,5.3,85.2,0.4
118,5,7.04,41.4,48.1,10.7,83.1,0.4
118,6,6.74,40.8,106.4,7.2,91.4,0.4
118,7,6.99,50,98.9,33,97.7,0.5
118,8,6.85,44,109.1,18.9,86.1,0.5
118,9,6.86,30.9,57.7,12.2,85.9,0.5
118,10,6.76,46.6,69.3,23.6,88.9,0.6
118,11,6.97,37.9,79.2,13.7,96.5,0.6
118,12,7.25,36.3,105.5,18.7,85.2,0.6
118,13,7.26,30.5,73.9,10.8,96.9,0.7
118,14,7.2,48.4,87,24.1,88.6,0.7
118,15,7.14,39,44,28.9,82.9,0.7
118,16,7.31,34.4,65.7,16,92.1,0.8
118,17,7.18,31.1,33.2,15.8,97.8,0.8
118,18,6.8,43.4,106,9.1,81.1,0.9
118,19,7.36,30.4,100.2,32.2,84.3,0.9
118,20,7.29,46.7,46,19.2,97.4,0.9
118,21,7.26,38.1,58.8,24.1,84.4,1
118,22,7.44,45.5,49.9,7.7,94.6,1
118,23,7.03,37,78.1,27.6,85.3,1
118,24,7.29,36.6,62.7,18.9,94.9,1.1
118,25,6.73,38.6,103.9,28.2,89.5,1.1
118,26,7.35,44.1,45.8,27.6,92.2,1.1
118,27,7.14,42.5,105.2,28.7,94.7,1.2
118,28,7.17,41.8,78.1,26.8,89.8,1.2
118,29,6.74,45.5,53,17.8,82.4,1.2
118,30,7.2,43.4,102.8,33,98,1.3
118,31,7.35,44.8,43.3,31.6,82.1,1.3
118,32,6.93,45.6,53.6,7.3,96.8,1.3
118,33,7.44,44.1,64.6,21.7,91.7,1.4
118,34,6.92,46.8,57.5,12.4,83.6,1.4
118,35,7.14,38.7,98.5,11.6,82.3,1.5
118,36,7.09,43.5,78.5,28,80.9,1.5
118,37,6.89,47.1,37.6,7.4,84.4,1.5
118,38,7.03,37.5,102,33.7,94.7,1.6
118,39,7.45,30.5,80.9,30.8,82.1,1.6
118,40,7.34,46,99.5,24.2,81.9,1.6
118,41,7.35,46.4,65.5,12.9,82.1,1.7
118,42,6.81,47.1,90,25.4,80.7,1.7
118,43,6.81,38.2,88.8,28.1,94.8,1.7
118,44,7.32,46.8,90.2,28.1,87.4,1.8
118,45,6.85,33.6,76.6,5.7,87.9,1.8
118,46,7.04,33.7,73.8,20.2,94.2,1.8
118,47,7.41,35.8,69,24.6,88.3,1.9
118,48,7.08,42.6,86.4,7,87.8,1.9
118,49,7.3,37.5,45.4,27,81.7,1.9
118,50,7.38,36.3,78.3,22.5,90.6,2
119,0,7.46,32.8,69.1,16.9,82.6,0.2
119,1,6.99,30.3,82.4,8.9,90.2,0.3
119,2,7.1,48.6,90.3,11.1,96.5,0.3
119,3,6.94,33.2,57.3,24.8,98,0.3
119,4,6.96,40.8,98.4,29.3,89.5,0.4
119,5,7.33,39.2,40.8,29.9,83.8,0.4
119,6,7.15,48.8,91.3,15.9,80.3,0.4
119,7,6.72,37.8,44.2,27.5,85.4,0.5
119,8,6.89,37,83.6,6.9,90,0.5
119,9,6.94,38.1,34.1,29.8,80.8,0.5
119,10,7.42,36.5,88,19.7,82.3,0.6
119,11,7.15,39.1,85.2,23.8,93.5,0.6
119,12,7.13,43.4,102.4,5.5,83.1,0.6
119,13,6.82,37.2,50.8,11.5,94.3,0.7
119,14,6.75,46.9,35.6,29.3,90.8,0.7
119,15,7.24,44.6,38.1,13.5,89.1,0.7
119,16,7.04,37.4,39.2,31,84.5,0.8
119,17,7,32.4,94.6,20.6,87.7,0.8
119,18,6.74,42.2,36.2,9.6,90,0.9
119,19,6.9,34.8,52.2,18.4,80.6,0.9
119,20,7.21,30.1,80.7,6.6,81.1,0.9
119,21,7.27,48.5,75.8,11,85.4,1
119,22,7.16,36.3,39.9,18.8,82,1
119,23,6.95,44.3,68.3,28.8,81.8,1
119,24,7.26,41.7,90.9,21.5,86,1.1
119,25,6.89,37,59.5,23.3,86.3,1.1
119,26,6.87,42,67.6,16.2,94,1.1
119,27,7.07,44.5,65.2,17,94.7,1.2
119,28,6.82,41.3,107.5,14.9,86.4,1.2
119,29,7.43,45.1,30.1,20.9,90.9,1.2
119,30,6.97,30.4,51,18.2,88.1,1.3
119,31,7.2,40.7,30.5,34.3,83.4,1.3
119,32,7.25,34.4,40.2,29.3,93.5,1.3
119,33,7.5,33.2,89.1,25.7,83,1.4
119,34,6.8,49.9,80.7,16.4,97.9,1.4
119,35,7.29,33.1,95.6,11.4,84.6,1.5
119,36,6.98,49.5,38.7,32.5,92.8,1.5
119,37,6.81,48.5,89.9,24,85.3,1.5
119,38,7.4,43.3,60.3,28.2,84.8,1.6
119,39,6.91,34.4,57.8,5.1,89.1,1.6
119,40,7.29,40.4,55.1,15.2,81.6,1.6
119,41,7.01,45.4,45.7,6.1,88,1.7
119,42,7.1,39,108.8,11.4,84.7,1.7
119,43,7.04,49.5,63.6,10.9,80.7,1.7
119,44,7.05,48.8,93.6,10,87.9,1.8
119,45,7.23,31.6,89.4,32.4,98.4,1.8
119,46,7.38,38.3,35.8,17.6,85.7,1.8
119,47,6.93,40.2,100,14.5,93.4,1.9
119,48,7.44,41.8,71.5,9.8,86.4,1.9
119,49,7.28,34.6,90.8,8.1,93.5,1.9
119,50,6.81,30.1,52.7,8,91.5,2
120,0,7.37,33.9,42.8,30.3,86.5,0.2
120,1,7.45,39.1,80.2,9.4,84.1,0.3
120,2,6.92,31.5,90.1,9.8,91.3,0.3
120,3,7.18,45.5,52.3,9.6,94.7,0.3
120,4,7.1,33.4,39.3,6.3,97.5,0.4
120,5,6.73,32.9,33.6,18.7,97.3,0.4
120,6,7.43,39.6,105.6,20.2,82.1,0.4
120,7,7.05,41.2,98.2,34.5,92.1,0.5
120,8,6.96,38.5,36.3,6.1,80.7,0.5
120,9,6.81,31.7,88.9,34.1,89.4,0.5
120,10,7.33,44.3,80.6,32.9,82.7,0.6
120,11,6.74,40.5,100.4,12.9,88.6,0.6
120,12,6.75,30.2,44,8,86.4,0.6
120,13,6.76,43.1,90.1,27.2,97.5,0.7
120,14,6.89,35.3,51,13.2,93.6,0.7
120,15,7.42,47.6,88.7,12,86.3,0.7
120,16,6.79,41.3,54.6,24,87.1,0.8
120,17,6.78,39,63.4,25.4,87,0.8
120,18,7.49,32.9,80.8,14.5,82,0.9
120,19,6.84,41.1,30.6,31.2,82.5,0.9
120,20,6.9,31.3,64.6,33.5,90.1,0.9
120,21,7.28,47.5,88.7,31.5,93.8,1
120,22,7.13,34,76.8,5.3,98.3,1
120,23,7.06,48.2,30.5,8.6,81.7,1
120,24,7.41,45.4,31,11.2,96.4,1.1
120,25,7.49,39.4,89.3,27.6,90.2,1.1
120,26,7.34,33,82.3,20.7,91.2,1.1
120,27,6.8,38.5,32.3,13.2,96.4,1.2
120,28,6.85,41.6,83.8,32.3,93.5,1.2
120,29,7.19,36.2,50.3,7.9,85.7,1.2
120,30,7.3,32.1,48.5,11.2,87.4,1.3
120,31,7.28,31.7,89.7,18.3,82,1.3
120,32,6.87,44.3,46.7,24,82.9,1.3
120,33,7.21,36.7,72.6,16.4,86.4,1.4
120,34,7.03,43.6,108.1,14,94,1.4
120,35,7.13,46.8,60.2,11,96.7,1.5
120,36,6.81,31.4,38.6,24,95.8,1.5
120,37,6.96,38.8,103.9,17.3,82.2,1.5
120,38,7.18,49.5,106.3,27.8,94.6,1.6
120,39,7.24,38.8,59.8,24.4,89.5,1.6
120,40,7.42,38.7,107.7,9,94.9,1.6
120,41,7.42,38,76.8,27.8,81,1.7
120,42,7.01,32.5,93.1,14.8,86.5,1.7
120,43,7.01,41.2,103.5,19.2,91.9,1.7
120,44,7.02,48.2,67.5,6.1,90.3,1.8
120,45,7.02,38.7,50.2,28.6,91.6,1.8
120,46,7.07,48.2,40,24.9,91,1.8
120,47,7.42,37.6,54.5,12.6,96.3,1.9
120,48,7.26,31.9,32.2,15.1,86.5,1.9
120,49,7.28,45.7,70.2,19.6,97.5,1.9
120,50,6.94,38.7,58.8,20.7,87.3,2
121,0,7.34,37.3,97,34.8,91.6,0.2
121,1,6.91,34.4,106.7,11.4,94,0.3
121,2,6.76,49.6,97.5,13.7,90.1,0.3
121,3,7.44,30.5,36,27.3,94,0.3
121,4,7.04,44.6,92.3,13.3,83.4,0.4
121,5,6.98,36.9,64.5,25.1,98.9,0.4
121,6,6.77,48.5,102.3,15.6,92.8,0.4
121,7,6.82,31,59.5,25.5,95.9,0.5
121,8,7.06,43.8,85.1,22.5,83.1,0.5
121,9,7.46,48.8,49.2,17.4,93.8,0.5
121,10,7.19,39.6,48.5,31.8,85.9,0.6
121,11,6.87,49.5,94.6,6.2,84,0.6
121,12,6.77,40.6,49.3,25.7,92.3,0.6
121,13,7.4,40,35.2,21.6,83.2,0.7
121,14,7.21,45.6,53,22.8,95.8,0.7
121,15,7.45,45.3,57.3,9.4,93.6,0.7
121,16,7.36,46.8,32.8,16.3,80.6,0.8
121,17,7.1,40.8,47,17.5,92.7,0.8
121,18,7.19,39.4,92.2,10.2,90,0.9
121,19,7.35,46.7,56.5,33.5,84.6,0.9
121,20,7.17,40.7,101.8,10.1,82.8,0.9
121,21,7.3,44.8,106.1,23,85.6,1
121,22,6.94,40.9,91.8,19.1,88.5,1
121,23,7.08,37.6,36.1,14.2,96.8,1
121,24,6.86,49,47.6,8.8,96.5,1.1
121,25,7.21,35.4,103.7,18.4,85.1,1.1
121,26,7.33,40,92,6.1,90,1.1
121,27,7.11,40.1,51.1,16.8,85,1.2
121,28,6.95,40.6,38.7,19.7,95.5,1.2
121,29,7,43.7,32.9,34.8,92.7,1.2
121,30,6.81,43.4,62.9,31.3,90.1,1.3
121,31,6.86,47.6,43,17.9,80.7,1.3
121,32,7.05,41.3,95.7,25.5,94.3,1.3
121,33,6.86,47.8,71.7,12.2,81.8,1.4
121,34,7.1,47.1,91.3,12.1,83.8,1.4
121,35,6.73,45.8,45,5.6,80.6,1.5
121,36,7.09,33.8,30.1,29.1,83.3,1.5
121,37,7.04,34.9,30.9,16.6,90.2,1.5
121,38,7.49,41,54.5,24.1,88.8,1.6
121,39,7.03,32,67.7,22.4,86.8,1.6
121,40,7.19,34.4,95.2,17.2,97.1,1.6
121,41,7.27,48.2,55.8,9.3,93.5,1.7
121,42,6.75,42.6,84,23.1,91.1,1.7
121,43,6.95,36,42.5,5.1,98.4,1.7
121,44,6.84,34.7,77.6,34.4,95.9,1.8
121,45,7.35,42.7,38.5,26.7,95.5,1.8
121,46,7.46,45.7,65.7,14.1,89,1.8
121,47,7.07,44.3,99,11.5,89.6,1.9
121,48,7.22,40.3,108.4,20.2,95.8,1.9
121,49,7.23,38.9,77.7,8.7,85.1,1.9
121,50,7.45,30.9,31.8,8.1,85.4,2
122,0,7.17,45.7,102.9,12.9,96.9,0.2
122,1,7.46,40.1,37.4,31.9,95.4,0.3
122,2,7.49,40.9,67,11.8,83.1,0.3
122,3,7.42,47.5,52.6,20.8,82.8,0.3
122,4,6.83,39.5,50.4,14.2,92.2,0.4
122,5,6.82,32.1,100.9,14.6,85.6,0.4
122,6,6.82,38.7,62.1,10.4,98.4,0.4
122,7,6.79,40.1,38.2,21.1,94.4,0.5
122,8,7.03,37.1,87.3,12.4,97.2,0.5
122,9,7,41.1,102.1,16,82.1,0.5
122,10,7.08,35.9,100.9,33.4,80.9,0.6
122,11,7.21,35.2,78.8,12.2,94.9,0.6
122,12,6.85,39.4,75,33.4,96.5,0.6
122,13,7.33,46.6,63.7,10.2,94.7,0.7
122,14,7.16,32.1,95.8,9.6,85.9,0.7
122,15,7.13,34.6,106.6,31.6,80.2,0.7
122,16,7.07,32.1,65.1,9.2,94.5,0.8
122,17,7.26,42.3,83.5,18.3,93.3,0.8
122,18,7.44,46.4,86.5,21,85.6,0.9
122,19,6.73,43.9,94.8,5.4,86.1,0.9
122,20,7.05,34.9,72.4,16.8,93.7,0.9
122,21,7.29,47,53,8.6,98,1
122,22,7.35,49.7,39,13.8,92.7,1
122,23,7.05,45.8,56.7,14.1,86.4,1
122,24,7.26,48,107.5,34.9,81.1,1.1
122,25,7.36,46,95.7,24.3,87.3,1.1
122,26,7.48,36.8,71.2,12.3,82.7,1.1
122,27,7.45,37.6,54.9,23.6,90,1.2
122,28,6.95,37,105.7,16.9,90.4,1.2
122,29,6.84,50,32.4,7.8,95.6,1.2
122,30,7.38,47.2,68.1,14.8,97.6,1.3
122,31,7.17,34.8,82.8,30.1,91.6,1.3
122,32,7.13,43,95.1,26,82.3,1.3
122,33,6.92,49.2,50.7,10.4,91,1.4
122,34,7.39,34.3,92.5,33.1,86.8,1.4
122,35,7,45.8,89.6,25.3,89.9,1.5
122,36,6.94,49.9,87.7,9.8,85.4,1.5
122,37,6.83,30.4,69.8,12.2,82,1.5
122,38,7.12,36.9,68.5,26.9,83.9,1.6
122,39,7.15,38.1,93.8,26,95.1,1.6
122,40,6.79,47.9,44.4,5.9,92.8,1.6
122,41,7.33,48.4,103,19.6,82.7,1.7
122,42,6.75,50,48.5,16.8,83.9,1.7
122,43,6.88,44.8,31,14.1,83.7,1.7
122,44,7.38,32.4,107.9,16.4,81.4,1.8
122,45,7.42,43,79.6,20.7,95.1,1.8
122,46,7.08,43.5,76.6,34.1,88.2,1.8
122,47,7.36,31.8,66.7,17.3,95.9,1.9
122,48,6.71,41.4,95.7,14.3,94.1,1.9
122,49,7.14,38.4,43,12,86.1,1.9
122,50,6.75,45.1,108.9,8.5,81.4,2
123,0,7.41,49.2,77.5,10.4,89.8,0.2
123,1,6.86,35.9,55.7,10.8,96.3,0.3
123,2,6.82,41.4,44.4,6,98.4,0.3
123,3,6.99,36.1,51.3,16.8,86.1,0.3
123,4,7.08,30.8,56.1,6,85,0.4
123,5,7,36.7,46.1,33,86.4,0.4
123,6,7.06,48,51.8,10.2,90.6,0.4
123,7,7.24,34.6,71.4,31.6,98.8,0.5
123,8,7.2,49.4,67.2,6.6,84.5,0.5
123,9,6.87,46.7,48.6,21.9,97.9,0.5
123,10,7.38,32.8,91.1,20.4,93.3,0.6
123,11,6.91,37.8,56.8,17.1,81.9,0.6
123,12,7.04,37.3,46.2,11.5,86.4,0.6
123,13,7.12,35.9,75.7,30.9,92.4,0.7
123,14,7.11,37.8,51.7,33.6,93.5,0.7
123,15,7.26,41.7,67.1,24,94.5,0.7
123,16,6.8,36.6,32.2,19.4,80.4,0.8
123,17,6.84,48.5,71.5,8.1,90.2,0.8
123,18,7.25,38.3,44,8.8,96.3,0.9
123,19,6.97,31.4,34,7.8,96.6,0.9
123,20,7.43,42.9,103.8,5.6,87.1,0.9
123,21,7.07,48.5,54.6,7,93.5,1
123,22,7.06,47.5,81.7,32,82.7,1
123,23,6.74,40.2,52.3,15.5,85.6,1
123,24,7.18,46.2,54.1,18.8,84.2,1.1
123,25,6.74,45.1,109.1,30.7,93.1,1.1
123,26,7.28,30.8,55.5,19.1,91.2,1.1
123,27,7.27,45.6,62.4,30.9,85.2,1.2
123,28,7.04,41.1,94.2,8,89,1.2
123,29,7.46,36.2,84.1,8.2,95.9,1.2
123,30,7.3,36.7,70.8,27.4,88.4,1.3
123,31,7.2,42.2,109.8,15.6,89.8,1.3
123,32,7.3,47.7,56.8,25.2,92.7,1.3
123,33,7.48,36.7,101.9,34.6,83.2,1.4
123,34,7.39,49.3,108.3,11.2,98,1.4
123,35,7.26,43,60.6,31.8,97,1.5
123,36,7.39,47.3,97,24.7,84.6,1.5
123,37,6.86,41.3,66.7,8.3,80.6,1.5
123,38,7.07,34.9,38.4,6,90.9,1.6
123,39,7.31,43.3,106.7,22.3,93.9,1.6
123,40,6.7,47.6,42.7,27.7,94.5,1.6
123,41,7.05,31.6,90.1,15.3,94.1,1.7
123,42,6.85,30.8,72.8,25.9,97.4,1.7
123,43,7.16,48.3,34.6,12.3,83.5,1.7
123,44,6.76,38.7,37.6,10.1,90.1,1.8
123,45,6.91,36.9,30.9,10.6,96.6,1.8
123,46,7.08,45.8,94.6,28.6,83.9,1.8
123,47,7.07,37.3,103.5,26.8,95.9,1.9
123,48,7.48,45.6,40.3,8.8,98.7,1.9
123,49,6.86,41.7,36.1,14.8,84,1.9
123,50,6.92,42.2,98.4,29.1,90.5,2
124,0,7.09,43.5,85,24.4,86.3,0.2
124,1,7.48,43.7,32.9,30.7,85.1,0.3
124,2,6.87,34.7,104.3,21.4,95.6,0.3
124,3,7.42,41.7,86.3,26.1,82.8,0.3
124,4,7.42,38.9,98.5,33.5,88,0.4
124,5,6.87,31.9,48.3,11.1,96.5,0.4
124,6,6.85,31.4,51.9,25.6,95.6,0.4
124,7,6.95,46.7,48.8,28.5,84.6,0.5
124,8,7.49,38.4,69.5,19,87.1,0.5
124,9,7.45,42.9,45.8,15.1,90.1,0.5
124,10,7.47,39,108.7,20.2,84.6,0.6
124,11,7.47,42.6,79.8,14.9,80.9,0.6
124,12,7.4,34.9,84.6,29.6,84,0.6
124,13,7.06,34.1,100.3,21.8,81.2,0.7
124,14,7.49,46.3,86,10.6,86.8,0.7
124,15,6.71,39.5,83.7,30.8,95.5,0.7
124,16,7.2,41.3,109.5,7.1,81,0.8
124,17,6.99,42,80.4,24.2,80.4,0.8
124,18,7.35,48,93.6,21.3,90.3,0.9
124,19,6.87,42.3,56.7,31.9,98.3,0.9
124,20,6.94,30.6,88.8,29.8,94.1,0.9
124,21,6.74,32.2,42.6,8.1,92.1,1
124,22,7.48,30.7,64.4,8.9,87.6,1
124,23,6.93,34.1,43.6,28,90.7,1
124,24,6.81,35.7,51.5,29.4,96.9,1.1
124,25,6.87,32.2,90.4,30.7,88.3,1.1
124,26,6.79,39.8,77.3,6.7,87.9,1.1
124,27,7.26,49.4,91.4,5.2,98,1.2
124,28,7.04,43.4,50.3,15.3,95.1,1.2
124,29,7.43,44.9,82.8,33.4,81,1.2
124,30,7.35,38,60.2,10,84.7,1.3
124,31,6.8,31.2,104.8,29.8,81.1,1.3
124,32,7.06,41.4,47.6,22.2,98.7,1.3
124,33,7.06,38.9,39.2,11.2,82.4,1.4
124,34,7.21,39.9,34,27.1,91.4,1.4
124,35,7.14,49.6,98.5,6.6,93.9,1.5
124,36,7.37,38.8,88.5,26.4,89.6,1.5
124,37,7.3,33.4,59.8,20.7,88.7,1.5
124,38,7.42,43.1,71.7,32.5,96.4,1.6
124,39,7.34,48.3,49,29.7,89.8,1.6
124,40,7.28,35.5,91.3,34.1,97.8,1.6
124,41,6.8,30.4,42.2,16.6,89.5,1.7
124,42,7.06,32.5,57.9,18.2,84.5,1.7
124,43,6.9,45.5,43,16.8,84.5,1.7
124,44,6.91,37.6,97,5.8,83.5,1.8
124,45,7,46.2,104.3,6.4,91.7,1.8
124,46,7.23,48.2,62.6,16.3,82,1.8
124,47,7.41,30.8,78.5,8.3,88.4,1.9
124,48,6.91,31.1,88.9,24.1,97.1,1.9
124,49,7.03,41.8,50.8,33.9,88.8,2
124,50,7.09,43.4,64.2,34.9,95.5,2
125,0,7.38,41.5,54.2,31.4,94.2,0.2
125,1,7.19,32.6,66.3,14.9,92.4,0.3
125,2,7.48,39.7,91.7,32.3,97.8,0.3
125,3,7.17,36,34.2,19.8,80.8,0.3
125,4,6.88,31.8,43.4,26,89.7,0.4
125,5,7.24,42,104.3,16.8,98.1,0.4
125,6,7.35,30,74.9,25.2,87.7,0.4
125,7,6.87,40.4,53.3,13.2,94.8,0.5
125,8,7.29,32.6,76.5,6.6,89.8,0.5
125,9,7.17,48.7,30.7,17.2,84.5,0.5
125,10,6.87,33.4,77.5,34.8,82.4,0.6
125,11,7.45,35.8,51.8,32.1,84,0.6
125,12,7.49,43.8,75.8,24.5,98.5,0.6
125,13,6.94,32.6,54.3,20.3,92.2,0.7
125,14,6.93,49.6,85.2,34.7,94.8,0.7
125,15,7.04,36.9,96.9,7.9,89.3,0.7
125,16,6.96,36.5,40.5,34.5,92.4,0.8
125,17,7.11,46.1,45.9,12.3,95.2,0.8
125,18,7.35,37.7,35.8,9.4,86.9,0.9
125,19,7.07,48.9,52.7,33,98.4,0.9
125,20,6.94,35.9,44.2,22.6,91.9,0.9
125,21,6.88,39.3,78.4,32.1,98.5,1
125,22,6.74,35.3,69.9,20,96.7,1
125,23,7.46,48.5,34,22,96.8,1
125,24,6.96,31.7,42.8,15.4,83.1,1.1
125,25,7.18,39.2,39.2,13.2,90.6,1.1
125,26,7.35,41.5,98.5,15.1,80.6,1.1
125,27,7.23,48,91,13.1,98.4,1.2
125,28,6.99,30.6,104.4,5.5,82.2,1.2
125,29,7.44,48.6,84.6,24.8,94.5,1.2
125,30,6.8,32.8,36.8,12,96.3,1.3
125,31,7.17,40.6,60.2,29,92.1,1.3
125,32,7.07,30.5,71.2,34.4,89.9,1.3
125,33,6.81,38.3,55.4,23.7,84.9,1.4
125,34,7.02,35.4,52.6,13.8,89.5,1.4
125,35,6.86,41.2,44.8,9.2,90.8,1.5
125,36,7.34,47.6,91.9,15.3,82.6,1.5
125,37,6.92,35.1,49.8,8.9,81.9,1.5
125,38,6.74,33.2,59.6,6.3,97.8,1.6
125,39,7.28,32.5,75,25.2,80.8,1.6
125,40,7.28,35.8,63.8,17.6,98.8,1.6
125,41,7.25,37.7,49.7,20.9,94.9,1.7
125,42,7.06,37.3,78.7,8.1,91.5,1.7
125,43,7.43,30,69.8,34.7,97.3,1.7
125,44,7.44,46.3,74.5,13.4,87.3,1.8
125,45,6.94,45.8,107.4,9.7,82.5,1.8
125,46,7.39,31.1,54.7,6.6,82.8,1.8
125,47,6.97,33.4,72.6,5.3,92,1.9
125,48,6.98,31.6,101.9,11.2,98,1.9
125,49,6.72,35.6,85.6,16.1,87.2,2
125,50,6.77,35,43.7,9.7,90.5,2
126,0,6.73,39,53.4,28.9,88.6,0.2
126,1,6.94,39.1,91.3,19.6,92.6,0.3
126,2,7.2,44.8,53.3,32.5,93.2,0.3
126,3,7.46,32.6,43.9,13.2,95.6,0.3
126,4,7.26,48.7,65.4,7.4,98.4,0.4
126,5,6.89,38.1,30.7,22.4,90.2,0.4
126,6,7.29,49.7,53.1,11.5,88.7,0.4
126,7,6.99,37.6,49.8,20.3,87.7,0.5
126,8,7.49,45.4,42.3,22,98.7,0.5
126,9,7.29,42.4,40.1,12.5,86.3,0.5
126,10,7.19,33.7,78.4,19.8,81.5,0.6
126,11,7.27,37.8,57.8,27.7,82.1,0.6
126,12,7.09,34.2,47.3,13.6,85.6,0.6
126,13,7.42,35.6,101,29.8,95,0.7
126,14,7.31,39,30.3,8.5,94.8,0.7
126,15,7.04,42.5,74.4,25.9,92.6,0.7
126,16,7.45,42.1,44.7,29,97.5,0.8
126,17,7.16,34.4,82.6,26.9,92.6,0.8
126,18,6.75,35.3,68.9,29.9,89.7,0.9
126,19,7,32.9,36.1,22.8,85,0.9
126,20,7.47,33.9,76,17.7,92.1,0.9
126,21,7.26,45.1,62,12.8,91.5,1
126,22,6.73,31.5,84.4,30.7,96.3,1
126,23,7.07,47.3,85.8,6.2,83,1
126,24,7.32,44.8,98,6.5,98.6,1.1
126,25,6.96,45.7,31.9,25.6,91.2,1.1
126,26,7.02,45.5,88.2,32.6,85.9,1.1
126,27,7.03,33.4,47.5,14.4,92.4,1.2
126,28,6.92,42.3,34.1,20.6,88.5,1.2
126,29,7.42,49.9,49.5,5.7,92.6,1.2
126,30,7.39,43.1,84.6,34.8,87.2,1.3
126,31,6.85,42.2,35.4,21.4,81.7,1.3
126,32,7.33,48.5,109.3,33.4,92.9,1.3
126,33,7.08,33.1,95.9,14.2,82.1,1.4
126,34,7.25,32.6,43.4,9.3,96.4,1.4
126,35,7.35,44,94.7,11.5,94.8,1.5
126,36,7.27,39.8,71.9,6.2,95.8,1.5
126,37,7.38,35.6,31.4,15.4,80.5,1.5
126,38,7.31,44.9,97.3,6.1,94.8,1.6
126,39,7.42,48.8,88,34.2,93.6,1.6
126,40,7.04,43.2,52.3,19.5,88.4,1.6
126,41,6.95,36.8,39,21.1,95.3,1.7
126,42,6.85,31.5,65.7,33.9,84,1.7
126,43,7.08,49.5,72.6,18.8,93.4,1.7
126,44,7.09,32.1,30.5,29.1,81.3,1.8
126,45,6.93,42.4,64.4,10.6,86.5,1.8
126,46,7.4,34.7,36.8,14.3,81.1,1.8
126,47,7.34,40.2,63.9,21.2,89.2,1.9
126,48,6.86,47.9,70.5,12.2,82.5,1.9
126,49,7.43,36.2,76.2,21.4,94.3,2
126,50,7.33,45.7,36.1,33.6,82.1,2
127,0,6.71,49.3,83.2,29.6,89.2,0.2
127,1,6.93,31.3,108.8,23.7,88.9,0.3
127,2,6.96,42.3,50.3,9.9,81.1,0.3
127,3,6.83,45.1,103.5,26.7,81.4,0.3
127,4,6.9,30.9,75.4,25,89.4,0.4
127,5,6.89,49.1,32.2,13.9,97.4,0.4
127,6,7.28,35,67.5,13.3,87,0.4
127,7,6.82,39.7,75.8,10.9,83.9,0.5
127,8,7.39,47.5,99.5,15.1,80.3,0.5
127,9,7.38,30.3,97.5,9.2,97.4,0.5
127,10,7.49,32.5,77.6,27.5,87,0.6
127,11,7.11,34.1,30.1,16.6,84.5,0.6
127,12,7.25,34.7,32.8,26.6,81.6,0.6
127,13,7.01,46.9,87.2,33.6,97.2,0.7
127,14,6.99,47.2,82.9,6.9,80.8,0.7
127,15,7.13,42.9,77.3,34.8,92.5,0.7
127,16,7.16,38.5,109.6,6.9,88.5,0.8
127,17,7.15,45.2,37.9,20.6,97.1,0.8
127,18,7.11,43,89.2,18.3,96.9,0.9
127,19,6.91,36.7,86.3,17.2,84.9,0.9
127,20,6.83,48.6,104.1,8.8,96.5,0.9
127,21,6.81,43,69.7,27.6,96.9,1
127,22,7.36,40.8,82.4,10.4,90.9,1
127,23,7.47,45.9,99.9,11.8,95.2,1
127,24,6.84,40.2,76.8,25.5,98.2,1.1
127,25,7.12,32.4,45.9,16.6,96.7,1.1
127,26,7.47,38.5,108.5,17.7,86.1,1.1
127,27,6.93,49.3,40.9,13.7,90.5,1.2
127,28,7.48,46.8,89.9,24.2,84.2,1.2
127,29,7.34,48,84,21.9,97.7,1.2
127,30,7.48,34,67.3,28.9,82.2,1.3
127,31,6.96,39.3,72.6,22.4,84.3,1.3
127,32,7.5,34.3,95.1,23,92.7,1.3
127,33,7.33,30.2,79.1,29.6,98.2,1.4
127,34,7.26,46,43,15.9,87.6,1.4
127,35,6.87,42.1,46.7,24.4,97.9,1.5
127,36,7.37,49.1,102.5,19,87.8,1.5
127,37,7.16,49.8,78.5,31,93.7,1.5
127,38,7.36,48,79.8,34.2,94.4,1.6
127,39,7.14,35.4,81.5,30.9,94,1.6
127,40,7.08,44.3,77.2,19,94.2,1.6
127,41,6.88,43.1,44.3,5.3,93.6,1.7
127,42,7,31,72.8,34.9,90.1,1.7
127,43,6.73,46.4,103.6,25.3,90.7,1.7
127,44,6.83,40.4,71.5,12.6,92.1,1.8
127,45,6.8,34.7,98.3,31.4,95.6,1.8
127,46,6.93,33.3,32.5,27.3,91.4,1.8
127,47,6.82,30.5,76.7,33.9,97.4,1.9
127,48,7.22,33.7,42.5,26.9,96.7,1.9
127,49,6.91,42.5,71.2,20.6,84.1,2
127,50,7.47,33.4,84.8,11.7,98.4,2
128,0,7.02,47.9,85.6,33.6,87.8,0.2
128,1,6.97,46.8,83.4,20.2,89.2,0.3
128,2,7.28,43.4,51.7,16.5,85.6,0.3
128,3,6.99,49.7,88,26.9,80.3,0.3
128,4,7.11,30.3,66.8,9.3,90.1,0.4
128,5,6.81,44.4,40.1,18.7,92.3,0.4
128,6,7.34,38,75.7,17.6,86,0.4
128,7,7.15,32.4,41.3,25.7,94.7,0.5
128,8,7.04,45.1,84.6,13.6,89.8,0.5
128,9,7.44,35.3,38.3,20,82.2,0.5
128,10,6.9,34.3,90.2,7,85.5,0.6
128,11,7.35,31.4,49.7,31.8,86.9,0.6
128,12,7.14,31.5,73,27.2,82.8,0.6
128,13,7.35,48.7,56.1,14.8,90.4,0.7
128,14,6.96,32,91.1,13.1,80.7,0.7
128,15,6.89,44.2,78.6,25.1,85,0.7
128,16,7.05,40.8,85.7,8,89.8,0.8
128,17,6.89,39.9,84.8,8.2,86.4,0.8
128,18,6.77,35.3,95.5,11.2,82,0.9
128,19,7.2,34.4,88.2,25.5,93.8,0.9
128,20,6.8,37.9,90.6,24.3,84,0.9
128,21,6.95,43.4,55.5,5,94.3,1
128,22,7.13,41.7,76.5,20.9,83.9,1
128,23,7.13,48.1,39.7,6,81,1
128,24,7.04,39.1,65.4,31.5,85.4,1.1
128,25,7.4,48.8,68.5,24.1,87.7,1.1
128,26,7.22,48.8,57.6,8.6,84.6,1.1
128,27,7.02,35.1,51.9,23.4,84.4,1.2
128,28,6.98,36.5,33.9,6.5,97.6,1.2
128,29,6.89,34.3,56,17.3,81.4,1.2
128,30,7.14,48.3,32.4,23.4,81.5,1.3
128,31,6.71,33.1,109.7,28.8,93.7,1.3
128,32,7.17,49.5,79.4,11.7,84.3,1.3
128,33,7.16,39.7,39.7,26.1,95.4,1.4
128,34,7.02,37.7,62.4,26.1,95.5,1.4
128,35,7.49,41.5,101.2,29.4,91,1.5
128,36,6.9,40.5,96.3,19,81.2,1.5
128,37,7.5,48,82.5,10.3,89.8,1.5
128,38,7.11,47.1,80.2,31.4,91.1,1.6
128,39,6.89,41,99.6,13.6,89.4,1.6
128,40,6.89,49.1,96.7,17.5,87.5,1.6
128,41,6.74,40.6,58.5,9.7,93.6,1.7
128,42,7.02,44.8,32.1,29.6,91.5,1.7
128,43,7.46,49.7,107.2,6,89.5,1.7
128,44,6.97,44.1,43.8,24.8,87.5,1.8
128,45,7.41,44.7,33,13.1,83.3,1.8
128,46,7.28,44.9,37.7,27,83.5,1.8
128,47,6.74,46.3,41.4,11.5,84.3,1.9
128,48,7.48,47.5,35.5,10.5,94.1,1.9
128,49,6.95,47.3,52.6,28.8,98.5,2
128,50,6.96,40.2,31.1,22.3,89.8,2
129,0,6.87,41.6,59.8,27.6,91.4,0.2
129,1,6.73,38.3,51.6,25.6,82.3,0.3
129,2,7.04,34.2,36.9,18.4,89.5,0.3
129,3,7.45,30.7,108.7,19,80.3,0.3
129,4,7.1,31.9,106.9,11.4,93.7,0.4
129,5,7.28,33.1,45.1,11.8,88.1,0.4
129,6,6.76,42.3,98.9,20.5,97.4,0.4
129,7,6.89,48.2,52.9,31.2,80.7,0.5
129,8,6.84,33.2,47.1,6.5,86.3,0.5
129,9,7.37,32.6,44.8,28,96.5,0.5
129,10,7.24,46,94.5,26.7,82,0.6
129,11,7.02,48.4,59.2,21.7,95.1,0.6
129,12,7.41,34.4,106.4,12.6,81.5,0.6
129,13,6.79,31.5,46.8,27.4,94.2,0.7
129,14,6.75,43.6,103.8,8.1,93.1,0.7
129,15,7.21,48.7,71,6.8,91.1,0.7
129,16,7.48,32.5,100.1,14.4,81.1,0.8
129,17,6.76,37.1,107.4,19.5,98.2,0.8
129,18,6.73,41.3,106.4,25.6,94.9,0.9
129,19,7.05,33.3,48.4,10,89,0.9
129,20,7.18,45,99.6,33.8,83.5,0.9
129,21,7.31,32.1,52.3,32,95,1
129,22,7.4,41.7,39.2,20.9,89.1,1
129,23,7.18,34.4,94.8,18.4,93.8,1
129,24,7.36,38.4,99.8,26.4,93.2,1.1
129,25,7.19,46.6,103.2,5.2,92.2,1.1
129,26,6.86,43.6,97,29.3,96.9,1.1
129,27,7.44,48.3,39,17.9,89,1.2
129,28,6.84,40.1,57.2,15.5,89.8,1.2
129,29,7.1,31.6,75.3,31.8,80.2,1.2
129,30,7.06,45.3,83.5,24.7,80.2,1.3
129,31,7.43,49.8,73.6,17.2,90.3,1.3
129,32,7.12,46.8,80.6,29.5,84.1,1.3
129,33,7.1,46.9,66.8,23.7,93.9,1.4
129,34,7.29,41.5,67.7,13.2,90,1.4
129,35,6.9,46.6,46.6,11.5,87.7,1.5
129,36,7.12,31.9,76.8,22.8,86.8,1.5
129,37,7.22,45.9,41.6,28.7,90.5,1.5
129,38,7.38,49.1,84.2,16.9,96.5,1.6
129,39,7.35,43.7,97.4,9.4,87,1.6
129,40,7.44,32.1,91.8,9.8,93.2,1.6
129,41,7.03,39.5,32.4,33.6,83.9,1.7
129,42,6.98,34.7,32.9,25.1,86.5,1.7
129,43,7.48,48.8,95.3,16,82.1,1.7
129,44,6.8,33.5,48,21.2,86.2,1.8
129,45,6.95,35.2,93.8,32.8,90.3,1.8
129,46,7.45,46.7,36.1,31.8,98.3,1.8
129,47,6.72,39.8,56.2,25.9,95.6,1.9
129,48,6.82,46.5,66.5,30.6,85.1,1.9
129,49,6.91,40.5,50.9,21.1,81.7,2
129,50,6.84,46.1,109.3,13.6,92.2,2
130,0,6.98,44.4,96.5,30.3,90,0.2
130,1,6.81,31.8,45.5,27.1,98.8,0.3
130,2,7.18,36.7,78.7,32.2,98.7,0.3
130,3,6.84,36.5,83.5,33.2,98.3,0.3
130,4,7.03,36.8,92.4,15.1,93.2,0.4
130,5,7.34,46.6,34.3,10.2,96.7,0.4
130,6,7.26,40.3,101,11.2,86.9,0.4
130,7,7.38,38.6,79.5,20.4,83.6,0.5
130,8,6.81,35.4,89.7,34.3,95.7,0.5
130,9,6.96,36.3,75.5,16,91.5,0.5
130,10,7.06,46.4,98.8,15.7,84.8,0.6
130,11,7.13,47.4,102.2,30.2,81.2,0.6
130,12,6.91,46.2,39.5,26.4,90.3,0.6
130,13,7.3,34.6,107.9,16.7,91.7,0.7
130,14,7.12,35.4,32.4,5.5,97.1,0.7
130,15,7.44,30.2,61,25.4,82.4,0.7
130,16,7.35,42.8,49.1,34.5,85.5,0.8
130,17,7.18,33.4,43.2,18.2,81.1,0.8
130,18,6.84,41.5,38.8,30.6,88,0.9
130,19,7.08,39.9,96.2,8.2,91.8,0.9
130,20,6.82,45.4,30.9,30.5,93.1,0.9
130,21,7.3,49.5,48,23.4,90.6,1
130,22,7.3,30.8,57.1,15.9,87.3,1
130,23,7.47,45.6,81.3,13.6,80.1,1
130,24,7.02,39.3,102.1,25.2,98.7,1.1
130,25,6.74,44.1,75.9,24.6,80.2,1.1
130,26,7.49,40.4,95.7,10.8,90.8,1.1
130,27,6.83,42.1,67.2,9.8,93.9,1.2
130,28,7.19,49.2,64.4,19.8,97.1,1.2
130,29,7.16,36.1,77.3,14.1,98.5,1.2
130,30,6.73,44.6,31.7,10.6,91.4,1.3
130,31,6.83,44.1,92.5,11.9,88.6,1.3
130,32,7.06,46.2,96.5,7,94.5,1.3
130,33,6.71,48.8,49.5,19.1,86.8,1.4
130,34,7.22,48.6,53.1,19.7,82.5,1.4
130,35,6.78,33.1,57.4,21.1,87.4,1.5
130,36,7.34,40.8,56.4,31.7,88.9,1.5
130,37,6.77,33.5,76.6,15.5,96.6,1.5
130,38,7.32,34.8,73.1,32.3,86.8,1.6
130,39,7.24,35.5,84.3,5.2,95.8,1.6
130,40,7.48,38.9,58,34.4,97.8,1.6
130,41,7.07,49.2,53.5,32.8,90.9,1.7
130,42,7.46,39.5,108.5,30.5,84.2,1.7
130,43,7.15,33.2,101.5,13.1,98.1,1.7
130,44,7.24,32,77.3,30.6,96.3,1.8
130,45,7,35.6,98.3,28.1,87.6,1.8
130,46,6.82,39.7,101.9,25.1,92.1,1.8
130,47,6.8,40.6,50.9,13,86,1.9
130,48,7.47,43.3,70.6,28.6,94.7,1.9
130,49,7.17,32.9,81.9,11.4,98.4,2
130,50,6.82,39.5,35.5,21.2,96.7,2
131,0,7.02,42.6,103,25.2,94.2,0.2
131,1,6.91,33.4,71.2,23.4,98.3,0.3
131,2,7.22,43.8,94.6,18.7,86.3,0.3
131,3,7.26,34.3,33.9,21.1,85.2,0.3
131,4,6.96,32.4,71.7,17.9,84.1,0.4
131,5,7.3,45.7,100.7,19.6,93.4,0.4
131,6,7.19,41.9,107.6,22.4,89.5,0.4
131,7,6.79,46.8,101.1,27.1,88.7,0.5
131,8,6.82,30.1,81,24.9,82.7,0.5
131,9,7.08,47.2,80.1,10.8,85,0.5
131,10,7.26,34,70.4,24,85.2,0.6
131,11,7.36,31.5,100.1,6.8,84.5,0.6
131,12,7.33,32.8,105.3,25.8,94.4,0.6
131,13,7.45,44.6,32.7,13.1,88.5,0.7
131,14,6.73,45.3,56,26.3,83.1,0.7
131,15,7.21,36.9,93.7,17.8,91.4,0.7
131,16,6.75,34.4,51.8,25.4,90.5,0.8
131,17,6.7,38,87.9,16.8,85.4,0.8
131,18,7,47,96.6,33.8,91,0.9
131,19,7.12,39.1,61.2,10.8,87.3,0.9
131,20,7.25,42.1,30.3,28.3,94.1,0.9
131,21,7.29,35.6,32.8,13.2,81.9,1
131,22,7.24,32.7,51,14.5,97.5,1
131,23,7.1,38.3,71,18.2,99,1
131,24,7.2,38.5,85.5,29,91.5,1.1
131,25,6.74,35.4,100.5,30.7,88.9,1.1
131,26,7.43,39,100.1,29.6,84,1.1
131,27,6.82,49.8,62.2,27,80.8,1.2
131,28,7.09,44.4,99.7,27.1,96,1.2
131,29,7.34,45.8,54.9,34.7,80.7,1.2
131,30,7.34,37.3,44.7,13.8,84.1,1.3
131,31,7.15,31,77.9,15.2,92.5,1.3
131,32,7.32,34.3,107,33.7,91.1,1.3
131,33,7.45,31.2,97.7,21.3,86,1.4
131,34,7.41,38.1,77.4,23.3,97.4,1.4
131,35,7.2,48.2,53.1,16.3,93.5,1.5
131,36,7.13,44.1,97.7,12.8,90.5,1.5
131,37,7.08,31.3,72.9,11.6,89.4,1.5
131,38,6.72,49.9,51.3,8.6,94.9,1.6
131,39,6.86,41.6,72.8,22.4,85.3,1.6
131,40,7.03,40.7,104,22.1,89.2,1.6
131,41,6.8,34.1,72,27.3,89.9,1.7
131,42,7,45.3,61.5,32.8,88.3,1.7
131,43,7.3,37.7,97.1,28,83.2,1.7
131,44,6.89,32.1,32.2,14.3,86.4,1.8
131,45,6.83,38.7,102,22.2,90.7,1.8
131,46,7.11,39.6,64.4,23,84.6,1.8
131,47,6.73,45.8,83.1,21.3,89.9,1.9
131,48,6.89,31.8,52.2,17.3,80.6,1.9
131,49,6.85,47.1,98.6,6.6,98.2,2
131,50,7.44,34,43,7.9,91.8,2
132,0,7.43,46.6,90.6,11.4,80.4,0.2
132,1,7.21,32.9,30.6,32.7,80.7,0.3
132,2,6.85,42.1,30.1,17.3,93.7,0.3
132,3,6.86,37.8,97.4,12,82.1,0.3
132,4,7.08,49.3,95.3,23,81.4,0.4
132,5,6.83,33.1,75.3,6.4,96.7,0.4
132,6,7,41.9,35.4,19.6,85.8,0.4
132,7,7.02,49,66,16.5,86.2,0.5
132,8,7.24,39,38,17.4,93.1,0.5
132,9,7.3,46.2,99.2,20.1,85.3,0.5
132,10,6.75,46,70.5,10.7,92.9,0.6
132,11,7.36,43,82.3,6.9,82.5,0.6
132,12,6.88,43.8,68.6,21.9,85.2,0.6
132,13,7.45,34.7,73.7,7.3,86.3,0.7
132,14,6.9,38.6,38.7,15.7,86.1,0.7
132,15,6.97,33.2,78.9,13.1,91.5,0.7
132,16,7.4,31.1,33.6,25.3,86.5,0.8
132,17,7.46,33,41,20.1,96.6,0.8
132,18,7.14,45.9,50.6,35,92,0.9
132,19,7.13,46.4,38.6,13.1,92,0.9
132,20,6.78,48.4,71.7,28.6,90.3,0.9
132,21,7.49,45.6,40.8,14.8,88.8,1
132,22,6.89,45.1,62.9,28.9,97.7,1
132,23,7.29,30.1,41,13.2,88.9,1
132,24,7.49,49.4,89.5,30,92.7,1.1
132,25,6.91,43,56.8,23.7,89.6,1.1
132,26,6.72,38.1,55.5,29.2,89.8,1.1
132,27,7.36,36.6,109.4,28.1,85.4,1.2
132,28,7.02,36.9,47,30.7,87.5,1.2
132,29,7.32,31.4,68.3,25,93.3,1.2
132,30,7.02,37.1,78.9,11.6,80.6,1.3
132,31,7.19,34.7,89,11.6,85.9,1.3
132,32,7.03,38.2,59.5,34.8,86.7,1.3
132,33,7.45,45.2,42.5,22.9,82.6,1.4
132,34,7.08,33.8,30.7,9.5,98.5,1.4
132,35,7.09,46,52,6.2,90.6,1.5
132,36,6.85,49.1,99.2,31.3,93.5,1.5
132,37,7.31,46.4,99.6,32.1,90.9,1.5
132,38,6.91,48.8,73.2,24.3,87.6,1.6
132,39,7.17,49.7,34.2,13.2,84.8,1.6
132,40,6.75,46,73.2,10.4,92.1,1.6
132,41,6.81,47.8,79.7,32.3,83.4,1.7
132,42,7.49,47.2,76.5,28.1,89.5,1.7
132,43,7.47,42,33.2,7.9,94,1.7
132,44,7.12,30.3,45.8,5.9,83.9,1.8
132,45,6.71,34.3,51.6,15.9,90.4,1.8
132,46,6.75,43,82.6,10.7,91.5,1.8
132,47,7.28,33.2,69.1,16.8,88.5,1.9
132,48,7.09,31.6,68,10.4,82.4,1.9
132,49,7.08,38.8,57.5,5.6,85.9,2
132,50,7.37,43.8,32.6,31.2,82.6,2
133,0,7.46,43.3,96.1,25.2,90,0.2
133,1,7.11,37.9,106.8,24.9,81.2,0.3
133,2,7.04,46.3,108,13.8,88.3,0.3
133,3,7.43,44.9,80.6,26.4,90.4,0.3
133,4,6.8,41.2,91.3,5.1,88.4,0.4
133,5,6.82,30.8,76.6,15.1,97,0.4
133,6,7.27,41.8,68.7,29.4,85.9,0.4
133,7,6.78,35.7,65.2,10.6,82.2,0.5
133,8,7.39,42.6,32.7,13.8,88.4,0.5
133,9,6.94,41.1,57.6,18.3,94.4,0.5
133,10,6.82,42.8,36.2,31.6,92.7,0.6
133,11,7.46,42.7,59.5,33.9,84.1,0.6
133,12,7.43,35.7,61.1,34.6,84.7,0.6
133,13,7.14,44.5,48,20.5,94.7,0.7
133,14,7.31,33,99.4,18.8,96.2,0.7
133,15,6.8,35.2,101.1,17.5,84.9,0.7
133,16,6.87,30.7,67.1,22.7,94.2,0.8
133,17,7.06,48.8,64.6,13.9,96.1,0.8
133,18,7.29,33.5,92.1,20.3,96.1,0.9
133,19,6.84,31.3,77.6,21,85.6,0.9
133,20,7.48,46.2,33.9,18.8,92,0.9
133,21,7.29,32.8,88.6,5.6,98.8,1
133,22,7.19,34.5,72.3,20.4,82.1,1
133,23,6.87,37.4,77.2,8.5,91.8,1
133,24,7.37,35.7,32.2,17.4,90.8,1.1
133,25,6.73,43.8,39.2,16.9,96.4,1.1
133,26,7.12,40.6,83.8,10,96.2,1.1
133,27,7.2,35.1,45.1,14.5,89.6,1.2
133,28,7.03,32.2,61.7,14.1,80.7,1.2
133,29,7.06,44,86.8,7.7,88.2,1.2
133,30,7.18,37.2,54.7,13.2,80.5,1.3
133,31,6.94,37.4,44.5,16.7,88.2,1.3
133,32,6.76,49.9,44.9,8.6,89.2,1.3
133,33,6.83,40.5,33.1,14.4,95.1,1.4
133,34,7.18,49,74.3,25.2,82,1.4
133,35,7.28,48.8,55.3,15.5,92.2,1.5
133,36,7.45,44.1,33.3,18.7,94.8,1.5
133,37,6.93,32.4,74.2,19.8,96.9,1.5
133,38,6.75,41,62.6,21.9,88.8,1.6
133,39,7.06,45.5,33.5,26.4,84.1,1.6
133,40,7.12,44.6,72.5,33.7,87.3,1.6
133,41,6.77,45.6,83.5,5.7,83.8,1.7
133,42,7.1,31.8,98.6,27,95.2,1.7
133,43,6.89,34.6,72.9,14.8,89.7,1.7
133,44,6.92,38.4,57.2,20,91.2,1.8
133,45,6.84,32.2,68.9,24.2,82.5,1.8
133,46,6.81,35.1,93.5,7.4,96.1,1.8
133,47,6.91,39.5,88.1,26.3,87.6,1.9
133,48,7.04,40.7,33,34.4,95.7,1.9
133,49,7.01,34,90.9,24.6,93.6,2
133,50,7.08,44.9,83.9,8.2,83.7,2
134,0,7.44,46.4,99.4,21.1,87.5,0.2
134,1,7.43,34.3,72,28.2,88.7,0.3
134,2,7.03,42.4,98.4,14.7,94.2,0.3
134,3,7.04,49.2,87.2,10.4,83.7,0.3
134,4,6.73,47.3,99.6,15.9,93.2,0.4
134,5,6.75,37.6,34.2,32.1,83.8,0.4
134,6,7,42.4,39.8,28.1,81.8,0.4
134,7,7.19,47.5,99.3,10.5,84.6,0.5
134,8,7.38,45.9,103.8,25.5,84.2,0.5
134,9,7.31,43.3,90.5,18,96.2,0.5
134,10,7.29,40.7,98.4,24.5,96.9,0.6
134,11,6.99,37.5,40.6,8.7,94.9,0.6
134,12,7.27,39,89.2,19.1,98.4,0.6
134,13,6.91,32.3,108.1,13.1,87.4,0.7
134,14,7.23,36.6,49.8,14.4,83.6,0.7
134,15,6.94,41,84.8,23,86.5,0.7
134,16,7.01,32.1,92.5,21,89.2,0.8
134,17,6.77,30.5,38,23.5,93.4,0.8
134,18,6.71,47.2,48.5,12.7,81.7,0.9
134,19,7.35,36,71.2,17.9,81.5,0.9
134,20,6.78,44.5,93,11.4,83,0.9
134,21,7.48,32.4,39.4,31.2,90.7,1
134,22,6.97,48.5,81,25.5,84.9,1
134,23,7.1,44.7,89.1,17,94.7,1
134,24,6.82,35.8,77.7,24.2,84.7,1.1
134,25,7.31,45.5,101.7,27.1,96.3,1.1
134,26,7.41,44.6,99.8,12.2,81,1.1
134,27,7.16,35.3,79.7,11.9,87.6,1.2
134,28,6.78,30.3,98.3,10.7,89.7,1.2
134,29,7.4,47.5,52.8,32.8,83.6,1.2
134,30,7.36,41.2,76,27.1,98.8,1.3
134,31,6.75,44.7,58.1,10.9,92.4,1.3
134,32,7.42,32.5,58.9,20.8,93.3,1.4
134,33,7.01,36.5,49,32.8,87.7,1.4
134,34,7.33,43.5,75.2,17.8,83.5,1.4
134,35,7.09,48.8,92.8,18.3,96.8,1.5
134,36,7.31,39.6,75.7,18.5,94.5,1.5
134,37,6.77,44.4,58,19,94.6,1.5
134,38,7.14,45,103.5,20.1,97.7,1.6
134,39,7.07,40.6,66.8,27,84.6,1.6
134,40,7.49,32.9,103.7,21.9,89.3,1.6
134,41,7.1,45.6,66.5,31.6,86.7,1.7
134,42,6.81,30.4,57.1,6.9,85.8,1.7
134,43,7.14,33.2,49.4,18.6,87.7,1.7
134,44,6.85,48.1,50.5,14.4,86.9,1.8
134,45,6.89,35.3,41.3,22.9,93.6,1.8
134,46,7.24,32.8,52.5,32,85.4,1.8
134,47,7.29,44.5,99.8,11.5,87.7,1.9
134,48,6.81,38.6,106.7,34.4,83,1.9
134,49,6.9,49.1,72.4,18.3,97.9,2
134,50,7.39,47.8,101.1,13.1,96.8,2
135,0,7.17,31,37.1,31.2,84.7,0.2
135,1,6.82,45.5,39.4,16.7,84.6,0.3
135,2,6.87,41.7,30.2,18.3,92.2,0.3
135,3,7.37,40.1,105.2,17.6,82.5,0.3
135,4,6.79,43.3,91.7,30.2,92.9,0.4
135,5,7.46,31.2,72.2,7.1,92.7,0.4
135,6,6.82,37.9,96.6,27.7,88.9,0.4
135,7,6.74,47,77.6,25.8,86.4,0.5
135,8,7.02,30.5,90.1,21.9,84.2,0.5
135,9,7.5,46,46.1,12,80.5,0.5
135,10,6.91,47.4,81.3,16.1,95.5,0.6
135,11,6.89,37.9,68.1,12.7,95.2,0.6
135,12,7.34,37.2,42.8,16.4,82.4,0.6
135,13,6.85,44.1,76.2,10.7,89.2,0.7
135,14,6.85,38.1,57.1,30.3,81.3,0.7
135,15,7.32,39.6,89.7,30.7,97.2,0.7
135,16,7.46,35.7,100.3,8.8,92.4,0.8
135,17,7.27,47.4,94.4,25.7,84.9,0.8
135,18,7.43,36.5,88.7,5.7,91.1,0.9
135,19,7.08,38.7,102.1,13,82.7,0.9
135,20,7.36,41.3,95.4,12.1,91.2,0.9
135,21,6.81,32.7,106.7,13.3,83.4,1
135,22,7.35,43.4,41.6,29.8,92.1,1
135,23,7.21,48.8,66.8,12.6,81.4,1
135,24,6.72,31.5,77.2,30.3,81.7,1.1
135,25,7.12,37,105.9,17.2,85.5,1.1
135,26,6.92,47.3,103.3,31.1,90.8,1.1
135,27,7.13,32.2,108.9,11.3,98.5,1.2
135,28,7.41,49.2,81.2,8.3,92.9,1.2
135,29,7.32,39.6,103.6,11,98,1.2
135,30,7.07,35,91.3,9.7,96.2,1.3
135,31,6.99,43.6,90.7,29,86.1,1.3
135,32,7.38,33.7,61,34.5,90.2,1.4
135,33,7.3,49.9,78.9,30.3,81.5,1.4
135,34,7.36,39.8,94.5,11.3,98.4,1.4
135,35,7.47,32.2,73.6,17.2,98.2,1.5
135,36,7.49,35.4,30.3,30,80.6,1.5
135,37,6.74,46.6,61.2,26.6,93.2,1.5
135,38,6.9,49.4,49.1,32.7,80.7,1.6
135,39,6.7,49.2,73.3,19.3,83.1,1.6
135,40,6.82,37.9,36.5,29.2,85,1.6
135,41,7.35,38,82.9,6.4,95.5,1.7
135,42,6.87,36,98.2,24.8,97.6,1.7
135,43,7.36,42.4,78.3,16.4,87.5,1.7
135,44,7.38,34.6,88.1,13.3,82.6,1.8
135,45,7.17,42.8,78.6,34,83.9,1.8
135,46,7.04,31,46.8,31.6,97.8,1.8
135,47,7.17,47.5,45.2,19.2,84.1,1.9
135,48,7.41,35.2,68.1,20.9,98.1,1.9
135,49,6.79,46.9,48.9,5.5,86.7,2
135,50,6.81,30.6,59.6,30,96.4,2
136,0,7.12,44.7,57.7,28.7,93.4,0.2
136,1,7.04,39.1,82,12.5,87.6,0.3
136,2,7.29,31.6,41.6,17.3,88.1,0.3
136,3,6.74,32.7,91.3,21.7,96.4,0.3
136,4,7.07,47.7,102,18.7,96.4,0.4
136,5,7.36,45,45,15,89.5,0.4
136,6,7.19,45.6,34.1,27.8,82.5,0.4
136,7,6.78,49.7,79,31.7,90,0.5
136,8,7.18,32.9,99.4,6.5,91.9,0.5
136,9,7.36,47.6,85.5,18.6,90.3,0.5
136,10,6.96,36.2,100.6,18.1,98.2,0.6
136,11,7.12,35.7,99.7,21.5,80.2,0.6
136,12,7.23,39.2,46.5,16.7,90.5,0.6
136,13,6.82,32.7,64.7,9,81.8,0.7
136,14,7.28,47.5,34.9,33.4,96.2,0.7
136,15,6.8,48.6,69.8,22.7,97.8,0.7
136,16,7.25,50,73.6,11.3,83.1,0.8
136,17,7.36,47.2,35.2,12.2,84.3,0.8
136,18,7.17,38.3,75.3,28.1,95.8,0.9
136,19,7.28,49.1,90.1,27.9,93.5,0.9
136,20,7.33,39.2,51.5,11.1,82.4,0.9
136,21,6.97,47.7,87.5,26.9,90.8,1
136,22,6.72,31.3,73.3,23.5,90.7,1
136,23,6.98,35.7,98.3,7.1,80.5,1
136,24,6.98,30.9,109.9,8.1,95,1.1
136,25,7.27,33.8,45.7,17.6,82.5,1.1
136,26,7.15,42.6,86.8,18.2,80.6,1.1
136,27,6.8,32.1,89,24.7,96.1,1.2
136,28,7.32,42.3,51.6,6.7,81.7,1.2
136,29,7.19,47.5,108.8,23.1,90.1,1.2
136,30,7.31,35.4,39.8,26,97.6,1.3
136,31,7.42,32.9,34.8,7.6,96.2,1.3
136,32,7.02,43.2,33.7,27,93.7,1.4
136,33,7.48,43,36.2,21,98.4,1.4
136,34,7.35,32,61.9,15.5,81.1,1.4
136,35,7.17,34,35.4,31,85.8,1.5
136,36,7.14,41.3,34.1,23,91.1,1.5
136,37,7.09,31.9,60.9,18.2,97,1.5
136,38,6.74,40.6,49.9,5.2,93.6,1.6
136,39,7.21,35.8,93.2,9,85.5,1.6
136,40,6.94,31.3,68.3,5.9,91.7,1.6
136,41,6.95,39,92.3,11.7,92.2,1.7
136,42,7.27,40.9,34.3,29.6,94.6,1.7
136,43,7.45,34.9,81.9,28,82.9,1.7
136,44,6.78,40.3,95.4,15.5,91.3,1.8
136,45,7.11,43.7,48.6,29.7,89.5,1.8
136,46,7.48,32.6,90.6,15.5,88.6,1.8
136,47,6.89,43.7,64.2,9.8,94.3,1.9
136,48,6.75,33.9,30.1,25.9,93.6,1.9
136,49,7,33.3,95.4,13.2,95.7,2
136,50,7.1,45.5,66.9,9.8,81,2
137,0,7.36,31,82.3,27.6,81.7,0.2
137,1,7.21,45.5,65.9,11.3,86.9,0.3
137,2,7.15,49.9,59.5,16.3,94.8,0.3
137,3,6.91,38.8,73.9,19.3,82.8,0.3
137,4,7.29,37.3,58.3,16.5,94.2,0.4
137,5,7.07,36,84.5,29.6,96.2,0.4
137,6,6.71,32.3,76.8,5.6,92.6,0.4
137,7,6.7,38.6,75.6,13.8,80.9,0.5
137,8,7.24,37.7,35.2,33.8,93,0.5
137,9,6.89,31.8,96,5.7,96.4,0.5
137,10,7.42,45.5,68.3,27.5,94.1,0.6
137,11,7.45,39,70.3,22.3,87.7,0.6
137,12,7.17,46.5,100.8,28.4,94.3,0.6
137,13,7.43,42.8,75.2,24.5,89.6,0.7
137,14,7.26,43.3,74.6,33.3,83.8,0.7
137,15,6.81,32.3,57.8,28.3,82.5,0.7
137,16,7.26,49.3,81.4,17.8,94.1,0.8
137,17,7.14,32.7,61.7,19.7,92.6,0.8
137,18,7.14,33.6,50.2,9,96.9,0.9
137,19,6.9,40.8,73.8,14.4,83.9,0.9
137,20,7.48,36.8,86,13.9,97.4,0.9
137,21,6.76,45.4,99.3,30.8,94.3,1
137,22,7.4,40.2,42.5,20.6,91.7,1
137,23,6.8,45.4,73.6,22.1,87.6,1
137,24,7.06,41.4,108.5,21.5,89,1.1
137,25,6.75,42.4,64.8,28.1,97.3,1.1
137,26,7.06,41,41.3,25.3,81.2,1.1
137,27,6.94,34.8,91.5,24.9,87.8,1.2
137,28,7.01,39,99.5,22,86.8,1.2
137,29,7.15,47.4,76.9,18.5,97.6,1.2
137,30,7.36,39.2,32.6,30.6,93.3,1.3
137,31,6.92,45.6,77.6,32.8,92.6,1.3
137,32,7.16,36.7,81.6,14.4,95.7,1.4
137,33,7.29,39.4,91.6,24.1,92.1,1.4
137,34,7.36,32.2,96.7,31.9,81.1,1.4
137,35,6.84,35.9,107.8,24.6,98,1.5
137,36,6.87,44.8,98.9,18,83.7,1.5
137,37,7.12,48.3,74.9,19,92.6,1.5
137,38,6.86,37.8,82,6,91.2,1.6
137,39,7.39,40.7,89.5,16.9,91.3,1.6
137,40,7.17,40.1,64.7,21.6,95.7,1.6
137,41,7.45,45,31.7,10.3,98,1.7
137,42,7.09,45.4,91.9,23.8,85.3,1.7
137,43,7,45.6,37.8,15.1,80.6,1.7
137,44,7.07,39.8,85.8,28.3,83,1.8
137,45,7.11,42.4,47.9,16.7,81,1.8
137,46,7.18,31.9,85.1,22.7,94.4,1.8
137,47,6.77,39.1,84.2,19.8,83.5,1.9
137,48,6.85,31.8,97.8,20.6,89.8,1.9
137,49,6.9,43.6,54.2,15,97.3,2
137,50,6.83,32.8,97.2,18.7,84.8,2
138,0,7.38,32.1,77.7,30.7,96,0.2
138,1,6.97,36.1,48.8,8.3,97.6,0.3
138,2,7.49,33.7,51,19.2,89.1,0.3
138,3,7.41,49.8,36.8,31.1,96.4,0.3
138,4,6.77,43.9,44.7,14.2,96.9,0.4
138,5,7.12,39.1,83,17.4,96,0.4
138,6,7.34,41.9,56,34,81.5,0.4
138,7,7.42,45.5,35.7,9.4,83.6,0.5
138,8,7.12,43,35.1,23.3,82.4,0.5
138,9,7.24,45.9,55.6,34.9,97.3,0.5
138,10,6.78,44.3,82.9,30.2,92.2,0.6
138,11,7.47,35.9,74.2,18.7,89.7,0.6
138,12,7.14,32.1,40.1,16.8,89.4,0.6
138,13,7.29,49.1,66.9,19,95.3,0.7
138,14,7.39,33.9,82.8,19.8,83.8,0.7
138,15,6.76,34.8,43.8,5.1,86.5,0.7
138,16,6.82,30.1,45,34.3,85.6,0.8
138,17,7.34,37.3,102.5,29.3,96.1,0.8
138,18,6.98,32.7,81.9,32.9,92.4,0.9
138,19,7.29,44.1,106.2,31.9,90.9,0.9
138,20,7.35,38.3,104.5,6.3,82.3,0.9
138,21,7.49,43.7,93.7,14.2,89.9,1
138,22,6.97,38.2,107.9,16.5,96.4,1
138,23,6.74,35.1,109,14.4,84.7,1
138,24,7.34,39.4,92.7,23.6,81.2,1.1
138,25,6.93,43.9,30.8,13.1,92.6,1.1
138,26,7.44,36.1,95.1,22.2,93.3,1.1
138,27,7.03,38.7,104.1,10.8,86.6,1.2
138,28,6.96,43.8,92.7,25.9,95.2,1.2
138,29,6.89,37.7,50.8,19.7,84.6,1.2
138,30,6.96,42.6,53.2,9.4,81.1,1.3
138,31,7.01,43.7,40.2,24.3,89.8,1.3
138,32,7.23,38.6,53.6,18,94.2,1.4
138,33,6.99,45.2,41.8,32.2,95.6,1.4
138,34,7.39,38.2,93.9,33.8,91.4,1.4
138,35,7.05,36.2,83.4,19.3,93.7,1.5
138,36,7.45,43.7,91.4,6.3,95.1,1.5
138,37,7.27,48.6,91.4,28.8,83.7,1.5
138,38,7.41,47.3,38.7,10.1,96.8,1.6
138,39,6.99,45.2,66.8,11.4,98,1.6
138,40,6.81,47.7,36.5,32.7,86.7,1.6
138,41,7.17,45.9,35.4,21,93.8,1.7
138,42,7.34,42.9,99,13,89.5,1.7
138,43,6.81,39.8,43.3,29.9,92.4,1.7
138,44,7.39,37.1,59.1,25.2,92.1,1.8
138,45,6.72,45.9,81.4,8.5,96.1,1.8
138,46,7.03,30,103.8,24.7,94.5,1.8
138,47,6.85,44.4,34.8,31.8,97.8,1.9
138,48,6.86,48.3,85.7,11.5,98.1,1.9
138,49,7,48.9,81.9,32.4,83.1,2
138,50,7.16,49.8,99.2,28,98.3,2
139,0,7.24,32.4,106.8,30.3,81.5,0.2
139,1,7.34,45.8,65.9,22.9,89.5,0.3
139,2,6.95,45.8,69.3,30.8,90,0.3
139,3,6.88,48.5,89.6,16.3,98.4,0.3
139,4,6.86,42.2,74,7.3,87.8,0.4
139,5,7.49,43.2,78.7,6.7,90.1,0.4
139,6,6.72,44.8,79.2,13.2,97.2,0.4
139,7,7.45,49.1,69.1,18.4,91.5,0.5
139,8,7.04,31.2,84.6,6.4,81.7,0.5
139,9,7.38,41.6,41.3,18.8,95.4,0.5
139,10,7.48,37.8,48.5,19,95.4,0.6
139,11,6.95,38.7,38.8,28.7,90.9,0.6
139,12,7.44,35,96.6,9.7,91.3,0.6
139,13,7.08,48.6,60.3,5.4,85.3,0.7
139,14,6.91,47.6,33.1,25.7,91,0.7
139,15,7.01,34.3,95.9,5.3,88.9,0.7
139,16,7.12,47.4,57.7,25.7,98,0.8
139,17,7.43,36.8,57.7,22.9,93.6,0.8
139,18,6.92,39.4,98.5,16.7,94.5,0.9
139,19,7.42,44,62.7,22.2,86.9,0.9
139,20,7.14,47.6,41.3,14.3,90.3,0.9
139,21,7.37,40.8,81.6,20.9,90.2,1
139,22,7.13,41.7,103.9,18.9,95.6,1
139,23,7.21,45.1,69.7,14.2,90.3,1
139,24,7.46,42.4,99.3,32.7,96.6,1.1
139,25,7.39,40.7,34.4,34.3,91.7,1.1
139,26,6.94,45.7,106.1,7.9,88.5,1.1
139,27,7.12,30.3,42,13.3,96.1,1.2
139,28,7.45,38.7,87.8,16.2,95.3,1.2
139,29,7.31,35.4,35.6,12.8,91.3,1.2
139,30,7.44,32.4,102.9,17.8,84.1,1.3
139,31,6.87,30.5,87.4,7.3,96.3,1.3
139,32,7.47,30.5,56.7,29.1,89.1,1.4
139,33,7.17,34.3,98.2,30.2,96.1,1.4
139,34,7.49,42.4,67.4,7.6,84.4,1.4
139,35,6.79,30.4,77.6,28.6,87.5,1.5
139,36,6.99,36.8,42.5,23.7,82.9,1.5
139,37,7.36,43.5,80.6,10.4,88.5,1.5
139,38,6.9,37.6,44,9.5,92.9,1.6
139,39,7.37,30,45,27.6,82,1.6
139,40,7.43,35.6,66.1,10.8,89.6,1.6
139,41,7.25,49.1,109.5,31.7,98.9,1.7
139,42,7.27,45.8,43.7,8.9,87.1,1.7
139,43,7.12,39.4,107,15.4,97.4,1.7
139,44,6.83,46.1,90.5,23.3,96.1,1.8
139,45,6.94,35,31.9,24.9,83.1,1.8
139,46,6.78,45.6,64.4,17.5,86.3,1.8
139,47,6.81,44.5,44.4,8,83,1.9
139,48,7.12,42.9,32.9,15.5,80.5,1.9
139,49,7,49.3,66.2,5.7,81.1,2
139,50,7.03,34.4,68.8,17.9,83.4,2
140,0,7.25,31.6,68.3,19.5,92.9,0.2
140,1,7.15,48.9,71.3,7.6,85.6,0.3
140,2,7.41,45.5,107.9,33,86.7,0.3
140,3,7.49,35.5,77.9,20.2,95.8,0.3
140,4,6.98,44.3,106.1,34.5,81,0.4
140,5,7.36,31.1,48.8,28.1,93.5,0.4
140,6,6.97,47.7,66.8,10.4,84.7,0.4
140,7,6.82,46.7,32.4,26,94.2,0.5
140,8,7.43,49.1,61.9,27.3,87.6,0.5
140,9,7.44,47.1,50.8,8.2,94.1,0.5
140,10,6.77,35.1,81.9,11.8,94.2,0.6
140,11,7.38,33.8,83.1,19,84.6,0.6
140,12,6.83,33.5,88.7,8.4,92,0.6
140,13,7,33.5,100.7,26.1,84.6,0.7
140,14,7.25,41.5,57.7,34.9,96.1,0.7
140,15,7.01,41.8,84.7,24.1,91.3,0.7
140,16,7.03,31.4,102.5,7.9,98.8,0.8
140,17,7.1,33.1,75.8,8.2,81.7,0.8
140,18,6.78,42.9,36.2,32.8,97.4,0.9
140,19,6.83,45,36,18.3,88.9,0.9
140,20,7.39,41.1,32.5,9.3,91.4,0.9
140,21,7.39,48.4,105.4,18,90.4,1
140,22,6.91,45.8,68,8.6,89.6,1
140,23,7.4,33.4,63.5,6.1,83,1
140,24,6.85,31.6,34.1,34.7,84.5,1.1
140,25,7.33,40.8,32.7,24.6,87.4,1.1
140,26,6.75,47.2,51,6.9,93.4,1.1
140,27,7.35,41.3,33,25.5,83.2,1.2
140,28,7.03,43.1,72,12.6,86.5,1.2
140,29,7.18,43.8,108.8,7.8,93.6,1.2
140,30,7.1,50,88.1,24.1,84.6,1.3
140,31,6.74,45.9,39.2,34.6,89.4,1.3
140,32,7.04,47.8,35,9.1,92,1.4
140,33,7.05,33,76.9,7.8,82.7,1.4
140,34,7.07,43.4,70.3,26.2,90,1.4
140,35,6.79,30.5,67.4,12.6,87.5,1.5
140,36,6.81,47.2,66.6,11.6,86.2,1.5
140,37,7.06,32.9,98.3,12.2,98.8,1.5
140,38,7.13,39.2,39.6,7.5,91.1,1.6
140,39,7.27,44.9,64.6,29,80.5,1.6
140,40,7.07,32.5,101.2,17.5,89.6,1.6
140,41,6.92,37,101.2,12.9,94.6,1.7
140,42,7.19,36.2,44.9,29.6,87.2,1.7
140,43,7.23,38.9,105.1,9.4,82.9,1.7
140,44,6.73,35.6,106.2,10,90.3,1.8
140,45,6.89,41.1,100.8,10.6,92.5,1.8
140,46,6.81,30.7,66.3,11,86.6,1.8
140,47,7.01,35,83.5,29.4,83.8,1.9
140,48,7.03,32,37.7,27.5,95,1.9
140,49,7.2,44.8,81.7,24.3,80.6,2
140,50,7.1,33.8,77.1,27.6,81.4,2
141,0,7.06,34.8,69.3,7.7,81.5,0.2
141,1,7.3,37.5,71.8,26.5,91.9,0.3
141,2,6.71,34,70.5,6,93.9,0.3
141,3,6.77,45.3,99.9,16.8,80.7,0.3
141,4,7.3,47.4,86.3,9.1,92.6,0.4
141,5,6.87,30.4,71.2,22.2,80.4,0.4
141,6,6.76,34.4,103.4,22.4,90.3,0.4
141,7,7.16,43.7,39.8,29.8,83.3,0.5
141,8,7.43,31.2,41.2,9.9,84,0.5
141,9,6.86,36.7,42,20.7,90.3,0.5
141,10,7.29,45.2,79.8,25.7,94,0.6
141,11,7.19,40.7,61.1,34,88.3,0.6
141,12,7.2,47.2,57.3,13.8,85.2,0.6
141,13,7.1,36.1,108.4,16.5,97.7,0.7
141,14,7.41,40,100.1,29.6,97.1,0.7
141,15,6.85,47.6,95.7,21.2,82.1,0.7
141,16,6.8,41.5,105.7,19.8,94.3,0.8
141,17,7.41,33.5,43.7,18.1,89.7,0.8
141,18,7.3,49.3,35,8.5,93.1,0.9
141,19,7.08,46.6,96.6,18.1,86.8,0.9
141,20,7.35,36.4,38,7.4,87.8,0.9
141,21,6.73,46.3,99.4,14.9,98.3,1
141,22,7.1,44.2,33.3,24.4,83.4,1
141,23,6.99,40.8,94.6,21.4,85.5,1
141,24,7,32.9,90.5,22.9,84.1,1.1
141,25,7.09,48.2,67,25.4,90.7,1.1
141,26,7.37,47.8,36.5,22.6,90.8,1.1
141,27,7.29,44.9,108,25.6,83.1,1.2
141,28,7.38,40.1,76.6,17.5,97.9,1.2
141,29,7.01,47.7,96.1,20.7,91,1.2
141,30,6.75,34.5,34.9,12.4,96.7,1.3
141,31,7.09,40.7,99.9,26.8,94.4,1.3
141,32,6.89,43.3,66,27,90.3,1.4
141,33,7.17,39.3,76.1,9.7,97.9,1.4
141,34,7.08,38.9,59,20,89.8,1.4
141,35,6.96,31.2,94,17.9,98.8,1.5
141,36,6.82,31.6,72.5,7.9,90.5,1.5
141,37,6.78,48,98.3,6.1,94.8,1.5
141,38,7.45,35.7,70.7,27.1,83.1,1.6
141,39,6.77,33.3,80.9,30.5,88.8,1.6
141,40,7.03,35.3,107,29.2,85,1.6
141,41,7.3,43.3,59.7,33.1,88.7,1.7
141,42,7.23,43.7,49.8,7.2,83.9,1.7
141,43,7.08,45.8,36.1,23.9,84.7,1.7
141,44,6.75,40.8,42,9,90.4,1.8
141,45,6.99,49.5,35.9,29.5,97.4,1.8
141,46,7.34,48.7,76,26.2,84,1.8
141,47,7.14,44.3,80.7,9,84.1,1.9
141,48,6.86,35.1,77.1,20,88.3,1.9
141,49,6.76,36.3,49.4,30.9,83.7,2
141,50,7.01,41,90.4,10.4,98.4,2
142,0,7.41,39.9,40.7,26.8,93.1,0.2
142,1,7.06,49.9,31.1,5.1,94.1,0.3
142,2,6.95,40.3,95.4,23.6,86.8,0.3
142,3,6.74,34,97.5,24.3,91.4,0.3
142,4,6.84,44.3,47,26,86.5,0.4
142,5,7.47,34.8,72.6,14.3,95.1,0.4
142,6,6.95,37.1,67,23.4,87.4,0.4
142,7,7.28,36.6,66.3,29.2,81.9,0.5
142,8,7.33,43.7,39.1,10.7,98.9,0.5
142,9,6.81,35.9,94,12.2,98.1,0.5
142,10,7,39.6,96.3,27.4,90.7,0.6
142,11,7.25,31.9,89.2,22.8,84.1,0.6
142,12,7.44,35.5,33.5,21.9,88.5,0.6
142,13,7.2,43.3,38.3,18.5,85.4,0.7
142,14,7.05,31,103.5,22.1,83.4,0.7
142,15,6.76,31.1,30.7,27,98.7,0.7
142,16,6.97,46.8,63.5,6.8,97.3,0.8
142,17,6.87,40.9,45.1,28.2,96.3,0.8
142,18,7.46,41.9,48,33.6,94.2,0.9
142,19,6.85,47,86.3,25.3,88.1,0.9
142,20,7.49,46,74.5,15.3,85.2,0.9
142,21,7.38,41.6,78.7,5.2,82.1,1
142,22,7.08,49.1,84.9,14.2,86.2,1
142,23,7,45.8,109.2,26.8,92.6,1
142,24,7.32,47.3,98.4,22.2,98.2,1.1
142,25,7.21,36.5,93.2,7.9,87.8,1.1
142,26,6.96,36.1,65.4,25.1,81.4,1.1
142,27,6.84,36.5,69.3,7.9,82.1,1.2
142,28,6.97,47.3,68.7,25.1,95.7,1.2
142,29,7.27,41.8,107.5,7.6,83.8,1.2
142,30,6.92,34.5,45.8,30.6,84.3,1.3
142,31,6.94,34.4,64.1,17.2,88.9,1.3
142,32,7.42,31.5,34.6,28.7,81.9,1.4
142,33,7.05,31.8,30,29.5,98.7,1.4
142,34,7.12,30.3,61.7,10.3,82.5,1.4
142,35,7.5,35.9,46,32.7,81.9,1.5
142,36,7.35,45.2,81.4,20.2,97.1,1.5
142,37,6.93,35.9,59.7,27.2,96.7,1.5
142,38,6.94,37.4,64,32.2,92,1.6
142,39,7.02,47.2,74.5,21.2,84.2,1.6
142,40,7.47,43.4,109.8,18.1,94.5,1.6
142,41,7.27,30.5,93.1,5.2,86.5,1.7
142,42,7.18,30.2,42.3,21.3,83.8,1.7
142,43,6.83,43.9,79.5,21.9,91.3,1.7
142,44,7.25,35.3,66.2,11.3,85.3,1.8
142,45,7.18,34.5,53.4,25.1,96,1.8
142,46,7.07,30.8,96.3,12.3,86.6,1.8
142,47,7.25,49.6,72.9,23,87.6,1.9
142,48,7.01,38.4,59.1,14.2,95.7,1.9
142,49,6.77,40,95.4,13.9,92.3,2
142,50,7.15,39.3,36.8,17.9,96.3,2
143,0,6.85,32.5,110,22.4,93.7,0.2
143,1,7.09,34.1,61.4,12.9,87.5,0.3
143,2,7.44,47.4,57.2,5.4,80.5,0.3
143,3,7,46.4,55.7,27.8,84.1,0.3
143,4,6.78,44.7,60.1,13.6,80.7,0.4
143,5,7.09,48.7,50,6.7,94.2,0.4
143,6,6.92,48.2,31.3,8.1,89.6,0.4
143,7,7.11,30.2,50.7,7.9,80,0.5
143,8,6.9,35,86,10.6,96.1,0.5
143,9,7.15,45,32.6,13.9,88.4,0.5
143,10,6.81,40.4,58.9,25.4,95.9,0.6
143,11,7.38,39.5,109.5,15.8,92.8,0.6
143,12,7.22,34.6,55.8,8.8,89.2,0.6
143,13,7.44,42.3,74.5,18.7,96,0.7
143,14,7.32,41.4,83.5,21.8,94.4,0.7
143,15,6.72,38.8,103.5,11.6,94.9,0.7
143,16,6.82,38.4,54.6,31.4,93.4,0.8
143,17,7.01,35,49.6,34.5,97.6,0.8
143,18,7.48,45.6,83.5,31.4,92.8,0.9
143,19,7.35,35.1,103.3,16.7,93.2,0.9
143,20,7.21,32.7,81.2,24.6,88.6,0.9
143,21,7.25,30.1,100.8,7.3,81.1,1
143,22,7.43,31.6,74.3,6.7,96,1
143,23,6.83,36.8,101.8,32,81.2,1
143,24,7.3,44.5,37.7,11.4,83.1,1.1
143,25,7.14,30.1,60.1,24.6,98.3,1.1
143,26,7.19,45,61.8,13.3,83.1,1.1
143,27,7.11,37.7,96.9,17.9,84.2,1.2
143,28,7.16,43.5,62.9,5.8,93.1,1.2
143,29,6.79,34.6,98.8,17.1,97.7,1.2
143,30,7.24,40.2,30.1,11.3,82.9,1.3
143,31,6.76,46.3,95,26.8,84.1,1.3
143,32,7.17,46.9,45.5,13.5,82.3,1.4
143,33,6.82,42.5,61.2,22.9,85.4,1.4
143,34,7.27,44.9,37.3,34.3,92.5,1.4
143,35,7.41,34.3,108.9,18,87.4,1.5
143,36,7.32,43.3,87.4,29.2,97.1,1.5
143,37,6.98,41.1,107.7,22.9,93.2,1.5
143,38,7.4,43,30.6,20.4,98.3,1.6
143,39,6.9,34.9,59.4,30.8,87.4,1.6
143,40,7.14,34.9,84.5,15.4,88.9,1.6
143,41,7.39,30.9,75.5,15.1,98.8,1.7
143,42,7.23,33.9,33,21.2,82.4,1.7
143,43,6.94,47.5,104.9,33.9,88.8,1.7
143,44,6.98,48.9,69.4,20.9,95.4,1.8
143,45,6.85,40.9,99,17.1,86.5,1.8
143,46,7.37,43.2,42.4,20.6,89.6,1.8
143,47,7.44,33.1,71,5.1,97.2,1.9
143,48,6.76,30.3,90.1,30.3,87.9,1.9
143,49,7.45,42,98.5,30.2,82.4,2
143,50,7.11,39,92.3,12.5,80.6,2
144,0,7.13,32.6,51.1,34.4,92.5,0.2
144,1,7.5,49.7,32.8,25.6,87.5,0.3
144,2,7.13,41,41.4,20.5,86.7,0.3
144,3,7.46,33.1,100.1,29.4,81,0.3
144,4,7.12,46.9,64.5,8.1,80.7,0.4
144,5,7.32,33.4,34.1,13.6,98.1,0.4
144,6,7.22,34.7,101.2,34.9,86.5,0.4
144,7,6.92,32.8,54.1,9,94,0.5
144,8,6.78,35.5,39.6,33.2,88.9,0.5
144,9,7.38,38.9,106.8,15.9,84.3,0.5
144,10,7.48,32,61.9,27.8,89.5,0.6
144,11,6.88,41.6,104.3,18.4,96.8,0.6
144,12,7.23,41.5,42,16.3,81.6,0.6
144,13,7.45,48.6,32.6,20.3,92.4,0.7
144,14,7.17,44.9,36,28.7,92.9,0.7
144,15,7.46,32.4,35.3,7.8,84.3,0.7
144,16,7.22,41.5,65.9,31.9,96.3,0.8
144,17,6.97,37.1,37.2,26.8,84.7,0.8
144,18,7.31,33,99.8,12.2,91.1,0.9
144,19,6.71,45.1,64.6,29,91.6,0.9
144,20,6.81,44.1,47.1,22,85.7,0.9
144,21,7.05,33.1,39.8,14.4,87.8,1
144,22,7.14,42.1,54.8,8.2,88.6,1
144,23,7.09,38.5,76.7,26.7,97.7,1
144,24,6.92,30.4,87.9,8.7,98.4,1.1
144,25,7.29,30.2,51.6,19.8,94.9,1.1
144,26,7.26,39.7,82.5,29.5,95.9,1.1
144,27,7.06,34.2,34.2,17.6,89.6,1.2
144,28,7.05,45.5,72.9,6.8,81.6,1.2
144,29,7.05,32.4,104.2,20.5,80.6,1.2
144,30,6.96,43.2,73.7,19.5,89.8,1.3
144,31,6.85,37.6,46.1,17.4,80.3,1.3
144,32,6.8,49.3,65.2,30.7,92.9,1.4
144,33,6.93,44.4,48,6.1,87.1,1.4
144,34,7.23,48.6,73.2,9.7,98.1,1.4
144,35,6.94,40.7,57.7,26.8,88.9,1.5
144,36,6.8,43.7,62,31.5,84.4,1.5
144,37,7.03,31.8,40.3,12.4,81.4,1.5
144,38,6.99,43.8,47.6,26.4,93.2,1.6
144,39,7.43,45.3,42.4,21.4,97,1.6
144,40,7.46,42.9,47.2,16.2,90.2,1.6
144,41,6.77,46.1,45.2,13.3,96.7,1.7
144,42,6.73,47.4,35.7,21,96.6,1.7
144,43,7.31,37.4,30.5,26.2,87.1,1.7
144,44,7.08,47.9,101.4,12.5,88.7,1.8
144,45,6.85,30.7,35.1,11.9,96,1.8
144,46,7.18,32.4,58.6,18,80.6,1.8
144,47,7.44,36.2,53.4,10,84.1,1.9
144,48,6.84,49,75.2,23.8,89.5,1.9
144,49,6.95,40.5,32.1,9,81.4,2
144,50,7.38,33.8,92.3,23.4,90.6,2
145,0,7.14,45,32.9,15.9,94.5,0.2
145,1,6.83,44.2,60,30.7,82.4,0.3
145,2,6.92,31,109.6,10.9,97.8,0.3
145,3,6.76,30.7,64,11,98.4,0.3
145,4,6.98,46.2,61.5,19.4,82.7,0.4
145,5,7.02,37.2,85.8,24.6,81.5,0.4
145,6,7.41,44.8,88.1,16.6,85.9,0.4
145,7,7.31,36.1,79,5.6,80.9,0.5
145,8,6.84,34.4,85.4,34.6,92.5,0.5
145,9,6.98,39.3,71.1,17.2,81.2,0.5
145,10,6.73,46.6,108.3,13.1,98,0.6
145,11,6.81,45.9,58.2,11,88.8,0.6
145,12,7.26,46.8,85.7,30.3,87.4,0.6
145,13,7.41,48.7,47.5,17.9,96.8,0.7
145,14,7.28,39.7,51.6,28.2,98.4,0.7
145,15,7.48,41.4,32.4,5.7,88.7,0.7
145,16,7.31,37.6,109.9,21.4,89,0.8
145,17,6.92,44.9,44,28.4,90.6,0.8
145,18,6.77,32.5,104.2,12.6,83,0.9
145,19,7.02,43.6,31.9,29.1,84.7,0.9
145,20,7.15,34.8,47,33.7,97.7,0.9
145,21,7.2,32.8,63,32.8,81.4,1
145,22,7.03,49.3,76.7,10.9,91.6,1
145,23,7.16,44.4,64.4,20.6,91.1,1
145,24,6.84,35.7,51.8,21.8,93.2,1.1
145,25,6.85,46.9,57,6.1,84.3,1.1
145,26,7.35,49.4,76.5,24.3,96.4,1.1
145,27,7.48,43,82.2,34.4,88,1.2
145,28,7.39,48.5,43.7,20.7,81.7,1.2
145,29,7.5,30.1,34.5,28.2,96.5,1.2
145,30,7.09,34.7,89,30.6,85.2,1.3
145,31,7.32,34.5,37.4,5.4,87.1,1.3
145,32,7.46,31.7,90.9,11,98.8,1.4
145,33,7.28,49.4,83.6,34.9,89.1,1.4
145,34,7.26,49.6,76.5,25.8,87.3,1.4
145,35,7.42,48.1,101.5,7.9,94.5,1.5
145,36,7.16,48,74.5,19.4,97.6,1.5
145,37,6.74,41.7,48.7,23.8,93.6,1.5
145,38,7.42,31,93.6,30.5,83.2,1.6
145,39,7.05,49.1,69.2,26.9,82.8,1.6
145,40,7.43,30.6,95.4,21.9,85.4,1.6
145,41,6.91,38,74.7,14.8,86.4,1.7
145,42,6.74,36.9,94.7,26.2,94.3,1.7
145,43,7.04,35.2,104.6,19.3,93.3,1.7
145,44,7.19,45.7,45.5,12.3,83.2,1.8
145,45,6.87,39.5,36.5,5.4,97.8,1.8
145,46,7.13,36.7,64.8,30.5,94.7,1.9
145,47,7.12,31,74.1,14.4,88,1.9
145,48,7.19,43,54.3,17.7,90.1,1.9
145,49,7.01,31.2,73.6,34.3,96.3,2
145,50,6.77,32.2,106.9,13.6,93.7,2
146,0,7.04,32,77.5,11.1,95.1,0.2
146,1,6.9,35,78.2,17.7,95,0.3
146,2,7.46,43.2,53.6,33.3,82.3,0.3
146,3,6.87,40.4,107.5,21.5,97.2,0.3
146,4,6.88,48.5,98.9,32.3,86.9,0.4
146,5,7.14,36.3,92.8,17.6,93,0.4
146,6,6.75,49,30.4,21.5,97.4,0.4
146,7,6.99,40,72.1,21.6,88.3,0.5
146,8,7.13,39.8,80.8,14.5,80.6,0.5
146,9,7.35,34.4,97.9,7,89.5,0.5
146,10,6.93,41.8,77.6,16.1,86.8,0.6
146,11,7.16,47.7,67.8,22.8,92.8,0.6
146,12,7.47,40.4,81.2,19.6,82.2,0.6
146,13,6.83,45,85.2,12.2,86.2,0.7
146,14,6.81,30.6,72.2,17.8,95.2,0.7
146,15,7.12,37,46,34.7,91.8,0.7
146,16,6.99,35.2,99.8,31,91.4,0.8
146,17,6.86,41.8,58.5,25.6,91.7,0.8
146,18,7.12,34.9,34.2,31.7,82.9,0.9
146,19,7.11,33.3,67.9,30.8,98.1,0.9
146,20,7.41,30.5,76.5,13.9,96.4,0.9
146,21,6.94,37.8,71.5,17.6,88.1,1
146,22,7.37,41.1,106.7,27.8,81.6,1
146,23,7.28,33.1,77.9,20.3,89.6,1
146,24,6.93,47.7,71.5,33.5,98.3,1.1
146,25,6.76,42.7,101.6,33.3,83.7,1.1
146,26,7.17,35.5,95.3,9.4,94.8,1.1
146,27,7.35,31.1,78.1,30.3,93.8,1.2
146,28,7.12,38,92.8,23.2,88.4,1.2
146,29,7.3,43.9,32.5,17.1,85.2,1.2
146,30,7.3,30.7,96.3,31.2,81.9,1.3
146,31,7.04,45.6,108.7,20.1,97.3,1.3
146,32,7.13,41.8,90.3,20.7,91.2,1.4
146,33,6.73,44.9,49.5,30.5,90,1.4
146,34,7.43,48.4,31.9,24.2,86.9,1.4
146,35,7.17,48.8,107,27.8,98.3,1.5
146,36,7.01,43.1,56.5,6.6,88.5,1.5
146,37,7.3,42.5,30.6,21.4,98.5,1.5
146,38,7.18,39.2,56.6,8.8,97.5,1.6
146,39,7.38,48.1,99,20.2,94.9,1.6
146,40,7.21,49.1,50.3,7,82.6,1.6
146,41,7.19,48.6,35.1,9.6,98.5,1.7
146,42,6.75,43.5,91.1,15.7,89,1.7
146,43,7.32,39.1,69.6,22,94.7,1.7
146,44,7.15,43.4,37,33.2,84.7,1.8
146,45,7.34,44.5,61.2,15.6,88,1.8
146,46,7.43,30.3,98.5,28.3,84.1,1.9
146,47,7.41,49.1,43.7,16.2,85.5,1.9
146,48,7.29,36.3,56.3,10.1,90.9,1.9
146,49,6.96,38.6,38.1,27.4,91.5,2
146,50,6.78,40.7,86.7,11.2,95.4,2
147,0,7.24,40.6,83,21.6,88.5,0.2
147,1,7.25,44.2,109,20.8,88.6,0.3
147,2,7.42,44.6,100.3,23.2,90.6,0.3
147,3,6.84,35,40.2,30.8,97.5,0.3
147,4,7.01,48.1,84.2,25.1,82,0.4
147,5,7.25,32.3,87.1,29,85.8,0.4
147,6,6.8,37.7,96.7,15.4,80.8,0.4
147,7,7.01,47.2,94.5,17.9,89.2,0.5
147,8,6.82,42.2,92.2,18.5,93.7,0.5
147,9,7.17,31.1,48,19,96.6,0.5
147,10,7.18,36.1,61.9,20.2,90.2,0.6
147,11,7.17,36.8,104.7,29.5,83.9,0.6
147,12,6.78,49,92.9,26.6,81.1,0.6
147,13,6.91,48.9,40.3,20.2,90.1,0.7
147,14,7.02,40.4,108,25.6,91.4,0.7
147,15,7.15,49.6,102.6,11.1,84.8,0.7
147,16,6.91,40.4,42.4,28.9,89.2,0.8
147,17,6.85,33.7,79.2,17.1,94,0.8
147,18,7.29,40.7,99.2,10.7,98.8,0.9
147,19,7.13,33.9,107.1,9.2,87.5,0.9
147,20,7.14,31.3,77,10.6,95.8,0.9
147,21,6.95,39.7,66.9,18.2,88.4,1
147,22,7.39,33.1,50,5.4,97.1,1
147,23,7.38,30.7,48.4,29.4,91.5,1
147,24,6.7,46.6,65.5,16.7,85.3,1.1
147,25,7.3,37.5,74.4,13.5,80,1.1
147,26,7.38,35.5,85.8,14.9,91.8,1.1
147,27,6.94,32.7,97.8,23.6,80.7,1.2
147,28,6.99,35.4,98.1,24.4,85,1.2
147,29,7.3,34.2,78.4,26.1,82.6,1.2
147,30,7.11,44,95.8,13.8,87.7,1.3
147,31,6.84,41.7,58,22.6,91,1.3
147,32,7.39,32.3,54.8,7.2,83.3,1.4
147,33,6.81,45.1,63.7,19,84.4,1.4
147,34,7.35,33.6,78.4,20.6,88,1.4
147,35,7.26,32.2,84.9,5.1,80.3,1.5
147,36,7.11,40.8,81.8,11.5,93.4,1.5
147,37,7.05,48.3,103.9,25.2,85.1,1.5
147,38,6.85,43.1,50,30.8,88.2,1.6
147,39,7.08,48.3,57.8,7.8,90.4,1.6
147,40,7.42,39.6,78.5,10.7,85.2,1.6
147,41,7.41,43.1,105.2,21.7,92.1,1.7
147,42,6.83,47.9,31.1,32.4,80.8,1.7
147,43,7.24,34.3,60.3,12.1,90.4,1.7
147,44,6.83,32.8,84.2,8.4,84.4,1.8
147,45,6.82,40.6,49.5,8.8,83.6,1.8
147,46,7.47,48.9,106.7,14.1,80.6,1.9
147,47,7.25,36.3,71,22.8,93.9,1.9
147,48,7.28,49.7,85.3,30.7,94.4,1.9
147,49,6.76,42,45.4,26.2,92.8,2
147,50,7.17,48.4,89.3,15.4,97,2
148,0,7.28,35.1,53,24.5,95.4,0.2
148,1,7.3,47.3,47.3,26.4,95,0.3
148,2,6.88,31.5,50,22.3,91.3,0.3
148,3,6.86,39.8,66.8,29.3,85.2,0.3
148,4,7.48,39,71.9,11.8,89.3,0.4
148,5,6.91,46.9,74.3,33.7,89.6,0.4
148,6,7,34.6,34.9,27.9,87.7,0.4
148,7,7.49,33.6,37.9,11.4,85.3,0.5
148,8,7.07,33.3,66.6,20.7,97.6,0.5
148,9,6.97,46.6,36.9,34.7,93.7,0.5
148,10,7.03,40.3,98.3,26.4,97.6,0.6
148,11,7.16,41.8,69,33.5,87.2,0.6
148,12,7.23,44.3,68.9,26.1,86.6,0.6
148,13,7.29,48.6,91.9,24.1,90.2,0.7
148,14,6.81,43.9,94.2,19.1,85,0.7
148,15,7.2,32.4,108,10.6,96.5,0.7
148,16,6.86,38.8,78.6,5.9,97.4,0.8
148,17,6.8,41.8,30.7,11.2,93.6,0.8
148,18,7.1,42.4,89.2,34.7,92.9,0.9
148,19,6.86,30.4,60.5,11.3,84.5,0.9
148,20,6.89,48.7,86.2,15,80.8,0.9
148,21,7.14,33.2,88.2,27.2,97.4,1
148,22,6.95,31.3,40.2,32.3,94.4,1
148,23,7.06,43.5,96.8,9,94.3,1
148,24,7.36,40.5,42.2,16.1,90.9,1.1
148,25,7.05,41.8,79.5,20.3,98.7,1.1
148,26,6.89,46.1,39.4,34.2,89.7,1.1
148,27,6.8,45.6,53.3,22.7,96.2,1.2
148,28,6.89,47.5,62.4,27.6,85.9,1.2
148,29,7.27,39.1,63.4,22.1,96.3,1.2
148,30,6.89,40.9,75.8,30.1,89,1.3
148,31,7.1,43.8,39.7,30.9,90.2,1.3
148,32,6.71,31.7,38.8,5.8,87,1.4
148,33,6.81,34.9,76.9,33.8,83.5,1.4
148,34,7.14,32.5,95.1,20.2,89.3,1.4
148,35,7.45,40.7,33.5,10,90.1,1.5
148,36,6.98,30.3,80.9,11.5,85.1,1.5
148,37,7.16,45.9,50.1,31.2,82.7,1.5
148,38,7.3,32.2,108.2,30.9,89.2,1.6
148,39,7.4,44.6,60.3,29.5,88.8,1.6
148,40,7.04,45.2,85.4,30.7,98,1.6
148,41,7.35,47.6,31,16.7,85.2,1.7
148,42,6.88,42.1,51,10.7,90.5,1.7
148,43,7.22,31.3,81.4,6.8,80.2,1.7
148,44,7.11,46.5,47,19.1,80.4,1.8
148,45,7.3,36.4,108.2,15.3,80.6,1.8
148,46,7.19,40.8,102,20.5,87.5,1.9
148,47,7.2,47,70.4,6.2,90.9,1.9
148,48,7.42,31.6,64.5,30.2,98.9,1.9
148,49,7.21,36.5,81.9,13.3,85.3,2
148,50,6.99,41.5,109.8,6.9,89.5,2
149,0,6.91,33,56.5,28.5,80.2,0.2
149,1,6.87,35,41.5,30.4,94,0.3
149,2,7.08,35.8,66.9,14.5,91.4,0.3
149,3,6.96,44.6,52.3,13.4,81.2,0.3
149,4,6.92,43.2,64.4,8.7,86.7,0.4
149,5,7,44.6,62.5,18,97.1,0.4
149,6,7.45,48.7,104.1,18.1,83.6,0.4
149,7,7.34,30.9,48,32.8,86.7,0.5
149,8,7.47,36.1,30.6,24.6,94.6,0.5
149,9,6.94,41.8,64,26.3,94.1,0.5
149,10,7.4,31.8,56.9,14.4,92.4,0.6
149,11,7.02,36.1,37.1,14.2,83.7,0.6
149,12,7.28,46.6,31.7,6.7,83.6,0.6
149,13,6.8,36.6,51.9,27.2,83.9,0.7
149,14,7.16,30.5,58.5,31,90.7,0.7
149,15,6.83,41.2,40.8,30.6,90.2,0.7
149,16,7.34,37,64.4,10,90,0.8
149,17,7.18,49.5,69.3,7.3,98.6,0.8
149,18,7.36,49.7,84.4,34.7,91.1,0.9
149,19,7.06,38.5,99.9,13,86.3,0.9
149,20,7.07,43.7,89.2,7.8,84,0.9
149,21,7.14,42.6,39.2,16.7,87.5,1
149,22,7.08,45.1,30.1,32.4,94.3,1
149,23,7,48.3,91.6,15.5,97.3,1
149,24,7.42,32.9,88.3,29.9,97.5,1.1
149,25,6.88,48.5,45.1,15.1,89.5,1.1
149,26,7.13,41.3,63.6,32.3,81.9,1.1
149,27,7.49,41.3,93.7,9.5,96.8,1.2
149,28,7.02,34.2,93,32.9,81.6,1.2
149,29,7.06,37.6,93.8,14.5,86.7,1.2
149,30,6.71,48.3,69.3,19.1,84.4,1.3
149,31,6.98,44.5,100.6,30.5,91.5,1.3
149,32,6.8,41.3,90.8,27.1,85.8,1.4
149,33,6.8,39.3,67.1,6.6,95.1,1.4
149,34,6.9,32.1,37.5,8.9,91.2,1.4
149,35,7.22,41,69.5,31.6,88.1,1.5
149,36,6.71,49.5,63.5,18.1,91.4,1.5
149,37,6.85,47.1,63.7,9.6,89.5,1.5
149,38,6.93,48.4,32.9,29.7,96.3,1.6
149,39,6.75,43.5,64.4,8.5,83.9,1.6
149,40,6.73,48.2,67.3,27.3,81.2,1.6
149,41,7.26,48.9,85.9,20.3,87,1.7
149,42,7.23,39.4,109.3,12.7,96.3,1.7
149,43,6.78,38.1,34.7,24.7,86.8,1.7
149,44,7.32,33.6,39,12.5,88.8,1.8
149,45,7.49,43.4,75.8,29.8,87.2,1.8
149,46,7.18,44.3,87.5,10.9,87,1.9
149,47,7.24,42.3,96.1,16.6,97.8,1.9
149,48,7.28,37,39.9,17.2,85,1.9
149,49,6.74,38.3,103.1,24.5,85.9,2
149,50,7.18,33.9,75.1,26.5,92.9,2
150,0,7.13,39,82.4,15.2,89.2,0.2
150,1,6.73,38.6,62.5,25.6,85.5,0.3
150,2,7.3,38.2,89.7,20.1,93.9,0.3
150,3,6.91,32.5,58,30.1,84.8,0.3
150,4,6.79,47.6,50.2,27.3,81.6,0.4
150,5,6.97,46.8,46.1,8.3,95.5,0.4
150,6,7.05,39.3,106.6,25.2,86.9,0.4
150,7,7.1,35.8,48.2,20.2,84.6,0.5
150,8,7.47,33.6,77.1,33.9,96.1,0.5
150,9,6.91,41.4,48,32.5,98.2,0.5
150,10,6.88,43.4,79.3,19.2,96.4,0.6
150,11,6.97,46,109,13.7,82.9,0.6
150,12,7.19,37.1,65.3,19.8,87.8,0.6
150,13,7.49,32.7,95.8,32.8,80.1,0.7
150,14,7.11,44.3,70.7,29.2,89,0.7
150,15,7.33,31.2,90.5,26,98,0.8
150,16,6.71,30.3,60.2,12.8,98.8,0.8
150,17,7.3,43.2,71.7,34.8,91.7,0.8
150,18,7.25,36,42,29.9,97.1,0.9
150,19,7.36,39.8,43.6,5.7,98.8,0.9
150,20,7.36,34.9,58.5,32.9,85.1,0.9
150,21,6.91,36.4,81.8,23.5,88.5,1
150,22,7.07,39.3,34.7,13.8,84.6,1
150,23,7.48,44.1,76.8,34,91,1
150,24,6.7,47,67.5,5.5,80.5,1.1
150,25,7.35,47.2,65,22.9,87.7,1.1
150,26,6.73,44.5,48.7,11.1,94.8,1.1
150,27,7.3,49.7,105.5,6.2,93.9,1.2
150,28,7.09,44.8,105.9,24.9,82,1.2
150,29,6.92,30.5,33.9,18,89.1,1.2
150,30,7,31.3,67.9,20.7,95.2,1.3
150,31,7.41,44.8,36.6,18.8,82.7,1.3
150,32,6.7,41.2,87.4,24.6,98.3,1.4
150,33,7.22,41.1,79.9,34.8,82,1.4
150,34,7.19,30.6,68.5,29.9,80.1,1.4
150,35,7.49,39.1,101.9,22.4,89,1.5
150,36,6.86,49.6,79.7,14.2,81.1,1.5
150,37,6.98,38.6,63.1,24.1,87.7,1.5
150,38,7.02,40,38.6,19.6,90.8,1.6
150,39,7.46,30.1,48.6,34.9,85,1.6
150,40,7.46,32.4,71.4,13.9,87.1,1.6
150,41,7.37,33.9,59.8,13.7,88.3,1.7
150,42,7.04,47,65.7,10.3,90.6,1.7
150,43,7.21,32.8,61.7,30.2,88.8,1.7
150,44,7.43,30.9,55.7,15.7,92.1,1.8
150,45,6.97,49.4,52.2,32.8,84.6,1.8
150,46,6.77,40.8,76.5,14.9,85.4,1.9
150,47,6.94,40.8,72.8,6.2,83.3,1.9
150,48,7.24,43.5,70.5,31.5,87.8,1.9
150,49,7.3,38,52.5,22.2,97.6,2
150,50,6.85,45.9,57.9,29.3,87.2,2
151,0,7,41.3,67.9,12.7,85.4,0.2
151,1,7.29,47.6,80.5,26.2,98.2,0.3
151,2,6.73,43.2,46.5,31.4,93.3,0.3
151,3,6.95,43.3,31.3,19.6,87.7,0.3
151,4,7.03,35.8,94.5,8.6,89.4,0.4
151,5,7.24,43.9,36,8.3,98.6,0.4
151,6,6.95,46.9,54.1,12.6,95.3,0.4
151,7,6.83,35,74.7,33.1,85.7,0.5
151,8,7.07,39.5,100.6,19.9,91.8,0.5
151,9,7.44,45.2,37.4,33.3,91.8,0.5
151,10,7.28,33.7,74.6,19.4,87.7,0.6
151,11,7.11,32.1,50.8,11.3,88.4,0.6
151,12,6.98,32.2,71.9,13.9,97.6,0.6
151,13,7.35,39.9,43.6,33.3,87.7,0.7
151,14,6.84,35,48.4,13.7,95.3,0.7
151,15,6.71,36.9,51.3,22.6,96.3,0.8
151,16,6.91,37.4,75.7,19.9,97.3,0.8
151,17,6.73,39.2,108.8,22.1,96.8,0.8
151,18,6.79,42.3,96.2,32.1,97.6,0.9
151,19,7.45,42.6,50.2,21,98.9,0.9
151,20,7.31,32.6,37.8,24.5,80.7,0.9
151,21,7.09,37.4,58.3,32.5,94,1
151,22,7.21,33.5,88.5,32,82.9,1
151,23,7.36,31.8,105.3,6.1,96.8,1
151,24,7.04,34.3,67.7,25.8,90.9,1.1
151,25,7.03,40.2,52.4,16.8,87.5,1.1
151,26,6.75,37,82.6,23.2,91.8,1.1
151,27,6.94,49.1,60.4,16.2,81.4,1.2
151,28,6.96,35.9,76.8,16.4,89.2,1.2
151,29,7.37,38.8,62,23.1,96.6,1.2
151,30,7.29,45.8,90.2,24.8,94,1.3
151,31,6.94,30.4,98.5,29.2,96.9,1.3
151,32,7.03,32.4,47.6,21.3,92,1.4
151,33,7.41,36.7,108.4,9.4,95.5,1.4
151,34,7.43,48.3,31.3,17.9,85.3,1.4
151,35,6.99,37,59.2,20.9,84.7,1.5
151,36,6.84,46.8,73.3,7.6,87.7,1.5
151,37,7.01,46.1,98.7,33.9,88.1,1.5
151,38,7.06,44.6,58.3,32.8,96.4,1.6
151,39,6.78,48.9,106,30.9,92.1,1.6
151,40,6.73,35,62.7,11.3,81.2,1.6
151,41,7.08,39.1,109.3,12.1,83,1.7
151,42,7.19,46.8,62.5,26.4,93.6,1.7
151,43,7.29,34.4,30.7,14.9,94.2,1.7
151,44,6.92,40.3,75,29.5,90.2,1.8
151,45,7.4,33.2,49.7,6,82.5,1.8
151,46,7.04,39.3,43.8,24.1,85.3,1.9
151,47,7.25,45.1,61.2,20.6,95.3,1.9
151,48,7.48,48,100.8,33.8,81.3,1.9
151,49,6.7,36.6,87.3,9.9,89.2,2
151,50,7.05,38.6,36.3,19.8,80.8,2
152,0,7.24,39.8,84.9,30.8,96.1,0.2
152,1,7.35,46.3,39,22.1,95.9,0.3
152,2,7.09,43.2,99.6,23.9,82.4,0.3
152,3,6.77,38.5,45.3,24.7,88.8,0.3
152,4,6.96,35,97.2,23.1,80.6,0.4
152,5,7.23,33.3,103.8,22.7,85.3,0.4
152,6,7.15,44.8,45.5,32,94.8,0.4
152,7,7.42,39.7,104.4,30.6,84,0.5
152,8,6.88,41.5,60.9,18.6,86.1,0.5
152,9,6.98,30.1,102.5,22,83.2,0.5
152,10,7.37,37.4,36.6,32,97.7,0.6
152,11,7.42,48,79.4,6.4,86.4,0.6
152,12,7.38,48.5,105.6,27,83.3,0.6
152,13,7.35,34.2,32.1,16.3,89.9,0.7
152,14,6.77,38.9,43.5,32.5,96.9,0.7
152,15,6.74,31.3,102.6,34.4,89.1,0.8
152,16,7.36,48.9,57,18.8,92.1,0.8
152,17,6.86,32.8,47.2,30.1,95.7,0.8
152,18,7.35,48.6,78.1,34.2,87.9,0.9
152,19,7.23,30.3,96.6,31.5,97.8,0.9
152,20,6.84,48.3,67,9.1,80.8,0.9
152,21,6.98,31.5,45.6,9.2,97.6,1
152,22,7.29,36.5,67.6,28.1,85.3,1
152,23,7.03,49.4,44.4,34.5,81.2,1
152,24,6.92,37.2,35.8,14.7,83.7,1.1
152,25,7.05,43.7,38.8,32.1,96.2,1.1
152,26,6.76,47.6,100.5,11.8,80.5,1.1
152,27,7.07,45.2,31,17.6,92.2,1.2
152,28,7.32,34.4,83.7,32.2,92.7,1.2
152,29,7.47,37.5,85.6,20.5,86.7,1.3
152,30,7.44,30.3,99.6,26.1,95.2,1.3
152,31,6.87,45.3,92.9,23.1,98.9,1.3
152,32,7.04,43,81.4,8.3,81.3,1.4
152,33,7.08,32.4,70.4,33.4,93.8,1.4
152,34,7.14,49.1,51.8,29.8,92.6,1.4
152,35,6.98,34.3,54.3,31.6,98,1.5
152,36,7.48,40.8,43.3,10.3,98.6,1.5
152,37,7.07,33,70,19.1,93,1.5
152,38,7.31,49,90.9,26,85.6,1.6
152,39,7.26,39,70,18.1,82.6,1.6
152,40,6.9,34.5,42.5,27,88.7,1.6
152,41,6.78,37.9,109.7,5.1,83.9,1.7
152,42,7.11,32,67.9,30.3,92.4,1.7
152,43,6.96,48.9,88.7,15.8,92,1.7
152,44,6.75,31.9,54.3,32.8,90.7,1.8
152,45,7.38,48.3,76.7,32.3,96,1.8
152,46,7.18,38.2,55.9,19.5,81.4,1.9
152,47,7.03,48.2,86.2,11.3,83.3,1.9
152,48,7.14,42.2,53.7,22.1,97.8,1.9
152,49,6.74,47.2,98.7,11.8,86.9,2
152,50,7.06,30.6,31.4,16.9,88.2,2
153,0,7.49,36.9,63.8,18.6,88.4,0.2
153,1,6.93,33.6,72.2,31.9,91.9,0.3
153,2,7.16,33.4,81.1,21.6,87.1,0.3
153,3,6.85,45.2,51.5,29.6,83,0.3
153,4,7.32,44.7,94.6,33.8,87.5,0.4
153,5,6.88,43.8,32.1,8.8,80.6,0.4
153,6,7.07,45.6,39.5,22.1,81.3,0.4
153,7,6.86,49.1,99.1,24.3,89.7,0.5
153,8,7.13,37.8,90,34.2,86.6,0.5
153,9,6.98,35.4,46,7.7,84.2,0.5
153,10,6.82,45.4,103.8,20.8,80.2,0.6
153,11,7.35,37.2,46.1,34.5,85,0.6
153,12,7.18,45.8,69.6,32.6,94.4,0.6
153,13,6.88,44.8,84.7,17.8,85.6,0.7
153,14,7,36.1,109.4,5.7,91.5,0.7
153,15,7.18,45.1,33,5.6,82.2,0.8
153,16,7.02,36.1,37.7,23.2,89.7,0.8
153,17,7.34,44.6,58.5,22.7,95.1,0.8
153,18,7.23,37,109.2,14.4,93.1,0.9
153,19,7.44,36.5,49.2,16.5,95.2,0.9
153,20,7.1,49.3,75.2,5.7,95.3,0.9
153,21,7.35,32.3,92.7,25.8,80.9,1
153,22,6.79,45.5,101.1,12.8,80.8,1
153,23,6.85,41.3,109.8,29.2,96.6,1
153,24,6.73,46.5,94.8,15,95.7,1.1
153,25,6.88,47.8,105.4,15.9,86.9,1.1
153,26,6.88,37.8,93.1,10.4,97.2,1.1
153,27,7.31,46.4,54.6,19.5,82.9,1.2
153,28,7.1,43.2,37.3,12.4,83.4,1.2
153,29,7.47,44.1,46.1,34.2,97.3,1.3
153,30,7.39,42,62,8.2,88.4,1.3
153,31,7.24,46.6,91.6,27.2,80.9,1.3
153,32,6.77,30.7,48.6,14.8,91.4,1.4
153,33,6.91,39.3,59.9,21.8,95.1,1.4
153,34,6.93,38.1,51.6,8.6,97.2,1.4
153,35,6.93,49.6,77.3,7.4,85,1.5
153,36,7.07,35.7,79.7,33.4,96.4,1.5
153,37,7.16,47.8,39.7,31.2,89.6,1.5
153,38,7.16,49.9,51.7,14.5,96.6,1.6
153,39,7.43,41.6,53.6,15.4,98.2,1.6
153,40,7.19,41.2,63.2,25.9,98.1,1.6
153,41,7.24,47.3,83.3,27.9,98.5,1.7
153,42,6.88,46.1,102.5,6.6,98.1,1.7
153,43,6.72,36.3,30.4,20.2,83,1.7
153,44,6.98,34.3,83.7,29.5,82.7,1.8
153,45,7.09,40.4,92.2,21.1,84.9,1.8
153,46,7.22,34.3,55.3,8.2,84.1,1.9
153,47,7.34,33.8,92,15.5,98,1.9
153,48,6.91,34.6,97.8,25.1,85.9,1.9
153,49,7.16,30.6,107.3,15.1,80.5,2
153,50,7.38,39.8,102.5,23.6,83.5,2
154,0,7.24,43.8,33.3,6.3,97.7,0.2
154,1,6.98,43.4,30.3,6.2,91.6,0.3
154,2,7.38,44.6,47,10.4,85.2,0.3
154,3,7.3,31.6,57.4,20.4,83.6,0.3
154,4,6.84,49.6,104.9,32.7,95.7,0.4
154,5,7.12,37.4,42.3,25.6,87.9,0.4
154,6,7.46,44.5,72.7,6.3,81.4,0.4
154,7,7.41,40.7,87.2,21.8,97.4,0.5
154,8,6.85,36.9,30.1,26.9,80.5,0.5
154,9,6.97,41.8,42.1,25.4,87.1,0.5
154,10,7,45.7,104.8,33.1,95.7,0.6
154,11,6.99,45.7,45.1,14.3,87.2,0.6
154,12,6.9,35.5,91.7,34.7,86.9,0.6
154,13,7.09,36.1,42.4,11.9,91.6,0.7
154,14,6.86,38.5,89,6.1,95.4,0.7
154,15,6.85,43.4,47.7,34.2,94.2,0.8
154,16,6.94,34.8,67.7,33.4,81.3,0.8
154,17,6.76,39.5,54.2,19,93.8,0.8
154,18,6.93,46.3,62.3,12.4,93.5,0.9
154,19,7.15,35,86.9,6.1,97.7,0.9
154,20,6.74,31.8,36.6,32.4,94.8,0.9
154,21,6.83,42.2,105.7,18.2,90.6,1
154,22,7.32,32.2,103.7,9.1,91.5,1
154,23,6.95,44.6,49.9,7.9,93.7,1
154,24,7.29,42.5,46,16.1,85.2,1.1
154,25,7.39,49.4,68.2,19.8,92.7,1.1
154,26,6.97,43.1,94.1,25.6,86.7,1.1
154,27,6.99,43.9,107.3,10.3,84.4,1.2
154,28,7.02,49.2,73.8,29.9,91.1,1.2
154,29,6.73,42,77.8,24.6,94.4,1.3
154,30,7.02,34.2,71.1,7.5,88,1.3
154,31,6.8,40.7,67.8,34.9,85.9,1.3
154,32,7.37,35,54.3,29.9,97.8,1.4
154,33,7.16,47.2,66.8,32.3,88.6,1.4
154,34,6.73,46.1,39.5,11,83.2,1.4
154,35,6.72,46.5,106.1,16.1,82.1,1.5
154,36,7.38,39.6,34.1,30.7,96.7,1.5
154,37,7.34,40.6,96.6,33.2,98.4,1.5
154,38,7.48,44.5,91,17.6,98.7,1.6
154,39,6.93,30.4,45,8.5,84.6,1.6
154,40,7.44,49.4,49.3,5.2,96.9,1.6
154,41,7.31,36.6,85.8,31.4,86.5,1.7
154,42,7.46,40.3,40.9,18.2,88.4,1.7
154,43,7.22,32.6,56.3,27.5,88.2,1.7
154,44,6.78,40,48.2,13.9,98,1.8
154,45,7.37,45.5,49.6,34.9,87.7,1.8
154,46,7.5,45.8,108.7,25.8,86,1.9
154,47,7.46,44.4,76.1,14.7,82.9,1.9
154,48,7.45,43.9,87,27.9,87.1,1.9
154,49,6.95,40.3,54.7,13.4,96.5,2
154,50,7.01,30.6,34.6,6.8,90.4,2
155,0,6.75,33.8,94,5.4,81.9,0.2
155,1,7.29,41.7,30.4,31.9,95.8,0.3
155,2,6.77,37,53,9.1,98.4,0.3
155,3,7.19,39.2,37.8,19.3,87.7,0.3
155,4,6.9,33.4,35.9,20.2,86.9,0.4
155,5,6.8,41.6,60.5,15.5,97.2,0.4
155,6,6.7,37.4,48,19.8,91.1,0.4
155,7,7.13,48,84.1,32.5,82,0.5
155,8,6.81,46.1,60.4,34.9,94.8,0.5
155,9,7.1,30.2,53.2,19.9,86.7,0.5
155,10,6.91,41.2,36.4,9.5,97.2,0.6
155,11,7.29,39.5,54.1,8.6,87.4,0.6
155,12,7.09,42.7,100.5,26.5,89.7,0.6
155,13,7.33,32.6,33,31.5,88.9,0.7
155,14,6.76,33.3,102.1,28.9,82.4,0.7
155,15,6.75,37.2,80,25,93.3,0.8
155,16,6.92,35.6,38.8,14.1,97.2,0.8
155,17,7.02,34.6,109.9,6.6,98.1,0.8
155,18,6.92,39.9,64.9,14.7,94.6,0.9
155,19,6.74,32.8,40.2,25.2,98.8,0.9
155,20,7.12,41.2,80.5,9.2,83,0.9
155,21,6.72,48.8,105.7,10.9,81.6,1
155,22,7.14,42,107.3,29.2,88.5,1
155,23,6.76,40.4,48.7,8.2,94.1,1
155,24,6.83,38.6,30.9,10.6,81.1,1.1
155,25,6.95,42.5,35.3,15.9,98.2,1.1
155,26,7.19,44.1,79.5,28.8,98,1.1
155,27,6.72,44.7,84.3,25.4,85.7,1.2
155,28,7.32,41.9,54.3,13.6,84.8,1.2
155,29,7.24,42.5,89.2,17.8,85.9,1.3
155,30,7.23,49.5,56.8,24.3,88.7,1.3
155,31,7.34,39.7,85.2,10.7,83.3,1.3
155,32,7.28,41,76.1,30.8,81.5,1.4
155,33,7.37,41.7,74.2,19.3,98.1,1.4
155,34,7.17,35.8,92.1,29.9,96.6,1.4
155,35,6.88,39.5,52.5,25.9,80.3,1.5
155,36,7.17,46.5,95.5,29.8,90.9,1.5
155,37,6.89,43.2,109.6,5.5,91.1,1.5
155,38,7.18,35.2,84.9,25.7,92.8,1.6
155,39,6.73,44.4,45.9,16.8,98.5,1.6
155,40,7.34,38.3,65,21.3,94.7,1.6
155,41,7.29,39.8,61.1,30.4,87.8,1.7
155,42,7.2,38.6,54.4,11.8,84.3,1.7
155,43,7.06,47.8,102.4,12.5,84.9,1.7
155,44,6.71,39.3,37.7,10.7,86.4,1.8
155,45,6.81,31.1,83.8,13.8,85.9,1.8
155,46,6.99,44.5,101.8,29.2,83.9,1.9
155,47,7.27,38.4,64,25.3,84.5,1.9
155,48,6.88,35.1,39.1,9.5,88,1.9
155,49,7.18,47.7,41,25.1,85,2
155,50,6.89,47.3,77.7,20.2,82.2,2
156,0,7.5,45.3,93.4,14.1,86.4,0.2
156,1,6.77,30.3,84.6,33,95.1,0.3
156,2,6.96,33.8,48.5,11.7,98,0.3
156,3,7.46,48.8,87.9,21.3,97.5,0.3
156,4,7.37,46.3,101.4,9.4,87.3,0.4
156,5,7.47,41.4,107,10.9,80.1,0.4
156,6,7.48,39.5,38.4,28.4,97,0.4
156,7,6.79,40.3,83.9,20.4,96.2,0.5
156,8,6.77,38,46.5,13,95.7,0.5
156,9,6.81,38,80.1,21.6,98.8,0.5
156,10,7.12,30.6,83.5,31.1,86.3,0.6
156,11,6.96,34,84.8,9.8,86.1,0.6
156,12,7.32,31.3,102,26.3,83.5,0.6
156,13,6.92,46.1,107.6,34,85.6,0.7
156,14,6.85,48.2,37.2,9.7,95,0.7
156,15,7.38,34.4,64.7,28.1,92.7,0.8
156,16,7.12,37.9,39.4,23.2,83.8,0.8
156,17,7.15,35.4,99.9,19.2,97.6,0.8
156,18,7.48,47,41.1,30.7,90.2,0.9
156,19,6.85,45.9,94.1,32.6,81.5,0.9
156,20,6.92,43.7,57.9,23.5,88.4,0.9
156,21,7.06,41.2,39.5,13.5,95.8,1
156,22,7.18,41,83,27.5,87,1
156,23,6.93,31.8,33,11.7,84.9,1
156,24,7.09,42.6,99.1,17.7,90.9,1.1
156,25,6.71,31.3,85.8,26.4,85,1.1
156,26,7.28,44.3,44.9,28.1,89,1.1
156,27,7.04,42.7,91,10.8,82.9,1.2
156,28,7.2,39.8,78.9,19.3,88.3,1.2
156,29,7.12,38.4,66.7,33.9,86.5,1.3
156,30,7.32,45.9,67.9,22.2,91,1.3
156,31,6.85,44.7,46.5,28.4,80.1,1.3
156,32,7.02,38.6,47.7,12,85.9,1.4
156,33,7.36,35.9,30.6,9.9,81.9,1.4
156,34,7.44,37.6,78.2,26.2,88.7,1.4
156,35,7.17,32.8,70.6,22.3,98.2,1.5
156,36,6.71,30.4,96.4,33.3,84.5,1.5
156,37,7.23,45,41.9,15.3,98.5,1.5
156,38,6.98,49.8,45.8,14.6,90.1,1.6
156,39,7.44,44.6,51.6,17.9,96.8,1.6
156,40,6.8,34.5,88.7,24.3,82.5,1.6
156,41,7.21,42.2,51.9,7.1,84.1,1.7
156,42,7.13,49.8,59.1,19.7,90.9,1.7
156,43,6.74,46.7,37.5,26.9,89.6,1.7
156,44,6.86,33.8,69.7,20.1,91.6,1.8
156,45,6.93,33.4,38.1,23.5,80.5,1.8
156,46,7.22,48.1,100.1,25.1,83.2,1.9
156,47,6.92,48.8,86.5,27.3,80.8,1.9
156,48,7.09,33,46.3,16.9,94.1,1.9
156,49,7.48,43.5,108.7,9.5,93.4,2
156,50,6.72,42.7,109.4,5.6,96.6,2
157,0,7.08,35,81.9,26,87.9,0.2
157,1,7.15,33.7,71,13,98.3,0.3
157,2,6.73,30.1,43.3,30.1,84.7,0.3
157,3,6.73,41.8,104.4,14.9,84.3,0.3
157,4,6.82,35,39.6,17.6,85.8,0.4
157,5,7.16,46.7,61.6,15.1,98.4,0.4
157,6,6.89,37.1,98.7,25.2,95,0.4
157,7,7.36,34.4,55.3,19.1,86.8,0.5
157,8,7.47,37.4,56.5,20.6,98.6,0.5
157,9,6.77,39.9,100,22.4,98.4,0.5
157,10,6.7,46.7,104.2,12,97.6,0.6
157,11,7.03,45.5,46.9,18.7,94.8,0.6
157,12,7.06,42.2,45.2,13.4,91,0.6
157,13,7.36,45.4,108.2,14.9,91.5,0.7
157,14,6.87,45.1,70.5,23.5,94.1,0.7
157,15,6.75,41.4,69.7,29.1,92.7,0.8
157,16,6.93,32.4,41.8,34.6,94.3,0.8
157,17,7.31,49.2,43.9,12,81.2,0.8
157,18,6.76,48.5,99.5,14.5,95.4,0.9
157,19,6.79,34.8,52.3,30.2,97.1,0.9
157,20,7.13,30.2,40.8,25.3,84.5,0.9
157,21,6.98,32.3,106.3,29.8,93.3,1
157,22,6.77,41.9,98.1,18.7,85.3,1
157,23,7.1,42.4,46.9,6.2,98.8,1
157,24,7.18,33,51.9,5.1,95.4,1.1
157,25,6.71,45.4,49,19,98,1.1
157,26,6.78,32.7,30.6,24.4,96.5,1.1
157,27,7.38,40.9,67.2,5.6,82,1.2
157,28,7.06,39.9,56.5,8.1,81.5,1.2
157,29,7.23,36.9,30.6,13.4,98.4,1.3
157,30,6.97,35.3,55.8,7.8,90.7,1.3
157,31,6.85,33,97.6,14.2,94.3,1.3
157,32,6.9,38.6,55,32.4,85.4,1.4
157,33,7.4,45.1,51,34.4,81.8,1.4
157,34,7.33,38.7,60.8,21.1,87.2,1.4
157,35,7.06,41.8,38.2,23.3,86.9,1.5
157,36,6.99,43.4,46.4,29.9,89.3,1.5
157,37,7.4,31.8,76.1,19,91.4,1.5
157,38,6.83,33.7,102.7,29.7,85.9,1.6
157,39,6.99,44.3,78.3,32.7,92.1,1.6
157,40,6.78,41,52,26,85,1.6
157,41,6.73,30.5,107.9,8.3,96.6,1.7
157,42,6.78,32.9,44.9,14.7,96.7,1.7
157,43,6.74,33.1,46.2,6.7,89.8,1.7
157,44,6.91,39.9,74.2,29.9,83.6,1.8
157,45,7.44,41,106.3,22.9,93.2,1.8
157,46,7.19,47.9,41.7,12.5,81.9,1.9
157,47,6.94,33.3,55.9,26.2,90.2,1.9
157,48,7.37,39.2,54.4,20.9,82.9,1.9
157,49,7.25,30,90.9,18.9,98.4,2
157,50,7.08,38.4,55.1,11,82,2
158,0,7.27,30.6,73.4,12.9,92,0.2
158,1,6.82,46.5,38.2,15.1,98.9,0.3
158,2,6.96,30.9,62.7,32.9,87.5,0.3
158,3,7.35,36,34.2,18.7,96.5,0.3
158,4,7.35,39.7,31.7,33.7,88.6,0.4
158,5,6.78,40.1,109.9,32.4,81.6,0.4
158,6,6.94,43.2,69.6,30.9,80.3,0.4
158,7,7.22,35.7,48.9,5.3,88.1,0.5
158,8,7.3,45.4,74.6,11.3,90.6,0.5
158,9,7,31.3,40,19.5,85.1,0.5
158,10,6.97,41.8,93.8,24.8,94.9,0.6
158,11,6.87,45.9,34.7,12,93.7,0.6
158,12,7.42,38.7,49.6,10.4,82.3,0.6
158,13,7.31,32.6,109.9,7.3,86.6,0.7
158,14,7.01,45.5,96.5,18.8,95.2,0.7
158,15,7.26,40.4,72.7,28.3,84,0.8
158,16,6.96,46.9,36.6,21,88.3,0.8
158,17,7.45,39.9,66.2,29.3,86.2,0.8
158,18,7.06,46.7,54,5.6,84.6,0.9
158,19,7.29,44,101,20.6,87.1,0.9
158,20,6.75,46.4,41.8,11.1,81.3,0.9
158,21,7.01,39.7,67.6,29.7,89.1,1
158,22,6.75,34.6,30.7,34.8,93.1,1
158,23,7.23,42.4,77.8,8.2,94.3,1
158,24,6.82,38.6,39.3,20.3,95.8,1.1
158,25,6.94,38.4,58.3,8.1,92.9,1.1
158,26,7.2,49.6,33.4,26,83.9,1.1
158,27,7.18,32.2,106.5,20.6,93,1.2
158,28,6.96,33.4,52.4,22.8,97.3,1.2
158,29,7.48,39.9,107.7,6.2,82.8,1.3
158,30,7.19,47.6,67.3,31.8,92.8,1.3
158,31,7.36,47.8,56.5,17.4,90.1,1.3
158,32,6.76,40.2,37.4,8.7,89.8,1.4
158,33,7.01,30.5,76.8,17.3,93.9,1.4
158,34,6.87,41.5,44.9,11.1,97.7,1.4
158,35,7.33,37.7,53.9,19.5,95,1.5
158,36,6.85,47.2,56.5,5.4,95.1,1.5
158,37,7.26,32.6,62,33,89.1,1.5
158,38,7.2,33.7,62.4,22.2,82.3,1.6
158,39,6.97,37,104.5,5.7,80.9,1.6
158,40,6.89,50,47.1,16.9,88.3,1.6
158,41,7.44,49.3,101.7,24.9,88.6,1.7
158,42,7.43,42.5,84.5,34.5,95.8,1.7
158,43,7.04,43.4,87.1,26.7,88.8,1.7
158,44,7.12,37.3,78.1,32.3,97.8,1.8
158,45,6.97,40.8,89.5,8.1,87.8,1.8
158,46,6.93,40.6,101.5,19.2,87.9,1.9
158,47,7.32,49.9,60.6,27.2,94.1,1.9
158,48,7.19,48.8,34.4,9,95.3,1.9
158,49,7.17,38.5,50.4,24.7,86.1,2
158,50,7.4,37.3,76.3,11.2,81.4,2
159,0,7.44,34.6,71.7,34.9,98.6,0.2
159,1,6.86,35.2,77.3,32.7,89.2,0.3
159,2,7.33,45.8,37.4,24.3,84,0.3
159,3,7,39.6,99.5,16.8,82.7,0.3
159,4,6.74,33.6,39.8,26.1,91.7,0.4
159,5,7.42,45.2,57.4,25.7,82,0.4
159,6,7.14,49.2,90.5,19.3,93.9,0.4
159,7,7.28,39.6,86.7,5.6,98.6,0.5
159,8,7.23,45.8,48.2,32.6,94.8,0.5
159,9,7.33,33,52.4,26.6,81.4,0.5
159,10,7.42,44,47.7,24,87.8,0.6
159,11,7.43,45.5,44.5,14.8,82.9,0.6
159,12,7.44,47,107.9,18.5,88.9,0.6
159,13,6.88,48.3,33.7,12.9,82.2,0.7
159,14,7.39,33,58.9,13.4,90,0.7
159,15,6.84,39.2,71,13,87.7,0.8
159,16,7.22,39.4,44.1,11.2,87.1,0.8
159,17,6.72,46.8,39,30.7,84.2,0.8
159,18,7.41,36,39,24.1,88.2,0.9
159,19,7.21,49.9,60.3,33.2,91.1,0.9
159,20,6.84,42.7,41,13.4,82.6,0.9
159,21,7.08,49.6,41.2,29.3,98.1,1
159,22,7.44,44.3,39.6,18.4,83.3,1
159,23,7.48,41,100.4,7.8,94.5,1
159,24,7.46,31.6,46.9,31.7,89.2,1.1
159,25,6.74,38.2,65.5,21,91.6,1.1
159,26,6.75,42.8,36.5,16.5,86.5,1.1
159,27,7.47,49,88.7,6.5,80.2,1.2
159,28,7.09,45.6,31.6,32.1,81,1.2
159,29,6.87,36.4,92,20.9,98.8,1.3
159,30,7.07,39.3,92.3,23.1,96.8,1.3
159,31,7.03,34.3,87.7,10.1,94,1.3
159,32,6.89,46.7,104.5,24.1,88,1.4
159,33,7.16,35.9,86.9,10.4,91.5,1.4
159,34,6.74,46.8,68.7,10.9,92.7,1.4
159,35,6.71,40.1,97.7,17,82.4,1.5
159,36,7.41,49.6,52.5,14.4,83.9,1.5
159,37,7.39,46.2,49.4,31.5,83.8,1.5
159,38,7.01,44,77.7,8.4,86.1,1.6
159,39,6.71,31.6,36.1,25.4,89,1.6
159,40,6.96,33,70.7,34.4,94.1,1.6
159,41,7.24,40,54.9,15.6,93.4,1.7
159,42,7.5,47.1,56.5,13.1,89.2,1.7
159,43,7.11,49.6,46.7,6.9,85.5,1.7
159,44,7.21,31.2,67.2,16,83.4,1.8
159,45,7.08,44.3,99.5,24,91.9,1.8
159,46,7.21,42,108.5,5.6,96.4,1.9
159,47,7.05,42.3,101.1,9.5,84.2,1.9
159,48,7,40.5,60,27.7,87.6,1.9
159,49,7.1,41.7,64,24.6,92.3,2
159,50,7.27,48.3,75.5,23.4,97.8,2
160,0,7.19,33.9,82.6,20.6,95.2,0.2
160,1,7.04,37.1,66.9,7.7,85.5,0.3
160,2,6.74,43.9,57.9,33,86.2,0.3
160,3,6.75,31.7,50.2,25.2,95,0.3
160,4,7.47,46.4,68.7,11.3,89.8,0.4
160,5,7.4,38.4,105,27.7,83.1,0.4
160,6,7.25,49.4,84.2,26.2,85.8,0.4
160,7,7.47,40.5,73.4,11.2,88,0.5
160,8,6.94,35.9,68.4,24.7,85.1,0.5
160,9,7,36.2,69.9,24.8,89.8,0.5
160,10,7.16,48.3,64,18.9,96.2,0.6
160,11,6.71,35.2,84.2,21.1,93.1,0.6
160,12,6.87,46.5,79.9,29.1,80.5,0.6
160,13,6.84,42.4,78.3,26.1,92.7,0.7
160,14,7.04,41.3,57.8,12.6,87.9,0.7
160,15,6.91,43.8,87.1,19.8,82.5,0.8
160,16,7.47,42,77.9,18.5,89.8,0.8
160,17,7.29,49.6,39.8,33.1,97.7,0.8
160,18,7.28,32.2,95.2,18.2,85.3,0.9
160,19,7.48,43.2,94,31.1,93.4,0.9
160,20,7.21,36,96.8,7.8,90.7,0.9
160,21,7.5,48.2,31,26.1,90.7,1
160,22,7.2,39.4,66.2,14,87.8,1
160,23,7.33,32.5,58.2,17.3,82.8,1
160,24,6.74,44.8,42,22.1,80.5,1.1
160,25,7.29,49.5,66.1,18.3,82.7,1.1
160,26,7.47,48.2,109.6,31,90.4,1.1
160,27,6.9,41.2,59.5,7.2,89.9,1.2
160,28,6.8,30.5,37.4,29.8,92.4,1.2
160,29,6.9,31.8,109.2,20.3,88.3,1.3
160,30,6.76,30.4,101.8,21.6,86.7,1.3
160,31,7.21,42.5,40.5,20.1,94.1,1.3
160,32,7.13,41.1,41,26.5,97.2,1.4
160,33,6.85,38.9,93.7,26.7,83.6,1.4
160,34,7.14,47.6,53.9,15.6,83.5,1.4
160,35,7.36,49.6,49.3,25,87.8,1.5
160,36,7.08,40.5,65,26.8,90.1,1.5
160,37,6.89,45.7,78.7,7.1,92.2,1.5
160,38,7.16,32.3,55.8,27.7,89.4,1.6
160,39,6.75,44.7,30.7,25,88,1.6
160,40,6.82,34.1,79,33,89.9,1.6
160,41,7.34,33.5,50.9,9.6,85.3,1.7
160,42,6.95,44.5,66.8,26.9,98.8,1.7
160,43,6.81,44.5,60.2,25.2,90,1.7
160,44,6.75,34.9,60.6,34.8,94.6,1.8
160,45,7.37,46.2,75.1,28.9,98.6,1.8
160,46,7.06,36.3,105.8,23.8,84.6,1.9
160,47,6.74,46.3,32.5,26.4,80.4,1.9
160,48,7.24,39.1,31.9,32.9,85.7,1.9
160,49,7.35,30.6,58.8,30,80.4,2
160,50,7.31,37.3,79.9,27.2,92.2,2
161,0,7.5,37.2,104.2,9.9,92.7,0.2
161,1,7.39,37.7,75.5,23.4,83.7,0.3
161,2,6.84,34.5,80.9,19,81.9,0.3
161,3,7.47,40.3,50.7,10,93.2,0.3
161,4,6.87,39.6,68.9,23.5,95,0.4
161,5,6.88,48.9,96.4,18.7,94.3,0.4
161,6,6.94,45,62.9,23,85.4,0.4
161,7,7.15,38.9,84.5,19.2,89.9,0.5
161,8,6.98,43.7,99,14.3,94,0.5
161,9,7.46,42.2,57,27.5,91.1,0.5
161,10,7.42,48.8,62.9,21.3,93.6,0.6
161,11,6.88,34.8,67,24,80.9,0.6
161,12,6.75,42.5,102.8,24.5,94.7,0.6
161,13,6.9,41.6,106.6,19.1,85.4,0.7
161,14,6.89,30.6,56.2,5.3,81.4,0.7
161,15,6.77,36.7,109.7,31.7,80.9,0.8
161,16,6.74,45.7,43.4,25.4,94.3,0.8
161,17,7.06,34.9,46.7,25.1,80.6,0.8
161,18,6.88,43.3,36.1,8.4,94.1,0.9
161,19,7.4,34.2,42.2,10.1,97.5,0.9
161,20,6.81,33.5,33.7,8.7,89.5,0.9
161,21,6.8,34.1,83,21.9,84,1
161,22,6.72,40.2,37.6,25.7,91.9,1
161,23,6.78,31.2,81.2,11.7,89.1,1
161,24,6.73,37.2,95.2,28,91.6,1.1
161,25,7.45,43.4,75.1,18.6,91.2,1.1
161,26,7.19,48.1,47.7,20.2,88.8,1.1
161,27,7.39,37.7,31.7,26,83,1.2
161,28,7.21,33.4,101.4,9.5,95.5,1.2
161,29,7.05,43.9,53.5,25.4,94.8,1.3
161,30,6.83,38.4,102.1,30.1,85.9,1.3
161,31,7.04,32.8,67,21,94.2,1.3
161,32,6.86,40.1,87,21.3,80.1,1.4
161,33,7.26,38.8,43.8,31,98,1.4
161,34,6.81,37.5,92.7,12.3,89,1.4
161,35,7.1,30.2,65.8,5.5,86.9,1.5
161,36,6.83,48.9,36.9,11.8,96.7,1.5
161,37,6.97,46.8,102,33.7,96.4,1.5
161,38,7.09,36.9,97.6,28.8,98.6,1.6
161,39,7.06,35.1,85.5,29.4,98.3,1.6
161,40,7.42,43.6,82.1,19.1,94.6,1.6
161,41,7.16,40.9,39.4,28.6,87.9,1.7
161,42,7.06,46.4,51.1,6.9,89.5,1.7
161,43,6.72,35.4,50.6,28.6,94.3,1.7
161,44,7.05,34.2,52.4,32.9,91.6,1.8
161,45,7,48.5,74.1,27.4,84.4,1.8
161,46,6.84,40.7,90.7,15.6,84.3,1.9
161,47,7.24,37.1,85.6,16.7,93.6,1.9
161,48,6.93,41.1,87,14.5,85.7,1.9
161,49,7.45,42.2,49.2,24.1,92.8,2
161,50,7.4,30.7,59.4,8,90.6,2
162,0,7.03,35,49.1,34.2,88.2,0.2
162,1,7,48.4,75.2,21.7,95.3,0.3
162,2,7.03,45.9,99.5,7.4,88.5,0.3
162,3,6.71,37.3,70,28.3,92.5,0.3
162,4,7.49,43,87.9,17.2,80.2,0.4
162,5,7.37,49.5,50.1,26.2,86.7,0.4
162,6,7.33,45.1,100.5,27.6,87.1,0.4
162,7,6.86,48.6,43.7,21.8,86.3,0.5
162,8,7.02,47.4,70.3,9.4,94.5,0.5
162,9,7.34,31.4,86.5,31.2,89.9,0.5
162,10,7.21,45.1,83.9,31.5,92.4,0.6
162,11,7.48,38.2,103.7,24.1,81.8,0.6
162,12,7.08,34.9,49.5,14.9,94.9,0.6
162,13,7.23,37.7,85.9,33.6,92.4,0.7
162,14,6.74,45.3,38,11.7,96.9,0.7
162,15,7.34,37.6,82.9,12.5,85.1,0.8
162,16,7,33.4,65.5,21.7,96.7,0.8
162,17,7.02,39.8,57,28.6,85.5,0.8
162,18,7.03,36.9,86,26,87.6,0.9
162,19,7.36,39.3,51.6,25.5,93.4,0.9
162,20,6.75,48.2,66.7,7.1,80,0.9
162,21,7,40.1,63.3,20.5,98.6,1
162,22,7.3,48.1,95.6,32.9,92.7,1
162,23,6.93,48.7,68.7,11.4,89.8,1
162,24,7.34,44.5,105.2,8.8,89.6,1.1
162,25,7.02,47.8,40.6,22.8,80.1,1.1
162,26,6.79,38.1,68.2,9.4,93.6,1.1
162,27,7.01,40.1,73,23,92.2,1.2
162,28,7.49,48.5,59.9,18.6,85.3,1.2
162,29,7.13,49.7,43.4,28.8,97.1,1.3
162,30,7.14,38.9,70.2,26.4,90.1,1.3
162,31,7.06,30.9,53.7,6.7,84.1,1.3
162,32,7.01,42.5,40.3,22.3,81.7,1.4
162,33,7.18,34.3,51.7,9.8,91.8,1.4
162,34,7.14,46.9,64.9,18.7,95.7,1.4
162,35,6.97,31.7,75,32.9,94.5,1.5
162,36,7.35,38.3,46.6,11,91.8,1.5
162,37,7.11,30.7,102.3,27.4,80.1,1.5
162,38,7.29,39.8,83.5,30.1,86.5,1.6
162,39,6.79,40.7,90.2,16.4,89.4,1.6
162,40,6.77,49.9,67.6,26.8,93.9,1.6
162,41,7.37,49,61.6,19.9,88.4,1.7
162,42,7.18,35.8,59.7,9.1,87.3,1.7
162,43,7.02,32.2,46,24.6,92.6,1.7
162,44,7.02,32.1,86.4,17.8,94.6,1.8
162,45,7.14,37.1,33.8,25.9,97.8,1.8
162,46,6.88,46.2,37.8,5.7,85.4,1.9
162,47,7.08,40.4,96.4,34.1,98.9,1.9
162,48,6.96,34.4,91.2,10.9,91.1,1.9
162,49,7.45,34,76.1,19.9,88.4,2
162,50,7.02,45.7,45.8,31,80.8,2
163,0,6.97,30.5,51.2,32.1,86.7,0.2
163,1,6.82,41.9,30.8,33,80.5,0.3
163,2,7.32,32.8,74.2,5.8,98.8,0.3
163,3,6.95,38.2,75.4,17.2,88.3,0.3
163,4,7.15,30.1,40.6,9.5,88.7,0.4
163,5,7.41,32.5,88.6,7.6,81.9,0.4
163,6,6.74,33.5,58,15.6,84.4,0.4
163,7,7.37,39.5,49,14.3,94.4,0.5
163,8,7.48,37.4,108.1,12.4,85.1,0.5
163,9,6.73,44.3,106.8,29.4,88.6,0.5
163,10,6.8,33.4,44.6,18.1,95.7,0.6
163,11,6.96,36,104.5,27.8,91.4,0.6
163,12,7.35,33.6,104.4,14.6,82.5,0.6
163,13,6.99,35.4,51.1,19,90.8,0.7
163,14,7.39,38.6,34.5,15,90.7,0.7
163,15,6.86,36.2,93.5,24.1,93,0.8
163,16,7.14,42,46.7,14.4,98.2,0.8
163,17,6.89,43.8,77.9,32.6,85.9,0.8
163,18,7.31,43.5,57,28.2,83.4,0.9
163,19,7.33,44.5,98.6,26.5,94.3,0.9
163,20,6.94,47.2,103.9,13.2,87,0.9
163,21,7.13,41.8,55.5,7.4,81.5,1
163,22,6.75,30.6,52.3,32.8,80.9,1
163,23,7.34,36.8,81.9,25.2,94.2,1
163,24,7.14,40.5,88.2,7.5,87.7,1.1
163,25,7.33,44.9,33.2,30.9,80.3,1.1
163,26,7.27,31.4,90,15.1,92.4,1.1
163,27,7.36,47.1,86.9,7.7,83.1,1.2
163,28,6.94,36.1,94.2,9.3,92.2,1.2
163,29,7.25,30.1,98.1,24.4,96,1.3
163,30,6.77,48.5,94.8,14.9,94.8,1.3
163,31,6.78,34.6,91.9,16.5,82.2,1.3
163,32,6.73,39.7,72.7,17.1,87.2,1.4
163,33,7.16,36.5,88,25,91.4,1.4
163,34,7.37,34.7,34.5,33.7,95.2,1.4
163,35,6.9,31.1,79.3,24.6,84.7,1.5
163,36,7.28,35.9,46.8,17.8,83.3,1.5
163,37,7.41,32.4,50.4,30.4,92.5,1.5
163,38,6.91,34.2,99.1,11.9,82.2,1.6
163,39,6.72,49.2,88.5,26.5,91.6,1.6
163,40,6.83,49.8,67.5,28.1,98.2,1.6
163,41,7.05,41.1,98.8,29.6,80.9,1.7
163,42,7.48,42.3,105.1,25.6,94.6,1.7
163,43,7.39,32.7,99,12.5,93.2,1.7
163,44,7.08,30.1,109.1,27.3,96.6,1.8
163,45,6.72,30.4,99.8,33.2,80.5,1.8
163,46,6.8,41.4,68.9,33.6,92.6,1.9
163,47,7.19,31.4,106.3,21.9,96.1,1.9
163,48,6.98,37.4,56.6,23.3,98.8,1.9
163,49,7.16,42,49.4,29.3,90.2,2
163,50,7.21,41.8,84.1,8.1,96.7,2
164,0,7.09,32.5,62.7,33.5,91.6,0.2
164,1,7.16,44.1,67.9,25.7,98.3,0.3
164,2,7.39,35.9,73.6,27.9,89.6,0.3
164,3,7.45,39.5,77.6,9.1,90.1,0.3
164,4,7.45,46.1,44.5,17.1,82.9,0.4
164,5,7.1,41.2,32.6,11.1,83.8,0.4
164,6,7.19,49.8,109.5,27.1,84.9,0.4
164,7,6.9,42.2,108.6,22.6,89.3,0.5
164,8,7.39,36.5,98.3,11.7,97.7,0.5
164,9,6.82,41.7,80.7,30.5,97.6,0.5
164,10,7.16,39.6,99.2,27.8,81.4,0.6
164,11,7.15,37.8,47.2,27.2,94.3,0.6
164,12,6.88,40.7,62,30.7,96.4,0.6
164,13,6.75,32,39.7,26.7,82.9,0.7
164,14,7.48,38.8,59.8,26.8,86.9,0.7
164,15,7.32,43,61.3,15.3,91.5,0.8
164,16,6.89,49.1,51.2,25.1,94.6,0.8
164,17,7.17,38.8,105.9,31.1,80.3,0.8
164,18,7.49,38.7,62,24.7,89.9,0.9
164,19,6.94,37.9,43.6,15.8,80,0.9
164,20,6.82,40.4,67.3,28.9,97.3,0.9
164,21,6.75,38,90.8,25.8,93,1
164,22,7.08,49.6,77.7,34.2,90.3,1
164,23,7.32,40.1,40.9,10.3,93.4,1
164,24,7.12,47.8,45.7,21.8,88.7,1.1
164,25,7.46,43.4,88.8,18.2,97,1.1
164,26,6.78,47,55.8,33.9,89.4,1.1
164,27,7.42,45.9,93.9,27.3,81.1,1.2
164,28,7.05,38.5,61.8,15.4,83.9,1.2
164,29,7.07,47.8,32.5,9.9,94.3,1.3
164,30,7.06,32.9,79.6,30.9,91.2,1.3
164,31,7.31,37,87.1,11.5,95.9,1.3
164,32,6.87,38.6,80.8,21.5,80.9,1.4
164,33,6.97,30.4,79.2,29.6,80.9,1.4
164,34,6.72,36,90.7,22.2,86.8,1.4
164,35,7.27,35.3,97.2,8.4,96.7,1.5
164,36,6.91,46.8,106.8,12.7,96.9,1.5
164,37,7.11,47.6,40.7,12.9,96.3,1.5
164,38,6.71,48.8,49.8,23.4,89.1,1.6
164,39,6.78,40.2,76.7,16.1,97.8,1.6
164,40,7.48,41.7,52.7,33,90.8,1.6
164,41,6.97,41.7,108.5,10.6,82.7,1.7
164,42,7.29,50,75.4,29.1,83.8,1.7
164,43,7.22,47.6,64,14.4,91.8,1.7
164,44,7.03,42.6,55,9.2,95.8,1.8
164,45,7.3,30.6,40.8,29.5,90.6,1.8
164,46,6.79,45.6,55.8,22.9,95.2,1.9
164,47,7.46,40.9,103.4,23,97.6,1.9
164,48,7.12,39.7,53.3,24.4,90.8,1.9
164,49,6.93,46.4,89.5,14.7,92.9,2
164,50,6.74,48.7,58.2,10.7,98.8,2
165,0,7.35,40,76.9,34.8,96.1,0.2
165,1,7.28,40.3,42.8,13.7,89.1,0.3
165,2,7.48,49.5,61.8,6.4,97.4,0.3
165,3,7.47,33.5,39.5,19.8,94.5,0.3
165,4,7.39,37.5,53.2,21.4,98.2,0.4
165,5,7.2,35.4,73.4,30.1,83.1,0.4
165,6,7.1,47.8,90,30.3,81.5,0.4
165,7,7.09,39.3,74.3,17.1,97,0.5
165,8,7,30.4,63.9,8.5,96.2,0.5
165,9,7.3,36.4,59.4,28,94.6,0.5
165,10,6.97,39.6,33.8,25.3,95.6,0.6
165,11,7.02,31.6,91.4,34.2,86.1,0.6
165,12,7.45,40.2,78.4,18.7,94.8,0.6
165,13,6.95,48.1,77,29.2,92.6,0.7
165,14,6.71,48.8,94.1,14.1,97.3,0.7
165,15,6.81,47.1,34.6,11,94.2,0.8
165,16,6.89,37.7,49.3,23.6,93.3,0.8
165,17,7.1,42.8,61.6,25.1,83.2,0.8
165,18,7.11,47.7,65.5,12.8,98.7,0.9
165,19,7.36,35.9,47,29,80.4,0.9
165,20,7.25,41.9,58.6,22.8,86.6,0.9
165,21,7.01,33.8,54.7,7.7,88.7,1
165,22,7.23,30.2,55.5,33.2,85.6,1
165,23,6.71,33,77,6.1,97,1
165,24,6.74,36.8,43.8,33.6,90.7,1.1
165,25,7.27,31,102.3,9.5,81.1,1.1
165,26,7.07,44.3,51.1,9.4,95.9,1.1
165,27,6.98,33.9,35.6,8.5,92.9,1.2
165,28,6.92,38.4,39,31.2,82.9,1.2
165,29,7.42,33.8,33.7,6.9,86.9,1.3
165,30,7.44,33.1,64.5,10.6,95.5,1.3
165,31,7.06,44.3,49.6,7.8,84,1.3
165,32,6.71,49.4,30.5,27.6,93.9,1.4
165,33,7.14,36,57.4,6.3,95.8,1.4
165,34,7.36,39.4,51.4,25.3,90.9,1.4
165,35,7.49,30.3,67.1,22.2,88.4,1.5
165,36,6.83,32.4,64.5,15,97.3,1.5
165,37,7.42,32.2,99.2,23.8,95.8,1.5
165,38,7.18,46,87.4,5.4,89.7,1.6
165,39,7,38.7,78.1,20.5,97.6,1.6
165,40,7.19,41.3,85.7,17.1,82.7,1.6
165,41,6.85,31.5,71.4,27.3,98.5,1.7
165,42,7.37,45.4,59.4,13.6,95.8,1.7
165,43,6.82,30.6,81,23.1,80.2,1.7
165,44,7.23,46.4,97.5,21.9,93.1,1.8
165,45,7.32,44.4,102.8,33.7,97,1.8
165,46,7.24,49.3,57,21,82.7,1.9
165,47,7.33,43.4,60.8,19.8,91.3,1.9
165,48,7.21,31.1,35.1,22.3,96.4,1.9
165,49,6.71,33.2,83.1,14.7,83.8,2
165,50,7.24,43.1,93,5.5,86.5,2
166,0,6.83,30.5,78.3,33.6,94.2,0.2
166,1,6.78,36.4,74.6,9.4,88.5,0.3
166,2,6.89,36.1,61.4,27.4,93.9,0.3
166,3,7.06,44.5,105.3,17.9,87.3,0.3
166,4,7.37,35.7,79.7,20.3,86.7,0.4
166,5,6.71,43.5,66,12,80.7,0.4
166,6,6.72,36.2,97.2,23.2,80.7,0.4
166,7,7.46,48.2,95.3,28.2,96,0.5
166,8,7.36,39.7,38,24.9,84.9,0.5
166,9,7.34,45.2,101.4,34.8,97.9,0.5
166,10,7.22,34,38.9,15.9,94.2,0.6
166,11,7.46,48,34.8,7.7,93.1,0.6
166,12,6.8,39.3,99.3,13.9,90.6,0.6
166,13,6.73,38.4,96.4,30.3,90,0.7
166,14,6.96,34.4,55.5,29.5,85.9,0.7
166,15,7.35,46.6,58.8,27.3,90.6,0.8
166,16,7.1,43.8,51,15.4,80.2,0.8
166,17,7.26,30.7,77.9,13.4,93.5,0.8
166,18,6.77,35.2,98.6,15.4,95,0.9
166,19,6.9,32.3,60.4,9.9,97.1,0.9
166,20,6.8,47.8,82.3,21.1,92.7,0.9
166,21,6.91,32.8,68.7,11.8,85.6,1
166,22,7.28,30.8,92.4,28.9,87,1
166,23,6.79,39.1,56.4,22.4,98.3,1
166,24,7,37.7,62.4,7.7,93.2,1.1
166,25,7.01,40,45.8,34,86.7,1.1
166,26,7.03,38,59.7,34.9,82.6,1.1
166,27,7.09,36.9,88.4,18.6,95.9,1.2
166,28,7.26,33.7,43.8,34.2,84.3,1.2
166,29,7.18,35.4,91.4,19.9,96.5,1.3
166,30,7.14,36.2,80.3,31.8,93.8,1.3
166,31,7.38,41.1,39.3,28.3,96.6,1.3
166,32,7.09,42.3,105.5,32,85.5,1.4
166,33,7.49,48.3,44.7,12.4,89.8,1.4
166,34,7.09,45.5,53.3,9.7,87.8,1.4
166,35,7.02,44.6,54.9,26.4,87.1,1.5
166,36,6.82,40.4,63.2,33.2,93.9,1.5
166,37,6.99,41.1,31.7,9.3,80.5,1.5
166,38,7.32,39,68.1,34.5,96.3,1.6
166,39,7.32,44.2,89.2,5.2,89.3,1.6
166,40,7.03,46.4,59.6,5.6,96.6,1.6
166,41,6.87,46.9,103.2,26.9,97.9,1.7
166,42,6.95,46.6,103.8,22.6,91.7,1.7
166,43,6.72,30.2,87.9,5.8,91.7,1.8
166,44,7.12,39.8,37.3,33.8,94.8,1.8
166,45,7.34,32.9,60.4,18.2,82.3,1.8
166,46,7.48,42.1,45,33.1,97.6,1.9
166,47,6.82,31.8,80.8,10.2,98,1.9
166,48,7.06,41.5,86.5,25.3,81.3,1.9
166,49,7.3,43.2,86.9,20.3,96.4,2
166,50,7.37,36.4,90.7,23.1,95.1,2
167,0,7.02,39.4,34.3,31.7,80.1,0.2
167,1,6.75,33.1,88.4,22.5,94.3,0.3
167,2,7.38,46.7,45.8,33.5,90.1,0.3
167,3,7.47,32.4,50.7,22,88.2,0.3
167,4,7.24,38.9,58.4,6.6,82.9,0.4
167,5,7.09,36.8,103.2,34.1,80.7,0.4
167,6,7.06,37.9,44.9,11.2,80.9,0.4
167,7,6.7,31.9,88.2,29,96.5,0.5
167,8,7.1,31.5,100.2,16.3,93.6,0.5
167,9,7.31,34.7,51.4,16,88.7,0.5
167,10,7.19,41.6,71.7,21.5,85.3,0.6
167,11,6.96,37.2,31.8,32.6,91.8,0.6
167,12,6.97,48.5,37.8,24.3,87.4,0.6
167,13,6.97,31.2,44.6,28.8,93.7,0.7
167,14,7.18,41.4,69.3,15.3,88.2,0.7
167,15,6.83,44.1,94.9,19.7,87.9,0.8
167,16,7.01,39.2,46.3,8,82.2,0.8
167,17,7.06,40.9,61.4,10.6,84.9,0.8
167,18,6.7,36.7,88.4,11.4,86.5,0.9
167,19,7.32,48.6,66.1,17.5,91.3,0.9
167,20,6.8,37.6,101.4,18,87.5,0.9
167,21,7.49,38.3,75.8,32,80.2,1
167,22,7.34,37.3,30.2,19.9,82.9,1
167,23,7.13,32.4,38.3,30.7,95.5,1
167,24,6.98,42.2,48,23.8,87.9,1.1
167,25,7.37,43.4,67.4,12.3,83.1,1.1
167,26,7.04,42.6,54.8,5.5,96.8,1.1
167,27,7.4,46.8,67.6,33.5,82.2,1.2
167,28,7.23,39.8,77.4,27.3,92.4,1.2
167,29,7.23,32.5,72,22.1,87.8,1.3
167,30,7.07,48.4,99.9,16,86.6,1.3
167,31,7.08,32.3,68.9,22.6,99,1.3
167,32,6.87,41.9,81.7,8,86.3,1.4
167,33,7.17,43.8,65.6,32.8,91.3,1.4
167,34,6.91,34.9,39.9,27.6,88.6,1.4
167,35,7.44,30.1,108.3,26.2,97.5,1.5
167,36,7.27,37.2,64.8,33.6,86.1,1.5
167,37,7.01,44.5,43.1,29,88.7,1.5
167,38,6.74,34.7,52.4,26.6,85.5,1.6
167,39,7.35,30.2,96.8,35,98.2,1.6
167,40,7.43,43,71.5,13.1,92.5,1.6
167,41,6.79,30.6,58.6,8,97.4,1.7
167,42,7.46,47.3,72.7,15.4,89.1,1.7
167,43,7.13,33,36.1,8.3,86.1,1.8
167,44,7.39,36.3,61.6,27.2,93.3,1.8
167,45,7.23,46.6,51.2,27.7,92.8,1.8
167,46,6.98,48.7,66,22,90.8,1.9
167,47,6.74,36.8,103.8,9.5,85.9,1.9
167,48,7.13,30.1,76.8,19.3,85.2,1.9
167,49,7.15,42.2,63.2,16.5,88.3,2
167,50,7.08,31.7,38.2,13.6,96.6,2
168,0,7.42,40.6,92.6,13.3,81.8,0.2
168,1,7.08,40.8,54.9,34.4,88.1,0.3
168,2,7.14,41.9,68.6,28,88.5,0.3
168,3,6.89,42.7,92.6,31,90.5,0.3
168,4,7.16,48.8,68.7,17,93.6,0.4
168,5,7.34,48.6,54.3,20.2,81.4,0.4
168,6,7.25,30.7,50.1,26.7,83.7,0.4
168,7,7.24,47.3,73.8,14.4,96.3,0.5
168,8,7.2,43.2,44.9,24.8,88.4,0.5
168,9,6.77,34,84.8,17.4,81.9,0.5
168,10,7.45,34.8,67.2,12,90.2,0.6
168,11,7.27,39.8,53.9,5.6,95.4,0.6
168,12,7.05,40.8,53.9,16.1,81.3,0.6
168,13,6.77,31.5,104.7,34.5,83.6,0.7
168,14,7.04,48.9,48.8,8.4,97.6,0.7
168,15,7.04,44.6,33.4,25.5,95.4,0.8
168,16,7.12,37.6,108.2,21.6,85.5,0.8
168,17,7.26,32,102.7,7.6,98,0.8
168,18,7.3,49.1,101.8,17.3,93.4,0.9
168,19,6.74,38.6,86.3,7.1,95.3,0.9
168,20,7.36,33.8,37.4,23.7,88.8,0.9
168,21,6.92,45.2,107.9,17,87.1,1
168,22,6.82,31,100.1,21.1,83.9,1
168,23,7.34,32.3,58.3,20.3,97.1,1
168,24,6.77,39.9,85.3,30.4,93.2,1.1
168,25,6.78,31.2,83.6,20.2,93,1.1
168,26,6.79,33.2,107.6,15.3,89.7,1.1
168,27,7.32,42.1,104.9,18,85.1,1.2
168,28,6.99,31.3,102.3,9.3,87.4,1.2
168,29,7.2,42.5,78.4,5.5,90,1.3
168,30,6.71,46.5,65,34.7,97.1,1.3
168,31,6.87,31,62.4,14.3,83.1,1.3
168,32,7.3,35.8,74.7,29.2,90.2,1.4
168,33,7.22,31.9,48.4,13.8,97.2,1.4
168,34,7.08,46,88.5,24.4,92.2,1.4
168,35,7.12,37,61.4,7.5,93.2,1.5
168,36,7.09,45.1,55.8,10.7,97.6,1.5
168,37,7.1,47.2,58.6,10.2,91.3,1.5
168,38,7.37,48,93.8,16.7,91.7,1.6
168,39,6.93,35.5,57.6,12.7,89.2,1.6
168,40,6.86,45.8,55.7,10.2,92.8,1.6
168,41,7.17,43.5,34.6,17.1,93,1.7
168,42,6.83,33.1,76.6,18.2,94.3,1.7
168,43,7.44,49.2,106.1,6.1,81.1,1.8
168,44,6.84,44.8,77.6,11,95.3,1.8
168,45,6.9,36.8,79.5,20.7,82.1,1.8
168,46,7.26,48.5,44.4,9.2,97.2,1.9
168,47,7.22,47.9,106.4,10.7,90.5,1.9
168,48,7.18,39.1,30.3,18.7,89.1,1.9
168,49,6.97,33.7,43.5,19.8,89.1,2
168,50,7.05,45.2,32.1,17.9,95,2
169,0,6.88,43.1,93.3,14.2,85.5,0.2
169,1,6.97,42.6,66.8,32.9,81.7,0.3
169,2,7.26,33.4,49.7,28.4,93.9,0.3
169,3,7.19,36.4,42.9,18.7,80,0.3
169,4,6.89,35.9,86.1,30.4,88.1,0.4
169,5,7.16,40.5,94,21.3,92.7,0.4
169,6,7.3,39.9,38.3,6.1,82.7,0.4
169,7,6.88,38,42.9,27.6,91,0.5
169,8,7.18,33.4,100.7,20,87,0.5
169,9,7.1,43.3,71.1,8.7,95.7,0.5
169,10,6.94,49.5,108.6,34.8,90.8,0.6
169,11,6.82,31.5,34.6,28.3,95.1,0.6
169,12,7.49,43.1,41.9,11.3,95.2,0.6
169,13,6.98,45,102.2,5,88,0.7
169,14,7.34,48.6,58.5,11.6,84.4,0.7
169,15,7.01,39.6,40,15.5,82.4,0.8
169,16,6.72,44.9,43.4,22.2,90.2,0.8
169,17,7.34,46.2,84.8,24.9,87,0.8
169,18,7.26,36.6,68.6,16.8,86.6,0.9
169,19,6.82,33.2,33.7,31.9,80.8,0.9
169,20,7.44,45.2,82.6,19.2,98.9,0.9
169,21,7.38,42.5,93.6,26.2,92.4,1
169,22,7,35.9,35.9,25.7,91.1,1
169,23,6.88,37.5,84,17.5,80.5,1
169,24,6.84,47.2,74.3,32.5,89.8,1.1
169,25,7.12,45.2,54.8,15.1,96.3,1.1
169,26,7.3,40.3,51.9,27.7,96.1,1.1
169,27,6.72,47.1,63.6,13.7,88.1,1.2
169,28,7.42,46.5,79.9,29.1,90.9,1.2
169,29,7.35,39.4,71.4,7.3,91.8,1.3
169,30,6.87,44.2,40.1,16.9,97.4,1.3
169,31,7.49,48.6,34.2,32,94.7,1.3
169,32,7.02,37.1,108.4,11.1,80.4,1.4
169,33,6.98,34.1,101.5,34.8,96,1.4
169,34,7.06,33.5,33.5,5.8,86.7,1.4
169,35,7.32,42.3,51.2,26.5,97.3,1.5
169,36,6.76,45.4,97.8,11.8,96,1.5
169,37,7.29,47.1,58.4,25.3,87.4,1.5
169,38,7.05,32.3,78.3,14.9,93.1,1.6
169,39,7.15,39.5,44.5,31.5,95.4,1.6
169,40,7.03,46.5,74.2,26.8,89.3,1.6
169,41,7.36,33.6,83.9,10.9,92.3,1.7
169,42,7.44,42,97.6,23.2,94.3,1.7
169,43,7.3,47.4,96.2,8.2,83.6,1.8
169,44,7,40,41.3,31.2,84.2,1.8
169,45,7.19,41,63.3,8.1,85.8,1.8
169,46,6.76,32.8,63.3,28.3,90.5,1.9
169,47,7.26,36.8,77.8,34.8,96.1,1.9
169,48,6.95,47.1,109.2,18.3,97.9,1.9
169,49,6.71,38.6,62.8,5.6,91.8,2
169,50,7.48,34,32.8,33,96,2
170,0,7.31,44.8,108.1,30.6,86.7,0.2
170,1,6.83,33.5,88.8,7.9,91.7,0.3
170,2,7.09,44.5,49.3,14.2,86.1,0.3
170,3,6.97,33.3,95.9,12.4,94.5,0.3
170,4,7.04,45.3,34.9,5.1,85.7,0.4
170,5,6.76,31.5,74.1,12.1,96.5,0.4
170,6,7.16,41.2,36.3,32,90.8,0.4
170,7,6.78,38,35.6,9.9,83.7,0.5
170,8,7.23,48.4,48.2,26.9,98.1,0.5
170,9,7.24,44.2,97,10.7,83.7,0.5
170,10,7.12,47.9,43,35,82.5,0.6
170,11,7.14,40.7,95.5,6.9,94.1,0.6
170,12,7.42,41.4,102.3,34.8,90.8,0.6
170,13,7.09,39,49.7,12.2,93.4,0.7
170,14,6.93,49.8,47.6,10.6,87,0.7
170,15,7.18,46.7,32.3,5.9,95.3,0.8
170,16,6.75,34.3,52,12,88.9,0.8
170,17,7.05,42.8,109.8,27.4,96.1,0.8
170,18,7.02,34,105.7,8.4,94.7,0.9
170,19,6.94,44.5,109.4,31.3,87.2,0.9
170,20,7.22,39.9,76.2,28.4,96.4,0.9
170,21,7.04,31.6,34.7,31.8,90.5,1
170,22,7.11,39.7,91.6,21.5,82.3,1
170,23,7.34,42.5,37.5,14.5,96.1,1
170,24,6.71,33,96.6,24.5,83.6,1.1
170,25,7.3,36.3,78.5,19.4,83.9,1.1
170,26,7.22,37.4,38.6,22.6,80.4,1.1
170,27,6.98,39.7,90.9,13.2,90.3,1.2
170,28,7.22,33.4,47.2,33.4,97.8,1.2
170,29,7.24,39.5,109.3,24.6,82.7,1.3
170,30,6.76,35.7,80.7,28.7,87.4,1.3
170,31,7.37,48.4,57.6,6.4,94.3,1.3
170,32,7.43,48.7,105.7,15.9,85.2,1.4
170,33,7.24,37.8,97.9,18.3,85.1,1.4
170,34,6.91,39.6,76.8,34.9,85.6,1.4
170,35,7.23,49,100.1,19.6,87.8,1.5
170,36,7.37,45.1,44.8,20.1,82.7,1.5
170,37,6.93,35.9,88.1,5.9,85.7,1.5
170,38,7.17,34.4,100,35,81.5,1.6
170,39,6.96,49.6,63,19,87.8,1.6
170,40,7.04,38.2,74.5,7.3,87.5,1.6
170,41,7.33,47.3,103.1,28.6,83.9,1.7
170,42,7.17,44.5,60.4,14.1,80.1,1.7
170,43,6.87,38.8,75.1,17.7,91,1.8
170,44,7.5,34.7,32.2,26.8,84.7,1.8
170,45,7.17,41.4,100.2,25.4,89.5,1.8
170,46,7.22,37.1,86.3,12.6,95.4,1.9
170,47,6.99,37,45.2,26.9,85.6,1.9
170,48,7.07,45.3,75.2,9.4,94.2,1.9
170,49,6.84,32.6,87.4,18.2,85.5,2
170,50,7.2,39.6,88.8,18.1,81.2,2
171,0,7.18,34.7,89.4,14.1,86,0.2
171,1,7.28,38.4,98.9,18.6,80.8,0.3
171,2,6.93,38.9,82.5,7.6,87.5,0.3
171,3,7.41,44.5,38.1,34.9,96.6,0.3
171,4,7.37,39.4,105.6,9.4,88,0.4
171,5,7.4,39,36.9,6.8,88.9,0.4
171,6,7.26,37,106,10.7,93.6,0.4
171,7,7.12,40.4,51.6,5.8,81.7,0.5
171,8,7.24,47.3,94.9,10.3,81.7,0.5
171,9,7.22,30.7,43.5,13.3,81.7,0.5
171,10,7.46,41.7,40.6,8.7,93.3,0.6
171,11,7.34,46.5,43.9,24.2,84.1,0.6
171,12,7,49.7,32,17.6,80.6,0.6
171,13,6.78,40.9,54.1,7.2,87.3,0.7
171,14,7.22,32.1,82.9,20.3,92.4,0.7
171,15,7.34,31.8,53.4,23.6,81.5,0.8
171,16,7.05,47,57.6,5.3,89.6,0.8
171,17,6.82,46.8,73.7,31.1,98.7,0.8
171,18,6.86,35.7,34.8,32.1,93.1,0.9
171,19,7.43,49.9,45.9,23.1,94,0.9
171,20,7.23,46.6,89.7,13.8,95.7,0.9
171,21,7.21,33.6,31.7,13.9,93.6,1
171,22,7.07,42.8,38.4,17.3,94.7,1
171,23,7.47,36.7,79.5,30.4,98.8,1
171,24,7.11,46.1,67.2,5.1,86.8,1.1
171,25,7.24,45.2,46.5,7.9,92.6,1.1
171,26,6.79,37.7,82.5,28.6,86.1,1.1
171,27,7.39,43.6,91.4,26.6,82.8,1.2
171,28,6.92,35.6,50.4,33.5,80.3,1.2
171,29,7.2,37.4,58,11,97.6,1.3
171,30,6.77,42.7,35.4,17.5,87.2,1.3
171,31,7.37,32.2,109.2,26,87.4,1.3
171,32,6.9,36.5,96.9,28.9,94.2,1.4
171,33,7.17,42.9,72.7,16.7,88.3,1.4
171,34,7.33,49.2,92,10.1,86.2,1.4
171,35,6.79,35.7,88.3,21.4,95,1.5
171,36,7.07,49.3,91.7,6,98.6,1.5
171,37,7.28,36.9,100.4,15.4,97.8,1.5
171,38,6.78,42.4,45.1,30.3,97.1,1.6
171,39,7.19,41.8,57,16.4,80.4,1.6
171,40,7.47,46.1,86.7,6.2,87.3,1.6
171,41,7.27,45.6,74.6,10.1,90.4,1.7
171,42,7.31,37.5,93.1,32.7,94.2,1.7
171,43,6.92,33.1,50.7,19.7,99,1.8
171,44,7.24,41,105.4,24,93.2,1.8
171,45,6.72,30.6,70.9,22.8,95.2,1.8
171,46,6.86,39.5,53.8,7,84.8,1.9
171,47,6.94,46.8,83.9,31.6,90.1,1.9
171,48,7.05,36.1,43.6,6.1,81.1,1.9
171,49,7.37,41.8,73.1,23.4,94,2
171,50,6.9,46.6,49.7,23.4,82.8,2
172,0,6.81,45.5,46.1,31.8,91.5,0.2
172,1,7.49,32.3,61.1,21.4,91.9,0.3
172,2,6.95,34.9,76.2,22.2,95.1,0.3
172,3,6.88,44.5,57.8,5.6,81.4,0.3
172,4,6.75,41.7,92.1,20.5,97,0.4
172,5,7.33,35,41.3,26.7,91.1,0.4
172,6,7.22,38.4,77.1,32.2,88.4,0.4
172,7,7.16,46.9,72.6,11.1,85.3,0.5
172,8,6.87,48,69.2,15,81.5,0.5
172,9,7.27,31.1,44.7,26.7,97.4,0.5
172,10,7.22,32.5,103.9,31.4,88.8,0.6
172,11,7.07,39.8,35.4,9.6,86.9,0.6
172,12,7.03,34.5,83.5,7,83.2,0.6
172,13,7.04,40.9,33.1,26.7,81.2,0.7
172,14,6.75,31.6,89,29.9,96.1,0.7
172,15,7.42,33.3,77.9,31.9,93.6,0.8
172,16,7.13,49.3,102.8,28.4,83.1,0.8
172,17,7.25,42.6,80.8,11.5,93.7,0.8
172,18,7.24,31.2,52,7.5,93.8,0.9
172,19,7.16,36.8,52.6,29,85,0.9
172,20,7.22,48.7,79,8.6,89.2,0.9
172,21,7.25,34.7,91.6,10.9,86.4,1
172,22,7.33,39.4,76.8,28.2,93.1,1
172,23,7.31,39.2,102.1,7.6,95.6,1
172,24,7.14,43.7,99.3,28.7,96.9,1.1
172,25,7.42,41.3,36.6,26.2,80.3,1.1
172,26,6.76,32.8,54,20.3,87,1.1
172,27,6.9,45.8,91,27.1,93.8,1.2
172,28,7.43,35.3,54.1,8.2,85.1,1.2
172,29,6.78,35.3,60.4,26.4,93.4,1.3
172,30,7.06,41.9,94.7,14.3,83.5,1.3
172,31,6.83,46.7,38.1,20.9,90.6,1.3
172,32,6.91,32.9,67.4,28.7,90.5,1.4
172,33,6.72,32.7,48.4,14.2,98.1,1.4
172,34,6.7,36,48.9,26.7,99,1.4
172,35,7.13,45.4,32.7,20.1,88.7,1.5
172,36,7.07,39.3,35.7,13.5,84.1,1.5
172,37,7.29,32.1,61.5,14.4,87.3,1.5
172,38,6.7,49.4,73.4,5.2,83.3,1.6
172,39,7.44,48.4,63.2,12.2,89.7,1.6
172,40,7.5,32.5,83,8.2,91.7,1.6
172,41,7.48,42.3,55.3,30.4,90.6,1.7
172,42,7.03,37.4,74.2,8.1,96.1,1.7
172,43,7.04,49.8,54.7,13.2,83.4,1.8
172,44,6.86,44,81.7,6.9,96.7,1.8
172,45,7.16,49.4,105.6,7.6,94,1.8
172,46,6.87,39.9,39.7,31.1,83.9,1.9
172,47,6.93,49.9,58.5,24.5,82,1.9
172,48,7.1,46.1,34.5,25.5,88.9,1.9
172,49,6.99,43.3,104.8,20.4,96,2
172,50,6.78,38.4,50.7,23,88.2,2
173,0,6.83,31.9,33,28.6,90.2,0.2
173,1,7.13,39.6,104.2,9.5,85.6,0.3
173,2,6.92,42.5,34.6,23.2,85,0.3
173,3,6.71,34.7,63,16.1,96.5,0.3
173,4,7.37,36.6,68.5,24.2,86,0.4
173,5,7.29,38.4,106.4,9.1,94.5,0.4
173,6,7.39,42.1,95.4,34.6,80.3,0.4
173,7,7.43,43.7,37,8.9,94.1,0.5
173,8,6.83,47.4,90.5,8.8,83.6,0.5
173,9,7.13,33.9,93.1,6.4,88.1,0.5
173,10,6.76,30.2,62,33.4,90.6,0.6
173,11,7.21,39.7,80.3,12.4,93,0.6
173,12,6.85,43.8,55.2,9.7,94,0.6
173,13,6.73,33,31,14.7,85.5,0.7
173,14,6.95,40.5,70.7,27.8,82.4,0.7
173,15,7.09,35.7,92.6,25.9,85.9,0.8
173,16,6.84,34.8,100,11.2,81.8,0.8
173,17,7.39,37.8,31.3,5.8,97.6,0.8
173,18,7.31,47.6,43.4,30.4,88.8,0.9
173,19,7.28,42.6,42.5,10.5,97.8,0.9
173,20,7.21,31.4,65.2,6.5,90.1,0.9
173,21,6.92,41.2,103.5,22.2,89.6,1
173,22,7.05,47.4,80.8,23.7,82.9,1
173,23,7.15,40.9,76.1,11.4,81.7,1
173,24,7.46,41,33.1,5.7,97.9,1.1
173,25,7.11,42.9,76.5,27.7,88,1.1
173,26,7.31,43.5,65.2,25.4,93.1,1.1
173,27,6.95,44.7,73.5,16.2,85.8,1.2
173,28,7.27,35.5,109.8,25.9,98.9,1.2
173,29,7.02,42.4,53.4,16,83.7,1.3
173,30,7.39,33.3,85.4,34.7,80.5,1.3
173,31,7.45,47.2,53.2,30.1,96,1.3
173,32,7.47,48.4,109.6,19.1,97.2,1.4
173,33,7.21,44.5,44.4,30,93.1,1.4
173,34,7.41,48.2,96,33.8,81.8,1.4
173,35,6.96,44.9,30.2,27.3,90.7,1.5
173,36,7.24,38.7,57,15.6,87.9,1.5
173,37,7.17,44.5,30.2,8.6,89.7,1.5
173,38,7.05,33.5,32.8,10.7,82.4,1.6
173,39,7.36,45.4,106.2,25.1,83.4,1.6
173,40,6.76,44.2,80.8,11,85.8,1.6
173,41,7.43,43.4,91,10.7,94.2,1.7
173,42,6.7,37,104.5,13,86.3,1.7
173,43,7.03,42.4,87.6,9.5,91.8,1.8
173,44,7.25,31.3,50,17.9,92.8,1.8
173,45,7.41,47.3,90.3,13.1,97.4,1.8
173,46,7.44,43.8,85.9,18.5,98.6,1.9
173,47,6.88,41.3,86.7,14.8,92.6,1.9
173,48,7.25,41.7,44.4,12.9,97.3,1.9
173,49,7.47,47.2,60.6,5.7,82.7,2
173,50,7.46,35.5,85.4,28.2,90.4,2
174,0,6.79,42.2,76.2,31.3,85,0.2
174,1,6.73,48.2,56.8,6.2,80.3,0.3
174,2,6.77,40.1,31.3,13,92.2,0.3
174,3,7.27,32.5,74.8,30.5,97.6,0.3
174,4,7.1,49.1,59.8,6,94.5,0.4
174,5,7.19,42.8,108.3,6,91.1,0.4
174,6,7.32,38.2,52.8,22.5,85.7,0.4
174,7,6.99,49.3,34.6,5.1,99,0.5
174,8,6.8,44,40.1,20,91.8,0.5
174,9,6.97,39.2,57.4,20.1,88.3,0.5
174,10,6.96,33.3,58.6,26.9,81.7,0.6
174,11,7.4,48.5,58.3,30.2,89.8,0.6
174,12,7.07,36.1,56.7,31.2,90.2,0.6
174,13,6.89,40,33.2,8.2,91.3,0.7
174,14,7.28,34.4,100.9,24.3,86,0.7
174,15,7.19,35.6,99.7,27.8,82.5,0.8
174,16,7.33,40.7,99.6,7.4,84.4,0.8
174,17,7.42,49.5,69.2,11.2,82.4,0.8
174,18,7.12,32.3,54,24.5,86,0.9
174,19,7.18,33.3,43.9,15.3,87.3,0.9
174,20,6.71,33,59.3,19.1,97.6,0.9
174,21,7.4,47.6,57.4,15.4,95.5,1
174,22,7.45,32.5,108.4,20.3,87.1,1
174,23,6.93,36.3,80.1,24.3,94.2,1
174,24,7.34,48.5,82.9,13.2,97.3,1.1
174,25,6.85,45.2,56.2,5.9,91.7,1.1
174,26,7.31,48.5,33.1,22.6,85.8,1.1
174,27,6.79,39.1,102.5,11,81.4,1.2
174,28,6.93,46,32.2,7.9,87.8,1.2
174,29,7.05,42.1,74.4,32.2,94.7,1.3
174,30,7.1,41.7,97.4,18.8,91.5,1.3
174,31,7.01,32.3,76,19.1,87.5,1.3
174,32,6.78,40.2,101.9,29.5,86.5,1.4
174,33,7.08,44.8,30.1,8.9,95.1,1.4
174,34,7.23,35.8,67.2,10.6,91.7,1.4
174,35,6.94,31.9,72.1,32.9,95.6,1.5
174,36,6.95,43.5,78.9,6.5,80.2,1.5
174,37,7.07,43.1,31.2,26.8,86.7,1.5
174,38,7.28,49.1,55,34.1,93.7,1.6
174,39,7.37,49.6,96,19.1,97.7,1.6
174,40,7.02,32.7,45,22.2,83,1.6
174,41,7.44,49,54.5,30.4,86,1.7
174,42,6.87,40.4,106.8,15.1,96.1,1.7
174,43,6.92,50,103.5,18.1,93.3,1.8
174,44,6.76,33.3,51.3,13.2,86.1,1.8
174,45,7.3,46.2,100,28.6,88,1.8
174,46,7.38,42.6,89,31.2,93.3,1.9
174,47,6.96,34,87,23.6,81.2,1.9
174,48,6.96,34.1,55.1,25.5,90,1.9
174,49,7.07,47.3,92.5,30.8,86.1,2
174,50,6.81,44.7,46.7,28.6,96.3,2
175,0,7.18,49.8,61.6,15.4,85.9,0.2
175,1,7.02,43.9,33.4,9.4,90,0.3
175,2,6.89,38.8,105,8.7,83.8,0.3
175,3,7.29,36.2,102.6,23.2,82.4,0.3
175,4,6.72,30.6,54.5,22.3,82.4,0.4
175,5,7.17,45.3,54.5,31.1,91.9,0.4
175,6,6.73,31.2,39.1,16.2,84.3,0.4
175,7,7.14,49.2,91,32.6,80,0.5
175,8,6.98,34.6,41.1,26.4,93.6,0.5
175,9,7.07,31.9,37.5,29.7,95.9,0.5
175,10,7.3,37.2,43.4,23,84.7,0.6
175,11,7.13,37.2,102.8,32.8,86.1,0.6
175,12,7.35,44.5,47.3,13.7,98.9,0.6
175,13,7.41,43.6,99.8,19.2,81.6,0.7
175,14,6.74,48.5,52.2,33.4,92,0.7
175,15,7.25,45.5,81.1,33.4,90,0.8
175,16,6.89,49.1,53,15.4,89.3,0.8
175,17,7.15,44.3,101.2,29.6,94.4,0.8
175,18,7.22,32.4,102.2,19.9,88.9,0.9
175,19,7.37,39.7,49.8,34.1,98.9,0.9
175,20,6.85,36.1,54.9,14.2,88.3,0.9
175,21,7.29,43.8,95,19.7,97.2,1
175,22,6.91,30.3,42.3,25.7,93.5,1
175,23,7.2,49.3,37.4,8.2,89.2,1
175,24,7.38,39.2,31,21.3,88.9,1.1
175,25,6.92,34.1,32.8,7.5,80.6,1.1
175,26,7.05,49.6,103.5,34.9,86.3,1.1
175,27,7.38,46.8,63.9,12.9,81.9,1.2
175,28,7.48,43.6,64.1,29.3,95.4,1.2
175,29,7.18,44.4,60.3,17.1,98.8,1.3
175,30,6.96,35.4,108.2,10.9,84.5,1.3
175,31,6.95,45.4,59.2,25.6,86.6,1.3
175,32,6.93,38.1,33.8,7.3,98.6,1.4
175,33,7.4,43.8,30,17.3,81,1.4
175,34,7.21,47,36,28.1,88.2,1.4
175,35,7.4,32.3,94.5,15.4,95.4,1.5
175,36,6.75,39.8,88.1,7.2,87.1,1.5
175,37,7.38,49.8,87.9,10.7,97.9,1.5
175,38,7.49,39.7,32.8,34,91,1.6
175,39,7.14,32.8,90.4,33.1,83.4,1.6
175,40,6.72,36.8,104.5,24.9,90.6,1.6
175,41,7.17,44.6,66.3,22,92.8,1.7
175,42,6.77,42.9,65.7,10.4,93.3,1.7
175,43,7.41,33.1,89.2,13,94.8,1.8
175,44,7.48,32.8,68.8,24.8,90.6,1.8
175,45,7.3,31.2,102.2,8,86.6,1.8
175,46,7.22,47.8,49.8,29.6,83.8,1.9
175,47,7.47,37.7,53.3,9.4,98.7,1.9
175,48,7.48,41.6,52.2,7.5,84.9,1.9
175,49,6.8,40.4,50.2,26.7,92.7,2
175,50,7.26,42.9,84.2,20,80.4,2
176,0,6.74,31.8,67.9,24.2,96.7,0.2
176,1,7.45,32.2,81.3,8.2,87.6,0.3
176,2,7.06,49.6,60.3,16.5,92.8,0.3
176,3,6.81,48.4,40.4,34.6,95.9,0.3
176,4,7.09,38.2,52.6,8.7,86.5,0.4
176,5,7.34,33.2,48,25.4,88.9,0.4
176,6,6.79,48.7,59.3,27.6,93.6,0.4
176,7,7.17,44.1,31.1,17.6,86.2,0.5
176,8,7.1,30.1,46.2,9.3,91.2,0.5
176,9,7.37,34.7,100.8,21,86.3,0.5
176,10,6.72,43.8,36.2,19.4,81.5,0.6
176,11,6.82,40.8,44.1,24.8,98.8,0.6
176,12,7.3,31.6,69.8,5.6,98.4,0.6
176,13,7.15,44,56.5,24.1,92.5,0.7
176,14,7.08,46,88.4,6.8,94.9,0.7
176,15,6.72,48.7,35.6,30.8,88.5,0.8
176,16,6.98,48.7,94.8,5.6,95.4,0.8
176,17,6.78,49.9,100,32.3,96,0.8
176,18,6.83,46.5,64.6,8.8,96.9,0.9
176,19,7.29,31.9,70.5,5.7,80.5,0.9
176,20,7.38,42.9,96.1,18.4,96.6,0.9
176,21,6.76,37.5,105.3,5.9,85.4,1
176,22,6.78,42.1,92.7,16.3,97,1
176,23,6.98,46.4,91.5,28.9,84.4,1
176,24,7.02,40.3,45.8,14,92.1,1.1
176,25,7.16,47.7,61.2,9.9,82.7,1.1
176,26,6.75,30.3,36.6,26.9,86.3,1.1
176,27,7.41,43.9,66.1,20.5,91.1,1.2
176,28,7.28,46.1,60.5,7.9,98.9,1.2
176,29,7.15,47,46.7,11.4,85.7,1.3
176,30,7.2,49.7,43.6,10.2,89.1,1.3
176,31,7.19,30.6,72.1,24.7,82.8,1.3
176,32,7.13,44.1,47.8,19.9,96.8,1.4
176,33,6.89,33.4,57.6,23.9,82.6,1.4
176,34,6.96,34.3,30.4,26.2,83.5,1.4
176,35,6.8,42.3,81.6,7,81,1.5
176,36,6.95,30.6,50,27.1,85.1,1.5
176,37,7.33,40.8,41.3,24.2,94.7,1.5
176,38,6.89,36.3,105.3,12.6,98.8,1.6
176,39,7.22,36.8,64.2,24.2,84.2,1.6
176,40,7.26,46.2,53.7,30.3,92.9,1.6
176,41,7.32,49.7,46.1,31.9,92.5,1.7
176,42,6.99,37.2,30.9,16.2,85.1,1.7
176,43,6.96,43,57.4,19.8,89.2,1.8
176,44,6.72,36.8,84.1,18.6,84.9,1.8
176,45,7.05,39.2,54.9,25.8,88.2,1.8
176,46,6.79,49.4,47.2,7.2,82.1,1.9
176,47,7.12,49.2,53.3,9.7,91.3,1.9
176,48,6.87,41.7,94.5,17.6,96.3,1.9
176,49,7.37,46.7,33.8,18.4,97,2
176,50,7.13,39,81.7,31.2,82,2
177,0,7.36,33.1,69.8,9.7,85.5,0.2
177,1,7.09,37.3,98.2,9.2,87.3,0.3
177,2,7.42,43.9,63.8,7.7,86.1,0.3
177,3,6.78,31.2,94,18.7,97,0.3
177,4,7.47,40.4,93.2,20.1,91,0.4
177,5,7.04,32,91.7,26.9,89.5,0.4
177,6,6.9,42.4,66.2,15.7,88.7,0.4
177,7,7.38,37.6,57.6,7.9,90.4,0.5
177,8,6.82,44.4,40.4,14.3,82.8,0.5
177,9,6.75,44.1,96.9,24.3,90,0.5
177,10,6.7,31,85,13.2,86.4,0.6
177,11,6.72,33.6,38.3,14.9,95.7,0.6
177,12,6.98,46,54.5,33.8,94.6,0.6
177,13,6.99,47.4,66.1,25.1,97.5,0.7
177,14,6.99,45.4,35.8,23.2,86.9,0.7
177,15,6.98,41.1,64.5,10.2,87.1,0.8
177,16,7.1,31.7,72.9,25.8,97.4,0.8
177,17,7.05,35.3,109.4,16,89.8,0.8
177,18,7.37,45.6,63.6,19.9,95.1,0.9
177,19,6.74,31.5,43.7,22.8,84.3,0.9
177,20,6.79,47.8,104.2,18.3,81.4,0.9
177,21,7.1,33,96.4,15.7,81.2,1
177,22,7.41,35.7,64,30.8,92.2,1
177,23,7.42,37.8,41.3,13.3,82.6,1
177,24,6.94,46.2,35.5,31.7,95.3,1.1
177,25,7.43,49.5,93.8,13.8,92,1.1
177,26,7.2,40.4,80.7,11.1,95.5,1.1
177,27,7.38,47.3,39.1,28.3,80.5,1.2
177,28,7.32,43.5,34,23.4,97.7,1.2
177,29,7.39,44.7,94.2,31.2,82.4,1.3
177,30,6.81,41.1,94.8,22.1,86,1.3
177,31,6.91,35.9,93,23.6,93.9,1.3
177,32,7.48,38.1,31.8,25.1,91.8,1.4
177,33,6.74,34.1,51.4,27.6,85.4,1.4
177,34,6.75,44.1,36.9,5,90.7,1.4
177,35,7.17,34.6,40.5,19.9,84.9,1.5
177,36,7.16,46.4,35.5,14.8,94.9,1.5
177,37,7.05,46.6,51.4,6.7,96.8,1.5
177,38,7.45,34.1,109.5,10.7,91,1.6
177,39,7.09,44.3,30.5,20.1,97.1,1.6
177,40,6.85,47.5,104.8,27.5,95.1,1.6
177,41,7.39,39.6,43.5,17.1,84.4,1.7
177,42,7.17,33.3,32.2,11,82.2,1.7
177,43,6.93,36,83.1,11.6,91.3,1.8
177,44,7.07,43.2,35.5,20.7,96.5,1.8
177,45,6.81,45.9,52.1,20.4,86.7,1.8
177,46,7.33,37.5,36,22.5,88.6,1.9
177,47,7.12,43.2,88.1,28.8,80.1,1.9
177,48,7.44,41.1,62.2,33,86.9,1.9
177,49,7.05,33.1,100,12.4,82.7,2
177,50,7.25,48.5,89.2,6,97.6,2
178,0,7.01,46.6,102.4,30.7,82.2,0.2
178,1,6.88,41.4,91.4,11.2,85,0.3
178,2,7.17,36.1,35.3,28.6,88.2,0.3
178,3,7.34,31.1,44.6,32.8,96.7,0.3
178,4,6.91,44.6,62.7,20.9,95.3,0.4
178,5,7.31,30.1,32.4,28.5,95.1,0.4
178,6,7.36,48.8,44.6,21.8,87.9,0.4
178,7,7.19,35.4,76.5,31.9,92.5,0.5
178,8,6.88,48.4,47.9,16.5,97.8,0.5
178,9,7.13,38.2,79.9,20.3,94,0.5
178,10,6.73,40.5,47.1,27.6,98.3,0.6
178,11,6.87,40.2,51.2,20,98,0.6
178,12,6.96,48.8,33.4,29,94.4,0.6
178,13,7.07,39.6,46.7,11.2,81.3,0.7
178,14,7.48,40.9,50.8,33.7,82.9,0.7
178,15,7.02,40.7,40.1,14.4,97.2,0.8
178,16,6.79,41,107.9,34.9,83.8,0.8
178,17,7.38,48.7,98.7,32.6,90.1,0.8
178,18,7.03,48.6,87.8,29.3,93.7,0.9
178,19,7.06,40.2,109.1,33.8,84.5,0.9
178,20,6.81,47.1,73.3,21.2,95.6,0.9
178,21,7.36,45.5,60.1,25,97,1
178,22,7.3,35.2,109.2,7.7,90.3,1
178,23,7.03,39.4,41.4,10.8,82.2,1
178,24,7.16,46.4,83.8,13.3,95,1.1
178,25,6.7,35.6,76.7,11.7,80.8,1.1
178,26,6.98,37.1,53.2,23.1,94.8,1.1
178,27,6.92,38.1,72.7,24.3,91.3,1.2
178,28,6.73,30.2,85.8,23.6,88.4,1.2
178,29,6.93,49.1,109,27.3,87,1.3
178,30,6.78,37.1,38.9,34.8,93.7,1.3
178,31,6.98,46.3,54.2,33.2,89.5,1.3
178,32,6.97,31.1,92.8,21,96.2,1.4
178,33,6.71,47.4,43.3,18.5,81.6,1.4
178,34,7.37,47.9,48.3,25.5,98.2,1.4
178,35,7.2,40.6,70.9,31.7,92,1.5
178,36,6.89,46,77.3,21.3,82,1.5
178,37,7.47,49.9,105,24.6,96.2,1.5
178,38,6.91,41.2,72.3,23.4,92.7,1.6
178,39,6.79,33.7,76.2,8.2,95.4,1.6
178,40,6.88,37.1,66.4,28.1,88.4,1.6
178,41,6.78,47.3,75.8,6.9,94.5,1.7
178,42,6.96,35.3,54.7,11.9,96.6,1.7
178,43,7.3,46.4,53.9,21,80.5,1.8
178,44,6.97,40.1,67.9,10.3,82.1,1.8
178,45,7.12,41.2,82.3,10,94.6,1.8
178,46,7.26,42.9,54.4,21.9,80.2,1.9
178,47,7.03,38.1,88.3,11.5,84.2,1.9
178,48,7.18,38.2,56.7,29.8,93.5,1.9
178,49,7.48,49.4,45,11.5,93.2,2
178,50,6.74,42.6,85.7,25.9,81.4,2
179,0,7.42,47.6,34.3,31.7,91.9,0.2
179,1,7.4,36.9,36.4,31.3,97.3,0.3
179,2,7.11,40.8,74.9,10.7,97.7,0.3
179,3,7.48,30.5,64.4,6.9,85.8,0.3
179,4,6.89,49.8,62.9,31.1,91.4,0.4
179,5,7.41,41.4,90.7,31.2,97.3,0.4
179,6,7.07,41.8,73.4,14.7,86.5,0.4
179,7,7.24,41,42.8,6.3,90.5,0.5
179,8,6.81,42.5,92.1,30.7,96.2,0.5
179,9,7.22,43,91.8,8.6,82.7,0.5
179,10,6.86,49.9,60.5,16,87.5,0.6
179,11,7.24,48.5,86.7,13.7,93.5,0.6
179,12,7.49,37.3,78.8,8.8,80.9,0.6
179,13,7.11,40.4,106.2,29.2,96.1,0.7
179,14,6.83,34.1,74,12.4,84.1,0.7
179,15,7.03,34,94.1,6.4,82,0.8
179,16,7.46,39.6,30.2,16.2,92.5,0.8
179,17,6.91,36.6,79.4,14.9,80.2,0.8
179,18,6.95,35.3,39.7,17.6,81.4,0.9
179,19,7.4,37.1,79.9,5.5,87.2,0.9
179,20,7.2,35.2,62.4,16.8,91.3,0.9
179,21,7.45,48,54.7,16.2,83.6,1
179,22,6.79,30.7,68.7,7.4,84.8,1
179,23,7.37,48.6,80.4,28.9,93.1,1
179,24,7.38,30.3,55.9,25.6,94.9,1.1
179,25,7.23,46.4,45.2,8.2,98.9,1.1
179,26,6.72,37.2,58.4,13,91.2,1.1
179,27,7.44,45.5,103.2,11.3,80.6,1.2
179,28,6.78,45.5,66.5,15.5,85.3,1.2
179,29,7.26,43.9,37.4,28.3,86.1,1.3
179,30,6.92,31.7,66.1,15.7,93.3,1.3
179,31,7.47,31.8,47.3,18.7,82.3,1.3
179,32,6.92,36.9,60.7,5.8,95.3,1.4
179,33,7.03,43.9,80.4,25.4,89.7,1.4
179,34,7.2,48.7,49.4,22.9,94.4,1.4
179,35,7.06,31.8,47,21.1,97.4,1.5
179,36,6.93,49.4,73.6,10.3,89.4,1.5
179,37,6.85,37.6,71,21.5,97.5,1.5
179,38,6.72,41.7,71.2,34.1,94,1.6
179,39,6.81,48.8,83.2,6.8,82.7,1.6
179,40,7.39,39.2,85.6,13,89.8,1.6
179,41,7.46,47.7,72.2,19.1,85.7,1.7
179,42,6.74,38.1,69.2,10,87.2,1.7
179,43,7.23,30.5,40.3,29.8,98.2,1.8
179,44,6.85,47.5,97.1,20.3,98.9,1.8
179,45,7.32,38.1,92.3,31.4,87.8,1.8
179,46,7.09,46.2,39.7,15.4,94.7,1.9
179,47,6.96,46.3,109,9.2,87.6,1.9
179,48,6.79,49.3,32.8,17.1,96.3,1.9
179,49,6.89,38.4,93.6,18.6,89.4,2
179,50,7.44,41.1,78.4,25.5,96.8,2
180,0,7.03,32.9,45.7,19.7,85.1,0.2
180,1,6.92,33.2,39,19.3,84.5,0.3
180,2,7.34,45.1,99.9,20.2,89.1,0.3
180,3,7.16,40.1,66.2,21.3,90.2,0.3
180,4,6.73,46.6,50.4,12.6,90.6,0.4
180,5,7.43,38.4,58.8,32.6,85.1,0.4
180,6,6.96,47.2,30.5,27.4,95.6,0.4
180,7,6.74,39.8,99.1,8.2,80.7,0.5
180,8,6.98,46,103.8,21.7,91,0.5
180,9,7.41,38.2,34.4,27.8,80.2,0.5
180,10,7.21,41.8,75.6,22.9,85,0.6
180,11,7.49,44.1,104.3,9.3,96.8,0.6
180,12,6.84,42.1,42.3,34.6,96,0.6
180,13,6.72,39.9,106.5,21.4,84.3,0.7
180,14,7.33,45.5,107.3,7.2,98.7,0.7
180,15,6.81,46,100.5,13.5,84.4,0.8
180,16,6.77,33,61.7,25.9,98.6,0.8
180,17,7.11,46.2,44.3,33.1,91.9,0.8
180,18,6.86,40.6,64.7,10.2,95.6,0.9
180,19,6.93,33.4,83,11.1,80.1,0.9
180,20,7.47,41.8,49.2,19.3,97.3,0.9
180,21,7.27,40.1,40.2,15.5,90.7,1
180,22,7.47,35.5,52,28.9,90.1,1
180,23,6.8,30.9,66.4,5.5,85.1,1
180,24,7.02,43.2,58.1,17.5,95.2,1.1
180,25,7.31,31.3,94.2,10.4,81.8,1.1
180,26,7.23,31.8,44.5,10,95.9,1.1
180,27,7.19,47.7,71,28.6,98.9,1.2
180,28,6.93,48.1,107.2,8.8,85.1,1.2
180,29,7.29,37.6,96.8,15.5,80.1,1.3
180,30,6.91,31.3,71.8,28.5,94.4,1.3
180,31,6.77,33.4,53.5,7.7,85.4,1.3
180,32,7.07,34.3,100.2,16,88.4,1.4
180,33,6.73,47.8,62.9,8.2,97.7,1.4
180,34,7.47,44.1,33.7,25.2,83.5,1.4
180,35,6.79,46.1,106.6,17.7,91.8,1.5
180,36,7.1,41.9,59.1,18.1,93.5,1.5
180,37,7.16,40.6,75.9,5.9,88.9,1.5
180,38,7.36,40.6,88.5,32.8,86.2,1.6
180,39,7.41,45.1,107.6,8.5,84.5,1.6
180,40,7.12,47.6,65,29.2,83.3,1.6
180,41,7.46,30.1,92.1,32.7,80.3,1.7
180,42,7.01,31.4,62.6,12.8,80.1,1.7
180,43,7.09,31.6,69,30.1,89.3,1.8
180,44,7.22,33.4,56.9,13.8,84.1,1.8
180,45,7.05,46.4,93.5,31.8,84.7,1.8
180,46,6.72,32.1,54,9.6,84.8,1.9
180,47,7.04,44.6,44.4,17.8,98.9,1.9
180,48,7.04,30.3,89.2,24.9,96.4,1.9
180,49,7.41,47.1,36.6,14.9,98.5,2
180,50,6.82,32.4,78,13.3,89.2,2
181,0,6.86,32,70.6,16.4,81.7,0.2
181,1,7.16,31.4,63.4,8.8,85.9,0.3
181,2,7.35,40.6,99.5,13.5,92.2,0.3
181,3,6.94,43.2,77.6,23.9,80.8,0.3
181,4,6.98,33.7,75.1,12.5,85.1,0.4
181,5,7.28,47,100.4,10.3,94.4,0.4
181,6,7.39,41,75.1,21.7,80.6,0.4
181,7,7.44,45.3,79.7,28.2,86.9,0.5
181,8,6.98,33.3,59.2,29.2,94.8,0.5
181,9,7.43,34.6,98.6,10.7,81.7,0.5
181,10,7.16,30.4,94.8,30.5,92.2,0.6
181,11,7.02,46,58,22.2,96.5,0.6
181,12,6.71,44.4,107.2,34.3,88.2,0.6
181,13,7.48,41.8,30.1,20.2,97.3,0.7
181,14,6.93,45.9,56.4,15.1,81.6,0.7
181,15,6.83,48.1,35,29,83.1,0.8
181,16,6.76,43.8,52.1,24.3,95.7,0.8
181,17,6.9,41.9,89,5.6,89.5,0.8
181,18,7.1,38.1,75.3,33.4,91.9,0.9
181,19,7.12,49.7,109.2,34.3,83.5,0.9
181,20,7.3,43.2,78.7,12.8,80.5,0.9
181,21,7.17,31,56.4,34,92.6,1
181,22,6.78,39.5,75,30.7,89.5,1
181,23,7.39,50,67.8,31.9,85.1,1
181,24,7.08,32.2,52,10.3,90.4,1.1
181,25,7.39,37.8,89.9,10.6,87.2,1.1
181,26,7.17,41.8,43.8,5.8,87.3,1.1
181,27,7.5,34.3,57.4,22,97.2,1.2
181,28,7.07,46.2,64.6,15.4,97.6,1.2
181,29,7.2,40.4,66.1,26.3,83.4,1.3
181,30,7.41,37.7,92.2,19.3,83,1.3
181,31,6.73,34.5,55.1,24.5,84.5,1.3
181,32,7.01,43.8,48,11.5,98.3,1.4
181,33,6.73,40.1,31.8,16.4,95.8,1.4
181,34,7.17,37.6,85.4,28.5,86.6,1.4
181,35,7.34,40.9,42.7,20.7,95.1,1.5
181,36,7.06,44.3,75.9,16.4,84.8,1.5
181,37,6.89,40.6,100.3,17.8,99,1.5
181,38,7.21,47.1,38.6,22.7,91.1,1.6
181,39,7,39.9,96.2,17.3,89.7,1.6
181,40,7.1,33.4,105.4,17.9,91.5,1.6
181,41,7.05,33.1,60.8,7.6,88.4,1.7
181,42,7.15,38.6,85.9,26.7,97.9,1.7
181,43,6.99,44.9,102.3,16.3,88.3,1.8
181,44,6.84,40.9,47,27.7,96.6,1.8
181,45,6.91,31.5,56.9,9.4,91.2,1.8
181,46,6.8,37.1,83.2,22.5,89.3,1.9
181,47,6.95,31.4,74.7,6.6,96.6,1.9
181,48,7.49,48.7,42.8,27.9,93.4,1.9
181,49,7.18,47.7,86.3,6.8,94.1,2
181,50,7.01,38.5,50.2,23.2,82.8,2
182,0,6.91,30.8,53.1,11.5,98.4,0.2
182,1,7.15,49.9,73.3,12.7,88.7,0.3
182,2,7.28,47.9,66.8,24.1,89.5,0.3
182,3,6.98,45.1,65,8.5,96.3,0.3
182,4,6.91,47.5,65,15.5,81.1,0.4
182,5,6.99,42.9,31.6,34,92.7,0.4
182,6,6.84,34.9,55,33.5,96.7,0.4
182,7,6.98,35.7,91.1,5.6,91,0.5
182,8,7.07,37.8,37.6,32.6,87.7,0.5
182,9,6.72,39.3,49.7,27.4,98.6,0.5
182,10,6.85,49.1,32.7,32.3,93.9,0.6
182,11,7.44,33.5,73.3,20.2,92,0.6
182,12,7.19,38.4,40.4,22.7,80,0.6
182,13,6.91,38,89.3,30.5,93.1,0.7
182,14,6.86,40.7,72.1,31.4,96.8,0.7
182,15,7.02,47.3,50.4,31.5,97,0.8
182,16,7.44,42.4,46.6,32.8,88.5,0.8
182,17,7.21,47.1,102.2,9.5,82,0.8
182,18,6.84,47,107.1,7.6,89.6,0.9
182,19,7,37.7,82.7,6.3,93.7,0.9
182,20,6.88,41.7,59.4,15.5,91.5,0.9
182,21,7.32,47.4,92.2,21.9,80.2,1
182,22,6.85,49.3,65.3,8.7,95.7,1
182,23,6.92,36.3,96.4,13.3,80.3,1
182,24,7.15,48.8,82.9,16.9,98.2,1.1
182,25,7.2,32.3,105.9,14.9,95.1,1.1
182,26,7.48,42.6,44.3,21.1,92.2,1.1
182,27,6.99,32.3,84.3,26.3,89.3,1.2
182,28,7.27,33.2,55.5,8.2,97,1.2
182,29,7.13,41.3,65.2,9.7,85.3,1.3
182,30,7.05,38.1,44,34.9,80.2,1.3
182,31,7.44,48,85.5,30.8,98.6,1.3
182,32,7.2,37.7,56.6,21.4,95.9,1.4
182,33,6.77,31.2,108.8,34.6,95,1.4
182,34,7.45,40.1,37.6,26.4,83.4,1.4
182,35,7.14,38.3,110,29,80,1.5
182,36,6.9,33.5,56.2,30.4,97.1,1.5
182,37,7.21,37.4,63.1,20.6,89.6,1.5
182,38,7.34,39.2,31.8,20,88.2,1.6
182,39,7.15,42.7,54.6,30.2,88.1,1.6
182,40,7.31,44.6,38.4,33.4,87,1.6
182,41,7.49,35.9,93.9,15.7,96.3,1.7
182,42,7.32,33.4,103.1,26.8,85.6,1.7
182,43,6.81,36.6,40,25.5,85.5,1.8
182,44,7.45,47.4,97.3,10,86.8,1.8
182,45,7.23,45.8,93.3,5.1,80.3,1.8
182,46,7.4,38.7,66.7,22.7,89.2,1.9
182,47,7.17,49.3,61.6,18.6,92.4,1.9
182,48,6.97,47.4,78.1,21.2,98.3,1.9
182,49,7.13,45.7,89.3,22,91.1,2
182,50,7.29,31.6,64.4,29.5,94,2
183,0,6.89,40.3,52.2,33,97.5,0.2
183,1,6.96,43.6,35.5,24,87,0.3
183,2,6.86,41.8,77,5.3,86,0.3
183,3,7.33,33.9,45.7,30.3,86.9,0.3
183,4,7.24,42.9,93.3,25.7,90.6,0.4
183,5,7.03,33.1,102,11.1,81.2,0.4
183,6,7.43,33.9,48.5,32.1,80.3,0.4
183,7,7.27,34.8,109.4,34.1,80.2,0.5
183,8,6.75,32.6,81.2,33.2,82.9,0.5
183,9,7.05,44.5,63.9,11.2,89.3,0.5
183,10,6.72,33.2,67.4,10.3,97.8,0.6
183,11,6.79,47.3,82.1,20.9,95.6,0.6
183,12,7.28,37.8,67.7,22.3,84.4,0.6
183,13,6.77,31.3,101.9,14.3,87.3,0.7
183,14,6.88,39.7,70.4,27.1,90.9,0.7
183,15,7.36,33.1,92.7,29.2,80.6,0.8
183,16,6.83,40.4,85.6,21.6,90.7,0.8
183,17,6.98,32.3,45.1,7.2,95,0.8
183,18,7.18,34.7,45,24.5,90.9,0.9
183,19,7.34,39.1,69.7,27.2,88,0.9
183,20,7.49,38.9,48.5,27.4,84.6,0.9
183,21,7.34,47.2,91.2,5.8,91.8,1
183,22,7.06,45.7,65.4,25.4,95.6,1
183,23,6.91,34,37.6,23.9,85.9,1
183,24,7.16,32.2,38.2,12.2,89.2,1.1
183,25,6.84,32.3,102.5,31.5,83.8,1.1
183,26,7.3,43.9,90.1,6.7,83.2,1.1
183,27,7.2,36.5,62.2,9.1,98.4,1.2
183,28,7.2,34.2,89.3,14.5,98.1,1.2
183,29,7.4,36.8,62.5,16.9,88.9,1.3
183,30,7.19,35.9,100.5,27.8,86,1.3
183,31,7.06,48.5,68.1,33.4,89,1.3
183,32,7.07,45.1,31,32.5,93.3,1.4
183,33,7.01,31.9,47.8,23.8,84.4,1.4
183,34,6.77,33.3,94.8,11,80.1,1.4
183,35,7.4,36.3,107.4,17,97.8,1.5
183,36,7.25,31.9,105.9,23.3,86.7,1.5
183,37,7.12,37.1,73.1,12.5,94.6,1.5
183,38,7.25,45.3,31.4,13.8,82.7,1.6
183,39,7.31,40.3,31.3,18.2,80.4,1.6
183,40,7.44,48.6,105.3,28.4,96.1,1.6
183,41,7.14,38.9,101,24.7,88.8,1.7
183,42,6.74,35.7,65.6,7.4,88.1,1.7
183,43,6.92,33.2,91.6,13.6,97.4,1.8
183,44,6.91,47,36.8,34.6,87.7,1.8
183,45,7.2,41.4,49.7,9.8,81.9,1.8
183,46,6.93,46.1,39.3,27.7,97.5,1.9
183,47,7.13,49.8,97.9,26.7,94.4,1.9
183,48,7.25,36.7,68.2,30.5,90.4,1.9
183,49,7.29,47.9,30.5,24.7,94,2
183,50,7.24,48.5,46.4,31,96.3,2
184,0,7.5,49.7,34.4,13.9,88.1,0.2
184,1,7.1,48.1,80.1,27.6,94.4,0.3
184,2,7.31,45.4,90,8.5,91.5,0.3
184,3,6.95,32,107.4,30.7,88,0.3
184,4,7.1,48.4,43.6,31.9,84.9,0.4
184,5,7.22,38.9,53.5,32.7,89.1,0.4
184,6,7.35,49.4,63.4,32.2,95.4,0.4
184,7,7.32,34.2,91.4,17.2,81.2,0.5
184,8,6.87,40.8,53.7,32.5,93.4,0.5
184,9,7.46,44.6,90.4,20.8,97.7,0.5
184,10,6.73,34.3,90.9,13.4,85.2,0.6
184,11,6.81,41.7,58.9,26.2,94.9,0.6
184,12,6.84,39.6,42.9,11.4,86,0.6
184,13,6.85,49.9,36.4,26.2,91.2,0.7
184,14,6.98,48.1,100.7,14.2,85.7,0.7
184,15,7.17,43.7,98.6,7,81.2,0.8
184,16,6.86,47,38.6,21.5,84.7,0.8
184,17,6.95,49.8,41.2,10.2,94.3,0.8
184,18,6.93,43.2,66.4,34,95.8,0.9
184,19,7.14,37,39.3,8.5,89.9,0.9
184,20,7.06,30.9,55.5,30.3,85.6,0.9
184,21,6.86,38.2,58,33.4,91.6,1
184,22,7.23,40.8,47.2,9.3,87.6,1
184,23,7.45,38.1,31.7,11.2,81.6,1
184,24,6.85,46.8,66.1,23.8,81.6,1.1
184,25,7.34,32.9,42.9,21.7,87.6,1.1
184,26,7.31,40,46.5,15.4,80.1,1.1
184,27,7.47,33.6,69.2,17.9,90.4,1.2
184,28,6.76,37.7,54.9,6.4,97.9,1.2
184,29,6.81,31.7,76.4,16.5,87,1.3
184,30,7.15,49.5,65.5,34.1,85.5,1.3
184,31,6.72,47.7,100.4,32.3,87.9,1.3
184,32,6.7,46.1,46,23.1,91.2,1.4
184,33,7.06,37.6,58.4,25.1,83.9,1.4
184,34,7.34,36.9,39.2,8.2,92.8,1.4
184,35,7.14,41.7,54.3,18.3,84.2,1.5
184,36,7.08,46.3,34.6,7.2,81.6,1.5
184,37,6.89,36.4,48.5,5.8,89.9,1.5
184,38,7.32,43.5,108.2,9.8,96.1,1.6
184,39,6.97,31.5,92.6,14,83.2,1.6
184,40,7.07,45,76.7,26.3,80.1,1.6
184,41,6.83,41.1,66.8,8.4,96,1.7
184,42,6.7,46.2,30.4,6.9,89,1.7
184,43,7.01,41.9,79.7,17.3,82.9,1.8
184,44,7.37,41.3,35,15.6,92.2,1.8
184,45,6.73,44.1,70.2,15,84.5,1.8
184,46,7.47,49.5,35.7,14.1,96.4,1.9
184,47,6.98,46.4,64.8,34,98.5,1.9
184,48,7.36,37,63.6,8.4,92.5,1.9
184,49,6.81,40.1,72.2,30.8,82.5,2
184,50,6.7,43.3,76.2,8.2,98.8,2
185,0,7.05,49.1,59.8,12.7,82.3,0.2
185,1,7.5,50,105.8,31.4,82.3,0.3
185,2,7.2,33.2,74.7,8.9,89.3,0.3
185,3,7.28,33.4,69.1,32.7,97.9,0.3
185,4,7,41.4,96.4,10,96.9,0.4
185,5,6.88,47.3,78.5,20.6,80.4,0.4
185,6,6.98,30.5,96.2,34,82.2,0.4
185,7,7.09,47.8,85.7,18.5,95.9,0.5
185,8,6.92,41.6,101.6,28.4,83.3,0.5
185,9,6.87,47.9,42.7,28.5,92.9,0.5
185,10,7.25,38.3,90,34.2,85.6,0.6
185,11,6.93,43.4,68.1,16,90.5,0.6
185,12,7.43,35.7,94.5,5.9,85.2,0.6
185,13,7.43,34.3,35.9,33.7,81.8,0.7
185,14,6.85,32.9,77.8,29,82.9,0.7
185,15,7.21,32.6,84.3,19.5,98.5,0.8
185,16,7,36,74.5,25.4,91.9,0.8
185,17,6.94,33.1,81,7.6,83.6,0.8
185,18,7.41,47,70.8,13.7,86.9,0.9
185,19,6.94,32.6,54.8,20.8,80.2,0.9
185,20,7.2,33.9,68.5,30.8,88.9,0.9
185,21,7.39,40.3,75.5,34.6,82.3,1
185,22,7.23,36.1,48,12.7,81.7,1
185,23,6.82,39.5,69.1,20.3,95.8,1
185,24,7.04,47.4,89.3,13,85.4,1.1
185,25,7.04,37.2,76.1,22.6,96.6,1.1
185,26,7.14,47.7,32.3,9.9,82.6,1.1
185,27,6.71,34.1,37.4,19.7,80.3,1.2
185,28,7.27,38.8,108.7,26.5,80.3,1.2
185,29,7.02,40.4,63,7.4,91,1.3
185,30,7.48,35.5,103.8,13.7,98,1.3
185,31,7.13,40.9,99.6,20,88.4,1.3
185,32,7.36,48.9,58.6,33,95.4,1.4
185,33,6.71,44.2,64,30.8,88.7,1.4
185,34,7.09,32.6,97.5,11.2,87.5,1.4
185,35,6.74,33.4,31.5,8.8,92.2,1.5
185,36,7.34,44.4,87.6,19.2,98.1,1.5
185,37,6.84,47.6,45.6,27.9,97,1.5
185,38,7.44,34.2,90.2,31.9,81.2,1.6
185,39,7.06,41.9,31,35,81.3,1.6
185,40,7.18,47.1,69,13.3,80.7,1.6
185,41,6.74,42.1,69.1,9,92.3,1.7
185,42,6.91,45.8,70.2,19.1,80.3,1.7
185,43,6.89,45.6,38.2,22.3,95.5,1.8
185,44,6.94,47.7,40.6,29.8,81.9,1.8
185,45,6.78,42.3,31.1,20.7,95.6,1.8
185,46,6.83,33.8,38.1,34.4,97.7,1.9
185,47,7.21,42.1,76,33.2,82.8,1.9
185,48,6.98,44.8,73.7,31.8,89.7,1.9
185,49,6.93,48.1,91.3,16.5,83.7,2
185,50,6.97,41.5,53,18.6,80.6,2
186,0,7.18,35.8,81.2,30.4,88.2,0.2
186,1,6.87,35.5,74.2,15.3,92.7,0.3
186,2,7.4,34.3,54.8,13.8,94.8,0.3
186,3,7.23,42.7,76.1,7,86.7,0.3
186,4,6.95,33.9,69.2,24.5,86,0.4
186,5,7.4,42.4,104.6,26.2,84.5,0.4
186,6,7.34,49.4,99.3,8.9,97,0.4
186,7,7.17,32,55.9,14.8,82.6,0.5
186,8,6.85,45.1,40.5,32,84.3,0.5
186,9,7.4,33.3,88.9,21.9,92.3,0.5
186,10,7.34,45.9,82.9,21.2,96.5,0.6
186,11,7.06,41.1,41.7,17.5,92.5,0.6
186,12,7.13,36.2,56.4,19.2,85.3,0.6
186,13,7.43,46.2,36.3,35,92.7,0.7
186,14,7.17,43.9,84.8,7.7,97.1,0.7
186,15,7.29,33.1,34.4,14.8,83.7,0.8
186,16,6.89,48.3,83.4,29.4,89.9,0.8
186,17,6.71,33.7,68.2,26.4,82.8,0.8
186,18,7.42,47.9,74.7,32.1,84.2,0.9
186,19,6.87,43,109,16.2,82.2,0.9
186,20,7.2,33.2,102.7,20.8,97.3,0.9
186,21,6.99,39.1,79.9,34.7,87.8,1
186,22,6.71,37.3,86.4,22.7,85.5,1
186,23,7.42,37.9,41.7,34.3,98,1
186,24,6.73,43.7,35.7,25.5,89.6,1.1
186,25,7.01,42.8,62.4,25.4,86.3,1.1
186,26,7.09,32,90.9,27.1,81.6,1.1
186,27,6.97,45,59.3,32.8,91.3,1.2
186,28,7.47,30.2,83.4,16.4,86.4,1.2
186,29,7.35,48.8,35.9,24,98.2,1.3
186,30,6.92,49.9,105.6,12.7,98.8,1.3
186,31,7.07,46.5,33.5,18.2,91,1.3
186,32,7.33,38.6,69.9,7.8,85.3,1.4
186,33,6.76,35.2,65.2,32.4,93,1.4
186,34,7.39,39.4,38.2,14.4,97.7,1.4
186,35,7.44,30.1,35.7,25.7,93,1.5
186,36,7.42,43.7,89.2,27,88.5,1.5
186,37,7.11,35.7,107.4,9.4,94.6,1.5
186,38,6.98,48.2,71.7,22.2,92.4,1.6
186,39,7.49,41.3,42.5,34.4,86.3,1.6
186,40,7.39,38.7,99.8,31.5,89,1.6
186,41,6.78,32.2,98.1,17.6,81,1.7
186,42,6.93,45,76.1,21.9,98.5,1.7
186,43,7.28,34.5,60,17.2,95,1.8
186,44,7.17,35,72.4,30.5,98.3,1.8
186,45,7.04,33.5,82.1,11.2,98.8,1.8
186,46,7.04,41.7,60.2,7,81.2,1.9
186,47,7.41,32.6,96.5,13.3,87.1,1.9
186,48,7.21,46.7,81.6,10.5,86.2,1.9
186,49,7.08,39.4,38.3,13.6,82.2,2
186,50,7.44,32.7,35.3,7.4,96.2,2
187,0,7.13,40.7,33,29.1,96.4,0.2
187,1,7.31,41.1,36.6,10.9,93.1,0.3
187,2,6.73,45,98.6,25.4,93.3,0.3
187,3,7.07,31.1,35.8,27.4,97.7,0.3
187,4,7.06,31.2,31.3,9.5,98,0.4
187,5,6.85,38.7,106.2,25.8,96.9,0.4
187,6,7.18,40.6,97,26.5,85.7,0.4
187,7,7.18,35.7,54,13.1,87.4,0.5
187,8,6.82,31.9,64.1,16.5,81.5,0.5
187,9,6.92,41.8,71.2,16.1,93.8,0.5
187,10,7.4,40.6,31.6,20.4,88.7,0.6
187,11,6.83,41.4,54.1,16.5,88.5,0.6
187,12,7.02,32.8,73.3,28.7,93.5,0.6
187,13,7.27,38.4,82.2,11.1,98.5,0.7
187,14,7.42,35.3,53.9,7.1,94.6,0.7
187,15,6.99,32.6,49.7,34.9,80.8,0.8
187,16,7.03,40.2,108.8,33.2,97.9,0.8
187,17,6.98,48.2,100.6,9.2,80.2,0.8
187,18,7.16,46.7,42.4,28.9,80.4,0.9
187,19,7.28,46.3,45.5,7.9,96.2,0.9
187,20,6.91,34.9,90.5,9.8,98,0.9
187,21,7.35,34.4,80.7,32.3,97.4,1
187,22,6.81,35.1,95.6,11.9,91.8,1
187,23,7.22,32.7,69.1,31,84.1,1
187,24,7.26,40.8,54.8,19.4,84.2,1.1
187,25,7.29,48.7,108.1,13,83.7,1.1
187,26,7.5,30.5,98.7,20.4,83.1,1.1
187,27,7.03,49.2,73.5,16.1,95.4,1.2
187,28,7.04,45.5,53.9,32.3,93.3,1.2
187,29,7.05,30.3,109.7,8.3,98.6,1.3
187,30,7.08,36.8,76,17.1,82.6,1.3
187,31,6.76,34.4,105.2,31,88.1,1.3
187,32,6.93,34.9,102.5,28.7,88.8,1.4
187,33,7.45,37.6,65.7,30.6,92.5,1.4
187,34,7.14,43.8,50.3,13.2,97.8,1.4
187,35,7.01,45.2,102.1,18.1,83,1.5
187,36,6.77,44.3,108.4,31.4,83.7,1.5
187,37,6.96,43.2,97.2,32.4,96.2,1.5
187,38,7.01,43.7,93.9,11.9,91.9,1.6
187,39,6.95,32.1,88.9,35,97.9,1.6
187,40,7,48.4,57.6,26.5,95.2,1.6
187,41,6.86,43.1,82,12.2,91.2,1.7
187,42,7.23,41.4,32.3,24.7,81.1,1.7
187,43,7.25,48.9,53.9,9.4,82.5,1.8
187,44,6.78,39.7,108.1,14.3,84.4,1.8
187,45,7.22,46.5,79.4,18.8,81.1,1.8
187,46,7.39,37.4,102,27.6,81.4,1.9
187,47,6.76,39.3,71.4,21.6,94.5,1.9
187,48,7.49,38.4,90.3,28.1,92.4,1.9
187,49,7.11,46.9,60.8,13.6,86.4,2
187,50,7.24,45.3,78.4,13.6,86,2
188,0,6.84,45.6,66.8,7.3,98.3,0.2
188,1,7.3,42.5,77.4,30.7,86.4,0.3
188,2,7.32,42,74,6.5,91.6,0.3
188,3,7.05,49.1,76.8,5.8,84,0.3
188,4,7.38,34.7,36.2,15.6,90.8,0.4
188,5,7.37,43,75.5,11.3,92.9,0.4
188,6,7.28,47.7,90.7,24.4,84.6,0.4
188,7,6.9,38.7,97.4,6.9,96.7,0.5
188,8,6.87,45.5,84.2,7.4,91.9,0.5
188,9,7.33,42,98.6,30.2,97.3,0.5
188,10,7.1,39,40.9,17.9,96.7,0.6
188,11,6.8,35.9,109.4,29.7,96.1,0.6
188,12,6.83,49.8,42.7,22.7,85.9,0.6
188,13,7.21,48.7,37.8,5.1,80.2,0.7
188,14,7.27,40.6,105.2,30.1,98,0.7
188,15,6.85,43.7,92.1,33.7,83.1,0.8
188,16,7.18,38.5,94.5,30.2,84.4,0.8
188,17,7,35.1,36.7,23.6,92.7,0.8
188,18,7.41,32.9,75.8,15.4,84.1,0.9
188,19,7.12,41.8,75.8,29.5,92.3,0.9
188,20,7.32,46.5,40.2,12.2,96.8,0.9
188,21,7.17,34.1,87.7,29.7,89.6,1
188,22,7.22,36.6,95,32.1,91.4,1
188,23,6.91,46.7,32.6,20,87.5,1
188,24,7.26,32.4,54.9,15.3,96.8,1.1
188,25,7.13,32.6,68.9,13.7,91.1,1.1
188,26,7.44,30.1,63.6,34.6,92.7,1.1
188,27,7.28,37.4,31,31.7,86.2,1.2
188,28,7.41,46.1,99.3,11.1,92.3,1.2
188,29,7.39,37.4,76.9,24.7,81.4,1.3
188,30,6.75,48.7,41.6,16.9,86.6,1.3
188,31,6.85,34.3,47,19.6,90,1.3
188,32,6.86,36,66.7,7,93,1.4
188,33,7.36,30.4,75.3,7.7,87.2,1.4
188,34,7.16,47.8,35.9,17,97.8,1.4
188,35,7.31,42.6,109.6,20.2,94.3,1.5
188,36,6.9,48.9,85.8,25.2,89.7,1.5
188,37,6.79,31.6,94.1,13.5,93.7,1.5
188,38,6.82,32.6,69.2,8.8,87,1.6
188,39,7.45,39.8,67.1,27.6,95.4,1.6
188,40,6.86,35.7,103.4,32.9,83.2,1.6
188,41,6.91,36.1,89.6,24.8,88.7,1.7
188,42,7.28,43.6,39.9,30.9,90.4,1.7
188,43,7.27,33.5,55.1,11.2,82.6,1.8
188,44,6.76,34.1,75.9,10.3,95.6,1.8
188,45,6.77,31.6,32.9,14.3,97.8,1.8
188,46,6.96,35.5,101,7,92.8,1.9
188,47,7.44,39,31.2,18.9,84.7,1.9
188,48,7.34,31.5,33.5,29.6,97.7,1.9
188,49,7.46,36.3,55.9,5.5,82,2
188,50,7.21,30.7,77.6,18.8,83.9,2
189,0,7.23,45.7,98.5,15.8,88.9,0.2
189,1,6.85,38.3,51.2,31.8,85.3,0.3
189,2,7.05,30.9,31.3,21.7,92.3,0.3
189,3,6.86,30.6,85.8,25.2,84.1,0.3
189,4,7.12,48.5,65.3,20.4,97.6,0.4
189,5,7.21,32.6,88.2,8.3,86.1,0.4
189,6,7.32,31.7,56.3,25.4,80.4,0.4
189,7,7.21,41.4,85.7,26,90.7,0.5
189,8,6.86,32.4,54.2,29.6,94.2,0.5
189,9,7.34,47,37.1,13.7,89.1,0.5
189,10,7.03,31.5,80.7,30.2,93.4,0.6
189,11,7.48,36.1,41.8,19,84.2,0.6
189,12,7,37.4,54.6,7.1,90.3,0.6
189,13,7.32,43.8,68.3,32.2,91.1,0.7
189,14,6.91,40.4,59,32.8,98.3,0.7
189,15,7.37,36.9,71.4,15,92.2,0.8
189,16,7.2,32.2,50.5,29.6,93.2,0.8
189,17,7.41,42.1,42.8,20.1,94.6,0.8
189,18,7.17,31.6,42.2,8.2,81.9,0.9
189,19,7.32,42,65.5,7.1,92.9,0.9
189,20,6.84,35.9,103.9,32.7,84.9,0.9
189,21,6.77,45.9,49.4,14.2,87.9,1
189,22,6.77,43.7,30.2,14,84.1,1
189,23,7.18,47.7,40.9,8.7,91.6,1
189,24,6.82,49.6,54.1,18.2,90.9,1.1
189,25,7.07,40.9,103.4,28.5,89.7,1.1
189,26,6.94,31.2,44.9,10.5,95,1.1
189,27,6.86,32.9,82.3,24.6,90.8,1.2
189,28,7.36,47,98.1,23.6,90.6,1.2
189,29,7.15,44.4,84.4,21.8,86.6,1.3
189,30,6.74,36.6,106.4,26.2,90.3,1.3
189,31,7.29,48.3,107.7,32.7,85.6,1.3
189,32,6.97,42.5,61.4,27.9,88.1,1.4
189,33,6.86,32.9,87.9,29.9,83.8,1.4
189,34,7.37,33.8,37.7,31.1,87.1,1.4
189,35,6.98,38.4,80.3,28,96.5,1.5
189,36,7.26,44.4,46,7,94.5,1.5
189,37,6.72,30.4,109.4,12.4,91.8,1.5
189,38,7.25,30.9,65.6,6.5,89.2,1.6
189,39,7.46,42.5,104.6,7.4,87.5,1.6
189,40,7.18,33.9,36.3,25.1,90,1.6
189,41,7.16,46.2,43.3,26.1,87.8,1.7
189,42,6.99,43.5,80.9,10.3,95.2,1.7
189,43,6.77,30.7,66.5,20.5,84.9,1.8
189,44,7.26,42,56.7,33.1,88.8,1.8
189,45,7.16,31.5,41.4,10.1,91.9,1.8
189,46,7.09,46.8,67.1,29.9,81.2,1.9
189,47,7.05,34.6,99.7,24.6,81.3,1.9
189,48,7.15,42.1,108,30.4,93.1,1.9
189,49,7.36,49.8,70.7,29.3,97.4,2
189,50,6.97,34.7,71.8,25.2,81.3,2
190,0,6.91,47.6,60.3,8.2,81,0.2
190,1,6.99,43.1,56.8,5.1,92.8,0.3
190,2,6.98,31.5,93.1,31.2,80.4,0.3
190,3,7.13,36.4,40.6,25.4,83.4,0.3
190,4,7.1,48.5,106.2,18.2,90.4,0.4
190,5,7.37,46.6,98.6,12.6,85.5,0.4
190,6,6.95,48.1,72.1,23.7,84.8,0.4
190,7,6.72,41.8,33.3,20.9,80.5,0.5
190,8,6.96,33,80.2,16.2,98.6,0.5
190,9,6.91,30.2,33,25.7,94.3,0.5
190,10,6.74,37.3,106.7,29.6,97.4,0.6
190,11,7.47,32.1,100.1,30.2,80.2,0.6
190,12,6.74,37,80.5,8.3,82.6,0.6
190,13,7.2,31.4,73.1,30.1,92.9,0.7
190,14,6.74,50,65.2,18.5,94.3,0.7
190,15,7.47,40.7,107.6,5.6,80.8,0.8
190,16,6.9,39,54.5,28.7,96.7,0.8
190,17,7.03,35.2,31,9.1,82.4,0.8
190,18,7.48,46.1,61.5,16.2,86.4,0.9
190,19,7.2,42.3,62.3,31,93.7,0.9
190,20,7.34,44.5,41.5,20.1,88,0.9
190,21,6.88,45.4,61.7,32.3,97.2,1
190,22,7.23,38.7,73,5.8,86.8,1
190,23,7.06,35.6,63.5,18.8,90.8,1
190,24,7.04,47.7,97.2,28,83.9,1.1
190,25,7.02,30.6,49.8,23.7,98.3,1.1
190,26,7.18,33.8,53.5,13.2,82,1.1
190,27,6.76,40.6,76.1,22.3,95.5,1.2
190,28,7.18,33.8,32.9,30.2,80.7,1.2
190,29,7.43,32.1,64.1,20,92.8,1.3
190,30,7.22,31.1,109,26.4,92.6,1.3
190,31,7.38,45,98.3,25.7,90,1.3
190,32,6.96,36.5,97.8,22.2,94.8,1.4
190,33,7.44,46,35.2,23.3,96.9,1.4
190,34,7.2,30.7,78.9,15.6,84.3,1.4
190,35,7.27,33.3,39.9,24.8,94.4,1.5
190,36,6.84,35.9,95.7,19,97.4,1.5
190,37,7.45,46.8,59.5,34.1,83.6,1.5
190,38,6.75,46.9,69.3,7.7,88.2,1.6
190,39,6.77,43.8,69.6,10.5,95.1,1.6
190,40,6.96,42,34.3,28.6,91.6,1.6
190,41,6.95,41.8,82.6,6.8,86,1.7
190,42,7.45,45.3,54,34.5,89.6,1.7
190,43,7.09,42.9,79.6,9.1,82.2,1.8
190,44,7.12,45.8,91.3,30.9,94,1.8
190,45,7.45,42.9,107.5,13.9,90.7,1.8
190,46,6.9,31.7,79,26,85.1,1.9
190,47,6.85,32,104.7,7.2,87.5,1.9
190,48,7.27,49.3,42.5,21.3,81.8,1.9
190,49,6.7,36.5,77.4,5.9,80.5,2
190,50,6.88,32.4,80.8,22.1,95,2
191,0,7.4,33.1,37.9,16.1,83.2,0.2
191,1,6.97,32.4,77.5,12.7,86.2,0.3
191,2,7.32,34.9,58.4,22.1,82.4,0.3
191,3,6.74,35.1,94.7,19,90.3,0.3
191,4,6.86,44.8,50.5,16.2,80.6,0.4
191,5,6.99,36.5,33.7,8.4,91.9,0.4
191,6,6.81,35.3,63.9,27.9,96,0.4
191,7,6.95,44.6,89.9,24.3,83,0.5
191,8,7.06,40.4,39.6,14.6,83.3,0.5
191,9,7.06,43.2,63.4,16.1,92.7,0.5
191,10,7.21,43.4,31.7,29.3,90,0.6
191,11,7.36,42.2,70.1,18.9,92.1,0.6
191,12,7.39,45.8,69.2,19.3,83.9,0.6
191,13,7.15,35.1,92.7,5.9,85.8,0.7
191,14,6.92,41.9,69.2,28.9,93.2,0.7
191,15,7.06,47.3,51.3,6.3,89.4,0.8
191,16,7.07,33.4,34.2,25.3,86.1,0.8
191,17,6.75,39,57.7,26.5,85,0.8
191,18,7.39,35.3,74.2,32.6,81.5,0.9
191,19,7.03,48.6,106.6,13.2,88.7,0.9
191,20,6.94,38.2,38.6,11.2,89.8,0.9
191,21,7.11,48,33.6,8.7,92.1,1
191,22,6.89,39.2,98.4,32.3,81.2,1
191,23,6.94,36.2,87.4,20.5,96.3,1
191,24,7.25,31.7,35.8,7.9,98.3,1.1
191,25,6.94,46.5,36.9,28.8,92.1,1.1
191,26,7.32,38.2,44.5,26,97,1.1
191,27,7.44,48.4,82,9.5,91.1,1.2
191,28,6.71,37.4,107.5,14.4,90.7,1.2
191,29,6.87,30.4,44.2,33.4,92.4,1.3
191,30,7,35.6,39.4,7.8,93.4,1.3
191,31,7.01,49.1,32,23.7,80.8,1.3
191,32,6.93,37.8,87.7,18.2,80.1,1.4
191,33,7.23,40.6,34.6,30.5,83.7,1.4
191,34,7.1,31.8,60.4,16.8,98.6,1.4
191,35,7.42,32,48.7,11.6,92.2,1.5
191,36,7.48,39,72.8,12.7,95.5,1.5
191,37,6.74,42.5,33.1,20.5,82.2,1.5
191,38,7.15,40.8,81,14.1,84.9,1.6
191,39,6.87,32.1,73.9,14.9,85.1,1.6
191,40,7.24,49.7,34.7,14.2,80.6,1.6
191,41,7.06,36.7,90.8,28.9,82.8,1.7
191,42,6.74,36.7,72.1,5.4,89.7,1.7
191,43,7.02,49.6,58.6,14,85.6,1.8
191,44,7.37,39.7,99.5,27.7,90,1.8
191,45,6.83,47,52,13.5,90.1,1.8
191,46,7.36,32,87,17.3,95.3,1.9
191,47,6.75,34.5,48.6,8.9,81,1.9
191,48,6.8,49.3,77.7,5,81.3,1.9
191,49,7.4,47.8,72.6,11.6,95.4,2
191,50,6.99,38.7,38.6,15.5,90.6,2
192,0,6.89,47.4,38.6,14.1,93.3,0.2
192,1,7.01,46.7,41.7,27.9,84.4,0.3
192,2,7.14,38.3,34,32.2,88,0.3
192,3,7.4,49.8,38.2,17.8,80.4,0.3
192,4,7.37,46.9,53.5,11.6,96.4,0.4
192,5,7.14,33.6,46.3,12.6,83.2,0.4
192,6,6.76,41.6,81.2,21.5,84.9,0.4
192,7,7.36,36.6,57.6,26.8,94.8,0.5
192,8,7.18,38.1,84.8,10.1,92.6,0.5
192,9,7.32,46.4,101.7,7.1,95.1,0.5
192,10,7.42,43.8,94.9,34,91.9,0.6
192,11,7.26,49.4,58.7,34.3,95.8,0.6
192,12,7.01,49.9,44.4,25.8,98.9,0.6
192,13,7.36,35.5,47.1,15.3,95,0.7
192,14,6.92,36.9,39.6,15.9,92.6,0.7
192,15,6.99,42.2,74.3,11.8,85.3,0.8
192,16,6.72,35.8,33.8,19.8,84.4,0.8
192,17,6.94,46.6,89.1,17.4,92.4,0.8
192,18,6.88,32.4,68.6,7.2,91.7,0.9
192,19,7.04,36.6,81,11,87.7,0.9
192,20,7.24,39.1,86.3,10.6,93.3,0.9
192,21,7.43,42.8,69.1,15.5,87.1,1
192,22,7.09,33.9,61,30.5,95.9,1
192,23,7.4,41,93.1,8.7,80.7,1
192,24,7.46,47.3,31.2,23.2,98.5,1.1
192,25,7.17,36,98.3,26,81.6,1.1
192,26,7.48,40.6,77.4,20.9,93,1.1
192,27,7.13,37.9,75.6,31.2,87.2,1.2
192,28,6.95,49.2,50.4,9.2,80.1,1.2
192,29,7.29,41,99.3,21.1,98.8,1.3
192,30,7.32,38.4,49.4,20.6,82.9,1.3
192,31,6.83,46.9,103.2,34.1,90.8,1.3
192,32,7.48,49.4,95,15.5,93.5,1.4
192,33,7.47,36.9,53,30.4,84.7,1.4
192,34,7.06,43.7,30.1,28.3,88.9,1.4
192,35,7.29,46.6,30.4,30.5,89.7,1.5
192,36,6.92,45.5,51.3,29.8,98.5,1.5
192,37,7.09,42.4,103.7,20.5,96.3,1.5
192,38,7.35,45.6,51.8,12.5,81.5,1.6
192,39,6.72,39,67.3,21.9,98.1,1.6
192,40,7.24,35.2,75.1,28.5,85.9,1.6
192,41,7.03,41.7,99.6,15.8,86,1.7
192,42,6.88,32,102,32.6,97.5,1.7
192,43,7.34,40,57.5,25,89.1,1.8
192,44,7.3,40.1,53.9,20.6,84.3,1.8
192,45,7.31,37.8,84.1,32.1,89.1,1.8
192,46,6.72,41.9,102.1,14.2,88.1,1.9
192,47,7.22,42.5,33.2,20.4,82.1,1.9
192,48,6.88,31.6,83.3,33.1,90.9,1.9
192,49,7.06,36.1,41,15,92.3,2
192,50,7.15,32.1,81.7,21,96,2
193,0,6.99,41.4,99.7,25.5,92,0.2
193,1,6.74,38.8,106.2,16.9,80.4,0.3
193,2,7.36,42.7,77,27.7,89.3,0.3
193,3,6.99,40.8,58.3,20,90,0.3
193,4,7.21,39.1,93.4,33.4,80.7,0.4
193,5,7.24,49.3,95,28.8,85.9,0.4
193,6,6.99,37.3,58.1,12.6,93.4,0.4
193,7,6.74,41.4,50.7,20.2,81.9,0.5
193,8,7.1,38.7,30.1,31.8,81,0.5
193,9,7.34,37.7,52.6,27,93.1,0.5
193,10,6.71,44.3,77.1,29.5,94.7,0.6
193,11,6.91,39.3,60.8,10.8,98.1,0.6
193,12,7.41,49.2,45.3,15.7,95.3,0.6
193,13,7.32,31.8,32.4,29.5,81,0.7
193,14,7.19,37.4,74.3,22.6,86.9,0.7
193,15,7.13,35.5,32.6,34,93.8,0.8
193,16,7.3,42.1,87.5,17.1,97.5,0.8
193,17,7.3,43.1,105.7,22.7,85.7,0.8
193,18,7.08,42.8,79.5,30,92.5,0.9
193,19,7.1,45.3,62.1,20.9,80.9,0.9
193,20,7.19,30.1,93.2,6.3,90.8,0.9
193,21,7.19,40.5,73.8,11.3,91.6,1
193,22,6.79,45.7,82.2,25.6,81.8,1
193,23,7.03,45.5,101.1,17.5,85.5,1
193,24,6.91,48.5,61.3,22.9,93.3,1.1
193,25,6.76,34,99,20.1,80.8,1.1
193,26,7.14,32.9,80.4,26.6,87.4,1.1
193,27,6.75,47.6,109.7,17,95.4,1.2
193,28,6.97,35.6,60.7,28.6,89.5,1.2
193,29,7.23,37.7,55.6,27.5,81.5,1.3
193,30,7.3,49.8,57.7,27.2,86.4,1.3
193,31,7.37,44.5,73.9,16,90.1,1.3
193,32,6.94,38.1,69.6,21.4,86.9,1.4
193,33,7.02,39.7,100,7.8,96.8,1.4
193,34,7.13,34.2,51.8,16,83.4,1.4
193,35,7.02,44.4,90.3,34.9,95.2,1.5
193,36,7.41,45.2,48.4,25.1,96.5,1.5
193,37,7.49,46.5,57.6,21.5,95.7,1.5
193,38,6.95,36.9,54,26.7,84.5,1.6
193,39,6.94,47.6,87.2,30.3,97,1.6
193,40,7.42,35.7,44.3,23.3,81.8,1.6
193,41,7.14,36.3,72.1,18.1,89,1.7
193,42,6.85,32.2,45.3,21.4,84.8,1.7
193,43,6.87,46.2,50.3,23.8,88.6,1.8
193,44,7.14,34.6,43.6,19,98.5,1.8
193,45,6.9,34.5,100.2,24.1,88.9,1.8
193,46,7.34,36.3,77.9,34.9,90.1,1.9
193,47,6.91,46.2,103.3,23.1,89.7,1.9
193,48,6.8,44.1,74.6,32.5,91.4,1.9
193,49,7.36,48.2,50.5,6.8,82.4,2
193,50,6.85,45.8,91.1,7.1,96.1,2
194,0,7.33,31.7,44,18.1,97.3,0.2
194,1,7.12,45.5,99.6,28,94.3,0.3
194,2,7.48,48.6,103.7,16.3,91.2,0.3
194,3,7.49,44.1,59.6,17.2,88.7,0.3
194,4,6.92,45.2,99.1,23.1,85.1,0.4
194,5,7.03,45.2,37.4,15.2,97.6,0.4
194,6,7.28,41,58.5,19.2,89.3,0.4
194,7,7,43.1,69.2,31.4,86.1,0.5
194,8,7.45,41.7,99.4,15.5,88.4,0.5
194,9,7.07,47.3,72.4,19.1,87.8,0.5
194,10,6.98,37,57.6,18.8,97.7,0.6
194,11,6.95,35.5,77,15.4,98.4,0.6
194,12,7.27,32.7,106.3,18.5,98.1,0.6
194,13,6.81,46.2,104.3,21.6,85.2,0.7
194,14,7.42,33.8,104.4,17.5,94.8,0.7
194,15,7.01,31.3,74.1,11.5,80.3,0.8
194,16,7.09,40.4,35.6,20.3,92.4,0.8
194,17,7.01,40.7,54.5,19.4,84.3,0.8
194,18,7.47,31.2,98.2,10.3,86.9,0.9
194,19,7.49,48.8,105.4,8.7,81,0.9
194,20,7.08,49.2,46.3,9.4,83.9,0.9
194,21,7.35,47.8,50.4,16.8,97.8,1
194,22,7.42,42.9,77.1,13.2,86,1
194,23,7.1,33.4,92.1,7.1,91.4,1
194,24,7.22,37.8,41.1,8.5,93.1,1.1
194,25,7.31,37.5,63.1,15.9,87.5,1.1
194,26,6.95,41.3,37.8,22.9,84.6,1.1
194,27,7.01,49.2,78.1,20.4,95.4,1.2
194,28,7.05,38.4,75,13.5,98.5,1.2
194,29,7.29,45.4,31.7,17.6,85.2,1.3
194,30,7.05,38.8,75.4,13.5,92.2,1.3
194,31,7.15,44.4,44.1,6.5,80,1.3
194,32,7.03,49.6,95,12.7,89.8,1.4
194,33,7.33,32,46.4,29.8,89.2,1.4
194,34,7.4,31.5,43.2,15.2,81.6,1.4
194,35,7.25,49.9,62.8,24.7,97.7,1.5
194,36,6.72,38.2,82.9,22.9,97.4,1.5
194,37,7.19,31.4,60.2,27.8,92,1.5
194,38,7.38,46.4,46.7,25.9,93.5,1.6
194,39,7.48,41.6,31.3,34.8,91.8,1.6
194,40,6.87,46.8,65.4,20.1,84.3,1.6
194,41,7.22,47.5,97.3,24.5,88.3,1.7
194,42,6.87,42.2,45,28.5,85.7,1.7
194,43,6.97,36.4,54.8,20.1,96.1,1.8
194,44,6.76,31.1,62.3,13.8,94.1,1.8
194,45,6.77,49.6,48.5,8.7,98.1,1.8
194,46,7.25,34.3,31.6,10.2,93.9,1.9
194,47,7.45,39.1,69.7,20.8,87.8,1.9
194,48,7.11,42.5,64.8,16.6,91.2,1.9
194,49,7.14,44.3,95.5,12.9,88.4,2
194,50,7.15,39.1,90.4,7.4,90.7,2
195,0,6.85,30.5,90.9,20.5,95,0.2
195,1,7.04,41.9,100.5,7.9,89.9,0.3
195,2,7.22,42.9,83.9,5.3,98.9,0.3
195,3,7.31,48.3,87.1,22,92.5,0.3
195,4,7.16,46.2,80.1,22.5,91.5,0.4
195,5,7,41.5,52.1,30.3,82.7,0.4
195,6,7.31,47.5,105.8,19.8,89,0.4
195,7,6.9,36.2,103.8,24.5,87.3,0.5
195,8,7.48,32.5,36.6,31.9,90.5,0.5
195,9,7.26,44.3,109.6,19,94.3,0.5
195,10,7.11,45.7,36.6,30.4,98.1,0.6
195,11,6.71,44.9,100.1,19.9,86,0.6
195,12,7.49,42.3,57.3,16.1,81.5,0.6
195,13,7.2,33.9,74.5,18.6,85.6,0.7
195,14,7.3,46.8,44.2,31.8,84,0.7
195,15,7.11,32.7,36.6,24.2,95.2,0.8
195,16,6.86,42.9,49.6,8.4,82.8,0.8
195,17,7.14,46.3,100.2,18.3,82.4,0.8
195,18,7.38,43.8,107.6,8.7,88.6,0.9
195,19,6.72,34.3,109.2,23.1,97.2,0.9
195,20,6.73,37.8,101.6,16,88.9,0.9
195,21,6.76,46,43.7,24.7,83.1,1
195,22,7.13,41.2,32.6,14.6,90.3,1
195,23,7.31,45.8,45.5,34.3,90.2,1
195,24,6.93,48.2,84.3,27,93,1.1
195,25,7.18,38,69.1,26.5,94.6,1.1
195,26,7.05,46.2,42.9,27.6,92.1,1.1
195,27,7.21,46.4,55.3,17.5,90.4,1.2
195,28,7.41,46.4,47.6,25.9,87.3,1.2
195,29,7.05,46.6,105.6,23.7,95.6,1.3
195,30,7.47,43,41.7,25.9,87.2,1.3
195,31,6.8,31.4,75.2,19.9,95.1,1.3
195,32,7.45,47.6,63,20.4,81.3,1.4
195,33,7.41,34.8,60.9,23.1,84.9,1.4
195,34,7.48,31.1,49.2,25.9,92.7,1.4
195,35,7.41,34.8,39.7,18.9,86.6,1.5
195,36,7.48,30.2,46.4,33.5,91.7,1.5
195,37,7.38,44.9,95.9,30.9,86.6,1.5
195,38,6.74,38.6,37.9,13.8,95.5,1.6
195,39,7.33,49.6,104.5,23.6,94,1.6
195,40,7.37,33.9,47.8,26.4,80.4,1.6
195,41,7.31,33.2,62,28.5,89.4,1.7
195,42,7.32,37.2,35.3,25.6,83.5,1.7
195,43,6.96,33.1,84.2,23.6,97.6,1.8
195,44,7.49,37.3,36.8,5,85.9,1.8
195,45,7.11,32.1,61.7,7.8,96.6,1.8
195,46,7.32,43.8,98.2,28.9,92.6,1.9
195,47,7.14,35.4,82.2,11.4,85.7,1.9
195,48,7.21,36.2,108.3,30.5,84.9,1.9
195,49,6.92,30.7,77.9,26.2,87.2,2
195,50,6.98,33.3,36,33.4,94.9,2
196,0,7.14,36.5,79.3,29.9,89.8,0.2
196,1,6.94,31.7,85.4,11.3,82.7,0.3
196,2,6.94,49.3,64.9,23.3,87,0.3
196,3,7.07,35.6,54,7.5,87.2,0.3
196,4,6.83,33.1,59.7,33.3,90.9,0.4
196,5,7.37,46.6,89.7,16.8,80.4,0.4
196,6,7.29,37.7,58.6,30.5,87,0.4
196,7,7.42,47,43.1,11.3,97.2,0.5
196,8,6.74,49.3,79.1,9,94.3,0.5
196,9,7.12,35.3,37,18.4,91.1,0.5
196,10,6.81,42.2,104.3,29.4,88.8,0.6
196,11,7.1,31.4,102,31.7,92.4,0.6
196,12,7.22,47.7,60.9,8.5,88.1,0.6
196,13,6.8,42.2,94.4,29.4,94.2,0.7
196,14,7.13,46.6,77.2,25.6,83.9,0.7
196,15,6.71,41.6,76.8,7.8,94.4,0.8
196,16,6.84,38.8,106,35,91.4,0.8
196,17,6.98,41.3,94.8,7.9,94.6,0.8
196,18,7.37,49.4,37.6,20.6,92.6,0.9
196,19,7.09,49.1,35.3,16.4,89,0.9
196,20,7.28,30.1,30.4,20.6,80.4,0.9
196,21,7.47,46.3,93,16.4,80.9,1
196,22,6.86,33.2,39.8,7.7,98.4,1
196,23,6.85,39.3,79.5,9,87,1
196,24,7.22,36.4,85.2,31.8,95.1,1.1
196,25,6.8,39.2,85.8,30,90,1.1
196,26,7.02,48,44.7,23.4,81.8,1.1
196,27,7.35,49.5,30.9,17.5,95.6,1.2
196,28,7.47,32,43.3,19.6,85.1,1.2
196,29,7.04,45.8,38.8,32.7,96.1,1.3
196,30,7.16,47.9,79.2,21.6,85.4,1.3
196,31,7.04,41.6,84.4,12.7,96.5,1.3
196,32,6.8,36,72,30.6,90.5,1.4
196,33,7.24,32.9,103.3,18.3,89.2,1.4
196,34,7.31,46.6,95.8,18.8,94.4,1.4
196,35,7.27,48.7,88.9,13.6,84.4,1.5
196,36,6.83,45.1,65.7,23.4,93.2,1.5
196,37,7.26,34.4,83.4,30.2,85.6,1.5
196,38,7.3,31.4,87.9,21.1,83.9,1.6
196,39,7.37,38.5,83,24.5,81.1,1.6
196,40,7.13,35.4,59.6,11.4,83.9,1.6
196,41,6.75,32.8,63.9,31,94.4,1.7
196,42,7.01,46.5,80.6,6.9,85.2,1.7
196,43,7.45,32.2,73.4,6.3,93.6,1.8
196,44,6.79,46.9,97.9,17.9,94.3,1.8
196,45,7.03,46.3,44.2,16.1,95.2,1.8
196,46,7.25,39.6,55.1,30.3,98.5,1.9
196,47,6.78,38.3,94,19.8,89.9,1.9
196,48,6.97,43.6,32.9,11.9,82,1.9
196,49,7.46,39,35.7,18.2,81.7,2
196,50,7.42,39.4,64.7,27.4,88.9,2
197,0,7.03,42.5,61.1,29.3,90.8,0.2
197,1,7.06,40,84.2,6.5,82.4,0.3
197,2,6.77,46.3,93.3,6.3,87.5,0.3
197,3,6.97,34.9,78,11.6,91.1,0.3
197,4,7.4,34.7,96.5,31,95.1,0.4
197,5,6.7,45.3,51.8,17.6,93.8,0.4
197,6,7.38,48.5,59.4,33.5,87.6,0.4
197,7,6.85,42.3,33.9,8.4,80.3,0.5
197,8,7.31,48.7,31,26.4,80.5,0.5
197,9,6.81,34.4,34.7,26.6,80.1,0.5
197,10,6.89,50,68.7,11.2,80.4,0.6
197,11,6.96,40.5,53.3,20.6,95.6,0.6
197,12,7.21,31.9,91.9,16.1,88.2,0.6
197,13,6.95,34.9,42.6,12.6,89.4,0.7
197,14,7.02,45.8,55.8,22.8,95.2,0.7
197,15,6.83,34.8,59,10.7,91.3,0.8
197,16,6.83,38.4,78.7,23.7,86.9,0.8
197,17,6.93,46,85.6,30.3,91,0.8
197,18,7.31,37.9,85.3,6.2,94.6,0.9
197,19,6.76,34,70.9,27.9,97.2,0.9
197,20,7.23,31.1,98.7,6.2,96.2,0.9
197,21,6.98,44,101,20.8,97.2,1
197,22,6.73,46.7,51.1,22,87.1,1
197,23,7.34,47.5,32.1,26.5,85.8,1
197,24,7.16,37,58.5,33.7,97.9,1.1
197,25,7.3,45.2,80.9,9.3,81.9,1.1
197,26,7.36,46.3,52.4,31,83.1,1.1
197,27,7.44,48.2,94.3,20.7,86.4,1.2
197,28,7.16,44.2,78.6,20,93.3,1.2
197,29,7.1,33.6,50.6,12.8,84.6,1.3
197,30,7.22,41.1,48.1,9.3,97.2,1.3
197,31,6.96,41.9,56,32.1,84.1,1.3
197,32,6.71,47.6,35.2,5.5,90,1.4
197,33,7.29,41.8,59.6,22.5,87.1,1.4
197,34,7.21,46.2,99.4,15,89.7,1.4
197,35,6.87,38.1,51.9,29.3,87,1.5
197,36,6.99,34.2,57.6,15.1,85.3,1.5
197,37,6.78,45.4,71.4,12.7,89.1,1.5
197,38,6.7,38.8,55.5,7.7,97.2,1.6
197,39,7.3,40.4,87.2,30.5,93.3,1.6
197,40,7.23,45.2,46.7,30.1,95.8,1.6
197,41,7.12,46.3,101.9,34.5,95,1.7
197,42,7.07,44.7,48.7,20.3,80.8,1.7
197,43,7.1,42.1,45.5,13.5,95.9,1.8
197,44,7.43,45.5,82.4,13.8,89.4,1.8
197,45,7.23,35.3,82,16.6,92.4,1.8
197,46,7.48,38.4,72.5,13.5,85.1,1.9
197,47,7.48,38.6,33.9,23.5,86.1,1.9
197,48,7.15,32.6,42.1,31,83.9,1.9
197,49,7.49,43.3,100.4,19.3,90.3,2
197,50,7.42,46.3,67.2,23.9,85,2
198,0,7.03,49.2,61.9,6.9,87.7,0.2
198,1,7.11,47.3,95.8,7.3,80.4,0.3
198,2,7.39,33.3,65.3,22,90.3,0.3
198,3,7.08,31.9,76.9,33.2,92.4,0.3
198,4,6.73,46.7,54.5,16.6,94.7,0.4
198,5,6.71,43.5,38.6,20.4,88.4,0.4
198,6,6.76,49.7,69.5,21.3,97.1,0.4
198,7,7.4,40.1,105.6,18.9,84.8,0.5
198,8,7.11,41.5,48.9,15,88.7,0.5
198,9,6.94,37.1,95.8,34.7,83.5,0.5
198,10,7.48,41.8,48,25.2,81.3,0.6
198,11,6.72,44,38.6,24.8,96.3,0.6
198,12,6.82,35,43.2,16.3,98.1,0.6
198,13,7.17,34.9,92.4,13.4,92.1,0.7
198,14,7,34.7,53.4,27.7,85.3,0.7
198,15,7.08,31.2,73.5,34,82.7,0.8
198,16,7.26,47.9,102.7,26.3,93.7,0.8
198,17,7.33,34.4,85.4,8,95.3,0.8
198,18,7.05,45.8,91,16.9,88.5,0.9
198,19,7.45,37.7,87.4,8.1,88.2,0.9
198,20,7.31,37.3,95.3,26.3,81.5,0.9
198,21,6.75,43.3,36.2,30.8,88.3,1
198,22,7.02,33.5,101.7,20.7,98.8,1
198,23,7.12,34.3,100.5,19.9,97.3,1
198,24,6.72,45,85.9,13.3,96.2,1.1
198,25,6.73,42.8,53.4,34.5,83.7,1.1
198,26,6.72,35.5,51.2,7.9,98,1.1
198,27,6.99,42,95.8,14,84.2,1.2
198,28,7.14,32.8,107.9,6.7,93.5,1.2
198,29,7.22,31.2,63.8,10.9,84.4,1.3
198,30,7.39,46.9,49.8,33.7,91.5,1.3
198,31,6.86,34.6,76.4,18.7,85.5,1.3
198,32,7.34,36.6,49.8,28.6,93,1.4
198,33,7.13,38.4,64.4,14.3,85.3,1.4
198,34,6.84,45.9,102.7,16.5,84,1.4
198,35,7.44,44.3,60.4,33.6,88.9,1.5
198,36,7.12,46.4,108.7,8.6,82.4,1.5
198,37,7.28,38,57.9,33.9,88.3,1.5
198,38,7.08,40.6,76.4,10.9,83.1,1.6
198,39,6.99,45.7,104.9,31.6,86.3,1.6
198,40,7.23,47.1,44.9,26.3,89.5,1.6
198,41,7.5,41.9,57.2,15.3,95.4,1.7
198,42,7.42,49.7,70,27.2,86.9,1.7
198,43,7.13,38.3,82.3,14.2,82.3,1.8
198,44,6.85,42.3,85.9,18.4,94,1.8
198,45,7.21,30.7,59.1,11.2,94.3,1.8
198,46,7.36,30.4,54.9,33.4,95.1,1.9
198,47,7.41,38.8,52.6,10.7,98,1.9
198,48,6.89,44.3,43.6,10.6,90.4,1.9
198,49,7.31,46.9,60.6,34.9,83.6,2
198,50,6.8,46,33.9,7.7,92.6,2
199,0,7.16,30.8,54.7,24,80.7,0.2
199,1,6.88,34.5,55.8,21.9,82.4,0.3
199,2,6.97,36.2,60.8,19.2,81,0.3
199,3,7.33,49,55.6,25.8,85.4,0.3
199,4,7.44,35.6,101.9,20.4,89.7,0.4
199,5,6.95,45.4,95.9,15.7,91.7,0.4
199,6,6.7,46.8,73.6,10.9,92.4,0.4
199,7,7.35,43.9,101.5,5.2,94.6,0.5
199,8,7.09,37.6,37.9,28.2,88,0.5
199,9,7.32,44.5,34.2,11.6,95.7,0.5
199,10,7.46,44.1,91,19.1,90.2,0.6
199,11,6.73,42.2,42.8,35,91.9,0.6
199,12,6.81,43.6,99.6,24.1,83.7,0.6
199,13,7.23,39.2,69.5,13.4,80.9,0.7
199,14,7.43,32.6,34.9,23.4,83.4,0.7
199,15,7.36,46.5,81.7,15.2,92.2,0.8
199,16,7.13,30.3,62.7,15.5,91,0.8
199,17,6.94,49.8,103.7,20.4,97.4,0.8
199,18,7.16,47.5,38,10.4,89.2,0.9
199,19,7.04,43.5,70.3,19.1,84.7,0.9
199,20,7.49,39.9,99.8,26.9,88.7,0.9
199,21,6.81,47.4,41.4,24.7,93.2,1
199,22,7.07,36.5,56,26.7,81.1,1
199,23,6.92,47.8,38.7,23.1,81.2,1
199,24,7.13,44.5,94.8,22.8,96.7,1.1
199,25,6.81,35.6,82,19.6,94.7,1.1
199,26,7.5,35.6,105.6,19.2,96.4,1.2
199,27,7.35,49.7,51.4,19.9,83.7,1.2
199,28,6.96,38.7,43.6,24.4,86,1.2
199,29,7.27,49.9,38.3,5.3,85.8,1.3
199,30,6.91,38,96,23.1,96,1.3
199,31,7.06,48.8,106.8,29.1,97,1.3
199,32,6.97,42.1,65.8,25.9,92.6,1.4
199,33,7.24,31.4,70.7,9.6,94.7,1.4
199,34,7.09,48.7,82.3,17.3,95.5,1.4
199,35,7.37,45.1,82.6,18.2,88.1,1.5
199,36,7.49,32.8,108.6,21.3,85.4,1.5
199,37,6.89,39.9,95.8,8.9,82.7,1.5
199,38,7.41,42.3,99.6,11.2,87.4,1.6
199,39,6.84,48.7,34.2,22.8,81.8,1.6
199,40,6.93,31,98.2,24.4,88.9,1.6
199,41,7.18,48.4,103.2,16.2,96.6,1.7
199,42,7.41,48.9,38,24.7,97.2,1.7
199,43,6.77,32.7,78.9,13.9,82.6,1.8
199,44,6.92,47.9,32.5,17.2,80.3,1.8
199,45,7.42,36.6,42.4,24.8,95.8,1.8
199,46,7.22,31.9,42.7,13.1,84.8,1.9
199,47,6.95,34.1,87.4,15.7,96.5,1.9
199,48,7.39,44.6,36.3,24.5,83.2,1.9
199,49,7.12,44.2,39.6,12.4,80.5,2
199,50,7.32,36.7,80.4,7.9,94.4,2
200,0,7.46,43.9,83.6,15.8,85.4,0.2
200,1,7.09,48.3,59.8,7.9,95.8,0.3
200,2,7.46,44.2,44.7,12.6,82.5,0.3
200,3,7.48,37.2,104.7,25.5,82.9,0.3
200,4,7.09,43.6,64.3,29.9,82.4,0.4
200,5,7.12,41.5,42.2,33.5,82.8,0.4
200,6,7.06,48.5,53.9,30.7,94.1,0.4
200,7,6.98,39.4,46,25,85.6,0.5
200,8,7.32,39.2,103.2,27.4,81.6,0.5
200,9,6.78,47.8,62.6,14.4,93.3,0.6
200,10,7.41,37.8,40.2,24.4,98.3,0.6
200,11,7.42,42.9,108.1,18.1,83.3,0.6
200,12,7.25,41.4,72.1,14.2,95,0.6
200,13,6.79,36.7,33.9,14.5,80.4,0.7
200,14,7.26,32.3,39.4,5.1,81.7,0.7
200,15,6.87,48.8,106.4,26.3,94.9,0.8
200,16,6.99,35.1,34.6,30.3,91.4,0.8
200,17,7.31,42.4,35.7,33.5,80.6,0.8
200,18,6.82,39.2,52,32.2,94.6,0.9
200,19,6.91,49.8,71.7,35,92.4,0.9
200,20,6.74,48.1,96.3,8,86.6,0.9
200,21,7.18,34,59.7,7.9,87.5,1
200,22,7.06,32.6,89,11.4,95.2,1
200,23,6.94,42.8,59.3,14.5,92.9,1
200,24,6.89,38.4,108.7,19.7,82.6,1.1
200,25,7.08,44.7,57.4,27.1,93.5,1.1
200,26,6.79,33.9,53.3,25.9,80.8,1.2
200,27,7.46,46.4,37.7,16.4,84.4,1.2
200,28,7.02,41.4,44,17.5,96.9,1.2
200,29,7.1,47.6,51,18.7,94.7,1.3
200,30,7.33,49.5,79.9,14.4,95.2,1.3
200,31,7.12,41.7,102.8,16.3,84.1,1.3
200,32,7.15,36.2,51.1,20.5,93.2,1.4
200,33,7.42,46.7,42.4,33.7,89.9,1.4
200,34,7.48,32.9,63.6,30.8,95.7,1.4
200,35,6.93,42.9,63.5,31.7,88.2,1.5
200,36,6.79,34.7,87.9,9.3,95.9,1.5
200,37,7.44,35.3,65.8,6.7,84.4,1.5
200,38,7.41,31.4,81.1,24.7,87.2,1.6
200,39,6.77,46.3,96.2,29.5,89.2,1.6
200,40,7.44,40.3,57.8,17.2,92.7,1.6
200,41,7.14,33,103.2,6.6,83,1.7
200,42,6.84,45.6,83.7,19,97.2,1.7
200,43,7.24,35.5,43.7,9,83.8,1.8
200,44,7.26,47.3,64.3,25.2,96.6,1.8
200,45,6.78,47.4,70.9,18.8,85.6,1.8
200,46,6.95,49.4,59.4,28.5,97.9,1.9
200,47,7.44,47.4,105.4,5.9,91.3,1.9
200,48,6.83,49.5,69,16.1,94.2,1.9
200,49,6.76,36.8,62.5,10.3,82,2
200,50,6.88,38.9,59.2,27.9,80.8,2
